<?xml version="1.0" encoding="UTF-8"?>
<!-- Generated by Fujitsu Interstage XWand B0251 -->
<link:linkbase xmlns:xsi="http://www.w3.org/2001/XMLSchema-instance" xsi:schemaLocation="http://www.xbrl.org/2003/linkbase http://www.xbrl.org/2003/xbrl-linkbase-2003-12-31.xsd" xmlns:se-gaap-ext="http://www.taxonomier.se/se/fr/gaap/gaap-ext/2020-12-01" xmlns:link="http://www.xbrl.org/2003/linkbase" xmlns:xbrli="http://www.xbrl.org/2003/instance" xmlns:xlink="http://www.w3.org/1999/xlink">
  <link:labelLink xlink:type="extended" xlink:role="http://www.xbrl.org/2003/role/link">
    <link:loc xlink:type="locator" xlink:href="se-gaap-ext-2020-12-01.xsd#se-gaap-ext_SpecifikationRattelseFelTuple" xlink:label="locSpecifikationRattelseFelTuple_39" xlink:title="locSpecifikationRattelseFelTuple_39"/>
    <link:label xlink:type="resource" xlink:label="lblSpecifikationRattelseFelTuple_39" xlink:role="http://www.xbrl.org/2003/role/documentation" xlink:title="lblSpecifikationRattelseFelTuple_39" xml:lang="sv">Specifikation av rättelse av fel med beskrivning av karaktär, belopp per typ av rättelsepost</link:label>
    <link:labelArc xlink:type="arc" xlink:arcrole="http://www.xbrl.org/2003/arcrole/concept-label" xlink:from="locSpecifikationRattelseFelTuple_39" xlink:to="lblSpecifikationRattelseFelTuple_39" xlink:title="label: locSpecifikationRattelseFelTuple_39 to lblSpecifikationRattelseFelTuple_39"/>
    <link:loc xlink:type="locator" xlink:href="se-gaap-ext-2020-12-01.xsd#se-gaap-ext_NettoomsattningVerksamhetsgrenTuple" xlink:label="locNettoomsattningVerksamhetsgrenTuple_30" xlink:title="locNettoomsattningVerksamhetsgrenTuple_30"/>
    <link:label xlink:type="resource" xlink:label="lblNettoomsattningVerksamhetsgrenTuple_30" xlink:role="http://www.xbrl.org/2003/role/documentation" xlink:title="lblNettoomsattningVerksamhetsgrenTuple_30" xml:lang="sv">Specifikation av nettoomsättningens fördelning på verksamhetens oberoende verksamhetsgrenar då dessa avviker betydligt från varandra</link:label>
    <link:labelArc xlink:type="arc" xlink:arcrole="http://www.xbrl.org/2003/arcrole/concept-label" xlink:from="locNettoomsattningVerksamhetsgrenTuple_30" xlink:to="lblNettoomsattningVerksamhetsgrenTuple_30" xlink:title="label: locNettoomsattningVerksamhetsgrenTuple_30 to lblNettoomsattningVerksamhetsgrenTuple_30"/>
    <link:loc xlink:type="locator" xlink:href="se-gaap-ext-2020-12-01.xsd#se-gaap-ext_NettoomsattningGeografiskMarknadTuple" xlink:label="locNettoomsattningGeografiskMarknadTuple_29" xlink:title="locNettoomsattningGeografiskMarknadTuple_29"/>
    <link:label xlink:type="resource" xlink:label="lblNettoomsattningGeografiskMarknadTuple_29" xlink:role="http://www.xbrl.org/2003/role/documentation" xlink:title="lblNettoomsattningGeografiskMarknadTuple_29" xml:lang="sv">Specifikation av nettoomsättningens fördelning på geografiska marknader som är av väsentlig betydelse och affärsmässigt motiverade då dessa avviker betydligt från varandra, med avgränsning enligt exempelvis enhetliga marknadsförutsättningar eller valuta- och inflationsförhållanden</link:label>
    <link:labelArc xlink:type="arc" xlink:arcrole="http://www.xbrl.org/2003/arcrole/concept-label" xlink:from="locNettoomsattningGeografiskMarknadTuple_29" xlink:to="lblNettoomsattningGeografiskMarknadTuple_29" xlink:title="label: locNettoomsattningGeografiskMarknadTuple_29 to lblNettoomsattningGeografiskMarknadTuple_29"/>
    <link:loc xlink:type="locator" xlink:href="se-gaap-ext-2020-12-01.xsd#se-gaap-ext_StalldaSakerheterEgnaSkulderAvsattningarTuple" xlink:label="locStalldaSakerheterEgnaSkulderAvsattningarTuple_16" xlink:title="locStalldaSakerheterEgnaSkulderAvsattningarTuple_16"/>
    <link:label xlink:type="resource" xlink:label="lblStalldaSakerheterEgnaSkulderAvsattningarTuple_16" xlink:role="http://www.xbrl.org/2003/role/documentation" xlink:title="lblStalldaSakerheterEgnaSkulderAvsattningarTuple_16" xml:lang="sv">Specifikation av ställda säkerheter för egna skulder och avsättningar, belopp per typ av skuld eller avsättning och ställd säkerhet</link:label>
    <link:labelArc xlink:type="arc" xlink:arcrole="http://www.xbrl.org/2003/arcrole/concept-label" xlink:from="locStalldaSakerheterEgnaSkulderAvsattningarTuple_16" xlink:to="lblStalldaSakerheterEgnaSkulderAvsattningarTuple_16" xlink:title="label: locStalldaSakerheterEgnaSkulderAvsattningarTuple_16 to lblStalldaSakerheterEgnaSkulderAvsattningarTuple_16"/>
    <link:loc xlink:type="locator" xlink:href="se-gaap-ext-2020-12-01.xsd#se-gaap-ext_OvrigaStalldaSakerheterEgnaSkulderAvsattningarTuple" xlink:label="locOvrigaStalldaSakerheterEgnaSkulderAvsattningarTuple_33" xlink:title="locOvrigaStalldaSakerheterEgnaSkulderAvsattningarTuple_33"/>
    <link:label xlink:type="resource" xlink:label="lblOvrigaStalldaSakerheterEgnaSkulderAvsattningarTuple_33" xlink:role="http://www.xbrl.org/2003/role/documentation" xlink:title="lblOvrigaStalldaSakerheterEgnaSkulderAvsattningarTuple_33" xml:lang="sv">Specifikation av övriga ställda säkerheter till förmån för företaget, andra än för egna skulder eller avsättningar, belopp per typ av ställd säkerhet</link:label>
    <link:labelArc xlink:type="arc" xlink:arcrole="http://www.xbrl.org/2003/arcrole/concept-label" xlink:from="locOvrigaStalldaSakerheterEgnaSkulderAvsattningarTuple_33" xlink:to="lblOvrigaStalldaSakerheterEgnaSkulderAvsattningarTuple_33" xlink:title="label: locOvrigaStalldaSakerheterEgnaSkulderAvsattningarTuple_33 to lblOvrigaStalldaSakerheterEgnaSkulderAvsattningarTuple_33"/>
    <link:loc xlink:type="locator" xlink:href="se-gaap-ext-2020-12-01.xsd#se-gaap-ext_StalldaSakerheterFormanKoncernIntresseGemensamtStyrdaForetagTuple" xlink:label="locStalldaSakerheterFormanKoncernIntresseGemensamtStyrdaForetagTuple_19" xlink:title="locStalldaSakerheterFormanKoncernIntresseGemensamtStyrdaForetagTuple_19"/>
    <link:label xlink:type="resource" xlink:label="lblStalldaSakerheterFormanKoncernIntresseGemensamtStyrdaForetagTuple_19" xlink:role="http://www.xbrl.org/2003/role/documentation" xlink:title="lblStalldaSakerheterFormanKoncernIntresseGemensamtStyrdaForetagTuple_19" xml:lang="sv">Specifikation av ställda säkerheter till förmån för koncernföretag, intresseföretag eller gemensamt styrda företag, belopp per typ av säkerhet</link:label>
    <link:labelArc xlink:type="arc" xlink:arcrole="http://www.xbrl.org/2003/arcrole/concept-label" xlink:from="locStalldaSakerheterFormanKoncernIntresseGemensamtStyrdaForetagTuple_19" xlink:to="lblStalldaSakerheterFormanKoncernIntresseGemensamtStyrdaForetagTuple_19" xlink:title="label: locStalldaSakerheterFormanKoncernIntresseGemensamtStyrdaForetagTuple_19 to lblStalldaSakerheterFormanKoncernIntresseGemensamtStyrdaForetagTuple_19"/>
    <link:loc xlink:type="locator" xlink:href="se-gaap-ext-2020-12-01.xsd#se-gaap-ext_StalldaSakerheterFormanAndraTuple" xlink:label="locStalldaSakerheterFormanAndraTuple_40" xlink:title="locStalldaSakerheterFormanAndraTuple_40"/>
    <link:label xlink:type="resource" xlink:label="lblStalldaSakerheterFormanAndraTuple_40" xlink:role="http://www.xbrl.org/2003/role/documentation" xlink:title="lblStalldaSakerheterFormanAndraTuple_40" xml:lang="sv">Specifikation av ställda säkerheter till förmån för andra än företaget, koncernföretag, intresseföretag eller gemensamt styrda företag. Exempel är andra företag som det finns ett ägarintresse i</link:label>
    <link:labelArc xlink:type="arc" xlink:arcrole="http://www.xbrl.org/2003/arcrole/concept-label" xlink:from="locStalldaSakerheterFormanAndraTuple_40" xlink:to="lblStalldaSakerheterFormanAndraTuple_40" xlink:title="label: locStalldaSakerheterFormanAndraTuple_40 to lblStalldaSakerheterFormanAndraTuple_40"/>
    <link:loc xlink:type="locator" xlink:href="se-gaap-ext-2020-12-01.xsd#se-gaap-ext_ErsattningRevisorerTuple" xlink:label="locErsattningRevisorerTuple_13" xlink:title="locErsattningRevisorerTuple_13"/>
    <link:label xlink:type="resource" xlink:label="lblErsattningRevisorerTuple_13" xlink:role="http://www.xbrl.org/2003/role/documentation" xlink:title="lblErsattningRevisorerTuple_13" xml:lang="sv">Specifikation av ersättningar till revisorer och de revisionsföretag där revisorerna verkar, per typ av uppdrag</link:label>
    <link:labelArc xlink:type="arc" xlink:arcrole="http://www.xbrl.org/2003/arcrole/concept-label" xlink:from="locErsattningRevisorerTuple_13" xlink:to="lblErsattningRevisorerTuple_13" xlink:title="label: locErsattningRevisorerTuple_13 to lblErsattningRevisorerTuple_13"/>
    <link:loc xlink:type="locator" xlink:href="se-gaap-ext-2020-12-01.xsd#se-gaap-ext_LanderfordelningMedelantaletAnstalldaTuple" xlink:label="locLanderfordelningMedelantaletAnstalldaTuple_28" xlink:title="locLanderfordelningMedelantaletAnstalldaTuple_28"/>
    <link:label xlink:type="resource" xlink:label="lblLanderfordelningMedelantaletAnstalldaTuple_28" xlink:role="http://www.xbrl.org/2003/role/documentation" xlink:title="lblLanderfordelningMedelantaletAnstalldaTuple_28" xml:lang="sv">Specifikation av medelantalet anställda per land där anställda utför huvudsakliga arbetsuppgifter</link:label>
    <link:labelArc xlink:type="arc" xlink:arcrole="http://www.xbrl.org/2003/arcrole/concept-label" xlink:from="locLanderfordelningMedelantaletAnstalldaTuple_28" xlink:to="lblLanderfordelningMedelantaletAnstalldaTuple_28" xlink:title="label: locLanderfordelningMedelantaletAnstalldaTuple_28 to lblLanderfordelningMedelantaletAnstalldaTuple_28"/>
    <link:loc xlink:type="locator" xlink:href="se-gaap-ext-2020-12-01.xsd#se-gaap-ext_InnehavAndelarIntresseforetagGemensamtStyrdaForetagInklusiveUppgiftForetagTuple" xlink:label="locInnehavAndelarIntresseforetagGemensamtStyrdaForetagInklusiveUppgiftForetagTuple_14" xlink:title="locInnehavAndelarIntresseforetagGemensamtStyrdaForetagInklusiveUppgiftForetagTuple_14"/>
    <link:label xlink:type="resource" xlink:label="lblInnehavAndelarIntresseforetagGemensamtStyrdaForetagInklusiveUppgiftForetagTuple_14" xlink:role="http://www.xbrl.org/2003/role/documentation" xlink:title="lblInnehavAndelarIntresseforetagGemensamtStyrdaForetagInklusiveUppgiftForetagTuple_14" xml:lang="sv">Specifikation av innehav i intresseföretag och gemensamt styrda företag med upplysning om organisationsnummer, säte, antal andelar, eget kapital, periodens resultat, kapitalandel, rösträttsandel samt redovisat värde, per företag</link:label>
    <link:labelArc xlink:type="arc" xlink:arcrole="http://www.xbrl.org/2003/arcrole/concept-label" xlink:from="locInnehavAndelarIntresseforetagGemensamtStyrdaForetagInklusiveUppgiftForetagTuple_14" xlink:to="lblInnehavAndelarIntresseforetagGemensamtStyrdaForetagInklusiveUppgiftForetagTuple_14" xlink:title="label: locInnehavAndelarIntresseforetagGemensamtStyrdaForetagInklusiveUppgiftForetagTuple_14 to lblInnehavAndelarIntresseforetagGemensamtStyrdaForetagInklusiveUppgiftForetagTuple_14"/>
    <link:loc xlink:type="locator" xlink:href="se-gaap-ext-2020-12-01.xsd#se-gaap-ext_LonerAndraErsattningarPubliktAktiebolagTuple" xlink:label="locLonerAndraErsattningarPubliktAktiebolagTuple_17" xlink:title="locLonerAndraErsattningarPubliktAktiebolagTuple_17"/>
    <link:label xlink:type="resource" xlink:label="lblLonerAndraErsattningarPubliktAktiebolagTuple_17" xlink:role="http://www.xbrl.org/2003/role/documentation" xlink:title="lblLonerAndraErsattningarPubliktAktiebolagTuple_17" xml:lang="sv">Specifikation av löner och andra ersättningar, pensioner och liknande förmåner för styrelseledamöter, styrelsesuppleanter, verkställande direktör och vice verkställande direktör för publikt aktiebolag, per befattningshavare. Även tidigare styrelseledamöter, styrelsesuppleanter, verkställande direktör och vice verkställande direktör ingår</link:label>
    <link:labelArc xlink:type="arc" xlink:arcrole="http://www.xbrl.org/2003/arcrole/concept-label" xlink:from="locLonerAndraErsattningarPubliktAktiebolagTuple_17" xlink:to="lblLonerAndraErsattningarPubliktAktiebolagTuple_17" xlink:title="label: locLonerAndraErsattningarPubliktAktiebolagTuple_17 to lblLonerAndraErsattningarPubliktAktiebolagTuple_17"/>
    <link:loc xlink:type="locator" xlink:href="se-gaap-ext-2020-12-01.xsd#se-gaap-ext_InnehavAndelarAgarintressenOvrigaForetagInklusiveUppgiftForetagTuple" xlink:label="locInnehavAndelarAgarintressenOvrigaForetagInklusiveUppgiftForetagTuple_38" xlink:title="locInnehavAndelarAgarintressenOvrigaForetagInklusiveUppgiftForetagTuple_38"/>
    <link:label xlink:type="resource" xlink:label="lblInnehavAndelarAgarintressenOvrigaForetagInklusiveUppgiftForetagTuple_38" xlink:role="http://www.xbrl.org/2003/role/documentation" xlink:title="lblInnehavAndelarAgarintressenOvrigaForetagInklusiveUppgiftForetagTuple_38" xml:lang="sv">Specifikation av innehav av andelar i ägarintressen i övriga företag med upplysning om organisationsnummer, säte, antal andelar, eget kapital, periodens resultat, kapitalandel, rösträttsandel samt redovisat värde, per företag</link:label>
    <link:labelArc xlink:type="arc" xlink:arcrole="http://www.xbrl.org/2003/arcrole/concept-label" xlink:from="locInnehavAndelarAgarintressenOvrigaForetagInklusiveUppgiftForetagTuple_38" xlink:to="lblInnehavAndelarAgarintressenOvrigaForetagInklusiveUppgiftForetagTuple_38" xlink:title="label: locInnehavAndelarAgarintressenOvrigaForetagInklusiveUppgiftForetagTuple_38 to lblInnehavAndelarAgarintressenOvrigaForetagInklusiveUppgiftForetagTuple_38"/>
    <link:loc xlink:type="locator" xlink:href="se-gaap-ext-2020-12-01.xsd#se-gaap-ext_AvskrivningsprincipImmateriellaAnlaggningstillgangarBalanseradeUtgifterUtvecklingsarbetenLiknandeArbetenTuple" xlink:label="locAvskrivningsprincipImmateriellaAnlaggningstillgangarBalanseradeUtgifterUtvecklingsarbetenLiknandeArbetenTuple_32" xlink:title="locAvskrivningsprincipImmateriellaAnlaggningstillgangarBalanseradeUtgifterUtvecklingsarbetenLiknandeArbetenTuple_32"/>
    <link:label xlink:type="resource" xlink:label="lblAvskrivningsprincipImmateriellaAnlaggningstillgangarBalanseradeUtgifterUtvecklingsarbetenLiknandeArbetenTuple_32" xlink:role="http://www.xbrl.org/2003/role/documentation" xlink:title="lblAvskrivningsprincipImmateriellaAnlaggningstillgangarBalanseradeUtgifterUtvecklingsarbetenLiknandeArbetenTuple_32" xml:lang="sv">Specifikation av tillämpad avskrivningsprocent eller nyttjandeperiod per tillgång som avser balanserade utgifter för utvecklingsarbeten och liknande arbeten</link:label>
    <link:labelArc xlink:type="arc" xlink:arcrole="http://www.xbrl.org/2003/arcrole/concept-label" xlink:from="locAvskrivningsprincipImmateriellaAnlaggningstillgangarBalanseradeUtgifterUtvecklingsarbetenLiknandeArbetenTuple_32" xlink:to="lblAvskrivningsprincipImmateriellaAnlaggningstillgangarBalanseradeUtgifterUtvecklingsarbetenLiknandeArbetenTuple_32" xlink:title="label: locAvskrivningsprincipImmateriellaAnlaggningstillgangarBalanseradeUtgifterUtvecklingsarbetenLiknandeArbetenTuple_32 to lblAvskrivningsprincipImmateriellaAnlaggningstillgangarBalanseradeUtgifterUtvecklingsarbetenLiknandeArbetenTuple_32"/>
    <link:loc xlink:type="locator" xlink:href="se-gaap-ext-2020-12-01.xsd#se-gaap-ext_AvskrivningsprincipImmateriellaAnlaggningstillgangarKoncessionerPatentLicenserVarumarkenLiknandeRattigheterTuple" xlink:label="locAvskrivningsprincipImmateriellaAnlaggningstillgangarKoncessionerPatentLicenserVarumarkenLiknandeRattigheterTuple_36" xlink:title="locAvskrivningsprincipImmateriellaAnlaggningstillgangarKoncessionerPatentLicenserVarumarkenLiknandeRattigheterTuple_36"/>
    <link:label xlink:type="resource" xlink:label="lblAvskrivningsprincipImmateriellaAnlaggningstillgangarKoncessionerPatentLicenserVarumarkenLiknandeRattigheterTuple_36" xlink:role="http://www.xbrl.org/2003/role/documentation" xlink:title="lblAvskrivningsprincipImmateriellaAnlaggningstillgangarKoncessionerPatentLicenserVarumarkenLiknandeRattigheterTuple_36" xml:lang="sv">Specifikation av tillämpad avskrivningsprocent eller nyttjandeperiod per tillgång som avser koncessioner, patent, licenser, varumärken samt liknande rättigheter</link:label>
    <link:labelArc xlink:type="arc" xlink:arcrole="http://www.xbrl.org/2003/arcrole/concept-label" xlink:from="locAvskrivningsprincipImmateriellaAnlaggningstillgangarKoncessionerPatentLicenserVarumarkenLiknandeRattigheterTuple_36" xlink:to="lblAvskrivningsprincipImmateriellaAnlaggningstillgangarKoncessionerPatentLicenserVarumarkenLiknandeRattigheterTuple_36" xlink:title="label: locAvskrivningsprincipImmateriellaAnlaggningstillgangarKoncessionerPatentLicenserVarumarkenLiknandeRattigheterTuple_36 to lblAvskrivningsprincipImmateriellaAnlaggningstillgangarKoncessionerPatentLicenserVarumarkenLiknandeRattigheterTuple_36"/>
    <link:loc xlink:type="locator" xlink:href="se-gaap-ext-2020-12-01.xsd#se-gaap-ext_AvskrivningsprincipImmateriellaAnlaggningstillgangarHyresratterLiknandeRattigheterTuple" xlink:label="locAvskrivningsprincipImmateriellaAnlaggningstillgangarHyresratterLiknandeRattigheterTuple_7" xlink:title="locAvskrivningsprincipImmateriellaAnlaggningstillgangarHyresratterLiknandeRattigheterTuple_7"/>
    <link:label xlink:type="resource" xlink:label="lblAvskrivningsprincipImmateriellaAnlaggningstillgangarHyresratterLiknandeRattigheterTuple_7" xlink:role="http://www.xbrl.org/2003/role/documentation" xlink:title="lblAvskrivningsprincipImmateriellaAnlaggningstillgangarHyresratterLiknandeRattigheterTuple_7" xml:lang="sv">Specifikation av tillämpad avskrivningsprocent eller nyttjandeperiod per tillgång som avser hyresrätter och liknande rättigheter</link:label>
    <link:labelArc xlink:type="arc" xlink:arcrole="http://www.xbrl.org/2003/arcrole/concept-label" xlink:from="locAvskrivningsprincipImmateriellaAnlaggningstillgangarHyresratterLiknandeRattigheterTuple_7" xlink:to="lblAvskrivningsprincipImmateriellaAnlaggningstillgangarHyresratterLiknandeRattigheterTuple_7" xlink:title="label: locAvskrivningsprincipImmateriellaAnlaggningstillgangarHyresratterLiknandeRattigheterTuple_7 to lblAvskrivningsprincipImmateriellaAnlaggningstillgangarHyresratterLiknandeRattigheterTuple_7"/>
    <link:loc xlink:type="locator" xlink:href="se-gaap-ext-2020-12-01.xsd#se-gaap-ext_AvskrivningsprincipImmateriellaAnlaggningstillgangarGoodwillTuple" xlink:label="locAvskrivningsprincipImmateriellaAnlaggningstillgangarGoodwillTuple_27" xlink:title="locAvskrivningsprincipImmateriellaAnlaggningstillgangarGoodwillTuple_27"/>
    <link:label xlink:type="resource" xlink:label="lblAvskrivningsprincipImmateriellaAnlaggningstillgangarGoodwillTuple_27" xlink:role="http://www.xbrl.org/2003/role/documentation" xlink:title="lblAvskrivningsprincipImmateriellaAnlaggningstillgangarGoodwillTuple_27" xml:lang="sv">Specifikation av tillämpad avskrivningsprocent eller nyttjandeperiod per tillgång som avser goodwill</link:label>
    <link:labelArc xlink:type="arc" xlink:arcrole="http://www.xbrl.org/2003/arcrole/concept-label" xlink:from="locAvskrivningsprincipImmateriellaAnlaggningstillgangarGoodwillTuple_27" xlink:to="lblAvskrivningsprincipImmateriellaAnlaggningstillgangarGoodwillTuple_27" xlink:title="label: locAvskrivningsprincipImmateriellaAnlaggningstillgangarGoodwillTuple_27 to lblAvskrivningsprincipImmateriellaAnlaggningstillgangarGoodwillTuple_27"/>
    <link:loc xlink:type="locator" xlink:href="se-gaap-ext-2020-12-01.xsd#se-gaap-ext_AvskrivningsprincipMateriellaAnlaggningstillgangarByggnaderTuple" xlink:label="locAvskrivningsprincipMateriellaAnlaggningstillgangarByggnaderTuple_20" xlink:title="locAvskrivningsprincipMateriellaAnlaggningstillgangarByggnaderTuple_20"/>
    <link:label xlink:type="resource" xlink:label="lblAvskrivningsprincipMateriellaAnlaggningstillgangarByggnaderTuple_20" xlink:role="http://www.xbrl.org/2003/role/documentation" xlink:title="lblAvskrivningsprincipMateriellaAnlaggningstillgangarByggnaderTuple_20" xml:lang="sv">Specifikation av tillämpad avskrivningsprocent eller nyttjandeperiod per tillgång som avser byggnader</link:label>
    <link:labelArc xlink:type="arc" xlink:arcrole="http://www.xbrl.org/2003/arcrole/concept-label" xlink:from="locAvskrivningsprincipMateriellaAnlaggningstillgangarByggnaderTuple_20" xlink:to="lblAvskrivningsprincipMateriellaAnlaggningstillgangarByggnaderTuple_20" xlink:title="label: locAvskrivningsprincipMateriellaAnlaggningstillgangarByggnaderTuple_20 to lblAvskrivningsprincipMateriellaAnlaggningstillgangarByggnaderTuple_20"/>
    <link:loc xlink:type="locator" xlink:href="se-gaap-ext-2020-12-01.xsd#se-gaap-ext_AvskrivningsprincipMateriellaAnlaggningstillgangarMaskinerAndraTekniskaAnlaggningarTuple" xlink:label="locAvskrivningsprincipMateriellaAnlaggningstillgangarMaskinerAndraTekniskaAnlaggningarTuple_26" xlink:title="locAvskrivningsprincipMateriellaAnlaggningstillgangarMaskinerAndraTekniskaAnlaggningarTuple_26"/>
    <link:label xlink:type="resource" xlink:label="lblAvskrivningsprincipMateriellaAnlaggningstillgangarMaskinerAndraTekniskaAnlaggningarTuple_26" xlink:role="http://www.xbrl.org/2003/role/documentation" xlink:title="lblAvskrivningsprincipMateriellaAnlaggningstillgangarMaskinerAndraTekniskaAnlaggningarTuple_26" xml:lang="sv">Specifikation av tillämpad avskrivningsprocent eller nyttjandeperiod per tillgång som avser maskiner och andra tekniska anläggningar</link:label>
    <link:labelArc xlink:type="arc" xlink:arcrole="http://www.xbrl.org/2003/arcrole/concept-label" xlink:from="locAvskrivningsprincipMateriellaAnlaggningstillgangarMaskinerAndraTekniskaAnlaggningarTuple_26" xlink:to="lblAvskrivningsprincipMateriellaAnlaggningstillgangarMaskinerAndraTekniskaAnlaggningarTuple_26" xlink:title="label: locAvskrivningsprincipMateriellaAnlaggningstillgangarMaskinerAndraTekniskaAnlaggningarTuple_26 to lblAvskrivningsprincipMateriellaAnlaggningstillgangarMaskinerAndraTekniskaAnlaggningarTuple_26"/>
    <link:loc xlink:type="locator" xlink:href="se-gaap-ext-2020-12-01.xsd#se-gaap-ext_AvskrivningsprincipMateriellaAnlaggningstillgangarInventarierVerktygInstallationerTuple" xlink:label="locAvskrivningsprincipMateriellaAnlaggningstillgangarInventarierVerktygInstallationerTuple_23" xlink:title="locAvskrivningsprincipMateriellaAnlaggningstillgangarInventarierVerktygInstallationerTuple_23"/>
    <link:label xlink:type="resource" xlink:label="lblAvskrivningsprincipMateriellaAnlaggningstillgangarInventarierVerktygInstallationerTuple_23" xlink:role="http://www.xbrl.org/2003/role/documentation" xlink:title="lblAvskrivningsprincipMateriellaAnlaggningstillgangarInventarierVerktygInstallationerTuple_23" xml:lang="sv">Specifikation av tillämpad avskrivningsprocent eller nyttjandeperiod per tillgång som avser inventarier, verktyg och installationer</link:label>
    <link:labelArc xlink:type="arc" xlink:arcrole="http://www.xbrl.org/2003/arcrole/concept-label" xlink:from="locAvskrivningsprincipMateriellaAnlaggningstillgangarInventarierVerktygInstallationerTuple_23" xlink:to="lblAvskrivningsprincipMateriellaAnlaggningstillgangarInventarierVerktygInstallationerTuple_23" xlink:title="label: locAvskrivningsprincipMateriellaAnlaggningstillgangarInventarierVerktygInstallationerTuple_23 to lblAvskrivningsprincipMateriellaAnlaggningstillgangarInventarierVerktygInstallationerTuple_23"/>
    <link:loc xlink:type="locator" xlink:href="se-gaap-ext-2020-12-01.xsd#se-gaap-ext_AvskrivningsprincipMateriellaAnlaggningstillgangarForbattringsutgifterAnnansFastighetTuple" xlink:label="locAvskrivningsprincipMateriellaAnlaggningstillgangarForbattringsutgifterAnnansFastighetTuple_22" xlink:title="locAvskrivningsprincipMateriellaAnlaggningstillgangarForbattringsutgifterAnnansFastighetTuple_22"/>
    <link:label xlink:type="resource" xlink:label="lblAvskrivningsprincipMateriellaAnlaggningstillgangarForbattringsutgifterAnnansFastighetTuple_22" xlink:role="http://www.xbrl.org/2003/role/documentation" xlink:title="lblAvskrivningsprincipMateriellaAnlaggningstillgangarForbattringsutgifterAnnansFastighetTuple_22" xml:lang="sv">Specifikation av tillämpad avskrivningsprocent eller nyttjandeperiod per tillgång som avser förbättringsutgifter på annans fastighet</link:label>
    <link:labelArc xlink:type="arc" xlink:arcrole="http://www.xbrl.org/2003/arcrole/concept-label" xlink:from="locAvskrivningsprincipMateriellaAnlaggningstillgangarForbattringsutgifterAnnansFastighetTuple_22" xlink:to="lblAvskrivningsprincipMateriellaAnlaggningstillgangarForbattringsutgifterAnnansFastighetTuple_22" xlink:title="label: locAvskrivningsprincipMateriellaAnlaggningstillgangarForbattringsutgifterAnnansFastighetTuple_22 to lblAvskrivningsprincipMateriellaAnlaggningstillgangarForbattringsutgifterAnnansFastighetTuple_22"/>
    <link:loc xlink:type="locator" xlink:href="se-gaap-ext-2020-12-01.xsd#se-gaap-ext_AvskrivningsprincipMateriellaAnlaggningstillgangarOvrigaMateriellaAnlaggningstillgangarTuple" xlink:label="locAvskrivningsprincipMateriellaAnlaggningstillgangarOvrigaMateriellaAnlaggningstillgangarTuple_42" xlink:title="locAvskrivningsprincipMateriellaAnlaggningstillgangarOvrigaMateriellaAnlaggningstillgangarTuple_42"/>
    <link:label xlink:type="resource" xlink:label="lblAvskrivningsprincipMateriellaAnlaggningstillgangarOvrigaMateriellaAnlaggningstillgangarTuple_42" xlink:role="http://www.xbrl.org/2003/role/documentation" xlink:title="lblAvskrivningsprincipMateriellaAnlaggningstillgangarOvrigaMateriellaAnlaggningstillgangarTuple_42" xml:lang="sv">Specifikation av tillämpad avskrivningsprocent eller nyttjandeperiod per tillgång som avser övriga materiella anläggningstillgångar</link:label>
    <link:labelArc xlink:type="arc" xlink:arcrole="http://www.xbrl.org/2003/arcrole/concept-label" xlink:from="locAvskrivningsprincipMateriellaAnlaggningstillgangarOvrigaMateriellaAnlaggningstillgangarTuple_42" xlink:to="lblAvskrivningsprincipMateriellaAnlaggningstillgangarOvrigaMateriellaAnlaggningstillgangarTuple_42" xlink:title="label: locAvskrivningsprincipMateriellaAnlaggningstillgangarOvrigaMateriellaAnlaggningstillgangarTuple_42 to lblAvskrivningsprincipMateriellaAnlaggningstillgangarOvrigaMateriellaAnlaggningstillgangarTuple_42"/>
    <link:loc xlink:type="locator" xlink:href="se-gaap-ext-2020-12-01.xsd#se-gaap-ext_OvrigaRorelseintakterIntaktsslagTuple" xlink:label="locOvrigaRorelseintakterIntaktsslagTuple_2" xlink:title="locOvrigaRorelseintakterIntaktsslagTuple_2"/>
    <link:label xlink:type="resource" xlink:label="lblOvrigaRorelseintakterIntaktsslagTuple_2" xlink:role="http://www.xbrl.org/2003/role/documentation" xlink:title="lblOvrigaRorelseintakterIntaktsslagTuple_2" xml:lang="sv">Specifikation av andra övriga rörelseintäkter än offentliga bidrag, upplysning om t.ex. art och storlek</link:label>
    <link:labelArc xlink:type="arc" xlink:arcrole="http://www.xbrl.org/2003/arcrole/concept-label" xlink:from="locOvrigaRorelseintakterIntaktsslagTuple_2" xlink:to="lblOvrigaRorelseintakterIntaktsslagTuple_2" xlink:title="label: locOvrigaRorelseintakterIntaktsslagTuple_2 to lblOvrigaRorelseintakterIntaktsslagTuple_2"/>
    <link:loc xlink:type="locator" xlink:href="se-gaap-ext-2020-12-01.xsd#se-gaap-ext_OvrigaRorelsekostnaderTuple" xlink:label="locOvrigaRorelsekostnaderTuple_24" xlink:title="locOvrigaRorelsekostnaderTuple_24"/>
    <link:label xlink:type="resource" xlink:label="lblOvrigaRorelsekostnaderTuple_24" xlink:role="http://www.xbrl.org/2003/role/documentation" xlink:title="lblOvrigaRorelsekostnaderTuple_24" xml:lang="sv">Specifikation av övriga rörelsekostnader, upplysning om t.ex. art och storlek</link:label>
    <link:labelArc xlink:type="arc" xlink:arcrole="http://www.xbrl.org/2003/arcrole/concept-label" xlink:from="locOvrigaRorelsekostnaderTuple_24" xlink:to="lblOvrigaRorelsekostnaderTuple_24" xlink:title="label: locOvrigaRorelsekostnaderTuple_24 to lblOvrigaRorelsekostnaderTuple_24"/>
    <link:loc xlink:type="locator" xlink:href="se-gaap-ext-2020-12-01.xsd#se-gaap-ext_AvstamningEffktivSkattVasentligPostTuple" xlink:label="locAvstamningEffktivSkattVasentligPostTuple_31" xlink:title="locAvstamningEffktivSkattVasentligPostTuple_31"/>
    <link:label xlink:type="resource" xlink:label="lblAvstamningEffktivSkattVasentligPostTuple_31" xlink:role="http://www.xbrl.org/2003/role/documentation" xlink:title="lblAvstamningEffktivSkattVasentligPostTuple_31" xml:lang="sv">Specifikation av skatteffekten av väsentliga poster som har påverkat sambandet mellan periodens skattekostnad eller skatteintäkt och redovisat resultat före skatt</link:label>
    <link:labelArc xlink:type="arc" xlink:arcrole="http://www.xbrl.org/2003/arcrole/concept-label" xlink:from="locAvstamningEffktivSkattVasentligPostTuple_31" xlink:to="lblAvstamningEffktivSkattVasentligPostTuple_31" xlink:title="label: locAvstamningEffktivSkattVasentligPostTuple_31 to lblAvstamningEffktivSkattVasentligPostTuple_31"/>
    <link:loc xlink:type="locator" xlink:href="se-gaap-ext-2020-12-01.xsd#se-gaap-ext_ExceptionellaIntakterTuple" xlink:label="locExceptionellaIntakterTuple_37" xlink:title="locExceptionellaIntakterTuple_37"/>
    <link:label xlink:type="resource" xlink:label="lblExceptionellaIntakterTuple_37" xlink:role="http://www.xbrl.org/2003/role/documentation" xlink:title="lblExceptionellaIntakterTuple_37" xml:lang="sv">Specifikation av exceptionella intäkters art och storlek</link:label>
    <link:labelArc xlink:type="arc" xlink:arcrole="http://www.xbrl.org/2003/arcrole/concept-label" xlink:from="locExceptionellaIntakterTuple_37" xlink:to="lblExceptionellaIntakterTuple_37" xlink:title="label: locExceptionellaIntakterTuple_37 to lblExceptionellaIntakterTuple_37"/>
    <link:loc xlink:type="locator" xlink:href="se-gaap-ext-2020-12-01.xsd#se-gaap-ext_ExceptionellaKostnaderTuple" xlink:label="locExceptionellaKostnaderTuple_34" xlink:title="locExceptionellaKostnaderTuple_34"/>
    <link:label xlink:type="resource" xlink:label="lblExceptionellaKostnaderTuple_34" xlink:role="http://www.xbrl.org/2003/role/documentation" xlink:title="lblExceptionellaKostnaderTuple_34" xml:lang="sv">Specifikation av exceptionella kostnaders art och storlek</link:label>
    <link:labelArc xlink:type="arc" xlink:arcrole="http://www.xbrl.org/2003/arcrole/concept-label" xlink:from="locExceptionellaKostnaderTuple_34" xlink:to="lblExceptionellaKostnaderTuple_34" xlink:title="label: locExceptionellaKostnaderTuple_34 to lblExceptionellaKostnaderTuple_34"/>
    <link:loc xlink:type="locator" xlink:href="se-gaap-ext-2020-12-01.xsd#se-gaap-ext_FinansiellaInstrumentVarderadeVerkligtVardeTuple" xlink:label="locFinansiellaInstrumentVarderadeVerkligtVardeTuple_0" xlink:title="locFinansiellaInstrumentVarderadeVerkligtVardeTuple_0"/>
    <link:label xlink:type="resource" xlink:label="lblFinansiellaInstrumentVarderadeVerkligtVardeTuple_0" xlink:role="http://www.xbrl.org/2003/role/documentation" xlink:title="lblFinansiellaInstrumentVarderadeVerkligtVardeTuple_0" xml:lang="sv">Specifikation av finansiella instrument värderade till verkligt värde med uppgift om bokfört värde och värdeförändring per kategori av finansiellt instrument</link:label>
    <link:labelArc xlink:type="arc" xlink:arcrole="http://www.xbrl.org/2003/arcrole/concept-label" xlink:from="locFinansiellaInstrumentVarderadeVerkligtVardeTuple_0" xlink:to="lblFinansiellaInstrumentVarderadeVerkligtVardeTuple_0" xlink:title="label: locFinansiellaInstrumentVarderadeVerkligtVardeTuple_0 to lblFinansiellaInstrumentVarderadeVerkligtVardeTuple_0"/>
    <link:loc xlink:type="locator" xlink:href="se-gaap-ext-2020-12-01.xsd#se-gaap-ext_FinansiellaTillgangarInteTagitsBortBalansrakningenTuple" xlink:label="locFinansiellaTillgangarInteTagitsBortBalansrakningenTuple_5" xlink:title="locFinansiellaTillgangarInteTagitsBortBalansrakningenTuple_5"/>
    <link:label xlink:type="resource" xlink:label="lblFinansiellaTillgangarInteTagitsBortBalansrakningenTuple_5" xlink:role="http://www.xbrl.org/2003/role/documentation" xlink:title="lblFinansiellaTillgangarInteTagitsBortBalansrakningenTuple_5" xml:lang="sv">Specifikation av finansiell tillgång som överförts till en annan part men som inte tagits bort från balansräkningen, per slag av tillgång, uppgift om karaktär på tillgång, karaktär på risker och fördelar som är förknippade med innehavet och som företaget har kvar, redovisat värde på tillgången och den skuld som är knuten till tillgången</link:label>
    <link:labelArc xlink:type="arc" xlink:arcrole="http://www.xbrl.org/2003/arcrole/concept-label" xlink:from="locFinansiellaTillgangarInteTagitsBortBalansrakningenTuple_5" xlink:to="lblFinansiellaTillgangarInteTagitsBortBalansrakningenTuple_5" xlink:title="label: locFinansiellaTillgangarInteTagitsBortBalansrakningenTuple_5 to lblFinansiellaTillgangarInteTagitsBortBalansrakningenTuple_5"/>
    <link:loc xlink:type="locator" xlink:href="se-gaap-ext-2020-12-01.xsd#se-gaap-ext_DerivatinstrumentTuple" xlink:label="locDerivatinstrumentTuple_9" xlink:title="locDerivatinstrumentTuple_9"/>
    <link:label xlink:type="resource" xlink:label="lblDerivatinstrumentTuple_9" xlink:role="http://www.xbrl.org/2003/role/documentation" xlink:title="lblDerivatinstrumentTuple_9" xml:lang="sv">Specifikation av derivatinstrument och andra finansiella instrument som inte är värderade till verkligt värde med upplysning om bokfört värde och verkligt värde per kategori av finansiellt instrument</link:label>
    <link:labelArc xlink:type="arc" xlink:arcrole="http://www.xbrl.org/2003/arcrole/concept-label" xlink:from="locDerivatinstrumentTuple_9" xlink:to="lblDerivatinstrumentTuple_9" xlink:title="label: locDerivatinstrumentTuple_9 to lblDerivatinstrumentTuple_9"/>
    <link:loc xlink:type="locator" xlink:href="se-gaap-ext-2020-12-01.xsd#se-gaap-ext_UpplysningAktiekapitalTuple" xlink:label="locUpplysningAktiekapitalTuple_41" xlink:title="locUpplysningAktiekapitalTuple_41"/>
    <link:label xlink:type="resource" xlink:label="lblUpplysningAktiekapitalTuple_41" xlink:role="http://www.xbrl.org/2003/role/documentation" xlink:title="lblUpplysningAktiekapitalTuple_41" xml:lang="sv">Specifikation av aktiekapital med upplysning om antal aktier och aktiernas kvotvärde per aktieslag</link:label>
    <link:labelArc xlink:type="arc" xlink:arcrole="http://www.xbrl.org/2003/arcrole/concept-label" xlink:from="locUpplysningAktiekapitalTuple_41" xlink:to="lblUpplysningAktiekapitalTuple_41" xlink:title="label: locUpplysningAktiekapitalTuple_41 to lblUpplysningAktiekapitalTuple_41"/>
    <link:loc xlink:type="locator" xlink:href="se-gaap-ext-2020-12-01.xsd#se-gaap-ext_OvrigaForutbetaldaKostnaderUpplupnaIntakterTuple" xlink:label="locOvrigaForutbetaldaKostnaderUpplupnaIntakterTuple_10" xlink:title="locOvrigaForutbetaldaKostnaderUpplupnaIntakterTuple_10"/>
    <link:label xlink:type="resource" xlink:label="lblOvrigaForutbetaldaKostnaderUpplupnaIntakterTuple_10" xlink:role="http://www.xbrl.org/2003/role/documentation" xlink:title="lblOvrigaForutbetaldaKostnaderUpplupnaIntakterTuple_10" xml:lang="sv">Specifikation av förutbetalda kostnader och upplupna intäkter andra än; upparbetade men ej fakturerade intäkter, förutbetalda hyreskostnader, räntekostnader och försäkringspremier, eller upplupna ränteintäkter. Belopp per förutbetald kostnad eller upplupen intäkt</link:label>
    <link:labelArc xlink:type="arc" xlink:arcrole="http://www.xbrl.org/2003/arcrole/concept-label" xlink:from="locOvrigaForutbetaldaKostnaderUpplupnaIntakterTuple_10" xlink:to="lblOvrigaForutbetaldaKostnaderUpplupnaIntakterTuple_10" xlink:title="label: locOvrigaForutbetaldaKostnaderUpplupnaIntakterTuple_10 to lblOvrigaForutbetaldaKostnaderUpplupnaIntakterTuple_10"/>
    <link:loc xlink:type="locator" xlink:href="se-gaap-ext-2020-12-01.xsd#se-gaap-ext_RedovisadPensionskostnadEnligtIASTuple" xlink:label="locRedovisadPensionskostnadEnligtIASTuple_21" xlink:title="locRedovisadPensionskostnadEnligtIASTuple_21"/>
    <link:label xlink:type="resource" xlink:label="lblRedovisadPensionskostnadEnligtIASTuple_21" xlink:role="http://www.xbrl.org/2003/role/documentation" xlink:title="lblRedovisadPensionskostnadEnligtIASTuple_21" xml:lang="sv">Specifikation av pensionskostnader och räntekostnader för pensioner avseende planer redovisade enligt IAS 19 med belopp per post i resultaträkningen</link:label>
    <link:labelArc xlink:type="arc" xlink:arcrole="http://www.xbrl.org/2003/arcrole/concept-label" xlink:from="locRedovisadPensionskostnadEnligtIASTuple_21" xlink:to="lblRedovisadPensionskostnadEnligtIASTuple_21" xlink:title="label: locRedovisadPensionskostnadEnligtIASTuple_21 to lblRedovisadPensionskostnadEnligtIASTuple_21"/>
    <link:loc xlink:type="locator" xlink:href="se-gaap-ext-2020-12-01.xsd#se-gaap-ext_AktuariellaIntakterKostnaderAndraPosterRedovisasMotEgetKapitalEnligtIASTuple" xlink:label="locAktuariellaIntakterKostnaderAndraPosterRedovisasMotEgetKapitalEnligtIASTuple_18" xlink:title="locAktuariellaIntakterKostnaderAndraPosterRedovisasMotEgetKapitalEnligtIASTuple_18"/>
    <link:label xlink:type="resource" xlink:label="lblAktuariellaIntakterKostnaderAndraPosterRedovisasMotEgetKapitalEnligtIASTuple_18" xlink:role="http://www.xbrl.org/2003/role/documentation" xlink:title="lblAktuariellaIntakterKostnaderAndraPosterRedovisasMotEgetKapitalEnligtIASTuple_18" xml:lang="sv">Specifikation av aktuariella intäkter och kostnader samt andra poster som har redovisats direkt mot eget kapital avseende planer redovisade enligt IAS 19, belopp per post</link:label>
    <link:labelArc xlink:type="arc" xlink:arcrole="http://www.xbrl.org/2003/arcrole/concept-label" xlink:from="locAktuariellaIntakterKostnaderAndraPosterRedovisasMotEgetKapitalEnligtIASTuple_18" xlink:to="lblAktuariellaIntakterKostnaderAndraPosterRedovisasMotEgetKapitalEnligtIASTuple_18" xlink:title="label: locAktuariellaIntakterKostnaderAndraPosterRedovisasMotEgetKapitalEnligtIASTuple_18 to lblAktuariellaIntakterKostnaderAndraPosterRedovisasMotEgetKapitalEnligtIASTuple_18"/>
    <link:loc xlink:type="locator" xlink:href="se-gaap-ext-2020-12-01.xsd#se-gaap-ext_UppskjutenSkattSkillnaderSkatteskuldTuple" xlink:label="locUppskjutenSkattSkillnaderSkatteskuldTuple_11" xlink:title="locUppskjutenSkattSkillnaderSkatteskuldTuple_11"/>
    <link:label xlink:type="resource" xlink:label="lblUppskjutenSkattSkillnaderSkatteskuldTuple_11" xlink:role="http://www.xbrl.org/2003/role/documentation" xlink:title="lblUppskjutenSkattSkillnaderSkatteskuldTuple_11" xml:lang="sv">Specifikation med upplysning om belopp per väsentlig temporär skillnad, skattemässiga underskottsavdrag och andra outnyttjade skatteavdrag, som påverkar den uppskjutna skatteskulden</link:label>
    <link:labelArc xlink:type="arc" xlink:arcrole="http://www.xbrl.org/2003/arcrole/concept-label" xlink:from="locUppskjutenSkattSkillnaderSkatteskuldTuple_11" xlink:to="lblUppskjutenSkattSkillnaderSkatteskuldTuple_11" xlink:title="label: locUppskjutenSkattSkillnaderSkatteskuldTuple_11 to lblUppskjutenSkattSkillnaderSkatteskuldTuple_11"/>
    <link:loc xlink:type="locator" xlink:href="se-gaap-ext-2020-12-01.xsd#se-gaap-ext_UppskjutenSkattSkillnaderSkattefordranTuple" xlink:label="locUppskjutenSkattSkillnaderSkattefordranTuple_1" xlink:title="locUppskjutenSkattSkillnaderSkattefordranTuple_1"/>
    <link:label xlink:type="resource" xlink:label="lblUppskjutenSkattSkillnaderSkattefordranTuple_1" xlink:role="http://www.xbrl.org/2003/role/documentation" xlink:title="lblUppskjutenSkattSkillnaderSkattefordranTuple_1" xml:lang="sv">Specifikation med upplysning om belopp per väsentlig temporär skillnad, skattemässiga underskottsavdrag och andra outnyttjade skatteavdrag, som påverkar den uppskjutna skattefordran</link:label>
    <link:labelArc xlink:type="arc" xlink:arcrole="http://www.xbrl.org/2003/arcrole/concept-label" xlink:from="locUppskjutenSkattSkillnaderSkattefordranTuple_1" xlink:to="lblUppskjutenSkattSkillnaderSkattefordranTuple_1" xlink:title="label: locUppskjutenSkattSkillnaderSkattefordranTuple_1 to lblUppskjutenSkattSkillnaderSkattefordranTuple_1"/>
    <link:loc xlink:type="locator" xlink:href="se-gaap-ext-2020-12-01.xsd#se-gaap-ext_OvrigaAvsattningarSpecifikationTuple" xlink:label="locOvrigaAvsattningarSpecifikationTuple_15" xlink:title="locOvrigaAvsattningarSpecifikationTuple_15"/>
    <link:label xlink:type="resource" xlink:label="lblOvrigaAvsattningarSpecifikationTuple_15" xlink:role="http://www.xbrl.org/2003/role/documentation" xlink:title="lblOvrigaAvsattningarSpecifikationTuple_15" xml:lang="sv">Specifikation av förändring av övrig avsättning per typ av avsättning (beskrivning av avsättningens karaktär)</link:label>
    <link:labelArc xlink:type="arc" xlink:arcrole="http://www.xbrl.org/2003/arcrole/concept-label" xlink:from="locOvrigaAvsattningarSpecifikationTuple_15" xlink:to="lblOvrigaAvsattningarSpecifikationTuple_15" xlink:title="label: locOvrigaAvsattningarSpecifikationTuple_15 to lblOvrigaAvsattningarSpecifikationTuple_15"/>
    <link:loc xlink:type="locator" xlink:href="se-gaap-ext-2020-12-01.xsd#se-gaap-ext_LangfristigaSkulderForfallerTuple" xlink:label="locLangfristigaSkulderForfallerTuple_35" xlink:title="locLangfristigaSkulderForfallerTuple_35"/>
    <link:label xlink:type="resource" xlink:label="lblLangfristigaSkulderForfallerTuple_35" xlink:role="http://www.xbrl.org/2003/role/documentation" xlink:title="lblLangfristigaSkulderForfallerTuple_35" xml:lang="sv">Specifikation av långfristiga skulder som förfaller till betalning senare än fem år efter balansdagen, belopp per skuldpost</link:label>
    <link:labelArc xlink:type="arc" xlink:arcrole="http://www.xbrl.org/2003/arcrole/concept-label" xlink:from="locLangfristigaSkulderForfallerTuple_35" xlink:to="lblLangfristigaSkulderForfallerTuple_35" xlink:title="label: locLangfristigaSkulderForfallerTuple_35 to lblLangfristigaSkulderForfallerTuple_35"/>
    <link:loc xlink:type="locator" xlink:href="se-gaap-ext-2020-12-01.xsd#se-gaap-ext_OvrigaUpplupnaKostnaderForutbetaldaIntakterTuple" xlink:label="locOvrigaUpplupnaKostnaderForutbetaldaIntakterTuple_6" xlink:title="locOvrigaUpplupnaKostnaderForutbetaldaIntakterTuple_6"/>
    <link:label xlink:type="resource" xlink:label="lblOvrigaUpplupnaKostnaderForutbetaldaIntakterTuple_6" xlink:role="http://www.xbrl.org/2003/role/documentation" xlink:title="lblOvrigaUpplupnaKostnaderForutbetaldaIntakterTuple_6" xml:lang="sv">Specifikation av upplupna kostnader och förutbetalda intäkter andra än; fakturerad men ej upparbetad intäkt, upplupna löner, semesterlöner, sociala avgifter och räntekostnader eller förutbetalda intäkter och hyresintäkter, per typ av övrig upplupen kostnad eller förutbetald intäkt</link:label>
    <link:labelArc xlink:type="arc" xlink:arcrole="http://www.xbrl.org/2003/arcrole/concept-label" xlink:from="locOvrigaUpplupnaKostnaderForutbetaldaIntakterTuple_6" xlink:to="lblOvrigaUpplupnaKostnaderForutbetaldaIntakterTuple_6" xlink:title="label: locOvrigaUpplupnaKostnaderForutbetaldaIntakterTuple_6 to lblOvrigaUpplupnaKostnaderForutbetaldaIntakterTuple_6"/>
    <link:loc xlink:type="locator" xlink:href="se-gaap-ext-2020-12-01.xsd#se-gaap-ext_EventualForpliktelserTuple" xlink:label="locEventualForpliktelserTuple_12" xlink:title="locEventualForpliktelserTuple_12"/>
    <link:label xlink:type="resource" xlink:label="lblEventualForpliktelserTuple_12" xlink:role="http://www.xbrl.org/2003/role/documentation" xlink:title="lblEventualForpliktelserTuple_12" xml:lang="sv">Specifikation av eventualförpliktelser, belopp per eventualförpliktelse</link:label>
    <link:labelArc xlink:type="arc" xlink:arcrole="http://www.xbrl.org/2003/arcrole/concept-label" xlink:from="locEventualForpliktelserTuple_12" xlink:to="lblEventualForpliktelserTuple_12" xlink:title="label: locEventualForpliktelserTuple_12 to lblEventualForpliktelserTuple_12"/>
    <link:loc xlink:type="locator" xlink:href="se-gaap-ext-2020-12-01.xsd#se-gaap-ext_TillgangarAvsattningarSkulderTuple" xlink:label="locTillgangarAvsattningarSkulderTuple_4" xlink:title="locTillgangarAvsattningarSkulderTuple_4"/>
    <link:label xlink:type="resource" xlink:label="lblTillgangarAvsattningarSkulderTuple_4" xlink:role="http://www.xbrl.org/2003/role/documentation" xlink:title="lblTillgangarAvsattningarSkulderTuple_4" xml:lang="sv">Specifikation av tillgångar, avsättningar och skulder som tas upp i fler än en post. Benämning på balansposter samt belopp för respektive balanspost per tillgång, avsättning eller skuld</link:label>
    <link:labelArc xlink:type="arc" xlink:arcrole="http://www.xbrl.org/2003/arcrole/concept-label" xlink:from="locTillgangarAvsattningarSkulderTuple_4" xlink:to="lblTillgangarAvsattningarSkulderTuple_4" xlink:title="label: locTillgangarAvsattningarSkulderTuple_4 to lblTillgangarAvsattningarSkulderTuple_4"/>
    <link:loc xlink:type="locator" xlink:href="se-gaap-ext-2020-12-01.xsd#se-gaap-ext_OvrigaPosterInteIngarKassaflodetTuple" xlink:label="locOvrigaPosterInteIngarKassaflodetTuple_25" xlink:title="locOvrigaPosterInteIngarKassaflodetTuple_25"/>
    <link:label xlink:type="resource" xlink:label="lblOvrigaPosterInteIngarKassaflodetTuple_25" xlink:role="http://www.xbrl.org/2003/role/documentation" xlink:title="lblOvrigaPosterInteIngarKassaflodetTuple_25" xml:lang="sv">Specifikation av poster som inte ingår i kassaflödet, andra än; avskrivningar och nedskrivningar, realisationsresultat, orealiserade valutakursdifferenser och avsättningar för pensioner, garantier eller omstruktureringar. Belopp per typ av post</link:label>
    <link:labelArc xlink:type="arc" xlink:arcrole="http://www.xbrl.org/2003/arcrole/concept-label" xlink:from="locOvrigaPosterInteIngarKassaflodetTuple_25" xlink:to="lblOvrigaPosterInteIngarKassaflodetTuple_25" xlink:title="label: locOvrigaPosterInteIngarKassaflodetTuple_25 to lblOvrigaPosterInteIngarKassaflodetTuple_25"/>
    <link:loc xlink:type="locator" xlink:href="se-gaap-ext-2020-12-01.xsd#se-gaap-ext_UnderskriftArsredovisningForetradareTuple" xlink:label="locUnderskriftArsredovisningForetradareTuple_3" xlink:title="locUnderskriftArsredovisningForetradareTuple_3"/>
    <link:label xlink:type="resource" xlink:label="lblUnderskriftArsredovisningForetradareTuple_3" xlink:role="http://www.xbrl.org/2003/role/documentation" xlink:title="lblUnderskriftArsredovisningForetradareTuple_3" xml:lang="sv">Specifikation av årsredovisningens undertecknande med uppgift om namn, roll per företrädare, dag för undertecknande samt eventuellt yttrande från företrädare som har anmält avvikande mening. Företrädarroll är exempelvis verkställande direktör, ordförande, ledamot, suppleant eller arbetstagarledamot</link:label>
    <link:labelArc xlink:type="arc" xlink:arcrole="http://www.xbrl.org/2003/arcrole/concept-label" xlink:from="locUnderskriftArsredovisningForetradareTuple_3" xlink:to="lblUnderskriftArsredovisningForetradareTuple_3" xlink:title="label: locUnderskriftArsredovisningForetradareTuple_3 to lblUnderskriftArsredovisningForetradareTuple_3"/>
    <link:loc xlink:type="locator" xlink:href="se-gaap-ext-2020-12-01.xsd#se-gaap-ext_UnderskriftRevisorspateckningTuple" xlink:label="locUnderskriftRevisorspateckningTuple_8" xlink:title="locUnderskriftRevisorspateckningTuple_8"/>
    <link:label xlink:type="resource" xlink:label="lblUnderskriftRevisorspateckningTuple_8" xlink:role="http://www.xbrl.org/2003/role/documentation" xlink:title="lblUnderskriftRevisorspateckningTuple_8" xml:lang="sv">Specifikation av namn och titel på underskrivande revisor samt uppgift om underskrivande revisor är huvudansvarig</link:label>
    <link:labelArc xlink:type="arc" xlink:arcrole="http://www.xbrl.org/2003/arcrole/concept-label" xlink:from="locUnderskriftRevisorspateckningTuple_8" xlink:to="lblUnderskriftRevisorspateckningTuple_8" xlink:title="label: locUnderskriftRevisorspateckningTuple_8 to lblUnderskriftRevisorspateckningTuple_8"/>
    <link:loc xlink:type="locator" xlink:href="se-gaap-ext-2020-12-01.xsd#se-gaap-ext_AndraOvrigaAvsattningarSpecifikationTuple" xlink:label="AndraOvrigaAvsattningarSpecifikationTuple" xlink:title="AndraOvrigaAvsattningarSpecifikationTuple"/>
    <link:label xlink:type="resource" xlink:label="label_AndraOvrigaAvsattningarSpecifikationTuple" xlink:role="http://www.xbrl.org/2003/role/documentation" xlink:title="label_AndraOvrigaAvsattningarSpecifikationTuple" xml:lang="sv" id="label_AndraOvrigaAvsattningarSpecifikationTuple">Specifikation av förändring av andra övrig avsättning per typ av avsättning (beskrivning av avsättningens karaktär)</link:label>
    <link:labelArc xlink:type="arc" xlink:arcrole="http://www.xbrl.org/2003/arcrole/concept-label" xlink:from="AndraOvrigaAvsattningarSpecifikationTuple" xlink:to="label_AndraOvrigaAvsattningarSpecifikationTuple" xlink:title="label: AndraOvrigaAvsattningarSpecifikationTuple to label_AndraOvrigaAvsattningarSpecifikationTuple"/>
    <link:loc xlink:type="locator" xlink:href="se-gaap-ext-2020-12-01.xsd#se-gaap-ext_UppgiftModerforetagTuple" xlink:label="UppgiftModerforetagTuple" xlink:title="UppgiftModerforetagTuple"/>
    <link:label xlink:type="resource" xlink:label="label_UppgiftModerforetagTuple" xlink:role="http://www.xbrl.org/2003/role/documentation" xlink:title="label_UppgiftModerforetagTuple" xml:lang="sv" id="label_UppgiftModerforetagTuple">Specifikation av moderföretag med uppgift om namn, organisationsnummer och säte per typ av moderföretag (i den minsta resp. största koncern företaget ingår i) </link:label>
    <link:labelArc xlink:type="arc" xlink:arcrole="http://www.xbrl.org/2003/arcrole/concept-label" xlink:from="UppgiftModerforetagTuple" xlink:to="label_UppgiftModerforetagTuple" xlink:title="label: UppgiftModerforetagTuple to label_UppgiftModerforetagTuple"/>
    <link:loc xlink:type="locator" xlink:href="se-gaap-ext-2020-12-01.xsd#se-gaap-ext_SpecifikationForslagUtdelningAktieslagTuple" xlink:label="SpecifikationForslagUtdelningAktieslagTuple" xlink:title="SpecifikationForslagUtdelningAktieslagTuple"/>
    <link:label xlink:type="resource" xlink:label="label_SpecifikationForslagUtdelningAktieslagTuple" xlink:role="http://www.xbrl.org/2003/role/documentation" xlink:title="label_SpecifikationForslagUtdelningAktieslagTuple" xml:lang="sv" id="label_SpecifikationForslagUtdelningAktieslagTuple">Specifikation av förslag om utdelning med information per aktieslag; belopp per aktie, avstämningsdag, tidpunkt för betalning och art av egendom vid utdelning av annat än pengar</link:label>
    <link:labelArc xlink:type="arc" xlink:arcrole="http://www.xbrl.org/2003/arcrole/concept-label" xlink:from="SpecifikationForslagUtdelningAktieslagTuple" xlink:to="label_SpecifikationForslagUtdelningAktieslagTuple" xlink:title="label: SpecifikationForslagUtdelningAktieslagTuple to label_SpecifikationForslagUtdelningAktieslagTuple"/>
    <link:loc xlink:type="locator" xlink:href="se-gaap-ext-2020-12-01.xsd#se-gaap-ext_InnehavAndelarKoncernforetagInklusiveUppgiftForetagTuple" xlink:label="InnehavAndelarKoncernforetagInklusiveUppgiftForetagTuple" xlink:title="InnehavAndelarKoncernforetagInklusiveUppgiftForetagTuple"/>
    <link:label xlink:type="resource" xlink:label="label_InnehavAndelarKoncernforetagInklusiveUppgiftForetagTuple" xlink:role="http://www.xbrl.org/2003/role/documentation" xlink:title="label_InnehavAndelarKoncernforetagInklusiveUppgiftForetagTuple" xml:lang="sv" id="label_InnehavAndelarKoncernforetagInklusiveUppgiftForetagTuple">Specifikation av innehav i dotterföretag med upplysning om organisationsnummer, säte, antal andelar, eget kapital, periodens resultat, kapitalandel, rösträttsandel samt redovisat värde, per företag</link:label>
    <link:labelArc xlink:type="arc" xlink:arcrole="http://www.xbrl.org/2003/arcrole/concept-label" xlink:from="InnehavAndelarKoncernforetagInklusiveUppgiftForetagTuple" xlink:to="label_InnehavAndelarKoncernforetagInklusiveUppgiftForetagTuple" xlink:title="label: InnehavAndelarKoncernforetagInklusiveUppgiftForetagTuple to label_InnehavAndelarKoncernforetagInklusiveUppgiftForetagTuple"/>
    <link:loc xlink:type="locator" xlink:href="se-gaap-ext-2020-12-01.xsd#se-gaap-ext_PerioderingsfonderSpecifikationTuple" xlink:label="PerioderingsfonderSpecifikationTuple" xlink:title="PerioderingsfonderSpecifikationTuple"/>
    <link:label xlink:type="resource" xlink:label="label_PerioderingsfonderSpecifikationTuple" xlink:role="http://www.xbrl.org/2003/role/documentation" xlink:title="label_PerioderingsfonderSpecifikationTuple" xml:lang="sv" id="label_PerioderingsfonderSpecifikationTuple">Specifikation av kvarvarande periodiseringsfonder med belopp per räkenskapsår då avsättning gjorts</link:label>
    <link:labelArc xlink:type="arc" xlink:arcrole="http://www.xbrl.org/2003/arcrole/concept-label" xlink:from="PerioderingsfonderSpecifikationTuple" xlink:to="label_PerioderingsfonderSpecifikationTuple" xlink:title="label: PerioderingsfonderSpecifikationTuple to label_PerioderingsfonderSpecifikationTuple"/>
    <link:loc xlink:type="locator" xlink:href="se-gaap-ext-2020-12-01.xsd#se-gaap-ext_ErsattningsfonderTuple" xlink:label="ErsattningsfonderTuple" xlink:title="ErsattningsfonderTuple"/>
    <link:label xlink:type="resource" xlink:label="label_ErsattningsfonderTuple" xlink:role="http://www.xbrl.org/2003/role/documentation" xlink:title="label_ErsattningsfonderTuple" xml:lang="sv" id="label_ErsattningsfonderTuple">Specifikation med belopp per typ av ersättningsfond</link:label>
    <link:labelArc xlink:type="arc" xlink:arcrole="http://www.xbrl.org/2003/arcrole/concept-label" xlink:from="ErsattningsfonderTuple" xlink:to="label_ErsattningsfonderTuple" xlink:title="label: ErsattningsfonderTuple to label_ErsattningsfonderTuple"/>
    <link:loc xlink:type="locator" xlink:href="se-gaap-ext-2020-12-01.xsd#se-gaap-ext_AndraObeskattadeReserverTuple" xlink:label="AndraObeskattadeReserverTuple" xlink:title="AndraObeskattadeReserverTuple"/>
    <link:label xlink:type="resource" xlink:label="label_AndraObeskattadeReserverTuple" xlink:role="http://www.xbrl.org/2003/role/documentation" xlink:title="label_AndraObeskattadeReserverTuple" xml:lang="sv" id="label_AndraObeskattadeReserverTuple">Specifikation av obeskattade reserver andra än periodiseringsfonder, ackumulerade överavskrivningar och ersättningsfonder, belopp per annan obeskattad reserv</link:label>
    <link:labelArc xlink:type="arc" xlink:arcrole="http://www.xbrl.org/2003/arcrole/concept-label" xlink:from="AndraObeskattadeReserverTuple" xlink:to="label_AndraObeskattadeReserverTuple" xlink:title="label: AndraObeskattadeReserverTuple to label_AndraObeskattadeReserverTuple"/>
    <link:loc xlink:type="locator" xlink:href="se-gaap-ext-2020-12-01.xsd#se-gaap-ext_FusionBolagTuple" xlink:label="FusionBolagTuple" xlink:title="FusionBolagTuple"/>
    <link:label xlink:type="resource" xlink:label="label_FusionBolagTuple" xlink:role="http://www.xbrl.org/2003/role/documentation" xlink:title="label_FusionBolagTuple" xml:lang="sv" id="label_FusionBolagTuple">Specifikation av företag som övertagits genom fusion</link:label>
    <link:labelArc xlink:type="arc" xlink:arcrole="http://www.xbrl.org/2003/arcrole/concept-label" xlink:from="FusionBolagTuple" xlink:to="label_FusionBolagTuple" xlink:title="label: FusionBolagTuple to label_FusionBolagTuple"/>
    <link:loc xlink:type="locator" xlink:href="se-gaap-ext-2020-12-01.xsd#se-gaap-ext_FusionOverlatandeForetagBalansrakningTuple" xlink:label="FusionOverlatandeForetagBalansrakningTuple" xlink:title="FusionOverlatandeForetagBalansrakningTuple"/>
    <link:label xlink:type="resource" xlink:label="label_FusionOverlatandeForetagBalansrakningTuple" xlink:role="http://www.xbrl.org/2003/role/documentation" xlink:title="label_FusionOverlatandeForetagBalansrakningTuple" xml:lang="sv" id="label_FusionOverlatandeForetagBalansrakningTuple">Specifikation av fusionerat företags balansräkning omedelbart före överföringen till det övertagande företaget</link:label>
    <link:labelArc xlink:type="arc" xlink:arcrole="http://www.xbrl.org/2003/arcrole/concept-label" xlink:from="FusionOverlatandeForetagBalansrakningTuple" xlink:to="label_FusionOverlatandeForetagBalansrakningTuple" xlink:title="label: FusionOverlatandeForetagBalansrakningTuple to label_FusionOverlatandeForetagBalansrakningTuple"/>
  </link:labelLink>
</link:linkbase>
