<?xml version="1.0" encoding="UTF-8"?>
<!-- Generated by Fujitsu Interstage XWand B0251 -->
<link:linkbase xmlns:xsi="http://www.w3.org/2001/XMLSchema-instance" xsi:schemaLocation="http://www.xbrl.org/2003/linkbase http://www.xbrl.org/2003/xbrl-linkbase-2003-12-31.xsd" xmlns:se-k3k-ext="http://www.taxonomier.se/se/fr/gaap/k3k-ext/2020-12-01" xmlns:link="http://www.xbrl.org/2003/linkbase" xmlns:xlink="http://www.w3.org/1999/xlink" xmlns:xbrli="http://www.xbrl.org/2003/instance">
  <link:roleRef roleURI="http://www.taxonomier.se/se/fr/role/list/handling/finansiellrapport" xlink:type="simple" xlink:href="../../../../../../base/se-gen-base/2020-12-01/se-gen-base-2020-12-01.xsd#LIST_FR"/>
  <link:roleRef roleURI="http://www.taxonomier.se/se/fr/role/list/foretag/moder" xlink:type="simple" xlink:href="../../../../../../base/se-gen-base/2020-12-01/se-gen-base-2020-12-01.xsd#LIST_MFT"/>
  <link:roleRef roleURI="http://www.taxonomier.se/se/fr/role/list/stalldsakerhet" xlink:type="simple" xlink:href="../../../../../../base/se-gen-base/2020-12-01/se-gen-base-2020-12-01.xsd#LIST_SS"/>
  <link:roleRef roleURI="http://www.taxonomier.se/se/fr/role/list/skulderavsattningar" xlink:type="simple" xlink:href="../../../../../../base/se-gen-base/2020-12-01/se-gen-base-2020-12-01.xsd#LIST_SA"/>
  <link:roleRef roleURI="http://www.taxonomier.se/se/fr/role/list/agandeform/intresseforetaggemensamtstyrdaforetag" xlink:type="simple" xlink:href="../../../../../../base/se-gen-base/2020-12-01/se-gen-base-2020-12-01.xsd#LIST_AGSI"/>
  <link:roleRef roleURI="http://www.taxonomier.se/se/fr/role/list/foretag/intresseforetaggemensamtstyrda" xlink:type="simple" xlink:href="../../../../../../base/se-gen-base/2020-12-01/se-gen-base-2020-12-01.xsd#LIST_GSI"/>
  <link:roleRef roleURI="http://www.taxonomier.se/se/fr/role/list/uppdrag/revisorerrevisionsforetag" xlink:type="simple" xlink:href="../../../../../../base/se-gen-base/2020-12-01/se-gen-base-2020-12-01.xsd#LIST_URR"/>
  <link:roleRef roleURI="http://www.taxonomier.se/se/fr/role/list/ovrigavsattning" xlink:type="simple" xlink:href="../../../../../../base/se-gen-base/2020-12-01/se-gen-base-2020-12-01.xsd#LIST_OAT"/>
  <link:roleRef roleURI="http://www.taxonomier.se/se/fr/role/list/loptid/tillgangskuldavsattning" xlink:type="simple" xlink:href="../../../../../../base/se-gen-base/2020-12-01/se-gen-base-2020-12-01.xsd#LIST_LTAS"/>
  <link:roleRef roleURI="http://www.taxonomier.se/se/fr/role/list/handling/belopp/format" xlink:type="simple" xlink:href="../../../../../../base/se-cd-base/2020-12-01/se-cd-base-2020-12-01.xsd#LIST_BFL"/>
  <link:roleRef roleURI="http://www.taxonomier.se/se/fr/role/list/foretag/sate/land" xlink:type="simple" xlink:href="../../../../../../base/se-cd-base/2020-12-01/se-cd-base-2020-12-01.xsd#LIST_LAND"/>
  <link:roleRef roleURI="http://www.taxonomier.se/se/fr/role/list/handling/sprak" xlink:type="simple" xlink:href="../../../../../../base/se-cd-base/2020-12-01/se-cd-base-2020-12-01.xsd#LIST_SPRAK"/>
  <link:roleRef roleURI="http://www.taxonomier.se/se/fr/role/list/handling/belopp/redovisningsvaluta" xlink:type="simple" xlink:href="../../../../../../base/se-cd-base/2020-12-01/se-cd-base-2020-12-01.xsd#LIST_VALUTA"/>
  <link:arcroleRef arcroleURI="http://xbrl.org/int/dim/arcrole/domain-member" xlink:type="simple" xlink:href="http://www.xbrl.org/2005/xbrldt-2005.xsd#domain-member"/>
  <link:definitionLink xlink:type="extended" xlink:role="http://www.taxonomier.se/se/fr/role/list/foretag/moder">
    <link:loc xlink:type="locator" xlink:href="../../../../../../base/se-gen-base/2020-12-01/se-gen-base-2020-12-01.xsd#se-gen-base_ModerforetagTypDomain" xlink:label="ModerforetagTypDomain" xlink:title="ModerforetagTypDomain"/>
    <link:loc xlink:type="locator" xlink:href="../../../../../../base/se-mem-base/2020-12-01/se-mem-base-2020-12-01.xsd#se-mem-base_ForetagTypModerforetagMember" xlink:label="ForetagTypModerforetagMember" xlink:title="ForetagTypModerforetagMember"/>
    <link:definitionArc xlink:type="arc" xlink:arcrole="http://xbrl.org/int/dim/arcrole/domain-member" xlink:from="ModerforetagTypDomain" xlink:to="ForetagTypModerforetagMember" xlink:title="definition: ModerforetagTypDomain to ForetagTypModerforetagMember" order="3.0"/>
    <link:loc xlink:type="locator" xlink:href="../../../../../../base/se-mem-base/2020-12-01/se-mem-base-2020-12-01.xsd#se-mem-base_ForetagTypModerforetagIStorstaKoncernenMember" xlink:label="ForetagTypModerforetagIStorstaKoncernenMember" xlink:title="ForetagTypModerforetagIStorstaKoncernenMember"/>
    <link:definitionArc xlink:type="arc" xlink:arcrole="http://xbrl.org/int/dim/arcrole/domain-member" xlink:from="ModerforetagTypDomain" xlink:to="ForetagTypModerforetagIStorstaKoncernenMember" xlink:title="definition: ModerforetagTypDomain to ForetagTypModerforetagIStorstaKoncernenMember" order="1.0"/>
    <link:loc xlink:type="locator" xlink:href="../../../../../../base/se-mem-base/2020-12-01/se-mem-base-2020-12-01.xsd#se-mem-base_ForetagTypModerforetagNarmasteUpprattarKoncernredovisningMember" xlink:label="ForetagTypModerforetagNarmasteUpprattarKoncernredovisningMember" xlink:title="ForetagTypModerforetagNarmasteUpprattarKoncernredovisningMember"/>
    <link:definitionArc xlink:type="arc" xlink:arcrole="http://xbrl.org/int/dim/arcrole/domain-member" xlink:from="ModerforetagTypDomain" xlink:to="ForetagTypModerforetagNarmasteUpprattarKoncernredovisningMember" xlink:title="definition: ModerforetagTypDomain to ForetagTypModerforetagNarmasteUpprattarKoncernredovisningMember" order="2.0"/>
  </link:definitionLink>
  <link:definitionLink xlink:type="extended" xlink:role="http://www.taxonomier.se/se/fr/role/list/stalldsakerhet">
    <link:loc xlink:type="locator" xlink:href="../../../../../../base/se-gen-base/2020-12-01/se-gen-base-2020-12-01.xsd#se-gen-base_StalldaSakerheterDomain" xlink:label="StalldaSakerheterDomain" xlink:title="StalldaSakerheterDomain"/>
    <link:loc xlink:type="locator" xlink:href="../../../../../../base/se-mem-base/2020-12-01/se-mem-base-2020-12-01.xsd#se-mem-base_StalldaSakerheterForetagsinteckningarMember" xlink:label="StalldaSakerheterForetagsinteckningarMember" xlink:title="StalldaSakerheterForetagsinteckningarMember"/>
    <link:definitionArc xlink:type="arc" xlink:arcrole="http://xbrl.org/int/dim/arcrole/domain-member" xlink:from="StalldaSakerheterDomain" xlink:to="StalldaSakerheterForetagsinteckningarMember" xlink:title="definition: StalldaSakerheterDomain to StalldaSakerheterForetagsinteckningarMember" order="1.0"/>
    <link:loc xlink:type="locator" xlink:href="../../../../../../base/se-mem-base/2020-12-01/se-mem-base-2020-12-01.xsd#se-mem-base_StalldaSakerheterFastighetsinteckningarMember" xlink:label="StalldaSakerheterFastighetsinteckningarMember" xlink:title="StalldaSakerheterFastighetsinteckningarMember"/>
    <link:definitionArc xlink:type="arc" xlink:arcrole="http://xbrl.org/int/dim/arcrole/domain-member" xlink:from="StalldaSakerheterDomain" xlink:to="StalldaSakerheterFastighetsinteckningarMember" xlink:title="definition: StalldaSakerheterDomain to StalldaSakerheterFastighetsinteckningarMember" order="2.0"/>
    <link:loc xlink:type="locator" xlink:href="../../../../../../base/se-mem-base/2020-12-01/se-mem-base-2020-12-01.xsd#se-mem-base_StalldaSakerheterTomtrattsinteckningarMember" xlink:label="StalldaSakerheterTomtrattsinteckningarMember" xlink:title="StalldaSakerheterTomtrattsinteckningarMember"/>
    <link:definitionArc xlink:type="arc" xlink:arcrole="http://xbrl.org/int/dim/arcrole/domain-member" xlink:from="StalldaSakerheterDomain" xlink:to="StalldaSakerheterTomtrattsinteckningarMember" xlink:title="definition: StalldaSakerheterDomain to StalldaSakerheterTomtrattsinteckningarMember" order="3.0"/>
    <link:loc xlink:type="locator" xlink:href="../../../../../../base/se-mem-base/2020-12-01/se-mem-base-2020-12-01.xsd#se-mem-base_StalldaSakerheterSkeppsinteckningarMember" xlink:label="StalldaSakerheterSkeppsinteckningarMember" xlink:title="StalldaSakerheterSkeppsinteckningarMember"/>
    <link:definitionArc xlink:type="arc" xlink:arcrole="http://xbrl.org/int/dim/arcrole/domain-member" xlink:from="StalldaSakerheterDomain" xlink:to="StalldaSakerheterSkeppsinteckningarMember" xlink:title="definition: StalldaSakerheterDomain to StalldaSakerheterSkeppsinteckningarMember" order="4.0"/>
    <link:loc xlink:type="locator" xlink:href="../../../../../../base/se-mem-base/2020-12-01/se-mem-base-2020-12-01.xsd#se-mem-base_StalldaSakerheterLuftfartygsinteckningarMember" xlink:label="StalldaSakerheterLuftfartygsinteckningarMember" xlink:title="StalldaSakerheterLuftfartygsinteckningarMember"/>
    <link:definitionArc xlink:type="arc" xlink:arcrole="http://xbrl.org/int/dim/arcrole/domain-member" xlink:from="StalldaSakerheterDomain" xlink:to="StalldaSakerheterLuftfartygsinteckningarMember" xlink:title="definition: StalldaSakerheterDomain to StalldaSakerheterLuftfartygsinteckningarMember" order="5.0"/>
    <link:loc xlink:type="locator" xlink:href="../../../../../../base/se-mem-base/2020-12-01/se-mem-base-2020-12-01.xsd#se-mem-base_StalldaSakerheterAndraInteckningarMember" xlink:label="StalldaSakerheterAndraInteckningarMember" xlink:title="StalldaSakerheterAndraInteckningarMember"/>
    <link:definitionArc xlink:type="arc" xlink:arcrole="http://xbrl.org/int/dim/arcrole/domain-member" xlink:from="StalldaSakerheterDomain" xlink:to="StalldaSakerheterAndraInteckningarMember" xlink:title="definition: StalldaSakerheterDomain to StalldaSakerheterAndraInteckningarMember" order="6.0"/>
    <link:loc xlink:type="locator" xlink:href="../../../../../../base/se-mem-base/2020-12-01/se-mem-base-2020-12-01.xsd#se-mem-base_StalldaSakerheterTransportfordonAganderattsforbehallMember" xlink:label="StalldaSakerheterTransportfordonAganderattsforbehallMember" xlink:title="StalldaSakerheterTransportfordonAganderattsforbehallMember"/>
    <link:definitionArc xlink:type="arc" xlink:arcrole="http://xbrl.org/int/dim/arcrole/domain-member" xlink:from="StalldaSakerheterDomain" xlink:to="StalldaSakerheterTransportfordonAganderattsforbehallMember" xlink:title="definition: StalldaSakerheterDomain to StalldaSakerheterTransportfordonAganderattsforbehallMember" order="7.0"/>
    <link:loc xlink:type="locator" xlink:href="../../../../../../base/se-mem-base/2020-12-01/se-mem-base-2020-12-01.xsd#se-mem-base_StalldaSakerheterMaskinerInventarierAganderattsforbehallMember" xlink:label="StalldaSakerheterMaskinerInventarierAganderattsforbehallMember" xlink:title="StalldaSakerheterMaskinerInventarierAganderattsforbehallMember"/>
    <link:definitionArc xlink:type="arc" xlink:arcrole="http://xbrl.org/int/dim/arcrole/domain-member" xlink:from="StalldaSakerheterDomain" xlink:to="StalldaSakerheterMaskinerInventarierAganderattsforbehallMember" xlink:title="definition: StalldaSakerheterDomain to StalldaSakerheterMaskinerInventarierAganderattsforbehallMember" order="8.0"/>
    <link:loc xlink:type="locator" xlink:href="../../../../../../base/se-mem-base/2020-12-01/se-mem-base-2020-12-01.xsd#se-mem-base_StalldaSakerheterAktierDotterbolagMember" xlink:label="StalldaSakerheterAktierDotterbolagMember_2" xlink:title="StalldaSakerheterAktierDotterbolagMember"/>
    <link:definitionArc xlink:type="arc" xlink:arcrole="http://xbrl.org/int/dim/arcrole/domain-member" xlink:from="StalldaSakerheterDomain" xlink:to="StalldaSakerheterAktierDotterbolagMember_2" xlink:title="definition: StalldaSakerheterDomain to StalldaSakerheterAktierDotterbolagMember" order="10.0"/>
    <link:loc xlink:type="locator" xlink:href="../../../../../../base/se-mem-base/2020-12-01/se-mem-base-2020-12-01.xsd#se-mem-base_StalldaSakerheterAktierAnnatAnDotterbolagMember" xlink:label="StalldaSakerheterAktierAnnatAnDotterbolagMember" xlink:title="StalldaSakerheterAktierAnnatAnDotterbolagMember"/>
    <link:definitionArc xlink:type="arc" xlink:arcrole="http://xbrl.org/int/dim/arcrole/domain-member" xlink:from="StalldaSakerheterDomain" xlink:to="StalldaSakerheterAktierAnnatAnDotterbolagMember" xlink:title="definition: StalldaSakerheterDomain to StalldaSakerheterAktierAnnatAnDotterbolagMember" order="11.0"/>
    <link:loc xlink:type="locator" xlink:href="../../../../../../base/se-mem-base/2020-12-01/se-mem-base-2020-12-01.xsd#se-mem-base_StalldaSakerheterBelanadeFordringarMember" xlink:label="StalldaSakerheterBelanadeFordringarMember" xlink:title="StalldaSakerheterBelanadeFordringarMember"/>
    <link:definitionArc xlink:type="arc" xlink:arcrole="http://xbrl.org/int/dim/arcrole/domain-member" xlink:from="StalldaSakerheterDomain" xlink:to="StalldaSakerheterBelanadeFordringarMember" xlink:title="definition: StalldaSakerheterDomain to StalldaSakerheterBelanadeFordringarMember" order="14.0"/>
    <link:loc xlink:type="locator" xlink:href="../../../../../../base/se-mem-base/2020-12-01/se-mem-base-2020-12-01.xsd#se-mem-base_StalldaSakerheterKundfordringarMember" xlink:label="StalldaSakerheterKundfordringarMember" xlink:title="StalldaSakerheterKundfordringarMember"/>
    <link:definitionArc xlink:type="arc" xlink:arcrole="http://xbrl.org/int/dim/arcrole/domain-member" xlink:from="StalldaSakerheterDomain" xlink:to="StalldaSakerheterKundfordringarMember" xlink:title="definition: StalldaSakerheterDomain to StalldaSakerheterKundfordringarMember" order="15.0"/>
    <link:loc xlink:type="locator" xlink:href="../../../../../../base/se-mem-base/2020-12-01/se-mem-base-2020-12-01.xsd#se-mem-base_StalldaSakerheterBankrakningarMember" xlink:label="StalldaSakerheterBankrakningarMember" xlink:title="StalldaSakerheterBankrakningarMember"/>
    <link:definitionArc xlink:type="arc" xlink:arcrole="http://xbrl.org/int/dim/arcrole/domain-member" xlink:from="StalldaSakerheterDomain" xlink:to="StalldaSakerheterBankrakningarMember" xlink:title="definition: StalldaSakerheterDomain to StalldaSakerheterBankrakningarMember" order="16.0"/>
    <link:loc xlink:type="locator" xlink:href="../../../../../../base/se-mem-base/2020-12-01/se-mem-base-2020-12-01.xsd#se-mem-base_StalldaSakerheterSparradeBankmedelMember" xlink:label="StalldaSakerheterSparradeBankmedelMember" xlink:title="StalldaSakerheterSparradeBankmedelMember"/>
    <link:definitionArc xlink:type="arc" xlink:arcrole="http://xbrl.org/int/dim/arcrole/domain-member" xlink:from="StalldaSakerheterDomain" xlink:to="StalldaSakerheterSparradeBankmedelMember" xlink:title="definition: StalldaSakerheterDomain to StalldaSakerheterSparradeBankmedelMember" order="17.0"/>
    <link:loc xlink:type="locator" xlink:href="../../../../../../base/se-mem-base/2020-12-01/se-mem-base-2020-12-01.xsd#se-mem-base_StalldaSakerheterVarulagerMember" xlink:label="StalldaSakerheterVarulagerMember" xlink:title="StalldaSakerheterVarulagerMember"/>
    <link:definitionArc xlink:type="arc" xlink:arcrole="http://xbrl.org/int/dim/arcrole/domain-member" xlink:from="StalldaSakerheterDomain" xlink:to="StalldaSakerheterVarulagerMember" xlink:title="definition: StalldaSakerheterDomain to StalldaSakerheterVarulagerMember" order="18.0"/>
    <link:loc xlink:type="locator" xlink:href="../../../../../../base/se-mem-base/2020-12-01/se-mem-base-2020-12-01.xsd#se-mem-base_StalldaSakerheterAndraStalldaSakerheterMember" xlink:label="StalldaSakerheterAndraStalldaSakerheterMember" xlink:title="StalldaSakerheterAndraStalldaSakerheterMember"/>
    <link:definitionArc xlink:type="arc" xlink:arcrole="http://xbrl.org/int/dim/arcrole/domain-member" xlink:from="StalldaSakerheterDomain" xlink:to="StalldaSakerheterAndraStalldaSakerheterMember" xlink:title="definition: StalldaSakerheterDomain to StalldaSakerheterAndraStalldaSakerheterMember" order="19.0"/>
    <link:loc xlink:type="locator" xlink:href="../../../../../../base/se-mem-base/2020-12-01/se-mem-base-2020-12-01.xsd#se-mem-base_StalldaSakerheterAktierAndraTillgangarAganderattsforbehallMember" xlink:label="StalldaSakerheterAktierAndraTillgangarAganderattsforbehallMember" xlink:title="StalldaSakerheterAktierAndraTillgangarAganderattsforbehallMember"/>
    <link:definitionArc xlink:type="arc" xlink:arcrole="http://xbrl.org/int/dim/arcrole/domain-member" xlink:from="StalldaSakerheterDomain" xlink:to="StalldaSakerheterAktierAndraTillgangarAganderattsforbehallMember" xlink:title="definition: StalldaSakerheterDomain to StalldaSakerheterAktierAndraTillgangarAganderattsforbehallMember" order="9.0"/>
    <link:loc xlink:type="locator" xlink:href="../../../../../../base/se-mem-base/2020-12-01/se-mem-base-2020-12-01.xsd#se-mem-base_StalldaSakerheterObligationerMember" xlink:label="StalldaSakerheterObligationerMember" xlink:title="StalldaSakerheterObligationerMember"/>
    <link:definitionArc xlink:type="arc" xlink:arcrole="http://xbrl.org/int/dim/arcrole/domain-member" xlink:from="StalldaSakerheterDomain" xlink:to="StalldaSakerheterObligationerMember" xlink:title="definition: StalldaSakerheterDomain to StalldaSakerheterObligationerMember" order="12.0"/>
    <link:loc xlink:type="locator" xlink:href="../../../../../../base/se-mem-base/2020-12-01/se-mem-base-2020-12-01.xsd#se-mem-base_StalldaSakerheterAndraVardepapperAnAktierObligationerMember" xlink:label="StalldaSakerheterAndraVardepapperAnAktierObligationerMember" xlink:title="StalldaSakerheterAndraVardepapperAnAktierObligationerMember"/>
    <link:definitionArc xlink:type="arc" xlink:arcrole="http://xbrl.org/int/dim/arcrole/domain-member" xlink:from="StalldaSakerheterDomain" xlink:to="StalldaSakerheterAndraVardepapperAnAktierObligationerMember" xlink:title="definition: StalldaSakerheterDomain to StalldaSakerheterAndraVardepapperAnAktierObligationerMember" order="13.0"/>
  </link:definitionLink>
  <link:definitionLink xlink:type="extended" xlink:role="http://www.taxonomier.se/se/fr/role/list/handling/finansiellrapport">
    <link:loc xlink:type="locator" xlink:href="../../../../../../base/se-gen-base/2020-12-01/se-gen-base-2020-12-01.xsd#se-gen-base_FinansiellRapportDomain" xlink:label="FinansiellRapportDomain" xlink:title="FinansiellRapportDomain"/>
    <link:loc xlink:type="locator" xlink:href="../../../../../../base/se-mem-base/2020-12-01/se-mem-base-2020-12-01.xsd#se-mem-base_FinansiellRapportStyrelsenAvgerArsredovisningMember" xlink:label="FinansiellRapportStyrelsenAvgerArsredovisningMember" xlink:title="FinansiellRapportStyrelsenAvgerArsredovisningMember"/>
    <link:definitionArc xlink:type="arc" xlink:arcrole="http://xbrl.org/int/dim/arcrole/domain-member" xlink:from="FinansiellRapportDomain" xlink:to="FinansiellRapportStyrelsenAvgerArsredovisningMember" xlink:title="definition: FinansiellRapportDomain to FinansiellRapportStyrelsenAvgerArsredovisningMember" order="1.0"/>
    <link:loc xlink:type="locator" xlink:href="../../../../../../base/se-mem-base/2020-12-01/se-mem-base-2020-12-01.xsd#se-mem-base_FinansiellRapportStyrelsenVerkstallandeDirektorenAvgerArsredovisningMember" xlink:label="FinansiellRapportStyrelsenVerkstallandeDirektorenAvgerArsredovisningMember" xlink:title="FinansiellRapportStyrelsenVerkstallandeDirektorenAvgerArsredovisningMember"/>
    <link:definitionArc xlink:type="arc" xlink:arcrole="http://xbrl.org/int/dim/arcrole/domain-member" xlink:from="FinansiellRapportDomain" xlink:to="FinansiellRapportStyrelsenVerkstallandeDirektorenAvgerArsredovisningMember" xlink:title="definition: FinansiellRapportDomain to FinansiellRapportStyrelsenVerkstallandeDirektorenAvgerArsredovisningMember" order="2.0"/>
    <link:loc xlink:type="locator" xlink:href="../../../../../../base/se-mem-base/2020-12-01/se-mem-base-2020-12-01.xsd#se-mem-base_FinansiellRapportStyrelsenAvgerArsredovisningKoncernredovisningMember" xlink:label="FinansiellRapportStyrelsenAvgerArsredovisningKoncernredovisningMember" xlink:title="FinansiellRapportStyrelsenAvgerArsredovisningKoncernredovisningMember"/>
    <link:definitionArc xlink:type="arc" xlink:arcrole="http://xbrl.org/int/dim/arcrole/domain-member" xlink:from="FinansiellRapportDomain" xlink:to="FinansiellRapportStyrelsenAvgerArsredovisningKoncernredovisningMember" xlink:title="definition: FinansiellRapportDomain to FinansiellRapportStyrelsenAvgerArsredovisningKoncernredovisningMember" order="4.0"/>
    <link:loc xlink:type="locator" xlink:href="../../../../../../base/se-mem-base/2020-12-01/se-mem-base-2020-12-01.xsd#se-mem-base_FinansiellRapportStyrelsenVerkstallandeDirektorenAvgerArsredovisningKoncernredovisningMember" xlink:label="FinansiellRapportStyrelsenVerkstallandeDirektorenAvgerArsredovisningKoncernredovisningMember" xlink:title="FinansiellRapportStyrelsenVerkstallandeDirektorenAvgerArsredovisningKoncernredovisningMember"/>
    <link:definitionArc xlink:type="arc" xlink:arcrole="http://xbrl.org/int/dim/arcrole/domain-member" xlink:from="FinansiellRapportDomain" xlink:to="FinansiellRapportStyrelsenVerkstallandeDirektorenAvgerArsredovisningKoncernredovisningMember" xlink:title="definition: FinansiellRapportDomain to FinansiellRapportStyrelsenVerkstallandeDirektorenAvgerArsredovisningKoncernredovisningMember" order="5.0"/>
    <link:loc xlink:type="locator" xlink:href="../../../../../../base/se-mem-base/2020-12-01/se-mem-base-2020-12-01.xsd#se-mem-base_FinansiellRapportLikvidatornAvgerArsredovisningMember" xlink:label="FinansiellRapportLikvidatornAvgerArsredovisningMember" xlink:title="FinansiellRapportLikvidatornAvgerArsredovisningMember"/>
    <link:definitionArc xlink:type="arc" xlink:arcrole="http://xbrl.org/int/dim/arcrole/domain-member" xlink:from="FinansiellRapportDomain" xlink:to="FinansiellRapportLikvidatornAvgerArsredovisningMember" xlink:title="definition: FinansiellRapportDomain to FinansiellRapportLikvidatornAvgerArsredovisningMember" order="3.0"/>
    <link:loc xlink:type="locator" xlink:href="../../../../../../base/se-mem-base/2020-12-01/se-mem-base-2020-12-01.xsd#se-mem-base_FinansiellRapportLikvidatornAvgerArsredovisningKoncernredovisningMember" xlink:label="FinansiellRapportLikvidatornAvgerArsredovisningKoncernredovisningMember" xlink:title="FinansiellRapportLikvidatornAvgerArsredovisningKoncernredovisningMember"/>
    <link:definitionArc xlink:type="arc" xlink:arcrole="http://xbrl.org/int/dim/arcrole/domain-member" xlink:from="FinansiellRapportDomain" xlink:to="FinansiellRapportLikvidatornAvgerArsredovisningKoncernredovisningMember" xlink:title="definition: FinansiellRapportDomain to FinansiellRapportLikvidatornAvgerArsredovisningKoncernredovisningMember" order="6.0"/>
  </link:definitionLink>
  <link:definitionLink xlink:type="extended" xlink:role="http://www.taxonomier.se/se/fr/role/list/skulderavsattningar">
    <link:loc xlink:type="locator" xlink:href="../../../../../../base/se-gen-base/2020-12-01/se-gen-base-2020-12-01.xsd#se-gen-base_SkulderAvsattningarDomain" xlink:label="SkulderAvsattningarDomain" xlink:title="SkulderAvsattningarDomain"/>
    <link:loc xlink:type="locator" xlink:href="../../../../../../base/se-mem-base/2020-12-01/se-mem-base-2020-12-01.xsd#se-mem-base_SkulderAvsattningarObligationslanMember" xlink:label="SkulderAvsattningarObligationslanMember" xlink:title="SkulderAvsattningarObligationslanMember"/>
    <link:definitionArc xlink:type="arc" xlink:arcrole="http://xbrl.org/int/dim/arcrole/domain-member" xlink:from="SkulderAvsattningarDomain" xlink:to="SkulderAvsattningarObligationslanMember" xlink:title="definition: SkulderAvsattningarDomain to SkulderAvsattningarObligationslanMember" order="1.0"/>
    <link:loc xlink:type="locator" xlink:href="../../../../../../base/se-mem-base/2020-12-01/se-mem-base-2020-12-01.xsd#se-mem-base_SkulderAvsattningarCheckrakningskreditMember" xlink:label="SkulderAvsattningarCheckrakningskreditMember" xlink:title="SkulderAvsattningarCheckrakningskreditMember"/>
    <link:definitionArc xlink:type="arc" xlink:arcrole="http://xbrl.org/int/dim/arcrole/domain-member" xlink:from="SkulderAvsattningarDomain" xlink:to="SkulderAvsattningarCheckrakningskreditMember" xlink:title="definition: SkulderAvsattningarDomain to SkulderAvsattningarCheckrakningskreditMember" order="2.0"/>
    <link:loc xlink:type="locator" xlink:href="../../../../../../base/se-mem-base/2020-12-01/se-mem-base-2020-12-01.xsd#se-mem-base_SkulderAvsattningarOvrigaSkulderKreditinstitutMember" xlink:label="SkulderAvsattningarOvrigaSkulderKreditinstitutMember" xlink:title="SkulderAvsattningarOvrigaSkulderKreditinstitutMember"/>
    <link:definitionArc xlink:type="arc" xlink:arcrole="http://xbrl.org/int/dim/arcrole/domain-member" xlink:from="SkulderAvsattningarDomain" xlink:to="SkulderAvsattningarOvrigaSkulderKreditinstitutMember" xlink:title="definition: SkulderAvsattningarDomain to SkulderAvsattningarOvrigaSkulderKreditinstitutMember" order="3.0"/>
    <link:loc xlink:type="locator" xlink:href="../../../../../../base/se-mem-base/2020-12-01/se-mem-base-2020-12-01.xsd#se-mem-base_SkulderAvsattningarOvrigaSkulderMember" xlink:label="SkulderAvsattningarOvrigaSkulderMember" xlink:title="SkulderAvsattningarOvrigaSkulderMember"/>
    <link:definitionArc xlink:type="arc" xlink:arcrole="http://xbrl.org/int/dim/arcrole/domain-member" xlink:from="SkulderAvsattningarDomain" xlink:to="SkulderAvsattningarOvrigaSkulderMember" xlink:title="definition: SkulderAvsattningarDomain to SkulderAvsattningarOvrigaSkulderMember" order="7.0"/>
    <link:loc xlink:type="locator" xlink:href="../../../../../../base/se-mem-base/2020-12-01/se-mem-base-2020-12-01.xsd#se-mem-base_SkulderAvsattningarAvsattningPensionerMember" xlink:label="SkulderAvsattningarAvsattningPensionerMember" xlink:title="SkulderAvsattningarAvsattningPensionerMember"/>
    <link:definitionArc xlink:type="arc" xlink:arcrole="http://xbrl.org/int/dim/arcrole/domain-member" xlink:from="SkulderAvsattningarDomain" xlink:to="SkulderAvsattningarAvsattningPensionerMember" xlink:title="definition: SkulderAvsattningarDomain to SkulderAvsattningarAvsattningPensionerMember" order="8.0"/>
    <link:loc xlink:type="locator" xlink:href="../../../../../../base/se-mem-base/2020-12-01/se-mem-base-2020-12-01.xsd#se-mem-base_SkulderAvsattningarOvrigaAvsattningarMember" xlink:label="SkulderAvsattningarOvrigaAvsattningarMember" xlink:title="SkulderAvsattningarOvrigaAvsattningarMember"/>
    <link:definitionArc xlink:type="arc" xlink:arcrole="http://xbrl.org/int/dim/arcrole/domain-member" xlink:from="SkulderAvsattningarDomain" xlink:to="SkulderAvsattningarOvrigaAvsattningarMember" xlink:title="definition: SkulderAvsattningarDomain to SkulderAvsattningarOvrigaAvsattningarMember" order="9.0"/>
    <link:loc xlink:type="locator" xlink:href="../../../../../../base/se-mem-base/2020-12-01/se-mem-base-2020-12-01.xsd#se-mem-base_SkulderAvsattningarSkuldKoncernforetagMember" xlink:label="SkulderAvsattningarSkuldKoncernforetagMember" xlink:title="SkulderAvsattningarSkuldKoncernforetagMember"/>
    <link:definitionArc xlink:type="arc" xlink:arcrole="http://xbrl.org/int/dim/arcrole/domain-member" xlink:from="SkulderAvsattningarDomain" xlink:to="SkulderAvsattningarSkuldKoncernforetagMember" xlink:title="definition: SkulderAvsattningarDomain to SkulderAvsattningarSkuldKoncernforetagMember" order="4.0"/>
    <link:loc xlink:type="locator" xlink:href="../../../../../../base/se-mem-base/2020-12-01/se-mem-base-2020-12-01.xsd#se-mem-base_SkulderAvsattningarIntresseGemensamtStyrdaForetagMember" xlink:label="SkulderAvsattningarIntresseGemensamtStyrdaForetagMember" xlink:title="SkulderAvsattningarIntresseGemensamtStyrdaForetagMember"/>
    <link:definitionArc xlink:type="arc" xlink:arcrole="http://xbrl.org/int/dim/arcrole/domain-member" xlink:from="SkulderAvsattningarDomain" xlink:to="SkulderAvsattningarIntresseGemensamtStyrdaForetagMember" xlink:title="definition: SkulderAvsattningarDomain to SkulderAvsattningarIntresseGemensamtStyrdaForetagMember" order="5.0"/>
    <link:loc xlink:type="locator" xlink:href="../../../../../../base/se-mem-base/2020-12-01/se-mem-base-2020-12-01.xsd#se-mem-base_SkulderAvsattningarOvrigaForetagAgarintresseMember" xlink:label="SkulderAvsattningarOvrigaForetagAgarintresseMember" xlink:title="SkulderAvsattningarOvrigaForetagAgarintresseMember"/>
    <link:definitionArc xlink:type="arc" xlink:arcrole="http://xbrl.org/int/dim/arcrole/domain-member" xlink:from="SkulderAvsattningarDomain" xlink:to="SkulderAvsattningarOvrigaForetagAgarintresseMember" xlink:title="definition: SkulderAvsattningarDomain to SkulderAvsattningarOvrigaForetagAgarintresseMember" order="6.0"/>
  </link:definitionLink>
  <link:definitionLink xlink:type="extended" xlink:role="http://www.taxonomier.se/se/fr/role/list/agandeform/intresseforetaggemensamtstyrdaforetag">
    <link:loc xlink:type="locator" xlink:href="../../../../../../base/se-gen-base/2020-12-01/se-gen-base-2020-12-01.xsd#se-gen-base_IntresseforetagGemensamtStyrdaForetagAgandeformDomain" xlink:label="IntresseforetagGemensamtStyrdaForetagAgandeformDomain" xlink:title="IntresseforetagGemensamtStyrdaForetagAgandeformDomain"/>
    <link:loc xlink:type="locator" xlink:href="../../../../../../base/se-mem-base/2020-12-01/se-mem-base-2020-12-01.xsd#se-mem-base_ForetagAgandeformDirektMember" xlink:label="ForetagAgandeformDirektMember" xlink:title="ForetagAgandeformDirektMember"/>
    <link:definitionArc xlink:type="arc" xlink:arcrole="http://xbrl.org/int/dim/arcrole/domain-member" xlink:from="IntresseforetagGemensamtStyrdaForetagAgandeformDomain" xlink:to="ForetagAgandeformDirektMember" xlink:title="definition: IntresseforetagGemensamtStyrdaForetagAgandeformDomain to ForetagAgandeformDirektMember" order="1.0"/>
    <link:loc xlink:type="locator" xlink:href="../../../../../../base/se-mem-base/2020-12-01/se-mem-base-2020-12-01.xsd#se-mem-base_ForetagAgandeformIndirektMember" xlink:label="ForetagAgandeformIndirektMember" xlink:title="ForetagAgandeformIndirektMember"/>
    <link:definitionArc xlink:type="arc" xlink:arcrole="http://xbrl.org/int/dim/arcrole/domain-member" xlink:from="IntresseforetagGemensamtStyrdaForetagAgandeformDomain" xlink:to="ForetagAgandeformIndirektMember" xlink:title="definition: IntresseforetagGemensamtStyrdaForetagAgandeformDomain to ForetagAgandeformIndirektMember" order="2.0"/>
  </link:definitionLink>
  <link:definitionLink xlink:type="extended" xlink:role="http://www.taxonomier.se/se/fr/role/list/foretag/intresseforetaggemensamtstyrda">
    <link:loc xlink:type="locator" xlink:href="../../../../../../base/se-gen-base/2020-12-01/se-gen-base-2020-12-01.xsd#se-gen-base_IntresseforetagGemensamtStyrdaForetagDomain" xlink:label="IntresseforetagGemensamtStyrdaForetagTypDomain" xlink:title="IntresseforetagGemensamtStyrdaForetagTypDomain"/>
    <link:loc xlink:type="locator" xlink:href="../../../../../../base/se-mem-base/2020-12-01/se-mem-base-2020-12-01.xsd#se-mem-base_ForetagTypIntresseforetagMember" xlink:label="ForetagTypIntresseforetagMember" xlink:title="ForetagTypIntresseforetagMember"/>
    <link:definitionArc xlink:type="arc" xlink:arcrole="http://xbrl.org/int/dim/arcrole/domain-member" xlink:from="IntresseforetagGemensamtStyrdaForetagTypDomain" xlink:to="ForetagTypIntresseforetagMember" xlink:title="definition: IntresseforetagGemensamtStyrdaForetagTypDomain to ForetagTypIntresseforetagMember" order="1.0"/>
    <link:loc xlink:type="locator" xlink:href="../../../../../../base/se-mem-base/2020-12-01/se-mem-base-2020-12-01.xsd#se-mem-base_ForetagTypGemensamtStyrtForetagMember" xlink:label="ForetagTypGemensamtStyrtForetagMember" xlink:title="ForetagTypGemensamtStyrtForetagMember"/>
    <link:definitionArc xlink:type="arc" xlink:arcrole="http://xbrl.org/int/dim/arcrole/domain-member" xlink:from="IntresseforetagGemensamtStyrdaForetagTypDomain" xlink:to="ForetagTypGemensamtStyrtForetagMember" xlink:title="definition: IntresseforetagGemensamtStyrdaForetagTypDomain to ForetagTypGemensamtStyrtForetagMember" order="2.0"/>
  </link:definitionLink>
  <link:definitionLink xlink:type="extended" xlink:role="http://www.taxonomier.se/se/fr/role/list/uppdrag/revisorerrevisionsforetag">
    <link:loc xlink:type="locator" xlink:href="../../../../../../base/se-gen-base/2020-12-01/se-gen-base-2020-12-01.xsd#se-gen-base_RevisorerRevisionsforetagUppdragDomain" xlink:label="RevisorerRevisionsforetagUppdragTypDomain" xlink:title="RevisorerRevisionsforetagUppdragTypDomain"/>
    <link:loc xlink:type="locator" xlink:href="../../../../../../base/se-mem-base/2020-12-01/se-mem-base-2020-12-01.xsd#se-mem-base_RevisorerRevisionsforetagUppdragRevisionsuppdragMember" xlink:label="RevisorerRevisionsforetagUppdragRevisionsuppdragMember" xlink:title="RevisorerRevisionsforetagUppdragRevisionsuppdragMember"/>
    <link:definitionArc xlink:type="arc" xlink:arcrole="http://xbrl.org/int/dim/arcrole/domain-member" xlink:from="RevisorerRevisionsforetagUppdragTypDomain" xlink:to="RevisorerRevisionsforetagUppdragRevisionsuppdragMember" xlink:title="definition: RevisorerRevisionsforetagUppdragTypDomain to RevisorerRevisionsforetagUppdragRevisionsuppdragMember" order="1.0"/>
    <link:loc xlink:type="locator" xlink:href="../../../../../../base/se-mem-base/2020-12-01/se-mem-base-2020-12-01.xsd#se-mem-base_RevisorerRevisionsforetagUppdragRevisionsverksamhetUtoverRevisionsuppdragetMember" xlink:label="RevisorerRevisionsforetagUppdragRevisionsverksamhetUtoverRevisionsuppdragetMember" xlink:title="RevisorerRevisionsforetagUppdragRevisionsverksamhetUtoverRevisionsuppdragetMember"/>
    <link:definitionArc xlink:type="arc" xlink:arcrole="http://xbrl.org/int/dim/arcrole/domain-member" xlink:from="RevisorerRevisionsforetagUppdragTypDomain" xlink:to="RevisorerRevisionsforetagUppdragRevisionsverksamhetUtoverRevisionsuppdragetMember" xlink:title="definition: RevisorerRevisionsforetagUppdragTypDomain to RevisorerRevisionsforetagUppdragRevisionsverksamhetUtoverRevisionsuppdragetMember" order="2.0"/>
    <link:loc xlink:type="locator" xlink:href="../../../../../../base/se-mem-base/2020-12-01/se-mem-base-2020-12-01.xsd#se-mem-base_RevisorerRevisionsforetagUppdragSkatteradgivningMember" xlink:label="RevisorerRevisionsforetagUppdragSkatteradgivningMember" xlink:title="RevisorerRevisionsforetagUppdragSkatteradgivningMember"/>
    <link:definitionArc xlink:type="arc" xlink:arcrole="http://xbrl.org/int/dim/arcrole/domain-member" xlink:from="RevisorerRevisionsforetagUppdragTypDomain" xlink:to="RevisorerRevisionsforetagUppdragSkatteradgivningMember" xlink:title="definition: RevisorerRevisionsforetagUppdragTypDomain to RevisorerRevisionsforetagUppdragSkatteradgivningMember" order="3.0"/>
    <link:loc xlink:type="locator" xlink:href="../../../../../../base/se-mem-base/2020-12-01/se-mem-base-2020-12-01.xsd#se-mem-base_RevisorerRevisionsforetagOvrigaTjansterMember" xlink:label="RevisorerRevisionsforetagOvrigaTjansterMember" xlink:title="RevisorerRevisionsforetagOvrigaTjansterMember"/>
    <link:definitionArc xlink:type="arc" xlink:arcrole="http://xbrl.org/int/dim/arcrole/domain-member" xlink:from="RevisorerRevisionsforetagUppdragTypDomain" xlink:to="RevisorerRevisionsforetagOvrigaTjansterMember" xlink:title="definition: RevisorerRevisionsforetagUppdragTypDomain to RevisorerRevisionsforetagOvrigaTjansterMember" order="4.0"/>
  </link:definitionLink>
  <link:definitionLink xlink:type="extended" xlink:role="http://www.taxonomier.se/se/fr/role/list/ovrigavsattning">
    <link:loc xlink:type="locator" xlink:href="../../../../../../base/se-gen-base/2020-12-01/se-gen-base-2020-12-01.xsd#se-gen-base_OvrigaAvsattningarDomain" xlink:label="OvrigaAvsattningarTypDomain" xlink:title="OvrigaAvsattningarTypDomain"/>
    <link:loc xlink:type="locator" xlink:href="../../../../../../base/se-mem-base/2020-12-01/se-mem-base-2020-12-01.xsd#se-mem-base_AvsattningarGarantiatagandenMember" xlink:label="AvsattningarGarantiatagandenMember" xlink:title="AvsattningarGarantiatagandenMember"/>
    <link:definitionArc xlink:type="arc" xlink:arcrole="http://xbrl.org/int/dim/arcrole/domain-member" xlink:from="OvrigaAvsattningarTypDomain" xlink:to="AvsattningarGarantiatagandenMember" xlink:title="definition: OvrigaAvsattningarTypDomain to AvsattningarGarantiatagandenMember" order="1.0"/>
    <link:loc xlink:type="locator" xlink:href="../../../../../../base/se-mem-base/2020-12-01/se-mem-base-2020-12-01.xsd#se-mem-base_AvsattningarErsattningAnstalldaMember" xlink:label="AvsattningarErsattningAnstalldaMember" xlink:title="AvsattningarErsattningAnstalldaMember"/>
    <link:definitionArc xlink:type="arc" xlink:arcrole="http://xbrl.org/int/dim/arcrole/domain-member" xlink:from="OvrigaAvsattningarTypDomain" xlink:to="AvsattningarErsattningAnstalldaMember" xlink:title="definition: OvrigaAvsattningarTypDomain to AvsattningarErsattningAnstalldaMember" order="2.0"/>
    <link:loc xlink:type="locator" xlink:href="../../../../../../base/se-mem-base/2020-12-01/se-mem-base-2020-12-01.xsd#se-mem-base_AvsattningarForlustkontraktMember" xlink:label="AvsattningarForlustkontraktMember" xlink:title="AvsattningarForlustkontraktMember"/>
    <link:definitionArc xlink:type="arc" xlink:arcrole="http://xbrl.org/int/dim/arcrole/domain-member" xlink:from="OvrigaAvsattningarTypDomain" xlink:to="AvsattningarForlustkontraktMember" xlink:title="definition: OvrigaAvsattningarTypDomain to AvsattningarForlustkontraktMember" order="3.0"/>
    <link:loc xlink:type="locator" xlink:href="../../../../../../base/se-mem-base/2020-12-01/se-mem-base-2020-12-01.xsd#se-mem-base_AvsattningarOmstruktureringsatgarderMember" xlink:label="AvsattningarOmstruktureringsatgarderMember" xlink:title="AvsattningarOmstruktureringsatgarderMember"/>
    <link:definitionArc xlink:type="arc" xlink:arcrole="http://xbrl.org/int/dim/arcrole/domain-member" xlink:from="OvrigaAvsattningarTypDomain" xlink:to="AvsattningarOmstruktureringsatgarderMember" xlink:title="definition: OvrigaAvsattningarTypDomain to AvsattningarOmstruktureringsatgarderMember" order="4.0"/>
    <link:loc xlink:type="locator" xlink:href="../../../../../../base/se-mem-base/2020-12-01/se-mem-base-2020-12-01.xsd#se-mem-base_AvsattningarTvisterMember" xlink:label="AvsattningarTvisterMember" xlink:title="AvsattningarTvisterMember"/>
    <link:definitionArc xlink:type="arc" xlink:arcrole="http://xbrl.org/int/dim/arcrole/domain-member" xlink:from="OvrigaAvsattningarTypDomain" xlink:to="AvsattningarTvisterMember" xlink:title="definition: OvrigaAvsattningarTypDomain to AvsattningarTvisterMember" order="5.0"/>
  </link:definitionLink>
  <link:definitionLink xlink:type="extended" xlink:role="http://www.taxonomier.se/se/fr/role/list/loptid/tillgangskuldavsattning">
    <link:loc xlink:type="locator" xlink:href="../../../../../../base/se-gen-base/2020-12-01/se-gen-base-2020-12-01.xsd#se-gen-base_TillgangarAvsattningarSkulderLoptidDomain" xlink:label="TillgangarAvsattningarSkulderLoptidDomain" xlink:title="TillgangarAvsattningarSkulderLoptidDomain"/>
    <link:loc xlink:type="locator" xlink:href="../../../../../../base/se-mem-base/2020-12-01/se-mem-base-2020-12-01.xsd#se-mem-base_LoptidKortfristigMember" xlink:label="LoptidKortfristigMember" xlink:title="LoptidKortfristigMember"/>
    <link:definitionArc xlink:type="arc" xlink:arcrole="http://xbrl.org/int/dim/arcrole/domain-member" xlink:from="TillgangarAvsattningarSkulderLoptidDomain" xlink:to="LoptidKortfristigMember" xlink:title="definition: TillgangarAvsattningarSkulderLoptidDomain to LoptidKortfristigMember" order="1.0"/>
    <link:loc xlink:type="locator" xlink:href="../../../../../../base/se-mem-base/2020-12-01/se-mem-base-2020-12-01.xsd#se-mem-base_LoptidLangfristigMember" xlink:label="LoptidLangfristigMember" xlink:title="LoptidLangfristigMember"/>
    <link:definitionArc xlink:type="arc" xlink:arcrole="http://xbrl.org/int/dim/arcrole/domain-member" xlink:from="TillgangarAvsattningarSkulderLoptidDomain" xlink:to="LoptidLangfristigMember" xlink:title="definition: TillgangarAvsattningarSkulderLoptidDomain to LoptidLangfristigMember" order="2.0"/>
  </link:definitionLink>
  <link:definitionLink xlink:type="extended" xlink:role="http://www.taxonomier.se/se/fr/role/list/handling/belopp/format">
    <link:loc xlink:type="locator" xlink:href="../../../../../../base/se-cd-base/2020-12-01/se-cd-base-2020-12-01.xsd#se-cd-base_BeloppsformatDomain" xlink:label="BeloppsformatDomain" xlink:title="BeloppsformatDomain"/>
    <link:loc xlink:type="locator" xlink:href="../../../../../../base/se-mem-base/2020-12-01/se-mem-base-2020-12-01.xsd#se-mem-base_BeloppsformatNormalformMember" xlink:label="BeloppsformatNormalformMember" xlink:title="BeloppsformatNormalformMember"/>
    <link:definitionArc xlink:type="arc" xlink:arcrole="http://xbrl.org/int/dim/arcrole/domain-member" xlink:from="BeloppsformatDomain" xlink:to="BeloppsformatNormalformMember" xlink:title="definition: BeloppsformatDomain to BeloppsformatNormalformMember" order="1.0"/>
    <link:loc xlink:type="locator" xlink:href="../../../../../../base/se-mem-base/2020-12-01/se-mem-base-2020-12-01.xsd#se-mem-base_BeloppsformatHundratalMember" xlink:label="BeloppsformatHundratalMember" xlink:title="BeloppsformatHundratalMember"/>
    <link:definitionArc xlink:type="arc" xlink:arcrole="http://xbrl.org/int/dim/arcrole/domain-member" xlink:from="BeloppsformatDomain" xlink:to="BeloppsformatHundratalMember" xlink:title="definition: BeloppsformatDomain to BeloppsformatHundratalMember" order="2.0"/>
    <link:loc xlink:type="locator" xlink:href="../../../../../../base/se-mem-base/2020-12-01/se-mem-base-2020-12-01.xsd#se-mem-base_BeloppsformatTusentalMember" xlink:label="BeloppsformatTusentalMember" xlink:title="BeloppsformatTusentalMember"/>
    <link:definitionArc xlink:type="arc" xlink:arcrole="http://xbrl.org/int/dim/arcrole/domain-member" xlink:from="BeloppsformatDomain" xlink:to="BeloppsformatTusentalMember" xlink:title="definition: BeloppsformatDomain to BeloppsformatTusentalMember" order="3.0"/>
  </link:definitionLink>
  <link:definitionLink xlink:type="extended" xlink:role="http://www.taxonomier.se/se/fr/role/list/handling/sprak">
    <link:loc xlink:type="locator" xlink:href="../../../../../../base/se-cd-base/2020-12-01/se-cd-base-2020-12-01.xsd#se-cd-base_SprakHandlingUpprattadDomain" xlink:label="SprakHandlingUpprattadDomain" xlink:title="SprakHandlingUpprattadDomain"/>
    <link:loc xlink:type="locator" xlink:href="../../../../../../base/se-mem-base/2020-12-01/se-mem-base-2020-12-01.xsd#se-mem-base_SprakSvenskaMember" xlink:label="SprakSvenskaMember" xlink:title="SprakSvenskaMember"/>
    <link:definitionArc xlink:type="arc" xlink:arcrole="http://xbrl.org/int/dim/arcrole/domain-member" xlink:from="SprakHandlingUpprattadDomain" xlink:to="SprakSvenskaMember" xlink:title="definition: SprakHandlingUpprattadDomain to SprakSvenskaMember" order="1.0"/>
  </link:definitionLink>
  <link:definitionLink xlink:type="extended" xlink:role="http://www.taxonomier.se/se/fr/role/list/foretag/sate/land">
    <link:loc xlink:type="locator" xlink:href="../../../../../../base/se-cd-base/2020-12-01/se-cd-base-2020-12-01.xsd#se-cd-base_LandForetagetsSateDomain" xlink:label="LandForetagetsSateDomain" xlink:title="LandForetagetsSateDomain"/>
    <link:loc xlink:type="locator" xlink:href="../../../../../../base/se-mem-base/2020-12-01/se-mem-base-2020-12-01.xsd#se-mem-base_LandSverigeMember" xlink:label="LandSverigeMember" xlink:title="LandSverigeMember"/>
    <link:definitionArc xlink:type="arc" xlink:arcrole="http://xbrl.org/int/dim/arcrole/domain-member" xlink:from="LandForetagetsSateDomain" xlink:to="LandSverigeMember" xlink:title="definition: LandForetagetsSateDomain to LandSverigeMember" order="1.0"/>
  </link:definitionLink>
  <link:definitionLink xlink:type="extended" xlink:role="http://www.taxonomier.se/se/fr/role/list/handling/belopp/redovisningsvaluta">
    <link:loc xlink:type="locator" xlink:href="../../../../../../base/se-cd-base/2020-12-01/se-cd-base-2020-12-01.xsd#se-cd-base_RedovisningsvalutaHandlingDomain" xlink:label="RedovisningsvalutaHandlingDomain" xlink:title="RedovisningsvalutaHandlingDomain"/>
    <link:loc xlink:type="locator" xlink:href="../../../../../../base/se-mem-base/2020-12-01/se-mem-base-2020-12-01.xsd#se-mem-base_ValutaSvenskaKronorMember" xlink:label="ValutaSvenskaKronorMember" xlink:title="ValutaSvenskaKronorMember"/>
    <link:definitionArc xlink:type="arc" xlink:arcrole="http://xbrl.org/int/dim/arcrole/domain-member" xlink:from="RedovisningsvalutaHandlingDomain" xlink:to="ValutaSvenskaKronorMember" xlink:title="definition: RedovisningsvalutaHandlingDomain to ValutaSvenskaKronorMember" order="1.0"/>
    <link:loc xlink:type="locator" xlink:href="../../../../../../base/se-mem-base/2020-12-01/se-mem-base-2020-12-01.xsd#se-mem-base_ValutaEuroMember" xlink:label="ValutaEuroMember" xlink:title="ValutaEuroMember"/>
    <link:definitionArc xlink:type="arc" xlink:arcrole="http://xbrl.org/int/dim/arcrole/domain-member" xlink:from="RedovisningsvalutaHandlingDomain" xlink:to="ValutaEuroMember" xlink:title="definition: RedovisningsvalutaHandlingDomain to ValutaEuroMember" order="2.0"/>
  </link:definitionLink>
</link:linkbase>
