<?xml version="1.0" encoding="UTF-8"?><!--Versionsdatum/revision: 2024-09-12/2025-02-11_14:50:52--><!--Infil   : file:///O:/xmlstr/TaxSam/Inkomstdeklaration 2/2024-09-12 FINAL/Iteration 84 - FINAL LEV 2024-06-12 - FULL INK3 INK4 N3B/2025-02-11_13.19.41_10_KontrolleraOchGenerera_v2.08.xsl.xml--><!--XSLT-fil: file:///O:/xmlstr/TaxSam/Inkomstdeklaration 2/2024-09-12 FINAL/Iteration 84 - FINAL LEV 2024-06-12 - FULL INK3 INK4 N3B/30_UtokaAnpassadeBasskiktet_v2.14.xsl--><!--XSLT-fil: file:///O:/xmlstr/TaxSam/Inkomstdeklaration 2/2024-09-12 FINAL/Iteration 84 - FINAL LEV 2024-06-12 - FULL INK3 INK4 N3B/XSLTallmanKod_v1.05.xsl--><link:linkbase xmlns:xsi="http://www.w3.org/2001/XMLSchema-instance" xmlns:link="http://www.xbrl.org/2003/linkbase" xmlns:xlink="http://www.w3.org/1999/xlink" xsi:schemaLocation="http://www.xbrl.org/2003/linkbase http://www.xbrl.org/2003/xbrl-linkbase-2003-12-31.xsd">
	<link:labelLink xlink:type="extended" xlink:role="http://www.xbrl.org/2003/role/link">
		<link:loc xlink:type="locator" xlink:href="../../../../base/se-gen-base/2021-10-31/se-gen-base-2021-10-31.xsd#se-gen-base_KassaBank" xlink:label="extRubrik_locator_KassaBank" xlink:title="extRubrik_locator_KassaBank"/>
		<link:label xlink:type="resource" xlink:label="extRubrik_resource_KassaBank_347_verboseLabel" xlink:role="http://www.xbrl.org/2003/role/verboseLabel" xlink:title="extRubrik_resource_KassaBank_347_verboseLabel" xml:lang="sv">Kassa, bank och redovisningsmedel</link:label>
		<link:labelArc xlink:type="arc" xlink:arcrole="http://www.xbrl.org/2003/arcrole/concept-label" xlink:from="extRubrik_locator_KassaBank" xlink:to="extRubrik_resource_KassaBank_347_verboseLabel" xlink:title="reference: extRubrik_locator_KassaBank to extRubrik_resource_KassaBank_347_verboseLabel"/>
		<link:loc xlink:type="locator" xlink:href="../../../../base/se-gen-base/2021-10-31/se-gen-base-2021-10-31.xsd#se-gen-base_AvsattningarPensionerLiknandeForpliktelserEnligtLag" xlink:label="extRubrik_locator_AvsattningarPensionerLiknandeForpliktelserEnligtLag" xlink:title="extRubrik_locator_AvsattningarPensionerLiknandeForpliktelserEnligtLag"/>
		<link:label xlink:type="resource" xlink:label="extRubrik_resource_AvsattningarPensionerLiknandeForpliktelserEnligtLag_388_verboseLabel" xlink:role="http://www.xbrl.org/2003/role/verboseLabel" xlink:title="extRubrik_resource_AvsattningarPensionerLiknandeForpliktelserEnligtLag_388_verboseLabel" xml:lang="sv">Avsättningar för pensioner och liknande förpliktelser enligt lag (1967:531) om tryggande av pensionsutfästelse m.m.</link:label>
		<link:labelArc xlink:type="arc" xlink:arcrole="http://www.xbrl.org/2003/arcrole/concept-label" xlink:from="extRubrik_locator_AvsattningarPensionerLiknandeForpliktelserEnligtLag" xlink:to="extRubrik_resource_AvsattningarPensionerLiknandeForpliktelserEnligtLag_388_verboseLabel" xlink:title="reference: extRubrik_locator_AvsattningarPensionerLiknandeForpliktelserEnligtLag to extRubrik_resource_AvsattningarPensionerLiknandeForpliktelserEnligtLag_388_verboseLabel"/>
		<link:loc xlink:type="locator" xlink:href="../../../../base/se-tax-base/2022-09-12/se-tax-base-2022-09-12.xsd#se-tax-base_MinskningAvSkattemassigtResultatMedAnledningAvSkogsSubstansminskningsavdrag" xlink:label="extRubrik_locator_MinskningAvSkattemassigtResultatMedAnledningAvSkogsSubstansminskningsavdrag" xlink:title="extRubrik_locator_MinskningAvSkattemassigtResultatMedAnledningAvSkogsSubstansminskningsavdrag"/>
		<link:label xlink:type="resource" xlink:label="extRubrik_resource_MinskningAvSkattemassigtResultatMedAnledningAvSkogsSubstansminskningsavdrag_886_verboseLabel" xlink:role="http://www.xbrl.org/2003/role/verboseLabel" xlink:title="extRubrik_resource_MinskningAvSkattemassigtResultatMedAnledningAvSkogsSubstansminskningsavdrag_886_verboseLabel" xml:lang="sv">Skogs-/substansminskningsavdrag (specificeras på blankett N8)</link:label>
		<link:labelArc xlink:type="arc" xlink:arcrole="http://www.xbrl.org/2003/arcrole/concept-label" xlink:from="extRubrik_locator_MinskningAvSkattemassigtResultatMedAnledningAvSkogsSubstansminskningsavdrag" xlink:to="extRubrik_resource_MinskningAvSkattemassigtResultatMedAnledningAvSkogsSubstansminskningsavdrag_886_verboseLabel" xlink:title="reference: extRubrik_locator_MinskningAvSkattemassigtResultatMedAnledningAvSkogsSubstansminskningsavdrag to extRubrik_resource_MinskningAvSkattemassigtResultatMedAnledningAvSkogsSubstansminskningsavdrag_886_verboseLabel"/>
		<link:loc xlink:type="locator" xlink:href="../../../../base/se-tax-base/2022-09-12/se-tax-base-2022-09-12.xsd#se-tax-base_OkningAvSkattemassigtResultatMedAnledningAvAterforingarVidAvyttringAvFastighetTExVardeminskningsavdragSkogsavdragOchSubstansminskningsavdrag" xlink:label="extRubrik_locator_OkningAvSkattemassigtResultatMedAnledningAvAterforingarVidAvyttringAvFastighetTExVardeminskningsavdragSkogsavdragOchSubstansminskningsavdrag" xlink:title="extRubrik_locator_OkningAvSkattemassigtResultatMedAnledningAvAterforingarVidAvyttringAvFastighetTExVardeminskningsavdragSkogsavdragOchSubstansminskningsavdrag"/>
		<link:label xlink:type="resource" xlink:label="extRubrik_resource_OkningAvSkattemassigtResultatMedAnledningAvAterforingarVidAvyttringAvFastighetTExVardeminskningsavdragSkogsavdragOchSubstansminskningsavdrag_891_verboseLabel" xlink:role="http://www.xbrl.org/2003/role/verboseLabel" xlink:title="extRubrik_resource_OkningAvSkattemassigtResultatMedAnledningAvAterforingarVidAvyttringAvFastighetTExVardeminskningsavdragSkogsavdragOchSubstansminskningsavdrag_891_verboseLabel" xml:lang="sv">Återföringar vid avyttring av fastighet, t.ex. värdeminskningsavdrag, skogsavdrag och substansminskningsavdrag (skogs- och substansminskningsavdrag redovisas även på N8)</link:label>
		<link:labelArc xlink:type="arc" xlink:arcrole="http://www.xbrl.org/2003/arcrole/concept-label" xlink:from="extRubrik_locator_OkningAvSkattemassigtResultatMedAnledningAvAterforingarVidAvyttringAvFastighetTExVardeminskningsavdragSkogsavdragOchSubstansminskningsavdrag" xlink:to="extRubrik_resource_OkningAvSkattemassigtResultatMedAnledningAvAterforingarVidAvyttringAvFastighetTExVardeminskningsavdragSkogsavdragOchSubstansminskningsavdrag_891_verboseLabel" xlink:title="reference: extRubrik_locator_OkningAvSkattemassigtResultatMedAnledningAvAterforingarVidAvyttringAvFastighetTExVardeminskningsavdragSkogsavdragOchSubstansminskningsavdrag to extRubrik_resource_OkningAvSkattemassigtResultatMedAnledningAvAterforingarVidAvyttringAvFastighetTExVardeminskningsavdragSkogsavdragOchSubstansminskningsavdrag_891_verboseLabel"/>
		<link:loc xlink:type="locator" xlink:href="../../../../base/se-gen-base/2021-10-31/se-gen-base-2021-10-31.xsd#se-gen-base_LanAktieagareFysiskPersonPeriodensUtgang" xlink:label="extRubrik_locator_LanAktieagareFysiskPersonPeriodensUtgang" xlink:title="extRubrik_locator_LanAktieagareFysiskPersonPeriodensUtgang"/>
		<link:label xlink:type="resource" xlink:label="extRubrik_resource_LanAktieagareFysiskPersonPeriodensUtgang_948_verboseLabel" xlink:role="http://www.xbrl.org/2003/role/verboseLabel" xlink:title="extRubrik_resource_LanAktieagareFysiskPersonPeriodensUtgang_948_verboseLabel" xml:lang="sv">Lån från aktieägare (fysisk person) vid beskattningsårets utgång</link:label>
		<link:labelArc xlink:type="arc" xlink:arcrole="http://www.xbrl.org/2003/arcrole/concept-label" xlink:from="extRubrik_locator_LanAktieagareFysiskPersonPeriodensUtgang" xlink:to="extRubrik_resource_LanAktieagareFysiskPersonPeriodensUtgang_948_verboseLabel" xlink:title="reference: extRubrik_locator_LanAktieagareFysiskPersonPeriodensUtgang to extRubrik_resource_LanAktieagareFysiskPersonPeriodensUtgang_948_verboseLabel"/>
		<link:loc xlink:type="locator" xlink:href="../../../../base/se-gen-base/2021-10-31/se-gen-base-2021-10-31.xsd#se-gen-base_Pensionskostnader" xlink:label="extRubrik_locator_Pensionskostnader" xlink:title="extRubrik_locator_Pensionskostnader"/>
		<link:label xlink:type="resource" xlink:label="extRubrik_resource_Pensionskostnader_951_verboseLabel" xlink:role="http://www.xbrl.org/2003/role/verboseLabel" xlink:title="extRubrik_resource_Pensionskostnader_951_verboseLabel" xml:lang="sv">Pensionskostnader som ingår i personalkostnader i resultaträkningen</link:label>
		<link:labelArc xlink:type="arc" xlink:arcrole="http://www.xbrl.org/2003/arcrole/concept-label" xlink:from="extRubrik_locator_Pensionskostnader" xlink:to="extRubrik_resource_Pensionskostnader_951_verboseLabel" xlink:title="reference: extRubrik_locator_Pensionskostnader to extRubrik_resource_Pensionskostnader_951_verboseLabel"/>
		<link:loc xlink:type="locator" xlink:href="../../../../base/se-tax-base/2022-09-12/se-tax-base-2022-09-12.xsd#se-tax-base_KoncernbidragssparratOchFusionssparratUnderskottMM" xlink:label="extRubrik_locator_KoncernbidragssparratOchFusionssparratUnderskottMM" xlink:title="extRubrik_locator_KoncernbidragssparratOchFusionssparratUnderskottMM"/>
		<link:label xlink:type="resource" xlink:label="extRubrik_resource_KoncernbidragssparratOchFusionssparratUnderskottMM_956_verboseLabel" xlink:role="http://www.xbrl.org/2003/role/verboseLabel" xlink:title="extRubrik_resource_KoncernbidragssparratOchFusionssparratUnderskottMM_956_verboseLabel" xml:lang="sv">Koncernbidragsspärrat och fusionsspärrat underskott m.m. (frivillig uppgift)</link:label>
		<link:labelArc xlink:type="arc" xlink:arcrole="http://www.xbrl.org/2003/arcrole/concept-label" xlink:from="extRubrik_locator_KoncernbidragssparratOchFusionssparratUnderskottMM" xlink:to="extRubrik_resource_KoncernbidragssparratOchFusionssparratUnderskottMM_956_verboseLabel" xlink:title="reference: extRubrik_locator_KoncernbidragssparratOchFusionssparratUnderskottMM to extRubrik_resource_KoncernbidragssparratOchFusionssparratUnderskottMM_956_verboseLabel"/>
		<link:loc xlink:type="locator" xlink:href="../../../../base/se-gen-base/2021-10-31/se-gen-base-2021-10-31.xsd#se-gen-base_UppdragstagareRedovisningskonsultBitrattUpprattandeArsredovisning" xlink:label="extRubrik_locator_UppdragstagareRedovisningskonsultBitrattUpprattandeArsredovisning" xlink:title="extRubrik_locator_UppdragstagareRedovisningskonsultBitrattUpprattandeArsredovisning"/>
		<link:label xlink:type="resource" xlink:label="extRubrik_resource_UppdragstagareRedovisningskonsultBitrattUpprattandeArsredovisning_963_verboseLabel" xlink:role="http://www.xbrl.org/2003/role/verboseLabel" xlink:title="extRubrik_resource_UppdragstagareRedovisningskonsultBitrattUpprattandeArsredovisning_963_verboseLabel" xml:lang="sv">Uppdragstagare (t.ex. redovisningskonsult) har biträtt vid upprättande av årsredovisningen</link:label>
		<link:labelArc xlink:type="arc" xlink:arcrole="http://www.xbrl.org/2003/arcrole/concept-label" xlink:from="extRubrik_locator_UppdragstagareRedovisningskonsultBitrattUpprattandeArsredovisning" xlink:to="extRubrik_resource_UppdragstagareRedovisningskonsultBitrattUpprattandeArsredovisning_963_verboseLabel" xlink:title="reference: extRubrik_locator_UppdragstagareRedovisningskonsultBitrattUpprattandeArsredovisning to extRubrik_resource_UppdragstagareRedovisningskonsultBitrattUpprattandeArsredovisning_963_verboseLabel"/>
	</link:labelLink>
</link:linkbase>