<?xml version="1.0" encoding="UTF-8"?><!--Versionsdatum/revision: 2024-09-12/2025-02-11_14:50:52--><!--Infil   : file:///O:/xmlstr/TaxSam/Inkomstdeklaration 2/2024-09-12 FINAL/Iteration 84 - FINAL LEV 2024-06-12 - FULL INK3 INK4 N3B/2025-02-11_13.19.41_10_KontrolleraOchGenerera_v2.08.xsl.xml--><!--XSLT-fil: file:///O:/xmlstr/TaxSam/Inkomstdeklaration 2/2024-09-12 FINAL/Iteration 84 - FINAL LEV 2024-06-12 - FULL INK3 INK4 N3B/30_UtokaAnpassadeBasskiktet_v2.14.xsl--><!--XSLT-fil: file:///O:/xmlstr/TaxSam/Inkomstdeklaration 2/2024-09-12 FINAL/Iteration 84 - FINAL LEV 2024-06-12 - FULL INK3 INK4 N3B/XSLTallmanKod_v1.05.xsl--><link:linkbase xmlns:xsi="http://www.w3.org/2001/XMLSchema-instance" xmlns:link="http://www.xbrl.org/2003/linkbase" xmlns:xlink="http://www.w3.org/1999/xlink" xsi:schemaLocation="http://www.xbrl.org/2003/linkbase http://www.xbrl.org/2003/xbrl-linkbase-2003-12-31.xsd">
	<link:labelLink xlink:type="extended" xlink:role="http://www.xbrl.org/2003/role/link">
		<link:loc xlink:type="locator" xlink:href="../../../../base/se-tax-base/2022-09-12/se-tax-base-2022-09-12.xsd#se-tax-base_Inkomstdeklaration2Abstract" xlink:label="extBeskrivning_locator_Inkomstdeklaration2Abstract" xlink:title="extBeskrivning_locator_Inkomstdeklaration2Abstract"/>
		<link:label xlink:type="resource" xlink:label="extBeskrivning_resource_Inkomstdeklaration2Abstract_1_definitionGuidance" xlink:role="http://www.xbrl.org/2003/role/definitionGuidance" xlink:title="extBeskrivning_resource_Inkomstdeklaration2Abstract_1_definitionGuidance" xml:lang="sv">Rapportdel Inkomstdeklaration 2</link:label>
		<link:labelArc xlink:type="arc" xlink:arcrole="http://www.xbrl.org/2003/arcrole/concept-label" xlink:from="extBeskrivning_locator_Inkomstdeklaration2Abstract" xlink:to="extBeskrivning_resource_Inkomstdeklaration2Abstract_1_definitionGuidance" xlink:title="reference: extBeskrivning_locator_Inkomstdeklaration2Abstract to extBeskrivning_resource_Inkomstdeklaration2Abstract_1_definitionGuidance"/>
		<link:loc xlink:type="locator" xlink:href="../../../../base/se-tax-base/2022-09-12/se-tax-base-2022-09-12.xsd#se-tax-base_UnderskottAvNaringsverksamhet" xlink:label="extBeskrivning_locator_UnderskottAvNaringsverksamhet" xlink:title="extBeskrivning_locator_UnderskottAvNaringsverksamhet"/>
		<link:label xlink:type="resource" xlink:label="extBeskrivning_resource_UnderskottAvNaringsverksamhet_40_definitionGuidance" xlink:role="http://www.xbrl.org/2003/role/definitionGuidance" xlink:title="extBeskrivning_resource_UnderskottAvNaringsverksamhet_40_definitionGuidance" xml:lang="sv">Underskott efter skattemässiga justeringar och spärrat outnyttjat underskott med anledning av koncernbidragsspärr, fusionsspärr m.m.</link:label>
		<link:labelArc xlink:type="arc" xlink:arcrole="http://www.xbrl.org/2003/arcrole/concept-label" xlink:from="extBeskrivning_locator_UnderskottAvNaringsverksamhet" xlink:to="extBeskrivning_resource_UnderskottAvNaringsverksamhet_40_definitionGuidance" xlink:title="reference: extBeskrivning_locator_UnderskottAvNaringsverksamhet to extBeskrivning_resource_UnderskottAvNaringsverksamhet_40_definitionGuidance"/>
		<link:loc xlink:type="locator" xlink:href="../../../../base/se-tax-base/2022-09-12/se-tax-base-2022-09-12.xsd#se-tax-base_UnderlagForFastighetsavgiftForSmahusAgarlagenhet" xlink:label="extBeskrivning_locator_UnderlagForFastighetsavgiftForSmahusAgarlagenhet" xlink:title="extBeskrivning_locator_UnderlagForFastighetsavgiftForSmahusAgarlagenhet"/>
		<link:label xlink:type="resource" xlink:label="extBeskrivning_resource_UnderlagForFastighetsavgiftForSmahusAgarlagenhet_135_definitionGuidance" xlink:role="http://www.xbrl.org/2003/role/definitionGuidance" xlink:title="extBeskrivning_resource_UnderlagForFastighetsavgiftForSmahusAgarlagenhet_135_definitionGuidance" xml:lang="sv">Beskattning ska alltid ske för kalenderår och inte för räkenskapsår, även om räkenskapsåret är brutet</link:label>
		<link:labelArc xlink:type="arc" xlink:arcrole="http://www.xbrl.org/2003/arcrole/concept-label" xlink:from="extBeskrivning_locator_UnderlagForFastighetsavgiftForSmahusAgarlagenhet" xlink:to="extBeskrivning_resource_UnderlagForFastighetsavgiftForSmahusAgarlagenhet_135_definitionGuidance" xlink:title="reference: extBeskrivning_locator_UnderlagForFastighetsavgiftForSmahusAgarlagenhet to extBeskrivning_resource_UnderlagForFastighetsavgiftForSmahusAgarlagenhet_135_definitionGuidance"/>
		<link:loc xlink:type="locator" xlink:href="../../../../base/se-tax-base/2022-09-12/se-tax-base-2022-09-12.xsd#se-tax-base_UnderlagForFastighetsavgiftForHyreshusBostader" xlink:label="extBeskrivning_locator_UnderlagForFastighetsavgiftForHyreshusBostader" xlink:title="extBeskrivning_locator_UnderlagForFastighetsavgiftForHyreshusBostader"/>
		<link:label xlink:type="resource" xlink:label="extBeskrivning_resource_UnderlagForFastighetsavgiftForHyreshusBostader_139_definitionGuidance" xlink:role="http://www.xbrl.org/2003/role/definitionGuidance" xlink:title="extBeskrivning_resource_UnderlagForFastighetsavgiftForHyreshusBostader_139_definitionGuidance" xml:lang="sv">Beskattning ska alltid ske för kalenderår och inte för räkenskapsår, även om räkenskapsåret är brutet</link:label>
		<link:labelArc xlink:type="arc" xlink:arcrole="http://www.xbrl.org/2003/arcrole/concept-label" xlink:from="extBeskrivning_locator_UnderlagForFastighetsavgiftForHyreshusBostader" xlink:to="extBeskrivning_resource_UnderlagForFastighetsavgiftForHyreshusBostader_139_definitionGuidance" xlink:title="reference: extBeskrivning_locator_UnderlagForFastighetsavgiftForHyreshusBostader to extBeskrivning_resource_UnderlagForFastighetsavgiftForHyreshusBostader_139_definitionGuidance"/>
		<link:loc xlink:type="locator" xlink:href="../../../../base/se-tax-base/2022-09-12/se-tax-base-2022-09-12.xsd#se-tax-base_UnderlagForFastighetsskattForSmahusAgarlagenhetTomtmarkByggnadUnderUppforande" xlink:label="extBeskrivning_locator_UnderlagForFastighetsskattForSmahusAgarlagenhetTomtmarkByggnadUnderUppforande" xlink:title="extBeskrivning_locator_UnderlagForFastighetsskattForSmahusAgarlagenhetTomtmarkByggnadUnderUppforande"/>
		<link:label xlink:type="resource" xlink:label="extBeskrivning_resource_UnderlagForFastighetsskattForSmahusAgarlagenhetTomtmarkByggnadUnderUppforande_146_definitionGuidance" xlink:role="http://www.xbrl.org/2003/role/definitionGuidance" xlink:title="extBeskrivning_resource_UnderlagForFastighetsskattForSmahusAgarlagenhetTomtmarkByggnadUnderUppforande_146_definitionGuidance" xml:lang="sv">Beskattning ska alltid ske för kalenderår och inte för räkenskapsår, även om räkenskapsåret är brutet</link:label>
		<link:labelArc xlink:type="arc" xlink:arcrole="http://www.xbrl.org/2003/arcrole/concept-label" xlink:from="extBeskrivning_locator_UnderlagForFastighetsskattForSmahusAgarlagenhetTomtmarkByggnadUnderUppforande" xlink:to="extBeskrivning_resource_UnderlagForFastighetsskattForSmahusAgarlagenhetTomtmarkByggnadUnderUppforande_146_definitionGuidance" xlink:title="reference: extBeskrivning_locator_UnderlagForFastighetsskattForSmahusAgarlagenhetTomtmarkByggnadUnderUppforande to extBeskrivning_resource_UnderlagForFastighetsskattForSmahusAgarlagenhetTomtmarkByggnadUnderUppforande_146_definitionGuidance"/>
		<link:loc xlink:type="locator" xlink:href="../../../../base/se-tax-base/2022-09-12/se-tax-base-2022-09-12.xsd#se-tax-base_UnderlagForFastighetsskattForHyreshusTomtmarkBostaderUnderUppforande" xlink:label="extBeskrivning_locator_UnderlagForFastighetsskattForHyreshusTomtmarkBostaderUnderUppforande" xlink:title="extBeskrivning_locator_UnderlagForFastighetsskattForHyreshusTomtmarkBostaderUnderUppforande"/>
		<link:label xlink:type="resource" xlink:label="extBeskrivning_resource_UnderlagForFastighetsskattForHyreshusTomtmarkBostaderUnderUppforande_150_definitionGuidance" xlink:role="http://www.xbrl.org/2003/role/definitionGuidance" xlink:title="extBeskrivning_resource_UnderlagForFastighetsskattForHyreshusTomtmarkBostaderUnderUppforande_150_definitionGuidance" xml:lang="sv">Beskattning ska alltid ske för kalenderår och inte för räkenskapsår, även om räkenskapsåret är brutet</link:label>
		<link:labelArc xlink:type="arc" xlink:arcrole="http://www.xbrl.org/2003/arcrole/concept-label" xlink:from="extBeskrivning_locator_UnderlagForFastighetsskattForHyreshusTomtmarkBostaderUnderUppforande" xlink:to="extBeskrivning_resource_UnderlagForFastighetsskattForHyreshusTomtmarkBostaderUnderUppforande_150_definitionGuidance" xlink:title="reference: extBeskrivning_locator_UnderlagForFastighetsskattForHyreshusTomtmarkBostaderUnderUppforande to extBeskrivning_resource_UnderlagForFastighetsskattForHyreshusTomtmarkBostaderUnderUppforande_150_definitionGuidance"/>
		<link:loc xlink:type="locator" xlink:href="../../../../base/se-tax-base/2022-09-12/se-tax-base-2022-09-12.xsd#se-tax-base_UnderlagForFastighetsskattForHyreshusLokaler" xlink:label="extBeskrivning_locator_UnderlagForFastighetsskattForHyreshusLokaler" xlink:title="extBeskrivning_locator_UnderlagForFastighetsskattForHyreshusLokaler"/>
		<link:label xlink:type="resource" xlink:label="extBeskrivning_resource_UnderlagForFastighetsskattForHyreshusLokaler_154_definitionGuidance" xlink:role="http://www.xbrl.org/2003/role/definitionGuidance" xlink:title="extBeskrivning_resource_UnderlagForFastighetsskattForHyreshusLokaler_154_definitionGuidance" xml:lang="sv">Beskattning ska alltid ske för kalenderår och inte för räkenskapsår, även om räkenskapsåret är brutet</link:label>
		<link:labelArc xlink:type="arc" xlink:arcrole="http://www.xbrl.org/2003/arcrole/concept-label" xlink:from="extBeskrivning_locator_UnderlagForFastighetsskattForHyreshusLokaler" xlink:to="extBeskrivning_resource_UnderlagForFastighetsskattForHyreshusLokaler_154_definitionGuidance" xlink:title="reference: extBeskrivning_locator_UnderlagForFastighetsskattForHyreshusLokaler to extBeskrivning_resource_UnderlagForFastighetsskattForHyreshusLokaler_154_definitionGuidance"/>
		<link:loc xlink:type="locator" xlink:href="../../../../base/se-tax-base/2022-09-12/se-tax-base-2022-09-12.xsd#se-tax-base_UnderlagForFastighetsskattForIndustrienhetOchElproduktionsenhetVarmekraftverk" xlink:label="extBeskrivning_locator_UnderlagForFastighetsskattForIndustrienhetOchElproduktionsenhetVarmekraftverk" xlink:title="extBeskrivning_locator_UnderlagForFastighetsskattForIndustrienhetOchElproduktionsenhetVarmekraftverk"/>
		<link:label xlink:type="resource" xlink:label="extBeskrivning_resource_UnderlagForFastighetsskattForIndustrienhetOchElproduktionsenhetVarmekraftverk_162_definitionGuidance" xlink:role="http://www.xbrl.org/2003/role/definitionGuidance" xlink:title="extBeskrivning_resource_UnderlagForFastighetsskattForIndustrienhetOchElproduktionsenhetVarmekraftverk_162_definitionGuidance" xml:lang="sv">Beskattning ska alltid ske för kalenderår och inte för räkenskapsår, även om räkenskapsåret är brutet</link:label>
		<link:labelArc xlink:type="arc" xlink:arcrole="http://www.xbrl.org/2003/arcrole/concept-label" xlink:from="extBeskrivning_locator_UnderlagForFastighetsskattForIndustrienhetOchElproduktionsenhetVarmekraftverk" xlink:to="extBeskrivning_resource_UnderlagForFastighetsskattForIndustrienhetOchElproduktionsenhetVarmekraftverk_162_definitionGuidance" xlink:title="reference: extBeskrivning_locator_UnderlagForFastighetsskattForIndustrienhetOchElproduktionsenhetVarmekraftverk to extBeskrivning_resource_UnderlagForFastighetsskattForIndustrienhetOchElproduktionsenhetVarmekraftverk_162_definitionGuidance"/>
		<link:loc xlink:type="locator" xlink:href="../../../../base/se-tax-base/2022-09-12/se-tax-base-2022-09-12.xsd#se-tax-base_UnderlagForFastighetsskattForElproduktionsenhetVattenkraftverk" xlink:label="extBeskrivning_locator_UnderlagForFastighetsskattForElproduktionsenhetVattenkraftverk" xlink:title="extBeskrivning_locator_UnderlagForFastighetsskattForElproduktionsenhetVattenkraftverk"/>
		<link:label xlink:type="resource" xlink:label="extBeskrivning_resource_UnderlagForFastighetsskattForElproduktionsenhetVattenkraftverk_166_definitionGuidance" xlink:role="http://www.xbrl.org/2003/role/definitionGuidance" xlink:title="extBeskrivning_resource_UnderlagForFastighetsskattForElproduktionsenhetVattenkraftverk_166_definitionGuidance" xml:lang="sv">Beskattning ska alltid ske för kalenderår och inte för räkenskapsår, även om räkenskapsåret är brutet</link:label>
		<link:labelArc xlink:type="arc" xlink:arcrole="http://www.xbrl.org/2003/arcrole/concept-label" xlink:from="extBeskrivning_locator_UnderlagForFastighetsskattForElproduktionsenhetVattenkraftverk" xlink:to="extBeskrivning_resource_UnderlagForFastighetsskattForElproduktionsenhetVattenkraftverk_166_definitionGuidance" xlink:title="reference: extBeskrivning_locator_UnderlagForFastighetsskattForElproduktionsenhetVattenkraftverk to extBeskrivning_resource_UnderlagForFastighetsskattForElproduktionsenhetVattenkraftverk_166_definitionGuidance"/>
		<link:loc xlink:type="locator" xlink:href="../../../../base/se-tax-base/2022-09-12/se-tax-base-2022-09-12.xsd#se-tax-base_UnderlagForFastighetsskattForElproduktionsenhetVindkraftverk" xlink:label="extBeskrivning_locator_UnderlagForFastighetsskattForElproduktionsenhetVindkraftverk" xlink:title="extBeskrivning_locator_UnderlagForFastighetsskattForElproduktionsenhetVindkraftverk"/>
		<link:label xlink:type="resource" xlink:label="extBeskrivning_resource_UnderlagForFastighetsskattForElproduktionsenhetVindkraftverk_170_definitionGuidance" xlink:role="http://www.xbrl.org/2003/role/definitionGuidance" xlink:title="extBeskrivning_resource_UnderlagForFastighetsskattForElproduktionsenhetVindkraftverk_170_definitionGuidance" xml:lang="sv">Beskattning ska alltid ske för kalenderår och inte för räkenskapsår, även om räkenskapsåret är brutet</link:label>
		<link:labelArc xlink:type="arc" xlink:arcrole="http://www.xbrl.org/2003/arcrole/concept-label" xlink:from="extBeskrivning_locator_UnderlagForFastighetsskattForElproduktionsenhetVindkraftverk" xlink:to="extBeskrivning_resource_UnderlagForFastighetsskattForElproduktionsenhetVindkraftverk_170_definitionGuidance" xlink:title="reference: extBeskrivning_locator_UnderlagForFastighetsskattForElproduktionsenhetVindkraftverk to extBeskrivning_resource_UnderlagForFastighetsskattForElproduktionsenhetVindkraftverk_170_definitionGuidance"/>
		<link:loc xlink:type="locator" xlink:href="../../../../base/se-tax-base/2022-09-12/se-tax-base-2022-09-12.xsd#se-tax-base_OvrigaUpplysningarSomLamnasTillsammansMedDeklarationen" xlink:label="extBeskrivning_locator_OvrigaUpplysningarSomLamnasTillsammansMedDeklarationen" xlink:title="extBeskrivning_locator_OvrigaUpplysningarSomLamnasTillsammansMedDeklarationen"/>
		<link:label xlink:type="resource" xlink:label="extBeskrivning_resource_OvrigaUpplysningarSomLamnasTillsammansMedDeklarationen_189_definitionGuidance" xlink:role="http://www.xbrl.org/2003/role/definitionGuidance" xlink:title="extBeskrivning_resource_OvrigaUpplysningarSomLamnasTillsammansMedDeklarationen_189_definitionGuidance" xml:lang="sv">Övriga upplysningar till deklarationen som inte lämnas på annat sätt t.ex. begäran om avräkning av utländsk skatt</link:label>
		<link:labelArc xlink:type="arc" xlink:arcrole="http://www.xbrl.org/2003/arcrole/concept-label" xlink:from="extBeskrivning_locator_OvrigaUpplysningarSomLamnasTillsammansMedDeklarationen" xlink:to="extBeskrivning_resource_OvrigaUpplysningarSomLamnasTillsammansMedDeklarationen_189_definitionGuidance" xlink:title="reference: extBeskrivning_locator_OvrigaUpplysningarSomLamnasTillsammansMedDeklarationen to extBeskrivning_resource_OvrigaUpplysningarSomLamnasTillsammansMedDeklarationen_189_definitionGuidance"/>
		<link:loc xlink:type="locator" xlink:href="../../../../base/se-gen-base/2021-10-31/se-gen-base-2021-10-31.xsd#se-gen-base_OvrigaObeskattadeReserver" xlink:label="extBeskrivning_locator_OvrigaObeskattadeReserver" xlink:title="extBeskrivning_locator_OvrigaObeskattadeReserver"/>
		<link:label xlink:type="resource" xlink:label="extBeskrivning_resource_OvrigaObeskattadeReserver_378_definitionGuidance" xlink:role="http://www.xbrl.org/2003/role/definitionGuidance" xlink:title="extBeskrivning_resource_OvrigaObeskattadeReserver_378_definitionGuidance" xml:lang="sv">Andra obeskattade reserver än; periodiseringsfonder och ackumulerade överavskrivningar, t.ex. ersättningsfonder</link:label>
		<link:labelArc xlink:type="arc" xlink:arcrole="http://www.xbrl.org/2003/arcrole/concept-label" xlink:from="extBeskrivning_locator_OvrigaObeskattadeReserver" xlink:to="extBeskrivning_resource_OvrigaObeskattadeReserver_378_definitionGuidance" xlink:title="reference: extBeskrivning_locator_OvrigaObeskattadeReserver to extBeskrivning_resource_OvrigaObeskattadeReserver_378_definitionGuidance"/>
		<link:loc xlink:type="locator" xlink:href="../../../../base/se-gen-base/2021-10-31/se-gen-base-2021-10-31.xsd#se-gen-base_SkattPeriodensResultatInteSkattemassigtAvdragsgill" xlink:label="extBeskrivning_locator_SkattPeriodensResultatInteSkattemassigtAvdragsgill" xlink:title="extBeskrivning_locator_SkattPeriodensResultatInteSkattemassigtAvdragsgill"/>
		<link:label xlink:type="resource" xlink:label="extBeskrivning_resource_SkattPeriodensResultatInteSkattemassigtAvdragsgill_632_definitionGuidance" xlink:role="http://www.xbrl.org/2003/role/definitionGuidance" xlink:title="extBeskrivning_resource_SkattPeriodensResultatInteSkattemassigtAvdragsgill_632_definitionGuidance" xml:lang="sv">Ökning av skattemässigt resultat för skatt på periodens resultat som inte är skattemässigt avdragsgill</link:label>
		<link:labelArc xlink:type="arc" xlink:arcrole="http://www.xbrl.org/2003/arcrole/concept-label" xlink:from="extBeskrivning_locator_SkattPeriodensResultatInteSkattemassigtAvdragsgill" xlink:to="extBeskrivning_resource_SkattPeriodensResultatInteSkattemassigtAvdragsgill_632_definitionGuidance" xlink:title="reference: extBeskrivning_locator_SkattPeriodensResultatInteSkattemassigtAvdragsgill to extBeskrivning_resource_SkattPeriodensResultatInteSkattemassigtAvdragsgill_632_definitionGuidance"/>
		<link:loc xlink:type="locator" xlink:href="../../../../base/se-gen-base/2021-10-31/se-gen-base-2021-10-31.xsd#se-gen-base_AndraBokfordaKostnaderInteSkattemassigtAvdragsgilla" xlink:label="extBeskrivning_locator_AndraBokfordaKostnaderInteSkattemassigtAvdragsgilla" xlink:title="extBeskrivning_locator_AndraBokfordaKostnaderInteSkattemassigtAvdragsgilla"/>
		<link:label xlink:type="resource" xlink:label="extBeskrivning_resource_AndraBokfordaKostnaderInteSkattemassigtAvdragsgilla_644_definitionGuidance" xlink:role="http://www.xbrl.org/2003/role/definitionGuidance" xlink:title="extBeskrivning_resource_AndraBokfordaKostnaderInteSkattemassigtAvdragsgilla_644_definitionGuidance" xml:lang="sv">Ökning av skattemässigt resultat för andra bokförda kostnader som inte är skattemässigt avdragsgilla än; skatt på årets resultat och nedskrivning av finansiella tillgångar</link:label>
		<link:labelArc xlink:type="arc" xlink:arcrole="http://www.xbrl.org/2003/arcrole/concept-label" xlink:from="extBeskrivning_locator_AndraBokfordaKostnaderInteSkattemassigtAvdragsgilla" xlink:to="extBeskrivning_resource_AndraBokfordaKostnaderInteSkattemassigtAvdragsgilla_644_definitionGuidance" xlink:title="reference: extBeskrivning_locator_AndraBokfordaKostnaderInteSkattemassigtAvdragsgilla to extBeskrivning_resource_AndraBokfordaKostnaderInteSkattemassigtAvdragsgilla_644_definitionGuidance"/>
		<link:loc xlink:type="locator" xlink:href="../../../../base/se-gen-base/2021-10-31/se-gen-base-2021-10-31.xsd#se-gen-base_LamnadeKoncernbidragInteIngarRedovisadeResultatet" xlink:label="extBeskrivning_locator_LamnadeKoncernbidragInteIngarRedovisadeResultatet" xlink:title="extBeskrivning_locator_LamnadeKoncernbidragInteIngarRedovisadeResultatet"/>
		<link:label xlink:type="resource" xlink:label="extBeskrivning_resource_LamnadeKoncernbidragInteIngarRedovisadeResultatet_671_definitionGuidance" xlink:role="http://www.xbrl.org/2003/role/definitionGuidance" xlink:title="extBeskrivning_resource_LamnadeKoncernbidragInteIngarRedovisadeResultatet_671_definitionGuidance" xml:lang="sv">Minskning av skattemässigt resultat för lämnade koncernbidrag som inte ingår i det redovisade resultatet</link:label>
		<link:labelArc xlink:type="arc" xlink:arcrole="http://www.xbrl.org/2003/arcrole/concept-label" xlink:from="extBeskrivning_locator_LamnadeKoncernbidragInteIngarRedovisadeResultatet" xlink:to="extBeskrivning_resource_LamnadeKoncernbidragInteIngarRedovisadeResultatet_671_definitionGuidance" xlink:title="reference: extBeskrivning_locator_LamnadeKoncernbidragInteIngarRedovisadeResultatet to extBeskrivning_resource_LamnadeKoncernbidragInteIngarRedovisadeResultatet_671_definitionGuidance"/>
		<link:loc xlink:type="locator" xlink:href="../../../../base/se-gen-base/2021-10-31/se-gen-base-2021-10-31.xsd#se-gen-base_AndraSkattemassigtAvdragsgillaKostnaderInteIngarRedovisadeResultatet" xlink:label="extBeskrivning_locator_AndraSkattemassigtAvdragsgillaKostnaderInteIngarRedovisadeResultatet" xlink:title="extBeskrivning_locator_AndraSkattemassigtAvdragsgillaKostnaderInteIngarRedovisadeResultatet"/>
		<link:label xlink:type="resource" xlink:label="extBeskrivning_resource_AndraSkattemassigtAvdragsgillaKostnaderInteIngarRedovisadeResultatet_678_definitionGuidance" xlink:role="http://www.xbrl.org/2003/role/definitionGuidance" xlink:title="extBeskrivning_resource_AndraSkattemassigtAvdragsgillaKostnaderInteIngarRedovisadeResultatet_678_definitionGuidance" xml:lang="sv">Minskning av skattemässigt resultat för andra skattemässigt avdragsgilla kostnader som inte ingår i det redovisade resultatet än; lämnade koncernbidrag</link:label>
		<link:labelArc xlink:type="arc" xlink:arcrole="http://www.xbrl.org/2003/arcrole/concept-label" xlink:from="extBeskrivning_locator_AndraSkattemassigtAvdragsgillaKostnaderInteIngarRedovisadeResultatet" xlink:to="extBeskrivning_resource_AndraSkattemassigtAvdragsgillaKostnaderInteIngarRedovisadeResultatet_678_definitionGuidance" xlink:title="reference: extBeskrivning_locator_AndraSkattemassigtAvdragsgillaKostnaderInteIngarRedovisadeResultatet to extBeskrivning_resource_AndraSkattemassigtAvdragsgillaKostnaderInteIngarRedovisadeResultatet_678_definitionGuidance"/>
		<link:loc xlink:type="locator" xlink:href="../../../../base/se-gen-base/2021-10-31/se-gen-base-2021-10-31.xsd#se-gen-base_AckordsvinsterInteSkattepliktiga" xlink:label="extBeskrivning_locator_AckordsvinsterInteSkattepliktiga" xlink:title="extBeskrivning_locator_AckordsvinsterInteSkattepliktiga"/>
		<link:label xlink:type="resource" xlink:label="extBeskrivning_resource_AckordsvinsterInteSkattepliktiga_706_definitionGuidance" xlink:role="http://www.xbrl.org/2003/role/definitionGuidance" xlink:title="extBeskrivning_resource_AckordsvinsterInteSkattepliktiga_706_definitionGuidance" xml:lang="sv">Minskning av skattemässigt resultat för bokförda ackordsvinster som inte är skattepliktiga</link:label>
		<link:labelArc xlink:type="arc" xlink:arcrole="http://www.xbrl.org/2003/arcrole/concept-label" xlink:from="extBeskrivning_locator_AckordsvinsterInteSkattepliktiga" xlink:to="extBeskrivning_resource_AckordsvinsterInteSkattepliktiga_706_definitionGuidance" xlink:title="reference: extBeskrivning_locator_AckordsvinsterInteSkattepliktiga to extBeskrivning_resource_AckordsvinsterInteSkattepliktiga_706_definitionGuidance"/>
		<link:loc xlink:type="locator" xlink:href="../../../../base/se-gen-base/2021-10-31/se-gen-base-2021-10-31.xsd#se-gen-base_UtdelningInteSkattepliktig" xlink:label="extBeskrivning_locator_UtdelningInteSkattepliktig" xlink:title="extBeskrivning_locator_UtdelningInteSkattepliktig"/>
		<link:label xlink:type="resource" xlink:label="extBeskrivning_resource_UtdelningInteSkattepliktig_716_definitionGuidance" xlink:role="http://www.xbrl.org/2003/role/definitionGuidance" xlink:title="extBeskrivning_resource_UtdelningInteSkattepliktig_716_definitionGuidance" xml:lang="sv">Minskning av skattemässigt resultat för bokförd utdelning som inte är skattepliktig</link:label>
		<link:labelArc xlink:type="arc" xlink:arcrole="http://www.xbrl.org/2003/arcrole/concept-label" xlink:from="extBeskrivning_locator_UtdelningInteSkattepliktig" xlink:to="extBeskrivning_resource_UtdelningInteSkattepliktig_716_definitionGuidance" xlink:title="reference: extBeskrivning_locator_UtdelningInteSkattepliktig to extBeskrivning_resource_UtdelningInteSkattepliktig_716_definitionGuidance"/>
		<link:loc xlink:type="locator" xlink:href="../../../../base/se-gen-base/2021-10-31/se-gen-base-2021-10-31.xsd#se-gen-base_AndraBokfordaIntakterInteSkattepliktiga" xlink:label="extBeskrivning_locator_AndraBokfordaIntakterInteSkattepliktiga" xlink:title="extBeskrivning_locator_AndraBokfordaIntakterInteSkattepliktiga"/>
		<link:label xlink:type="resource" xlink:label="extBeskrivning_resource_AndraBokfordaIntakterInteSkattepliktiga_722_definitionGuidance" xlink:role="http://www.xbrl.org/2003/role/definitionGuidance" xlink:title="extBeskrivning_resource_AndraBokfordaIntakterInteSkattepliktiga_722_definitionGuidance" xml:lang="sv">Minskning av skattemässigt resultat för andra bokförda intäkter som inte är skattepliktiga än; ackordsvinster och utdelning</link:label>
		<link:labelArc xlink:type="arc" xlink:arcrole="http://www.xbrl.org/2003/arcrole/concept-label" xlink:from="extBeskrivning_locator_AndraBokfordaIntakterInteSkattepliktiga" xlink:to="extBeskrivning_resource_AndraBokfordaIntakterInteSkattepliktiga_722_definitionGuidance" xlink:title="reference: extBeskrivning_locator_AndraBokfordaIntakterInteSkattepliktiga to extBeskrivning_resource_AndraBokfordaIntakterInteSkattepliktiga_722_definitionGuidance"/>
		<link:loc xlink:type="locator" xlink:href="../../../../base/se-gen-base/2021-10-31/se-gen-base-2021-10-31.xsd#se-gen-base_MottagnaKoncernbidragInteRedovisadeResultatet" xlink:label="extBeskrivning_locator_MottagnaKoncernbidragInteRedovisadeResultatet" xlink:title="extBeskrivning_locator_MottagnaKoncernbidragInteRedovisadeResultatet"/>
		<link:label xlink:type="resource" xlink:label="extBeskrivning_resource_MottagnaKoncernbidragInteRedovisadeResultatet_749_definitionGuidance" xlink:role="http://www.xbrl.org/2003/role/definitionGuidance" xlink:title="extBeskrivning_resource_MottagnaKoncernbidragInteRedovisadeResultatet_749_definitionGuidance" xml:lang="sv">Ökning av skattemässigt resultat för mottagna koncernbidrag som inte ingår i det redovisade resultatet</link:label>
		<link:labelArc xlink:type="arc" xlink:arcrole="http://www.xbrl.org/2003/arcrole/concept-label" xlink:from="extBeskrivning_locator_MottagnaKoncernbidragInteRedovisadeResultatet" xlink:to="extBeskrivning_resource_MottagnaKoncernbidragInteRedovisadeResultatet_749_definitionGuidance" xlink:title="reference: extBeskrivning_locator_MottagnaKoncernbidragInteRedovisadeResultatet to extBeskrivning_resource_MottagnaKoncernbidragInteRedovisadeResultatet_749_definitionGuidance"/>
		<link:loc xlink:type="locator" xlink:href="../../../../base/se-gen-base/2021-10-31/se-gen-base-2021-10-31.xsd#se-gen-base_AndraSkattepliktigaIntakterInteIngarRedovisadeResultatet" xlink:label="extBeskrivning_locator_AndraSkattepliktigaIntakterInteIngarRedovisadeResultatet" xlink:title="extBeskrivning_locator_AndraSkattepliktigaIntakterInteIngarRedovisadeResultatet"/>
		<link:label xlink:type="resource" xlink:label="extBeskrivning_resource_AndraSkattepliktigaIntakterInteIngarRedovisadeResultatet_761_definitionGuidance" xlink:role="http://www.xbrl.org/2003/role/definitionGuidance" xlink:title="extBeskrivning_resource_AndraSkattepliktigaIntakterInteIngarRedovisadeResultatet_761_definitionGuidance" xml:lang="sv">Ökning av skattemässigt resultat för andra skattepliktiga intäkter som inte ingår i det redovisade resultatet än; schablonintäkt på periodiseringsfonder, schablonintäkt på fondandelar, mottagna koncernbidrag och uppräknat belopp vid återföring av periodiseringsfond</link:label>
		<link:labelArc xlink:type="arc" xlink:arcrole="http://www.xbrl.org/2003/arcrole/concept-label" xlink:from="extBeskrivning_locator_AndraSkattepliktigaIntakterInteIngarRedovisadeResultatet" xlink:to="extBeskrivning_resource_AndraSkattepliktigaIntakterInteIngarRedovisadeResultatet_761_definitionGuidance" xlink:title="reference: extBeskrivning_locator_AndraSkattepliktigaIntakterInteIngarRedovisadeResultatet to extBeskrivning_resource_AndraSkattepliktigaIntakterInteIngarRedovisadeResultatet_761_definitionGuidance"/>
		<link:loc xlink:type="locator" xlink:href="../../../../base/se-gen-base/2021-10-31/se-gen-base-2021-10-31.xsd#se-gen-base_BokfordVinstAvyttringDelagarratter" xlink:label="extBeskrivning_locator_BokfordVinstAvyttringDelagarratter" xlink:title="extBeskrivning_locator_BokfordVinstAvyttringDelagarratter"/>
		<link:label xlink:type="resource" xlink:label="extBeskrivning_resource_BokfordVinstAvyttringDelagarratter_779_definitionGuidance" xlink:role="http://www.xbrl.org/2003/role/definitionGuidance" xlink:title="extBeskrivning_resource_BokfordVinstAvyttringDelagarratter_779_definitionGuidance" xml:lang="sv">Minskning av skattemässigt resultat för bokförd vinst vid avyttring av delägarrätter som ingår i det redovisade resultatet</link:label>
		<link:labelArc xlink:type="arc" xlink:arcrole="http://www.xbrl.org/2003/arcrole/concept-label" xlink:from="extBeskrivning_locator_BokfordVinstAvyttringDelagarratter" xlink:to="extBeskrivning_resource_BokfordVinstAvyttringDelagarratter_779_definitionGuidance" xlink:title="reference: extBeskrivning_locator_BokfordVinstAvyttringDelagarratter to extBeskrivning_resource_BokfordVinstAvyttringDelagarratter_779_definitionGuidance"/>
		<link:loc xlink:type="locator" xlink:href="../../../../base/se-gen-base/2021-10-31/se-gen-base-2021-10-31.xsd#se-gen-base_BokfordForlustAvyttringDelagarratter" xlink:label="extBeskrivning_locator_BokfordForlustAvyttringDelagarratter" xlink:title="extBeskrivning_locator_BokfordForlustAvyttringDelagarratter"/>
		<link:label xlink:type="resource" xlink:label="extBeskrivning_resource_BokfordForlustAvyttringDelagarratter_788_definitionGuidance" xlink:role="http://www.xbrl.org/2003/role/definitionGuidance" xlink:title="extBeskrivning_resource_BokfordForlustAvyttringDelagarratter_788_definitionGuidance" xml:lang="sv">Ökning av skattemässigt resultat för bokförd förlust vid avyttring av delägarrätter som ingår i det redovisade resultatet</link:label>
		<link:labelArc xlink:type="arc" xlink:arcrole="http://www.xbrl.org/2003/arcrole/concept-label" xlink:from="extBeskrivning_locator_BokfordForlustAvyttringDelagarratter" xlink:to="extBeskrivning_resource_BokfordForlustAvyttringDelagarratter_788_definitionGuidance" xlink:title="reference: extBeskrivning_locator_BokfordForlustAvyttringDelagarratter to extBeskrivning_resource_BokfordForlustAvyttringDelagarratter_788_definitionGuidance"/>
		<link:loc xlink:type="locator" xlink:href="../../../../base/se-gen-base/2021-10-31/se-gen-base-2021-10-31.xsd#se-gen-base_BokfordIntaktAndelHandelsbolagResultatBokfordRealisationsvinstAvyttringAndelHandelsbolag" xlink:label="extBeskrivning_locator_BokfordIntaktAndelHandelsbolagResultatBokfordRealisationsvinstAvyttringAndelHandelsbolag" xlink:title="extBeskrivning_locator_BokfordIntaktAndelHandelsbolagResultatBokfordRealisationsvinstAvyttringAndelHandelsbolag"/>
		<link:label xlink:type="resource" xlink:label="extBeskrivning_resource_BokfordIntaktAndelHandelsbolagResultatBokfordRealisationsvinstAvyttringAndelHandelsbolag_838_definitionGuidance" xlink:role="http://www.xbrl.org/2003/role/definitionGuidance" xlink:title="extBeskrivning_resource_BokfordIntaktAndelHandelsbolagResultatBokfordRealisationsvinstAvyttringAndelHandelsbolag_838_definitionGuidance" xml:lang="sv">Minskning av skattemässigt resultat för bokförd intäkt från andel i handelsbolags resultat samt bokförd realisationsvinst vid avyttring av andel i handelsbolag som ingår i det redovisade resultatet</link:label>
		<link:labelArc xlink:type="arc" xlink:arcrole="http://www.xbrl.org/2003/arcrole/concept-label" xlink:from="extBeskrivning_locator_BokfordIntaktAndelHandelsbolagResultatBokfordRealisationsvinstAvyttringAndelHandelsbolag" xlink:to="extBeskrivning_resource_BokfordIntaktAndelHandelsbolagResultatBokfordRealisationsvinstAvyttringAndelHandelsbolag_838_definitionGuidance" xlink:title="reference: extBeskrivning_locator_BokfordIntaktAndelHandelsbolagResultatBokfordRealisationsvinstAvyttringAndelHandelsbolag to extBeskrivning_resource_BokfordIntaktAndelHandelsbolagResultatBokfordRealisationsvinstAvyttringAndelHandelsbolag_838_definitionGuidance"/>
		<link:loc xlink:type="locator" xlink:href="../../../../base/se-tax-base/2022-09-12/se-tax-base-2022-09-12.xsd#se-tax-base_OkningAvSkattemassigtResultatMedAnledningAvSkattemassigtOverskottFranAndelIHandelsbolag" xlink:label="extBeskrivning_locator_OkningAvSkattemassigtResultatMedAnledningAvSkattemassigtOverskottFranAndelIHandelsbolag" xlink:title="extBeskrivning_locator_OkningAvSkattemassigtResultatMedAnledningAvSkattemassigtOverskottFranAndelIHandelsbolag"/>
		<link:label xlink:type="resource" xlink:label="extBeskrivning_resource_OkningAvSkattemassigtResultatMedAnledningAvSkattemassigtOverskottFranAndelIHandelsbolag_847_definitionGuidance" xlink:role="http://www.xbrl.org/2003/role/definitionGuidance" xlink:title="extBeskrivning_resource_OkningAvSkattemassigtResultatMedAnledningAvSkattemassigtOverskottFranAndelIHandelsbolag_847_definitionGuidance" xml:lang="sv">Om företaget sålt sin andel i handelsbolaget och det resulterat i en skattemässig vinst är den skattefri</link:label>
		<link:labelArc xlink:type="arc" xlink:arcrole="http://www.xbrl.org/2003/arcrole/concept-label" xlink:from="extBeskrivning_locator_OkningAvSkattemassigtResultatMedAnledningAvSkattemassigtOverskottFranAndelIHandelsbolag" xlink:to="extBeskrivning_resource_OkningAvSkattemassigtResultatMedAnledningAvSkattemassigtOverskottFranAndelIHandelsbolag_847_definitionGuidance" xlink:title="reference: extBeskrivning_locator_OkningAvSkattemassigtResultatMedAnledningAvSkattemassigtOverskottFranAndelIHandelsbolag to extBeskrivning_resource_OkningAvSkattemassigtResultatMedAnledningAvSkattemassigtOverskottFranAndelIHandelsbolag_847_definitionGuidance"/>
		<link:loc xlink:type="locator" xlink:href="../../../../base/se-gen-base/2021-10-31/se-gen-base-2021-10-31.xsd#se-gen-base_BokfordKostnadAndelHandelsbolagResultatBokfordRealisationsforlustAvyttringAndelHandelsbolag" xlink:label="extBeskrivning_locator_BokfordKostnadAndelHandelsbolagResultatBokfordRealisationsforlustAvyttringAndelHandelsbolag" xlink:title="extBeskrivning_locator_BokfordKostnadAndelHandelsbolagResultatBokfordRealisationsforlustAvyttringAndelHandelsbolag"/>
		<link:label xlink:type="resource" xlink:label="extBeskrivning_resource_BokfordKostnadAndelHandelsbolagResultatBokfordRealisationsforlustAvyttringAndelHandelsbolag_852_definitionGuidance" xlink:role="http://www.xbrl.org/2003/role/definitionGuidance" xlink:title="extBeskrivning_resource_BokfordKostnadAndelHandelsbolagResultatBokfordRealisationsforlustAvyttringAndelHandelsbolag_852_definitionGuidance" xml:lang="sv">Ökning av skattemässigt resultat för bokförd kostnad från andel i handelsbolags resultat samt bokförd realisationsförlust vid avyttring av andel i handelsbolag som ingår i det redovisade resultatet</link:label>
		<link:labelArc xlink:type="arc" xlink:arcrole="http://www.xbrl.org/2003/arcrole/concept-label" xlink:from="extBeskrivning_locator_BokfordKostnadAndelHandelsbolagResultatBokfordRealisationsforlustAvyttringAndelHandelsbolag" xlink:to="extBeskrivning_resource_BokfordKostnadAndelHandelsbolagResultatBokfordRealisationsforlustAvyttringAndelHandelsbolag_852_definitionGuidance" xlink:title="reference: extBeskrivning_locator_BokfordKostnadAndelHandelsbolagResultatBokfordRealisationsforlustAvyttringAndelHandelsbolag to extBeskrivning_resource_BokfordKostnadAndelHandelsbolagResultatBokfordRealisationsforlustAvyttringAndelHandelsbolag_852_definitionGuidance"/>
		<link:loc xlink:type="locator" xlink:href="../../../../base/se-tax-base/2022-09-12/se-tax-base-2022-09-12.xsd#se-tax-base_MinskningAvSkattemassigtResultatMedAnledningAvSkattemassigtUnderskottFranAndelIHandelsbolag" xlink:label="extBeskrivning_locator_MinskningAvSkattemassigtResultatMedAnledningAvSkattemassigtUnderskottFranAndelIHandelsbolag" xlink:title="extBeskrivning_locator_MinskningAvSkattemassigtResultatMedAnledningAvSkattemassigtUnderskottFranAndelIHandelsbolag"/>
		<link:label xlink:type="resource" xlink:label="extBeskrivning_resource_MinskningAvSkattemassigtResultatMedAnledningAvSkattemassigtUnderskottFranAndelIHandelsbolag_861_definitionGuidance" xlink:role="http://www.xbrl.org/2003/role/definitionGuidance" xlink:title="extBeskrivning_resource_MinskningAvSkattemassigtResultatMedAnledningAvSkattemassigtUnderskottFranAndelIHandelsbolag_861_definitionGuidance" xml:lang="sv">Om företaget sålt sin andel i handelsbolaget och det resulterat i en skattemässig förlust är den inte avdragsgill</link:label>
		<link:labelArc xlink:type="arc" xlink:arcrole="http://www.xbrl.org/2003/arcrole/concept-label" xlink:from="extBeskrivning_locator_MinskningAvSkattemassigtResultatMedAnledningAvSkattemassigtUnderskottFranAndelIHandelsbolag" xlink:to="extBeskrivning_resource_MinskningAvSkattemassigtResultatMedAnledningAvSkattemassigtUnderskottFranAndelIHandelsbolag_861_definitionGuidance" xlink:title="reference: extBeskrivning_locator_MinskningAvSkattemassigtResultatMedAnledningAvSkattemassigtUnderskottFranAndelIHandelsbolag to extBeskrivning_resource_MinskningAvSkattemassigtResultatMedAnledningAvSkattemassigtUnderskottFranAndelIHandelsbolag_861_definitionGuidance"/>
		<link:loc xlink:type="locator" xlink:href="../../../../base/se-tax-base/2022-09-12/se-tax-base-2022-09-12.xsd#se-tax-base_OkningMinskningAvSkattemassigtResultatMedAnledningAvAndraSkattemassigaJusteringarAvResultatet" xlink:label="extBeskrivning_locator_OkningMinskningAvSkattemassigtResultatMedAnledningAvAndraSkattemassigaJusteringarAvResultatet" xlink:title="extBeskrivning_locator_OkningMinskningAvSkattemassigtResultatMedAnledningAvAndraSkattemassigaJusteringarAvResultatet"/>
		<link:label xlink:type="resource" xlink:label="extBeskrivning_resource_OkningMinskningAvSkattemassigtResultatMedAnledningAvAndraSkattemassigaJusteringarAvResultatet_895_definitionGuidance" xlink:role="http://www.xbrl.org/2003/role/definitionGuidance" xlink:title="extBeskrivning_resource_OkningMinskningAvSkattemassigtResultatMedAnledningAvAndraSkattemassigaJusteringarAvResultatet_895_definitionGuidance" xml:lang="sv">Andra skattemässiga justeringar av resultatet som inte redovisas på annan plats i skattemässiga justeringar</link:label>
		<link:labelArc xlink:type="arc" xlink:arcrole="http://www.xbrl.org/2003/arcrole/concept-label" xlink:from="extBeskrivning_locator_OkningMinskningAvSkattemassigtResultatMedAnledningAvAndraSkattemassigaJusteringarAvResultatet" xlink:to="extBeskrivning_resource_OkningMinskningAvSkattemassigtResultatMedAnledningAvAndraSkattemassigaJusteringarAvResultatet_895_definitionGuidance" xlink:title="reference: extBeskrivning_locator_OkningMinskningAvSkattemassigtResultatMedAnledningAvAndraSkattemassigaJusteringarAvResultatet to extBeskrivning_resource_OkningMinskningAvSkattemassigtResultatMedAnledningAvAndraSkattemassigaJusteringarAvResultatet_895_definitionGuidance"/>
		<link:loc xlink:type="locator" xlink:href="../../../../base/se-tax-base/2022-09-12/se-tax-base-2022-09-12.xsd#se-tax-base_MinskningAvSkattemassigtResultatMedAnledningAvOutnyttjatUnderskottFranForegaendeAr" xlink:label="extBeskrivning_locator_MinskningAvSkattemassigtResultatMedAnledningAvOutnyttjatUnderskottFranForegaendeAr" xlink:title="extBeskrivning_locator_MinskningAvSkattemassigtResultatMedAnledningAvOutnyttjatUnderskottFranForegaendeAr"/>
		<link:label xlink:type="resource" xlink:label="extBeskrivning_resource_MinskningAvSkattemassigtResultatMedAnledningAvOutnyttjatUnderskottFranForegaendeAr_912_definitionGuidance" xlink:role="http://www.xbrl.org/2003/role/definitionGuidance" xlink:title="extBeskrivning_resource_MinskningAvSkattemassigtResultatMedAnledningAvOutnyttjatUnderskottFranForegaendeAr_912_definitionGuidance" xml:lang="sv">Minskning av skattemässigt resultat med anledning av outnyttjat underskott från föregående år inklusive spärrade underskott</link:label>
		<link:labelArc xlink:type="arc" xlink:arcrole="http://www.xbrl.org/2003/arcrole/concept-label" xlink:from="extBeskrivning_locator_MinskningAvSkattemassigtResultatMedAnledningAvOutnyttjatUnderskottFranForegaendeAr" xlink:to="extBeskrivning_resource_MinskningAvSkattemassigtResultatMedAnledningAvOutnyttjatUnderskottFranForegaendeAr_912_definitionGuidance" xlink:title="reference: extBeskrivning_locator_MinskningAvSkattemassigtResultatMedAnledningAvOutnyttjatUnderskottFranForegaendeAr to extBeskrivning_resource_MinskningAvSkattemassigtResultatMedAnledningAvOutnyttjatUnderskottFranForegaendeAr_912_definitionGuidance"/>
		<link:loc xlink:type="locator" xlink:href="../../../../base/se-tax-base/2022-09-12/se-tax-base-2022-09-12.xsd#se-tax-base_PeriodensBegardaOchTidigarePeriodersMedgivnaVardeminskningsavdragSomFinnsVidPeriodensUtgangAvseendeByggnader" xlink:label="extBeskrivning_locator_PeriodensBegardaOchTidigarePeriodersMedgivnaVardeminskningsavdragSomFinnsVidPeriodensUtgangAvseendeByggnader" xlink:title="extBeskrivning_locator_PeriodensBegardaOchTidigarePeriodersMedgivnaVardeminskningsavdragSomFinnsVidPeriodensUtgangAvseendeByggnader"/>
		<link:label xlink:type="resource" xlink:label="extBeskrivning_resource_PeriodensBegardaOchTidigarePeriodersMedgivnaVardeminskningsavdragSomFinnsVidPeriodensUtgangAvseendeByggnader_937_definitionGuidance" xlink:role="http://www.xbrl.org/2003/role/definitionGuidance" xlink:title="extBeskrivning_resource_PeriodensBegardaOchTidigarePeriodersMedgivnaVardeminskningsavdragSomFinnsVidPeriodensUtgangAvseendeByggnader_937_definitionGuidance" xml:lang="sv">De sammanlagda värdeminskningsavdrag som gjorts fram till beskattningsårets utgång och som ska återföras till beskattning vid försäljning av byggnaden</link:label>
		<link:labelArc xlink:type="arc" xlink:arcrole="http://www.xbrl.org/2003/arcrole/concept-label" xlink:from="extBeskrivning_locator_PeriodensBegardaOchTidigarePeriodersMedgivnaVardeminskningsavdragSomFinnsVidPeriodensUtgangAvseendeByggnader" xlink:to="extBeskrivning_resource_PeriodensBegardaOchTidigarePeriodersMedgivnaVardeminskningsavdragSomFinnsVidPeriodensUtgangAvseendeByggnader_937_definitionGuidance" xlink:title="reference: extBeskrivning_locator_PeriodensBegardaOchTidigarePeriodersMedgivnaVardeminskningsavdragSomFinnsVidPeriodensUtgangAvseendeByggnader to extBeskrivning_resource_PeriodensBegardaOchTidigarePeriodersMedgivnaVardeminskningsavdragSomFinnsVidPeriodensUtgangAvseendeByggnader_937_definitionGuidance"/>
		<link:loc xlink:type="locator" xlink:href="../../../../base/se-tax-base/2022-09-12/se-tax-base-2022-09-12.xsd#se-tax-base_PeriodensBegardaOchTidigarePeriodersMedgivnaVardeminskningsavdragSomFinnsVidPeriodensUtgangAvseendeMarkanlaggningar" xlink:label="extBeskrivning_locator_PeriodensBegardaOchTidigarePeriodersMedgivnaVardeminskningsavdragSomFinnsVidPeriodensUtgangAvseendeMarkanlaggningar" xlink:title="extBeskrivning_locator_PeriodensBegardaOchTidigarePeriodersMedgivnaVardeminskningsavdragSomFinnsVidPeriodensUtgangAvseendeMarkanlaggningar"/>
		<link:label xlink:type="resource" xlink:label="extBeskrivning_resource_PeriodensBegardaOchTidigarePeriodersMedgivnaVardeminskningsavdragSomFinnsVidPeriodensUtgangAvseendeMarkanlaggningar_940_definitionGuidance" xlink:role="http://www.xbrl.org/2003/role/definitionGuidance" xlink:title="extBeskrivning_resource_PeriodensBegardaOchTidigarePeriodersMedgivnaVardeminskningsavdragSomFinnsVidPeriodensUtgangAvseendeMarkanlaggningar_940_definitionGuidance" xml:lang="sv">De sammanlagda värdeminskningsavdrag som gjorts fram till beskattningsårets utgång och som ska återföras vid försäljning av markanläggningen</link:label>
		<link:labelArc xlink:type="arc" xlink:arcrole="http://www.xbrl.org/2003/arcrole/concept-label" xlink:from="extBeskrivning_locator_PeriodensBegardaOchTidigarePeriodersMedgivnaVardeminskningsavdragSomFinnsVidPeriodensUtgangAvseendeMarkanlaggningar" xlink:to="extBeskrivning_resource_PeriodensBegardaOchTidigarePeriodersMedgivnaVardeminskningsavdragSomFinnsVidPeriodensUtgangAvseendeMarkanlaggningar_940_definitionGuidance" xlink:title="reference: extBeskrivning_locator_PeriodensBegardaOchTidigarePeriodersMedgivnaVardeminskningsavdragSomFinnsVidPeriodensUtgangAvseendeMarkanlaggningar to extBeskrivning_resource_PeriodensBegardaOchTidigarePeriodersMedgivnaVardeminskningsavdragSomFinnsVidPeriodensUtgangAvseendeMarkanlaggningar_940_definitionGuidance"/>
		<link:loc xlink:type="locator" xlink:href="../../../../base/se-tax-base/2022-09-12/se-tax-base-2022-09-12.xsd#se-tax-base_VidRestvardesavskrivningPeriodensAterfordaBeloppForAvOchNedskrivningForsaljningUtrangering" xlink:label="extBeskrivning_locator_VidRestvardesavskrivningPeriodensAterfordaBeloppForAvOchNedskrivningForsaljningUtrangering" xlink:title="extBeskrivning_locator_VidRestvardesavskrivningPeriodensAterfordaBeloppForAvOchNedskrivningForsaljningUtrangering"/>
		<link:label xlink:type="resource" xlink:label="extBeskrivning_resource_VidRestvardesavskrivningPeriodensAterfordaBeloppForAvOchNedskrivningForsaljningUtrangering_943_definitionGuidance" xlink:role="http://www.xbrl.org/2003/role/definitionGuidance" xlink:title="extBeskrivning_resource_VidRestvardesavskrivningPeriodensAterfordaBeloppForAvOchNedskrivningForsaljningUtrangering_943_definitionGuidance" xml:lang="sv">Vid restvärdesavskrivning: årets återförda belopp för bokförd av- och nedskrivning, försäljning, utrangering</link:label>
		<link:labelArc xlink:type="arc" xlink:arcrole="http://www.xbrl.org/2003/arcrole/concept-label" xlink:from="extBeskrivning_locator_VidRestvardesavskrivningPeriodensAterfordaBeloppForAvOchNedskrivningForsaljningUtrangering" xlink:to="extBeskrivning_resource_VidRestvardesavskrivningPeriodensAterfordaBeloppForAvOchNedskrivningForsaljningUtrangering_943_definitionGuidance" xlink:title="reference: extBeskrivning_locator_VidRestvardesavskrivningPeriodensAterfordaBeloppForAvOchNedskrivningForsaljningUtrangering to extBeskrivning_resource_VidRestvardesavskrivningPeriodensAterfordaBeloppForAvOchNedskrivningForsaljningUtrangering_943_definitionGuidance"/>
		<link:loc xlink:type="locator" xlink:href="../../../../base/se-tax-base/2022-09-12/se-tax-base-2022-09-12.xsd#se-tax-base_KoncernbidragssparratOchFusionssparratUnderskottMM" xlink:label="extBeskrivning_locator_KoncernbidragssparratOchFusionssparratUnderskottMM" xlink:title="extBeskrivning_locator_KoncernbidragssparratOchFusionssparratUnderskottMM"/>
		<link:label xlink:type="resource" xlink:label="extBeskrivning_resource_KoncernbidragssparratOchFusionssparratUnderskottMM_956_definitionGuidance" xlink:role="http://www.xbrl.org/2003/role/definitionGuidance" xlink:title="extBeskrivning_resource_KoncernbidragssparratOchFusionssparratUnderskottMM_956_definitionGuidance" xml:lang="sv">Den del av kvarstående outnyttjat underskott som är koncernbidragsspärrat, fusionsspärrat m.m. (frivillig uppgift)</link:label>
		<link:labelArc xlink:type="arc" xlink:arcrole="http://www.xbrl.org/2003/arcrole/concept-label" xlink:from="extBeskrivning_locator_KoncernbidragssparratOchFusionssparratUnderskottMM" xlink:to="extBeskrivning_resource_KoncernbidragssparratOchFusionssparratUnderskottMM_956_definitionGuidance" xlink:title="reference: extBeskrivning_locator_KoncernbidragssparratOchFusionssparratUnderskottMM to extBeskrivning_resource_KoncernbidragssparratOchFusionssparratUnderskottMM_956_definitionGuidance"/>
	</link:labelLink>
</link:linkbase>