<?xml version="1.0" encoding="UTF-8"?>
<!-- Generated by Fujitsu Interstage XWand B0255 -->
<link:linkbase xmlns:xsi="http://www.w3.org/2001/XMLSchema-instance" xsi:schemaLocation="http://www.xbrl.org/2004/ref http://www.xbrl.org/2004/ref-2004-08-10.xsd http://www.xbrl.org/2003/linkbase http://www.xbrl.org/2003/xbrl-linkbase-2003-12-31.xsd" xmlns:se-gaap-ext="http://www.taxonomier.se/se/fr/gaap/gaap-ext/2024-09-12" xmlns:link="http://www.xbrl.org/2003/linkbase" xmlns:ref="http://www.xbrl.org/2004/ref" xmlns:xlink="http://www.w3.org/1999/xlink" xmlns:xbrli="http://www.xbrl.org/2003/instance">
  <link:roleRef roleURI="http://www.taxonomier.se/se/fr/role/reference/legislation/il" xlink:type="simple" xlink:href="../../../../../../shared/role/se-leg-role/2021-10-31/se-leg-role-2021-10-31.xsd#LEG_ROLE_IL"/>
  <link:referenceLink xlink:type="extended" xlink:role="http://www.taxonomier.se/se/fr/role/reference/legislation/il">
    <link:loc xlink:type="locator" xlink:href="se-gaap-ext-2024-09-12.xsd#se-gaap-ext_PerioderingsfonderSpecifikationTuple" xlink:label="PerioderingsfonderSpecifikationTuple" xlink:title="PerioderingsfonderSpecifikationTuple"/>
    <link:reference xlink:type="resource" xlink:label="reference_PerioderingsfonderSpecifikationTuple" xlink:role="http://www.xbrl.org/2003/role/reference" xlink:title="reference_PerioderingsfonderSpecifikationTuple" id="reference_PerioderingsfonderSpecifikationTuple">
      <ref:Name>Inkomstskattelag</ref:Name>
      <ref:Number>1999:1229</ref:Number>
      <ref:Chapter>30</ref:Chapter>
    </link:reference>
    <link:referenceArc xlink:type="arc" xlink:arcrole="http://www.xbrl.org/2003/arcrole/concept-reference" xlink:from="PerioderingsfonderSpecifikationTuple" xlink:to="reference_PerioderingsfonderSpecifikationTuple" xlink:title="reference: PerioderingsfonderSpecifikationTuple to reference_PerioderingsfonderSpecifikationTuple"/>
    <link:loc xlink:type="locator" xlink:href="se-gaap-ext-2024-09-12.xsd#se-gaap-ext_ErsattningsfonderTuple" xlink:label="ErsattningsfonderTuple" xlink:title="ErsattningsfonderTuple"/>
    <link:reference xlink:type="resource" xlink:label="reference_ErsattningsfonderTuple" xlink:role="http://www.xbrl.org/2003/role/reference" xlink:title="reference_ErsattningsfonderTuple" id="reference_ErsattningsfonderTuple">
      <ref:Name>Inkomstskattelag</ref:Name>
      <ref:Number>1999:1229</ref:Number>
      <ref:Chapter>31</ref:Chapter>
    </link:reference>
    <link:referenceArc xlink:type="arc" xlink:arcrole="http://www.xbrl.org/2003/arcrole/concept-reference" xlink:from="ErsattningsfonderTuple" xlink:to="reference_ErsattningsfonderTuple" xlink:title="reference: ErsattningsfonderTuple to reference_ErsattningsfonderTuple"/>
  </link:referenceLink>
</link:linkbase>
