<?xml version="1.0" encoding="UTF-8"?>
<!-- Generated by Fujitsu Interstage XWand B0255 -->
<link:linkbase xmlns:xsi="http://www.w3.org/2001/XMLSchema-instance" xsi:schemaLocation="http://www.xbrl.org/2004/ref http://www.xbrl.org/2004/ref-2004-08-10.xsd http://www.xbrl.org/2003/linkbase http://www.xbrl.org/2003/xbrl-linkbase-2003-12-31.xsd" xmlns:se-gaap-ext="http://www.taxonomier.se/se/fr/gaap/gaap-ext/2024-09-12" xmlns:link="http://www.xbrl.org/2003/linkbase" xmlns:ref="http://www.xbrl.org/2004/ref" xmlns:xbrli="http://www.xbrl.org/2003/instance" xmlns:xlink="http://www.w3.org/1999/xlink">
  <link:roleRef roleURI="http://www.taxonomier.se/se/fr/role/reference/legislation/abl" xlink:type="simple" xlink:href="../../../../../../shared/role/se-leg-role/2021-10-31/se-leg-role-2021-10-31.xsd#LEG_ROLE_ABL"/>
  <link:referenceLink xlink:type="extended" xlink:role="http://www.taxonomier.se/se/fr/role/reference/legislation/abl">
    <link:loc xlink:type="locator" xlink:href="se-gaap-ext-2024-09-12.xsd#se-gaap-ext_UnderskriftRevisorspateckningTuple" xlink:label="label_UnderskriftRevisorspateckningTuple_0" xlink:title="label_UnderskriftRevisorspateckningTuple_0"/>
    <link:reference xlink:type="resource" xlink:label="res_UnderskriftRevisorspateckningTuple_0" xlink:role="http://www.xbrl.org/2003/role/reference" xlink:title="res_UnderskriftRevisorspateckningTuple_0" id="res_UnderskriftRevisorspateckningTuple_0">
      <ref:Name>ABL</ref:Name>
      <ref:Number>2005:551</ref:Number>
      <ref:Chapter>9</ref:Chapter>
      <ref:Paragraph>28</ref:Paragraph>
    </link:reference>
    <link:referenceArc xlink:type="arc" xlink:arcrole="http://www.xbrl.org/2003/arcrole/concept-reference" xlink:from="label_UnderskriftRevisorspateckningTuple_0" xlink:to="res_UnderskriftRevisorspateckningTuple_0" xlink:title="reference: label_UnderskriftRevisorspateckningTuple_0 to res_UnderskriftRevisorspateckningTuple_0"/>
    <link:loc xlink:type="locator" xlink:href="se-gaap-ext-2024-09-12.xsd#se-gaap-ext_SpecifikationForslagUtdelningAktieslagTuple" xlink:label="SpecifikationForslagUtdelningAktieslagTuple" xlink:title="SpecifikationForslagUtdelningAktieslagTuple"/>
    <link:reference xlink:type="resource" xlink:label="reference_SpecifikationForslagUtdelningAktieslagTuple" xlink:role="http://www.xbrl.org/2003/role/reference" xlink:title="reference_SpecifikationForslagUtdelningAktieslagTuple" id="reference_SpecifikationForslagUtdelningAktieslagTuple">
      <ref:Name>ABL</ref:Name>
      <ref:Number>2005:551</ref:Number>
      <ref:Chapter>18</ref:Chapter>
      <ref:Paragraph>3</ref:Paragraph>
    </link:reference>
    <link:referenceArc xlink:type="arc" xlink:arcrole="http://www.xbrl.org/2003/arcrole/concept-reference" xlink:from="SpecifikationForslagUtdelningAktieslagTuple" xlink:to="reference_SpecifikationForslagUtdelningAktieslagTuple" xlink:title="reference: SpecifikationForslagUtdelningAktieslagTuple to reference_SpecifikationForslagUtdelningAktieslagTuple"/>
  </link:referenceLink>
</link:linkbase>
