<?xml version="1.0" encoding="UTF-8"?>
<!-- Generated by Fujitsu Interstage XWand B0255 -->
<link:linkbase xmlns:xsi="http://www.w3.org/2001/XMLSchema-instance" xsi:schemaLocation="http://www.xbrl.org/2003/linkbase http://www.xbrl.org/2003/xbrl-linkbase-2003-12-31.xsd" xmlns:se-gaap-ext="http://www.taxonomier.se/se/fr/gaap/gaap-ext/2024-09-12" xmlns:link="http://www.xbrl.org/2003/linkbase" xmlns:se-gen-base="http://www.taxonomier.se/se/fr/gen-base/2021-10-31" xmlns:xbrli="http://www.xbrl.org/2003/instance" xmlns:xlink="http://www.w3.org/1999/xlink">
  <link:labelLink xlink:type="extended" xlink:role="http://www.xbrl.org/2003/role/link">
    <link:loc xlink:type="locator" xlink:href="se-gaap-ext-2024-09-12.xsd#se-gaap-ext_ErsattningRevisorerTuple" xlink:label="ErsattningRevisorerTuple_2" xlink:title="ErsattningRevisorerTuple"/>
    <link:label xlink:type="resource" xlink:label="label_ErsattningRevisorerTuple_2" xlink:role="http://www.xbrl.org/2003/role/documentation" xlink:title="label_ErsattningRevisorerTuple" xml:lang="en" id="label_ErsattningRevisorerTuple_2">Specification of renumerations to auditors and the audit firms where the auditors operate, per type of engagement</link:label>
    <link:labelArc xlink:type="arc" xlink:arcrole="http://www.xbrl.org/2003/arcrole/concept-label" xlink:from="ErsattningRevisorerTuple_2" xlink:to="label_ErsattningRevisorerTuple_2" xlink:title="label: ErsattningRevisorerTuple to label_ErsattningRevisorerTuple"/>
    <link:loc xlink:type="locator" xlink:href="se-gaap-ext-2024-09-12.xsd#se-gaap-ext_InnehavAndelarIntresseforetagGemensamtStyrdaForetagInklusiveUppgiftForetagTuple" xlink:label="lbl_se-gaap-ext_InnehavAndelarIntresseforetagGemensamtStyrdaForetagInklusiveUppgiftForetagTuple_11"/>
    <link:label xlink:type="resource" xlink:label="res_se-gaap-ext_InnehavAndelarIntresseforetagGemensamtStyrdaForetagInklusiveUppgiftForetagTuple_11" xlink:role="http://www.xbrl.org/2003/role/documentation" xml:lang="en">Specification to holdings in associated undertakings and jointly controlled undertakings with disclosure about corporate identity number, domicile, number of shares, capital, profit or loss for the period, proportion of capital held, proportion of voting right held and carrying amount, per undertaking</link:label>
    <link:labelArc xlink:type="arc" xlink:arcrole="http://www.xbrl.org/2003/arcrole/concept-label" xlink:from="lbl_se-gaap-ext_InnehavAndelarIntresseforetagGemensamtStyrdaForetagInklusiveUppgiftForetagTuple_11" xlink:to="res_se-gaap-ext_InnehavAndelarIntresseforetagGemensamtStyrdaForetagInklusiveUppgiftForetagTuple_11"/>
    <link:loc xlink:type="locator" xlink:href="se-gaap-ext-2024-09-12.xsd#se-gaap-ext_InnehavAndelarAgarintressenOvrigaForetagInklusiveUppgiftForetagTuple" xlink:label="lbl_se-gaap-ext_InnehavAndelarAgarintressenOvrigaForetagInklusiveUppgiftForetagTuple_16"/>
    <link:label xlink:type="resource" xlink:label="res_se-gaap-ext_InnehavAndelarAgarintressenOvrigaForetagInklusiveUppgiftForetagTuple_16" xlink:role="http://www.xbrl.org/2003/role/documentation" xml:lang="en">Specification of holdings of shares in other undertakings, with which the undertaking is linked by virtue of participating interests with disclosure on corporate identity number, domicile, number of shares, capital, profit or loss for the period, proportion of capital held, proportion of voting right held and carrying amount, per undertaking</link:label>
    <link:labelArc xlink:type="arc" xlink:arcrole="http://www.xbrl.org/2003/arcrole/concept-label" xlink:from="lbl_se-gaap-ext_InnehavAndelarAgarintressenOvrigaForetagInklusiveUppgiftForetagTuple_16" xlink:to="res_se-gaap-ext_InnehavAndelarAgarintressenOvrigaForetagInklusiveUppgiftForetagTuple_16"/>
    <link:loc xlink:type="locator" xlink:href="se-gaap-ext-2024-09-12.xsd#se-gaap-ext_AvskrivningsprincipImmateriellaAnlaggningstillgangarKoncessionerPatentLicenserVarumarkenLiknandeRattigheterTuple" xlink:label="lbl_se-gaap-ext_AvskrivningsprincipImmateriellaAnlaggningstillgangarKoncessionerPatentLicenserVarumarkenLiknandeRattigheterTuple_4"/>
    <link:label xlink:type="resource" xlink:label="res_se-gaap-ext_AvskrivningsprincipImmateriellaAnlaggningstillgangarKoncessionerPatentLicenserVarumarkenLiknandeRattigheterTuple_4" xlink:role="http://www.xbrl.org/2003/role/documentation" xml:lang="en">Specification of applied amortisation percent or useful life per asset relating to concessions, patents, licences, trademarks and similar rights</link:label>
    <link:labelArc xlink:type="arc" xlink:arcrole="http://www.xbrl.org/2003/arcrole/concept-label" xlink:from="lbl_se-gaap-ext_AvskrivningsprincipImmateriellaAnlaggningstillgangarKoncessionerPatentLicenserVarumarkenLiknandeRattigheterTuple_4" xlink:to="res_se-gaap-ext_AvskrivningsprincipImmateriellaAnlaggningstillgangarKoncessionerPatentLicenserVarumarkenLiknandeRattigheterTuple_4"/>
    <link:loc xlink:type="locator" xlink:href="se-gaap-ext-2024-09-12.xsd#se-gaap-ext_AvskrivningsprincipImmateriellaAnlaggningstillgangarHyresratterLiknandeRattigheterTuple" xlink:label="lbl_se-gaap-ext_AvskrivningsprincipImmateriellaAnlaggningstillgangarHyresratterLiknandeRattigheterTuple_7"/>
    <link:label xlink:type="resource" xlink:label="res_se-gaap-ext_AvskrivningsprincipImmateriellaAnlaggningstillgangarHyresratterLiknandeRattigheterTuple_7" xlink:role="http://www.xbrl.org/2003/role/documentation" xml:lang="en">Specification of applied amortisation percent or useful life per asset relating to rights of tenancy and similar rights</link:label>
    <link:labelArc xlink:type="arc" xlink:arcrole="http://www.xbrl.org/2003/arcrole/concept-label" xlink:from="lbl_se-gaap-ext_AvskrivningsprincipImmateriellaAnlaggningstillgangarHyresratterLiknandeRattigheterTuple_7" xlink:to="res_se-gaap-ext_AvskrivningsprincipImmateriellaAnlaggningstillgangarHyresratterLiknandeRattigheterTuple_7"/>
    <link:loc xlink:type="locator" xlink:href="se-gaap-ext-2024-09-12.xsd#se-gaap-ext_AvskrivningsprincipImmateriellaAnlaggningstillgangarGoodwillTuple" xlink:label="lbl_se-gaap-ext_AvskrivningsprincipImmateriellaAnlaggningstillgangarGoodwillTuple_12"/>
    <link:label xlink:type="resource" xlink:label="res_se-gaap-ext_AvskrivningsprincipImmateriellaAnlaggningstillgangarGoodwillTuple_12" xlink:role="http://www.xbrl.org/2003/role/documentation" xml:lang="en">Specification of applied amortisation percent or useful life per asset relating to goodwill</link:label>
    <link:labelArc xlink:type="arc" xlink:arcrole="http://www.xbrl.org/2003/arcrole/concept-label" xlink:from="lbl_se-gaap-ext_AvskrivningsprincipImmateriellaAnlaggningstillgangarGoodwillTuple_12" xlink:to="res_se-gaap-ext_AvskrivningsprincipImmateriellaAnlaggningstillgangarGoodwillTuple_12"/>
    <link:loc xlink:type="locator" xlink:href="se-gaap-ext-2024-09-12.xsd#se-gaap-ext_AvskrivningsprincipMateriellaAnlaggningstillgangarByggnaderTuple" xlink:label="lbl_se-gaap-ext_AvskrivningsprincipMateriellaAnlaggningstillgangarByggnaderTuple_17"/>
    <link:label xlink:type="resource" xlink:label="res_se-gaap-ext_AvskrivningsprincipMateriellaAnlaggningstillgangarByggnaderTuple_17" xlink:role="http://www.xbrl.org/2003/role/documentation" xml:lang="en">Specification of applied depreciation percent or useful life per asset relating to buildings</link:label>
    <link:labelArc xlink:type="arc" xlink:arcrole="http://www.xbrl.org/2003/arcrole/concept-label" xlink:from="lbl_se-gaap-ext_AvskrivningsprincipMateriellaAnlaggningstillgangarByggnaderTuple_17" xlink:to="res_se-gaap-ext_AvskrivningsprincipMateriellaAnlaggningstillgangarByggnaderTuple_17"/>
    <link:loc xlink:type="locator" xlink:href="se-gaap-ext-2024-09-12.xsd#se-gaap-ext_AvskrivningsprincipMateriellaAnlaggningstillgangarMaskinerAndraTekniskaAnlaggningarTuple" xlink:label="lbl_se-gaap-ext_AvskrivningsprincipMateriellaAnlaggningstillgangarMaskinerAndraTekniskaAnlaggningarTuple_13"/>
    <link:label xlink:type="resource" xlink:label="res_se-gaap-ext_AvskrivningsprincipMateriellaAnlaggningstillgangarMaskinerAndraTekniskaAnlaggningarTuple_13" xlink:role="http://www.xbrl.org/2003/role/documentation" xml:lang="en">Specification of applied depreciation percent or useful life per asset relating to plant and machinery</link:label>
    <link:labelArc xlink:type="arc" xlink:arcrole="http://www.xbrl.org/2003/arcrole/concept-label" xlink:from="lbl_se-gaap-ext_AvskrivningsprincipMateriellaAnlaggningstillgangarMaskinerAndraTekniskaAnlaggningarTuple_13" xlink:to="res_se-gaap-ext_AvskrivningsprincipMateriellaAnlaggningstillgangarMaskinerAndraTekniskaAnlaggningarTuple_13"/>
    <link:loc xlink:type="locator" xlink:href="se-gaap-ext-2024-09-12.xsd#se-gaap-ext_AvskrivningsprincipMateriellaAnlaggningstillgangarInventarierVerktygInstallationerTuple" xlink:label="lbl_se-gaap-ext_AvskrivningsprincipMateriellaAnlaggningstillgangarInventarierVerktygInstallationerTuple_14"/>
    <link:label xlink:type="resource" xlink:label="res_se-gaap-ext_AvskrivningsprincipMateriellaAnlaggningstillgangarInventarierVerktygInstallationerTuple_14" xlink:role="http://www.xbrl.org/2003/role/documentation" xml:lang="en">Specification of applied depreciation percent or useful life per asset relating to equipment, tools, fixtures and fittings</link:label>
    <link:labelArc xlink:type="arc" xlink:arcrole="http://www.xbrl.org/2003/arcrole/concept-label" xlink:from="lbl_se-gaap-ext_AvskrivningsprincipMateriellaAnlaggningstillgangarInventarierVerktygInstallationerTuple_14" xlink:to="res_se-gaap-ext_AvskrivningsprincipMateriellaAnlaggningstillgangarInventarierVerktygInstallationerTuple_14"/>
    <link:loc xlink:type="locator" xlink:href="se-gaap-ext-2024-09-12.xsd#se-gaap-ext_AvskrivningsprincipMateriellaAnlaggningstillgangarForbattringsutgifterAnnansFastighetTuple" xlink:label="lbl_se-gaap-ext_AvskrivningsprincipMateriellaAnlaggningstillgangarForbattringsutgifterAnnansFastighetTuple_9"/>
    <link:label xlink:type="resource" xlink:label="res_se-gaap-ext_AvskrivningsprincipMateriellaAnlaggningstillgangarForbattringsutgifterAnnansFastighetTuple_9" xlink:role="http://www.xbrl.org/2003/role/documentation" xml:lang="en">Specification of applied depreciation percent or useful life per asset relating to cost of improvements to leased property</link:label>
    <link:labelArc xlink:type="arc" xlink:arcrole="http://www.xbrl.org/2003/arcrole/concept-label" xlink:from="lbl_se-gaap-ext_AvskrivningsprincipMateriellaAnlaggningstillgangarForbattringsutgifterAnnansFastighetTuple_9" xlink:to="res_se-gaap-ext_AvskrivningsprincipMateriellaAnlaggningstillgangarForbattringsutgifterAnnansFastighetTuple_9"/>
    <link:loc xlink:type="locator" xlink:href="se-gaap-ext-2024-09-12.xsd#se-gaap-ext_AvskrivningsprincipMateriellaAnlaggningstillgangarOvrigaMateriellaAnlaggningstillgangarTuple" xlink:label="lbl_se-gaap-ext_AvskrivningsprincipMateriellaAnlaggningstillgangarOvrigaMateriellaAnlaggningstillgangarTuple_0"/>
    <link:label xlink:type="resource" xlink:label="res_se-gaap-ext_AvskrivningsprincipMateriellaAnlaggningstillgangarOvrigaMateriellaAnlaggningstillgangarTuple_0" xlink:role="http://www.xbrl.org/2003/role/documentation" xml:lang="en">Specification of applied depreciation percent or useful life per asset relating to other tangible assets</link:label>
    <link:labelArc xlink:type="arc" xlink:arcrole="http://www.xbrl.org/2003/arcrole/concept-label" xlink:from="lbl_se-gaap-ext_AvskrivningsprincipMateriellaAnlaggningstillgangarOvrigaMateriellaAnlaggningstillgangarTuple_0" xlink:to="res_se-gaap-ext_AvskrivningsprincipMateriellaAnlaggningstillgangarOvrigaMateriellaAnlaggningstillgangarTuple_0"/>
    <link:loc xlink:type="locator" xlink:href="se-gaap-ext-2024-09-12.xsd#se-gaap-ext_OvrigaRorelseintakterIntaktsslagTuple" xlink:label="lbl_se-gaap-ext_OvrigaRorelseintakterIntaktsslagTuple_6"/>
    <link:label xlink:type="resource" xlink:label="res_se-gaap-ext_OvrigaRorelseintakterIntaktsslagTuple_6" xlink:role="http://www.xbrl.org/2003/role/documentation" xml:lang="en">Specification of other operating income than public grants, information on e.g. specie and size</link:label>
    <link:labelArc xlink:type="arc" xlink:arcrole="http://www.xbrl.org/2003/arcrole/concept-label" xlink:from="lbl_se-gaap-ext_OvrigaRorelseintakterIntaktsslagTuple_6" xlink:to="res_se-gaap-ext_OvrigaRorelseintakterIntaktsslagTuple_6"/>
    <link:loc xlink:type="locator" xlink:href="se-gaap-ext-2024-09-12.xsd#se-gaap-ext_OvrigaRorelsekostnaderTuple" xlink:label="lbl_se-gaap-ext_OvrigaRorelsekostnaderTuple_3"/>
    <link:label xlink:type="resource" xlink:label="res_se-gaap-ext_OvrigaRorelsekostnaderTuple_3" xlink:role="http://www.xbrl.org/2003/role/documentation" xml:lang="en">Specification of other operating expenses, information on e.g. specie and size</link:label>
    <link:labelArc xlink:type="arc" xlink:arcrole="http://www.xbrl.org/2003/arcrole/concept-label" xlink:from="lbl_se-gaap-ext_OvrigaRorelsekostnaderTuple_3" xlink:to="res_se-gaap-ext_OvrigaRorelsekostnaderTuple_3"/>
    <link:loc xlink:type="locator" xlink:href="se-gaap-ext-2024-09-12.xsd#se-gaap-ext_ExceptionellaIntakterTuple" xlink:label="lbl_se-gaap-ext_ExceptionellaIntakterTuple_2"/>
    <link:label xlink:type="resource" xlink:label="res_se-gaap-ext_ExceptionellaIntakterTuple_2" xlink:role="http://www.xbrl.org/2003/role/documentation" xml:lang="en">Specification to the exceptional income's specie and size</link:label>
    <link:labelArc xlink:type="arc" xlink:arcrole="http://www.xbrl.org/2003/arcrole/concept-label" xlink:from="lbl_se-gaap-ext_ExceptionellaIntakterTuple_2" xlink:to="res_se-gaap-ext_ExceptionellaIntakterTuple_2"/>
    <link:loc xlink:type="locator" xlink:href="se-gaap-ext-2024-09-12.xsd#se-gaap-ext_ExceptionellaKostnaderTuple" xlink:label="lbl_se-gaap-ext_ExceptionellaKostnaderTuple_15"/>
    <link:label xlink:type="resource" xlink:label="res_se-gaap-ext_ExceptionellaKostnaderTuple_15" xlink:role="http://www.xbrl.org/2003/role/documentation" xml:lang="en">Specification to the exceptional expenses specie and size</link:label>
    <link:labelArc xlink:type="arc" xlink:arcrole="http://www.xbrl.org/2003/arcrole/concept-label" xlink:from="lbl_se-gaap-ext_ExceptionellaKostnaderTuple_15" xlink:to="res_se-gaap-ext_ExceptionellaKostnaderTuple_15"/>
    <link:loc xlink:type="locator" xlink:href="se-gaap-ext-2024-09-12.xsd#se-gaap-ext_OvrigaUpplupnaKostnaderForutbetaldaIntakterTuple" xlink:label="OvrigaUpplupnaKostnaderForutbetaldaIntakterTuple_2" xlink:title="OvrigaUpplupnaKostnaderForutbetaldaIntakterTuple"/>
    <link:label xlink:type="resource" xlink:label="label_OvrigaUpplupnaKostnaderForutbetaldaIntakterTuple_2" xlink:role="http://www.xbrl.org/2003/role/documentation" xlink:title="label_OvrigaUpplupnaKostnaderForutbetaldaIntakterTuple" xml:lang="en" id="label_OvrigaUpplupnaKostnaderForutbetaldaIntakterTuple_2">Specification of accruals and deferred income other than; invoiced income not yet accrued, accrued salaries, holiday pay, social security contributions and interest payable or deferred income and rental income, per type of other accruals or deferred income</link:label>
    <link:labelArc xlink:type="arc" xlink:arcrole="http://www.xbrl.org/2003/arcrole/concept-label" xlink:from="OvrigaUpplupnaKostnaderForutbetaldaIntakterTuple_2" xlink:to="label_OvrigaUpplupnaKostnaderForutbetaldaIntakterTuple_2" xlink:title="label: OvrigaUpplupnaKostnaderForutbetaldaIntakterTuple to label_OvrigaUpplupnaKostnaderForutbetaldaIntakterTuple"/>
    <link:loc xlink:type="locator" xlink:href="se-gaap-ext-2024-09-12.xsd#se-gaap-ext_TillgangarAvsattningarSkulderTuple" xlink:label="lbl_se-gaap-ext_TillgangarAvsattningarSkulderTuple_10"/>
    <link:label xlink:type="resource" xlink:label="res_se-gaap-ext_TillgangarAvsattningarSkulderTuple_10" xlink:role="http://www.xbrl.org/2003/role/documentation" xml:lang="en">Specification of assets, provisions and liabilities which are addressed in more than one item. Name of balance sheet items and amount for each balance sheet item per asset, provision or liability</link:label>
    <link:labelArc xlink:type="arc" xlink:arcrole="http://www.xbrl.org/2003/arcrole/concept-label" xlink:from="lbl_se-gaap-ext_TillgangarAvsattningarSkulderTuple_10" xlink:to="res_se-gaap-ext_TillgangarAvsattningarSkulderTuple_10"/>
    <link:loc xlink:type="locator" xlink:href="se-gaap-ext-2024-09-12.xsd#se-gaap-ext_UnderskriftArsredovisningForetradareTuple" xlink:label="lbl_se-gaap-ext_UnderskriftArsredovisningForetradareTuple_8"/>
    <link:label xlink:type="resource" xlink:label="res_se-gaap-ext_UnderskriftArsredovisningForetradareTuple_8" xlink:role="http://www.xbrl.org/2003/role/documentation" xml:lang="en">Specification of the signing of the annual accounts with name and role of each representative and possibly statement from representative with adverse opinion. Representative role is for example chief executive officer, chairman, member, substitute or employee representative</link:label>
    <link:labelArc xlink:type="arc" xlink:arcrole="http://www.xbrl.org/2003/arcrole/concept-label" xlink:from="lbl_se-gaap-ext_UnderskriftArsredovisningForetradareTuple_8" xlink:to="res_se-gaap-ext_UnderskriftArsredovisningForetradareTuple_8"/>
    <link:loc xlink:type="locator" xlink:href="se-gaap-ext-2024-09-12.xsd#se-gaap-ext_UnderskriftRevisorspateckningTuple" xlink:label="lbl_se-gaap-ext_UnderskriftRevisorspateckningTuple_1"/>
    <link:label xlink:type="resource" xlink:label="res_se-gaap-ext_UnderskriftRevisorspateckningTuple_1" xlink:role="http://www.xbrl.org/2003/role/documentation" xml:lang="en">Specification of name and title of signing auditor and information if signing auditor is auditor in charge</link:label>
    <link:labelArc xlink:type="arc" xlink:arcrole="http://www.xbrl.org/2003/arcrole/concept-label" xlink:from="lbl_se-gaap-ext_UnderskriftRevisorspateckningTuple_1" xlink:to="res_se-gaap-ext_UnderskriftRevisorspateckningTuple_1"/>
    <link:loc xlink:type="locator" xlink:href="se-gaap-ext-2024-09-12.xsd#se-gaap-ext_InnehavAndelarKoncernforetagInklusiveUppgiftForetagTuple" xlink:label="lbl_se-gaap-ext_InnehavAndelarKoncernforetagInklusiveUppgiftForetagTuple_5"/>
    <link:label xlink:type="resource" xlink:label="res_se-gaap-ext_InnehavAndelarKoncernforetagInklusiveUppgiftForetagTuple_5" xlink:role="http://www.xbrl.org/2003/role/documentation" xml:lang="en">Specification of holdings of shares in affiliated undertakings with disclosure on corporate identity number, domicile, number of shares, capital and reserves, profit or loss for the period, proportion of capital held, proportion of voting right held and carrying amount, per undertaking</link:label>
    <link:labelArc xlink:type="arc" xlink:arcrole="http://www.xbrl.org/2003/arcrole/concept-label" xlink:from="lbl_se-gaap-ext_InnehavAndelarKoncernforetagInklusiveUppgiftForetagTuple_5" xlink:to="res_se-gaap-ext_InnehavAndelarKoncernforetagInklusiveUppgiftForetagTuple_5"/>
    <link:loc xlink:type="locator" xlink:href="se-gaap-ext-2024-09-12.xsd#se-gaap-ext_InnehavAndelarIntresseforetagGemensamtStyrdaForetagInklusiveUppgiftForetagK2Tuple" xlink:label="InnehavAndelarIntresseforetagGemensamtStyrdaForetagInklusiveUppgiftForetagK2Tuple_2" xlink:title="InnehavAndelarIntresseforetagGemensamtStyrdaForetagInklusiveUppgiftForetagK2Tuple"/>
    <link:label xlink:type="resource" xlink:label="label_InnehavAndelarIntresseforetagGemensamtStyrdaForetagInklusiveUppgiftForetagK2Tuple_2" xlink:role="http://www.xbrl.org/2003/role/documentation" xlink:title="label_InnehavAndelarIntresseforetagGemensamtStyrdaForetagInklusiveUppgiftForetagK2Tuple" xml:lang="en" id="label_InnehavAndelarIntresseforetagGemensamtStyrdaForetagInklusiveUppgiftForetagK2Tuple_2">Specification of holdings in associated undertakings and jointly controlled undertakings with disclosure on corporate identity number, domicile, number of shares, capital and reserves, profit or loss for the period, proportion of capital held, proportion of voting right held and carrying amount, per undertaking</link:label>
    <link:labelArc xlink:type="arc" xlink:arcrole="http://www.xbrl.org/2003/arcrole/concept-label" xlink:from="InnehavAndelarIntresseforetagGemensamtStyrdaForetagInklusiveUppgiftForetagK2Tuple_2" xlink:to="label_InnehavAndelarIntresseforetagGemensamtStyrdaForetagInklusiveUppgiftForetagK2Tuple_2" xlink:title="label: InnehavAndelarIntresseforetagGemensamtStyrdaForetagInklusiveUppgiftForetagK2Tuple to label_InnehavAndelarIntresseforetagGemensamtStyrdaForetagInklusiveUppgiftForetagK2Tuple"/>
  </link:labelLink>
</link:linkbase>
