<?xml version="1.0" encoding="UTF-8"?>
<!-- Generated by Fujitsu Interstage XWand B0255 -->
<link:linkbase xmlns:xsi="http://www.w3.org/2001/XMLSchema-instance" xsi:schemaLocation="http://www.xbrl.org/2003/linkbase http://www.xbrl.org/2003/xbrl-linkbase-2003-12-31.xsd" xmlns:se-gaap-ext="http://www.taxonomier.se/se/fr/gaap/gaap-ext/2024-09-12" xmlns:link="http://www.xbrl.org/2003/linkbase" xmlns:se-gen-base="http://www.taxonomier.se/se/fr/gen-base/2021-10-31" xmlns:xbrli="http://www.xbrl.org/2003/instance" xmlns:xlink="http://www.w3.org/1999/xlink">
  <link:labelLink xlink:type="extended" xlink:role="http://www.xbrl.org/2003/role/link">
    <link:loc xlink:type="locator" xlink:href="se-gaap-ext-2024-09-12.xsd#se-gaap-ext_ErsattningRevisorerTuple" xlink:label="ErsattningRevisorerTuple" xlink:title="ErsattningRevisorerTuple"/>
    <link:label xlink:type="resource" xlink:label="label_ErsattningRevisorerTuple" xlink:role="http://www.xbrl.org/2003/role/label" xlink:title="label_ErsattningRevisorerTuple" xml:lang="en" id="label_ErsattningRevisorerTuple">Renumerations to auditors and audit firms (Table)</link:label>
    <link:labelArc xlink:type="arc" xlink:arcrole="http://www.xbrl.org/2003/arcrole/concept-label" xlink:from="ErsattningRevisorerTuple" xlink:to="label_ErsattningRevisorerTuple" xlink:title="label: ErsattningRevisorerTuple to label_ErsattningRevisorerTuple"/>
    <link:loc xlink:type="locator" xlink:href="se-gaap-ext-2024-09-12.xsd#se-gaap-ext_InnehavAndelarIntresseforetagGemensamtStyrdaForetagInklusiveUppgiftForetagTuple" xlink:label="lbl_se-gaap-ext_InnehavAndelarIntresseforetagGemensamtStyrdaForetagInklusiveUppgiftForetagTuple_12"/>
    <link:label xlink:type="resource" xlink:label="res_se-gaap-ext_InnehavAndelarIntresseforetagGemensamtStyrdaForetagInklusiveUppgiftForetagTuple_12" xlink:role="http://www.xbrl.org/2003/role/label" xml:lang="en">Specification to holdings in associated undertakings and jointly controlled undertakings including information about undertaking (Table)</link:label>
    <link:labelArc xlink:type="arc" xlink:arcrole="http://www.xbrl.org/2003/arcrole/concept-label" xlink:from="lbl_se-gaap-ext_InnehavAndelarIntresseforetagGemensamtStyrdaForetagInklusiveUppgiftForetagTuple_12" xlink:to="res_se-gaap-ext_InnehavAndelarIntresseforetagGemensamtStyrdaForetagInklusiveUppgiftForetagTuple_12"/>
    <link:loc xlink:type="locator" xlink:href="se-gaap-ext-2024-09-12.xsd#se-gaap-ext_InnehavAndelarAgarintressenOvrigaForetagInklusiveUppgiftForetagTuple" xlink:label="lbl_se-gaap-ext_InnehavAndelarAgarintressenOvrigaForetagInklusiveUppgiftForetagTuple_17"/>
    <link:label xlink:type="resource" xlink:label="res_se-gaap-ext_InnehavAndelarAgarintressenOvrigaForetagInklusiveUppgiftForetagTuple_17" xlink:role="http://www.xbrl.org/2003/role/label" xml:lang="en">Specification holdings of shares in other undertakings, with which the undertaking is linked by virtue of participating interests including information about undertaking (Table)</link:label>
    <link:labelArc xlink:type="arc" xlink:arcrole="http://www.xbrl.org/2003/arcrole/concept-label" xlink:from="lbl_se-gaap-ext_InnehavAndelarAgarintressenOvrigaForetagInklusiveUppgiftForetagTuple_17" xlink:to="res_se-gaap-ext_InnehavAndelarAgarintressenOvrigaForetagInklusiveUppgiftForetagTuple_17"/>
    <link:loc xlink:type="locator" xlink:href="se-gaap-ext-2024-09-12.xsd#se-gaap-ext_AvskrivningsprincipImmateriellaAnlaggningstillgangarKoncessionerPatentLicenserVarumarkenLiknandeRattigheterTuple" xlink:label="lbl_se-gaap-ext_AvskrivningsprincipImmateriellaAnlaggningstillgangarKoncessionerPatentLicenserVarumarkenLiknandeRattigheterTuple_2"/>
    <link:label xlink:type="resource" xlink:label="res_se-gaap-ext_AvskrivningsprincipImmateriellaAnlaggningstillgangarKoncessionerPatentLicenserVarumarkenLiknandeRattigheterTuple_2" xlink:role="http://www.xbrl.org/2003/role/label" xml:lang="en">Amortisation method for intangible assets such as concessions, patents, licences, trademarks and similar rights (Table)</link:label>
    <link:labelArc xlink:type="arc" xlink:arcrole="http://www.xbrl.org/2003/arcrole/concept-label" xlink:from="lbl_se-gaap-ext_AvskrivningsprincipImmateriellaAnlaggningstillgangarKoncessionerPatentLicenserVarumarkenLiknandeRattigheterTuple_2" xlink:to="res_se-gaap-ext_AvskrivningsprincipImmateriellaAnlaggningstillgangarKoncessionerPatentLicenserVarumarkenLiknandeRattigheterTuple_2"/>
    <link:loc xlink:type="locator" xlink:href="se-gaap-ext-2024-09-12.xsd#se-gaap-ext_AvskrivningsprincipImmateriellaAnlaggningstillgangarHyresratterLiknandeRattigheterTuple" xlink:label="lbl_se-gaap-ext_AvskrivningsprincipImmateriellaAnlaggningstillgangarHyresratterLiknandeRattigheterTuple_9"/>
    <link:label xlink:type="resource" xlink:label="res_se-gaap-ext_AvskrivningsprincipImmateriellaAnlaggningstillgangarHyresratterLiknandeRattigheterTuple_9" xlink:role="http://www.xbrl.org/2003/role/label" xml:lang="en">Amortisation method for intangible assets such as rights of tenancy and similar rights (Table)</link:label>
    <link:labelArc xlink:type="arc" xlink:arcrole="http://www.xbrl.org/2003/arcrole/concept-label" xlink:from="lbl_se-gaap-ext_AvskrivningsprincipImmateriellaAnlaggningstillgangarHyresratterLiknandeRattigheterTuple_9" xlink:to="res_se-gaap-ext_AvskrivningsprincipImmateriellaAnlaggningstillgangarHyresratterLiknandeRattigheterTuple_9"/>
    <link:loc xlink:type="locator" xlink:href="se-gaap-ext-2024-09-12.xsd#se-gaap-ext_AvskrivningsprincipImmateriellaAnlaggningstillgangarGoodwillTuple" xlink:label="lbl_se-gaap-ext_AvskrivningsprincipImmateriellaAnlaggningstillgangarGoodwillTuple_13"/>
    <link:label xlink:type="resource" xlink:label="res_se-gaap-ext_AvskrivningsprincipImmateriellaAnlaggningstillgangarGoodwillTuple_13" xlink:role="http://www.xbrl.org/2003/role/label" xml:lang="en">Amortisation method for intangible assets such as goodwill (Table)</link:label>
    <link:labelArc xlink:type="arc" xlink:arcrole="http://www.xbrl.org/2003/arcrole/concept-label" xlink:from="lbl_se-gaap-ext_AvskrivningsprincipImmateriellaAnlaggningstillgangarGoodwillTuple_13" xlink:to="res_se-gaap-ext_AvskrivningsprincipImmateriellaAnlaggningstillgangarGoodwillTuple_13"/>
    <link:loc xlink:type="locator" xlink:href="se-gaap-ext-2024-09-12.xsd#se-gaap-ext_AvskrivningsprincipMateriellaAnlaggningstillgangarByggnaderTuple" xlink:label="lbl_se-gaap-ext_AvskrivningsprincipMateriellaAnlaggningstillgangarByggnaderTuple_18"/>
    <link:label xlink:type="resource" xlink:label="res_se-gaap-ext_AvskrivningsprincipMateriellaAnlaggningstillgangarByggnaderTuple_18" xlink:role="http://www.xbrl.org/2003/role/label" xml:lang="en">Depreciation method for tangible assets such as buildings (Table)</link:label>
    <link:labelArc xlink:type="arc" xlink:arcrole="http://www.xbrl.org/2003/arcrole/concept-label" xlink:from="lbl_se-gaap-ext_AvskrivningsprincipMateriellaAnlaggningstillgangarByggnaderTuple_18" xlink:to="res_se-gaap-ext_AvskrivningsprincipMateriellaAnlaggningstillgangarByggnaderTuple_18"/>
    <link:loc xlink:type="locator" xlink:href="se-gaap-ext-2024-09-12.xsd#se-gaap-ext_AvskrivningsprincipMateriellaAnlaggningstillgangarMaskinerAndraTekniskaAnlaggningarTuple" xlink:label="lbl_se-gaap-ext_AvskrivningsprincipMateriellaAnlaggningstillgangarMaskinerAndraTekniskaAnlaggningarTuple_14"/>
    <link:label xlink:type="resource" xlink:label="res_se-gaap-ext_AvskrivningsprincipMateriellaAnlaggningstillgangarMaskinerAndraTekniskaAnlaggningarTuple_14" xlink:role="http://www.xbrl.org/2003/role/label" xml:lang="en">Depreciation method for tangible assets such as buildings (Table)</link:label>
    <link:labelArc xlink:type="arc" xlink:arcrole="http://www.xbrl.org/2003/arcrole/concept-label" xlink:from="lbl_se-gaap-ext_AvskrivningsprincipMateriellaAnlaggningstillgangarMaskinerAndraTekniskaAnlaggningarTuple_14" xlink:to="res_se-gaap-ext_AvskrivningsprincipMateriellaAnlaggningstillgangarMaskinerAndraTekniskaAnlaggningarTuple_14"/>
    <link:loc xlink:type="locator" xlink:href="se-gaap-ext-2024-09-12.xsd#se-gaap-ext_AvskrivningsprincipMateriellaAnlaggningstillgangarInventarierVerktygInstallationerTuple" xlink:label="lbl_se-gaap-ext_AvskrivningsprincipMateriellaAnlaggningstillgangarInventarierVerktygInstallationerTuple_15"/>
    <link:label xlink:type="resource" xlink:label="res_se-gaap-ext_AvskrivningsprincipMateriellaAnlaggningstillgangarInventarierVerktygInstallationerTuple_15" xlink:role="http://www.xbrl.org/2003/role/label" xml:lang="en">Depreciation method for tangible assets such as equipment, tools, fixtures and fittings (Table)</link:label>
    <link:labelArc xlink:type="arc" xlink:arcrole="http://www.xbrl.org/2003/arcrole/concept-label" xlink:from="lbl_se-gaap-ext_AvskrivningsprincipMateriellaAnlaggningstillgangarInventarierVerktygInstallationerTuple_15" xlink:to="res_se-gaap-ext_AvskrivningsprincipMateriellaAnlaggningstillgangarInventarierVerktygInstallationerTuple_15"/>
    <link:loc xlink:type="locator" xlink:href="se-gaap-ext-2024-09-12.xsd#se-gaap-ext_AvskrivningsprincipMateriellaAnlaggningstillgangarForbattringsutgifterAnnansFastighetTuple" xlink:label="lbl_se-gaap-ext_AvskrivningsprincipMateriellaAnlaggningstillgangarForbattringsutgifterAnnansFastighetTuple_11"/>
    <link:label xlink:type="resource" xlink:label="res_se-gaap-ext_AvskrivningsprincipMateriellaAnlaggningstillgangarForbattringsutgifterAnnansFastighetTuple_11" xlink:role="http://www.xbrl.org/2003/role/label" xml:lang="en">Depreciation method for tangible assets such as cost of improvements to leased property (Table)</link:label>
    <link:labelArc xlink:type="arc" xlink:arcrole="http://www.xbrl.org/2003/arcrole/concept-label" xlink:from="lbl_se-gaap-ext_AvskrivningsprincipMateriellaAnlaggningstillgangarForbattringsutgifterAnnansFastighetTuple_11" xlink:to="res_se-gaap-ext_AvskrivningsprincipMateriellaAnlaggningstillgangarForbattringsutgifterAnnansFastighetTuple_11"/>
    <link:loc xlink:type="locator" xlink:href="se-gaap-ext-2024-09-12.xsd#se-gaap-ext_AvskrivningsprincipMateriellaAnlaggningstillgangarOvrigaMateriellaAnlaggningstillgangarTuple" xlink:label="lbl_se-gaap-ext_AvskrivningsprincipMateriellaAnlaggningstillgangarOvrigaMateriellaAnlaggningstillgangarTuple_7"/>
    <link:label xlink:type="resource" xlink:label="res_se-gaap-ext_AvskrivningsprincipMateriellaAnlaggningstillgangarOvrigaMateriellaAnlaggningstillgangarTuple_7" xlink:role="http://www.xbrl.org/2003/role/label" xml:lang="en">Depreciation method for tangible assets such as other tangible assets</link:label>
    <link:labelArc xlink:type="arc" xlink:arcrole="http://www.xbrl.org/2003/arcrole/concept-label" xlink:from="lbl_se-gaap-ext_AvskrivningsprincipMateriellaAnlaggningstillgangarOvrigaMateriellaAnlaggningstillgangarTuple_7" xlink:to="res_se-gaap-ext_AvskrivningsprincipMateriellaAnlaggningstillgangarOvrigaMateriellaAnlaggningstillgangarTuple_7"/>
    <link:loc xlink:type="locator" xlink:href="se-gaap-ext-2024-09-12.xsd#se-gaap-ext_OvrigaRorelseintakterIntaktsslagTuple" xlink:label="lbl_se-gaap-ext_OvrigaRorelseintakterIntaktsslagTuple_5"/>
    <link:label xlink:type="resource" xlink:label="res_se-gaap-ext_OvrigaRorelseintakterIntaktsslagTuple_5" xlink:role="http://www.xbrl.org/2003/role/label" xml:lang="en">Other operating income per nature of income (Table)</link:label>
    <link:labelArc xlink:type="arc" xlink:arcrole="http://www.xbrl.org/2003/arcrole/concept-label" xlink:from="lbl_se-gaap-ext_OvrigaRorelseintakterIntaktsslagTuple_5" xlink:to="res_se-gaap-ext_OvrigaRorelseintakterIntaktsslagTuple_5"/>
    <link:loc xlink:type="locator" xlink:href="se-gaap-ext-2024-09-12.xsd#se-gaap-ext_OvrigaRorelsekostnaderTuple" xlink:label="lbl_se-gaap-ext_OvrigaRorelsekostnaderTuple_1"/>
    <link:label xlink:type="resource" xlink:label="res_se-gaap-ext_OvrigaRorelsekostnaderTuple_1" xlink:role="http://www.xbrl.org/2003/role/label" xml:lang="en">Other operating expenses per nature of expenses (Table)</link:label>
    <link:labelArc xlink:type="arc" xlink:arcrole="http://www.xbrl.org/2003/arcrole/concept-label" xlink:from="lbl_se-gaap-ext_OvrigaRorelsekostnaderTuple_1" xlink:to="res_se-gaap-ext_OvrigaRorelsekostnaderTuple_1"/>
    <link:loc xlink:type="locator" xlink:href="se-gaap-ext-2024-09-12.xsd#se-gaap-ext_ExceptionellaIntakterTuple" xlink:label="lbl_se-gaap-ext_ExceptionellaIntakterTuple_0"/>
    <link:label xlink:type="resource" xlink:label="res_se-gaap-ext_ExceptionellaIntakterTuple_0" xlink:role="http://www.xbrl.org/2003/role/label" xml:lang="en">Exceptional income (Table)</link:label>
    <link:labelArc xlink:type="arc" xlink:arcrole="http://www.xbrl.org/2003/arcrole/concept-label" xlink:from="lbl_se-gaap-ext_ExceptionellaIntakterTuple_0" xlink:to="res_se-gaap-ext_ExceptionellaIntakterTuple_0"/>
    <link:loc xlink:type="locator" xlink:href="se-gaap-ext-2024-09-12.xsd#se-gaap-ext_ExceptionellaKostnaderTuple" xlink:label="lbl_se-gaap-ext_ExceptionellaKostnaderTuple_16"/>
    <link:label xlink:type="resource" xlink:label="res_se-gaap-ext_ExceptionellaKostnaderTuple_16" xlink:role="http://www.xbrl.org/2003/role/label" xml:lang="en">Exceptional expenses (Table)</link:label>
    <link:labelArc xlink:type="arc" xlink:arcrole="http://www.xbrl.org/2003/arcrole/concept-label" xlink:from="lbl_se-gaap-ext_ExceptionellaKostnaderTuple_16" xlink:to="res_se-gaap-ext_ExceptionellaKostnaderTuple_16"/>
    <link:loc xlink:type="locator" xlink:href="se-gaap-ext-2024-09-12.xsd#se-gaap-ext_OvrigaUpplupnaKostnaderForutbetaldaIntakterTuple" xlink:label="OvrigaUpplupnaKostnaderForutbetaldaIntakterTuple" xlink:title="OvrigaUpplupnaKostnaderForutbetaldaIntakterTuple"/>
    <link:label xlink:type="resource" xlink:label="label_OvrigaUpplupnaKostnaderForutbetaldaIntakterTuple" xlink:role="http://www.xbrl.org/2003/role/label" xlink:title="label_OvrigaUpplupnaKostnaderForutbetaldaIntakterTuple" xml:lang="en" id="label_OvrigaUpplupnaKostnaderForutbetaldaIntakterTuple">Other accruals and deferred income (Table)</link:label>
    <link:labelArc xlink:type="arc" xlink:arcrole="http://www.xbrl.org/2003/arcrole/concept-label" xlink:from="OvrigaUpplupnaKostnaderForutbetaldaIntakterTuple" xlink:to="label_OvrigaUpplupnaKostnaderForutbetaldaIntakterTuple" xlink:title="label: OvrigaUpplupnaKostnaderForutbetaldaIntakterTuple to label_OvrigaUpplupnaKostnaderForutbetaldaIntakterTuple"/>
    <link:loc xlink:type="locator" xlink:href="se-gaap-ext-2024-09-12.xsd#se-gaap-ext_TillgangarAvsattningarSkulderTuple" xlink:label="lbl_se-gaap-ext_TillgangarAvsattningarSkulderTuple_6"/>
    <link:label xlink:type="resource" xlink:label="res_se-gaap-ext_TillgangarAvsattningarSkulderTuple_6" xlink:role="http://www.xbrl.org/2003/role/label" xml:lang="en">Assets, provisions and liabilities relating to several items (Table)</link:label>
    <link:labelArc xlink:type="arc" xlink:arcrole="http://www.xbrl.org/2003/arcrole/concept-label" xlink:from="lbl_se-gaap-ext_TillgangarAvsattningarSkulderTuple_6" xlink:to="res_se-gaap-ext_TillgangarAvsattningarSkulderTuple_6"/>
    <link:loc xlink:type="locator" xlink:href="se-gaap-ext-2024-09-12.xsd#se-gaap-ext_UnderskriftArsredovisningForetradareTuple" xlink:label="lbl_se-gaap-ext_UnderskriftArsredovisningForetradareTuple_10"/>
    <link:label xlink:type="resource" xlink:label="res_se-gaap-ext_UnderskriftArsredovisningForetradareTuple_10" xlink:role="http://www.xbrl.org/2003/role/label" xml:lang="en">Signature of representative (Table)</link:label>
    <link:labelArc xlink:type="arc" xlink:arcrole="http://www.xbrl.org/2003/arcrole/concept-label" xlink:from="lbl_se-gaap-ext_UnderskriftArsredovisningForetradareTuple_10" xlink:to="res_se-gaap-ext_UnderskriftArsredovisningForetradareTuple_10"/>
    <link:loc xlink:type="locator" xlink:href="se-gaap-ext-2024-09-12.xsd#se-gaap-ext_UnderskriftRevisorspateckningTuple" xlink:label="lbl_se-gaap-ext_UnderskriftRevisorspateckningTuple_8"/>
    <link:label xlink:type="resource" xlink:label="res_se-gaap-ext_UnderskriftRevisorspateckningTuple_8" xlink:role="http://www.xbrl.org/2003/role/label" xml:lang="en">Signing of auditor's endorsement (Table)</link:label>
    <link:labelArc xlink:type="arc" xlink:arcrole="http://www.xbrl.org/2003/arcrole/concept-label" xlink:from="lbl_se-gaap-ext_UnderskriftRevisorspateckningTuple_8" xlink:to="res_se-gaap-ext_UnderskriftRevisorspateckningTuple_8"/>
    <link:loc xlink:type="locator" xlink:href="se-gaap-ext-2024-09-12.xsd#se-gaap-ext_InnehavAndelarKoncernforetagInklusiveUppgiftForetagTuple" xlink:label="lbl_se-gaap-ext_InnehavAndelarKoncernforetagInklusiveUppgiftForetagTuple_4"/>
    <link:label xlink:type="resource" xlink:label="res_se-gaap-ext_InnehavAndelarKoncernforetagInklusiveUppgiftForetagTuple_4" xlink:role="http://www.xbrl.org/2003/role/label" xml:lang="en">Specification holdings of shares in affiliated undertakings including information about undertaking (Table)</link:label>
    <link:labelArc xlink:type="arc" xlink:arcrole="http://www.xbrl.org/2003/arcrole/concept-label" xlink:from="lbl_se-gaap-ext_InnehavAndelarKoncernforetagInklusiveUppgiftForetagTuple_4" xlink:to="res_se-gaap-ext_InnehavAndelarKoncernforetagInklusiveUppgiftForetagTuple_4"/>
    <link:loc xlink:type="locator" xlink:href="se-gaap-ext-2024-09-12.xsd#se-gaap-ext_UppgiftNarmasteModerforetagTuple" xlink:label="lbl_se-gaap-ext_UppgiftNarmasteModerforetagTuple_3"/>
    <link:label xlink:type="resource" xlink:label="res_se-gaap-ext_UppgiftNarmasteModerforetagTuple_3" xlink:role="http://www.xbrl.org/2003/role/label" xml:lang="en">Disclosure about the nearest parent undertaking (Table)</link:label>
    <link:labelArc xlink:type="arc" xlink:arcrole="http://www.xbrl.org/2003/arcrole/concept-label" xlink:from="lbl_se-gaap-ext_UppgiftNarmasteModerforetagTuple_3" xlink:to="res_se-gaap-ext_UppgiftNarmasteModerforetagTuple_3"/>
    <link:loc xlink:type="locator" xlink:href="se-gaap-ext-2024-09-12.xsd#se-gaap-ext_InnehavAndelarIntresseforetagGemensamtStyrdaForetagInklusiveUppgiftForetagK2Tuple" xlink:label="InnehavAndelarIntresseforetagGemensamtStyrdaForetagInklusiveUppgiftForetagK2Tuple" xlink:title="InnehavAndelarIntresseforetagGemensamtStyrdaForetagInklusiveUppgiftForetagK2Tuple"/>
    <link:label xlink:type="resource" xlink:label="label_InnehavAndelarIntresseforetagGemensamtStyrdaForetagInklusiveUppgiftForetagK2Tuple" xlink:role="http://www.xbrl.org/2003/role/label" xlink:title="label_InnehavAndelarIntresseforetagGemensamtStyrdaForetagInklusiveUppgiftForetagK2Tuple" xml:lang="en" id="label_InnehavAndelarIntresseforetagGemensamtStyrdaForetagInklusiveUppgiftForetagK2Tuple">Specification holdings of shares in associated undertakings and jointly controlled undertakings including information about undertakings for K2 (Table)</link:label>
    <link:labelArc xlink:type="arc" xlink:arcrole="http://www.xbrl.org/2003/arcrole/concept-label" xlink:from="InnehavAndelarIntresseforetagGemensamtStyrdaForetagInklusiveUppgiftForetagK2Tuple" xlink:to="label_InnehavAndelarIntresseforetagGemensamtStyrdaForetagInklusiveUppgiftForetagK2Tuple" xlink:title="label: InnehavAndelarIntresseforetagGemensamtStyrdaForetagInklusiveUppgiftForetagK2Tuple to label_InnehavAndelarIntresseforetagGemensamtStyrdaForetagInklusiveUppgiftForetagK2Tuple"/>
  </link:labelLink>
</link:linkbase>
