<?xml version="1.0" encoding="UTF-8"?>
<!-- Generated by Fujitsu Interstage XWand B0255 -->
<link:linkbase xmlns:xsi="http://www.w3.org/2001/XMLSchema-instance" xsi:schemaLocation="http://www.xbrl.org/2003/linkbase http://www.xbrl.org/2003/xbrl-linkbase-2003-12-31.xsd" xmlns:se-gaap-ext="http://www.taxonomier.se/se/fr/gaap/gaap-ext/2024-09-12" xmlns:link="http://www.xbrl.org/2003/linkbase" xmlns:xlink="http://www.w3.org/1999/xlink" xmlns:xbrli="http://www.xbrl.org/2003/instance">
  <link:labelLink xlink:type="extended" xlink:role="http://www.xbrl.org/2003/role/link">
    <link:loc xlink:type="locator" xlink:href="se-gaap-ext-2024-09-12.xsd#se-gaap-ext_SpecifikationRattelseFelTuple" xlink:label="SpecifikationRattelseFelTuple" xlink:title="SpecifikationRattelseFelTuple"/>
    <link:label xlink:type="resource" xlink:label="label_SpecifikationRattelseFelTuple" xlink:role="http://www.xbrl.org/2003/role/label" xlink:title="label_SpecifikationRattelseFelTuple" xml:lang="sv" id="label_SpecifikationRattelseFelTuple">Specifikation av rättelse av fel (Tabell)</link:label>
    <link:labelArc xlink:type="arc" xlink:arcrole="http://www.xbrl.org/2003/arcrole/concept-label" xlink:from="SpecifikationRattelseFelTuple" xlink:to="label_SpecifikationRattelseFelTuple" xlink:title="label: SpecifikationRattelseFelTuple to label_SpecifikationRattelseFelTuple"/>
    <link:loc xlink:type="locator" xlink:href="se-gaap-ext-2024-09-12.xsd#se-gaap-ext_NettoomsattningVerksamhetsgrenTuple" xlink:label="NettoomsattningVerksamhetsgrenTuple" xlink:title="NettoomsattningVerksamhetsgrenTuple"/>
    <link:label xlink:type="resource" xlink:label="label_NettoomsattningVerksamhetsgrenTuple" xlink:role="http://www.xbrl.org/2003/role/label" xlink:title="label_NettoomsattningVerksamhetsgrenTuple" xml:lang="sv" id="label_NettoomsattningVerksamhetsgrenTuple">Nettoomsättningens fördelning på verksamhetsgrenar (Tabell)</link:label>
    <link:labelArc xlink:type="arc" xlink:arcrole="http://www.xbrl.org/2003/arcrole/concept-label" xlink:from="NettoomsattningVerksamhetsgrenTuple" xlink:to="label_NettoomsattningVerksamhetsgrenTuple" xlink:title="label: NettoomsattningVerksamhetsgrenTuple to label_NettoomsattningVerksamhetsgrenTuple"/>
    <link:loc xlink:type="locator" xlink:href="se-gaap-ext-2024-09-12.xsd#se-gaap-ext_NettoomsattningGeografiskMarknadTuple" xlink:label="NettoomsattningGeografiskMarknadTuple" xlink:title="NettoomsattningGeografiskMarknadTuple"/>
    <link:label xlink:type="resource" xlink:label="label_NettoomsattningGeografiskMarknadTuple" xlink:role="http://www.xbrl.org/2003/role/label" xlink:title="label_NettoomsattningGeografiskMarknadTuple" xml:lang="sv" id="label_NettoomsattningGeografiskMarknadTuple">Nettoomsättningens fördelning på geografiska marknader (Tabell)</link:label>
    <link:labelArc xlink:type="arc" xlink:arcrole="http://www.xbrl.org/2003/arcrole/concept-label" xlink:from="NettoomsattningGeografiskMarknadTuple" xlink:to="label_NettoomsattningGeografiskMarknadTuple" xlink:title="label: NettoomsattningGeografiskMarknadTuple to label_NettoomsattningGeografiskMarknadTuple"/>
    <link:loc xlink:type="locator" xlink:href="se-gaap-ext-2024-09-12.xsd#se-gaap-ext_StalldaSakerheterEgnaSkulderAvsattningarTuple" xlink:label="StalldaSakerheterEgnaSkulderAvsattningarTuple" xlink:title="StalldaSakerheterEgnaSkulderAvsattningarTuple"/>
    <link:label xlink:type="resource" xlink:label="label_StalldaSakerheterEgnaSkulderAvsattningarTuple" xlink:role="http://www.xbrl.org/2003/role/label" xlink:title="label_StalldaSakerheterEgnaSkulderAvsattningarTuple" xml:lang="sv" id="label_StalldaSakerheterEgnaSkulderAvsattningarTuple">Ställda säkerheter för egna skulder och avsättningar (Tabell)</link:label>
    <link:labelArc xlink:type="arc" xlink:arcrole="http://www.xbrl.org/2003/arcrole/concept-label" xlink:from="StalldaSakerheterEgnaSkulderAvsattningarTuple" xlink:to="label_StalldaSakerheterEgnaSkulderAvsattningarTuple" xlink:title="label: StalldaSakerheterEgnaSkulderAvsattningarTuple to label_StalldaSakerheterEgnaSkulderAvsattningarTuple"/>
    <link:loc xlink:type="locator" xlink:href="se-gaap-ext-2024-09-12.xsd#se-gaap-ext_OvrigaStalldaSakerheterEgnaSkulderAvsattningarTuple" xlink:label="OvrigaStalldaSakerheterEgnaSkulderAvsattningarTuple" xlink:title="OvrigaStalldaSakerheterEgnaSkulderAvsattningarTuple"/>
    <link:label xlink:type="resource" xlink:label="label_OvrigaStalldaSakerheterEgnaSkulderAvsattningarTuple" xlink:role="http://www.xbrl.org/2003/role/label" xlink:title="label_OvrigaStalldaSakerheterEgnaSkulderAvsattningarTuple" xml:lang="sv" id="label_OvrigaStalldaSakerheterEgnaSkulderAvsattningarTuple">Övriga ställda säkerheter till förmån för företaget (Tabell)</link:label>
    <link:labelArc xlink:type="arc" xlink:arcrole="http://www.xbrl.org/2003/arcrole/concept-label" xlink:from="OvrigaStalldaSakerheterEgnaSkulderAvsattningarTuple" xlink:to="label_OvrigaStalldaSakerheterEgnaSkulderAvsattningarTuple" xlink:title="label: OvrigaStalldaSakerheterEgnaSkulderAvsattningarTuple to label_OvrigaStalldaSakerheterEgnaSkulderAvsattningarTuple"/>
    <link:loc xlink:type="locator" xlink:href="se-gaap-ext-2024-09-12.xsd#se-gaap-ext_StalldaSakerheterFormanKoncernIntresseGemensamtStyrdaForetagTuple" xlink:label="StalldaSakerheterFormanKoncernIntresseGemensamtStyrdaForetagTuple" xlink:title="StalldaSakerheterFormanKoncernIntresseGemensamtStyrdaForetagTuple"/>
    <link:label xlink:type="resource" xlink:label="label_StalldaSakerheterFormanKoncernIntresseGemensamtStyrdaForetagTuple" xlink:role="http://www.xbrl.org/2003/role/label" xlink:title="label_StalldaSakerheterFormanKoncernIntresseGemensamtStyrdaForetagTuple" xml:lang="sv" id="label_StalldaSakerheterFormanKoncernIntresseGemensamtStyrdaForetagTuple">Ställda säkerheter till förmån för koncernföretag, intresseföretag och gemensamt styrda företag (Tabell)</link:label>
    <link:labelArc xlink:type="arc" xlink:arcrole="http://www.xbrl.org/2003/arcrole/concept-label" xlink:from="StalldaSakerheterFormanKoncernIntresseGemensamtStyrdaForetagTuple" xlink:to="label_StalldaSakerheterFormanKoncernIntresseGemensamtStyrdaForetagTuple" xlink:title="label: StalldaSakerheterFormanKoncernIntresseGemensamtStyrdaForetagTuple to label_StalldaSakerheterFormanKoncernIntresseGemensamtStyrdaForetagTuple"/>
    <link:loc xlink:type="locator" xlink:href="se-gaap-ext-2024-09-12.xsd#se-gaap-ext_StalldaSakerheterFormanAndraTuple" xlink:label="StalldaSakerheterFormanAndraTuple" xlink:title="StalldaSakerheterFormanAndraTuple"/>
    <link:label xlink:type="resource" xlink:label="label_StalldaSakerheterFormanAndraTuple" xlink:role="http://www.xbrl.org/2003/role/label" xlink:title="label_StalldaSakerheterFormanAndraTuple" xml:lang="sv" id="label_StalldaSakerheterFormanAndraTuple">Ställda säkerheter till förmån för andra (Tabell)</link:label>
    <link:labelArc xlink:type="arc" xlink:arcrole="http://www.xbrl.org/2003/arcrole/concept-label" xlink:from="StalldaSakerheterFormanAndraTuple" xlink:to="label_StalldaSakerheterFormanAndraTuple" xlink:title="label: StalldaSakerheterFormanAndraTuple to label_StalldaSakerheterFormanAndraTuple"/>
    <link:loc xlink:type="locator" xlink:href="se-gaap-ext-2024-09-12.xsd#se-gaap-ext_ErsattningRevisorerTuple" xlink:label="ErsattningRevisorerTuple" xlink:title="ErsattningRevisorerTuple"/>
    <link:label xlink:type="resource" xlink:label="label_ErsattningRevisorerTuple" xlink:role="http://www.xbrl.org/2003/role/label" xlink:title="label_ErsattningRevisorerTuple" xml:lang="sv" id="label_ErsattningRevisorerTuple">Ersättningar till revisorer och revisionsföretag (Tabell)</link:label>
    <link:labelArc xlink:type="arc" xlink:arcrole="http://www.xbrl.org/2003/arcrole/concept-label" xlink:from="ErsattningRevisorerTuple" xlink:to="label_ErsattningRevisorerTuple" xlink:title="label: ErsattningRevisorerTuple to label_ErsattningRevisorerTuple"/>
    <link:loc xlink:type="locator" xlink:href="se-gaap-ext-2024-09-12.xsd#se-gaap-ext_LanderfordelningMedelantaletAnstalldaTuple" xlink:label="LanderfordelningMedelantaletAnstalldaTuple" xlink:title="LanderfordelningMedelantaletAnstalldaTuple"/>
    <link:label xlink:type="resource" xlink:label="label_LanderfordelningMedelantaletAnstalldaTuple" xlink:role="http://www.xbrl.org/2003/role/label" xlink:title="label_LanderfordelningMedelantaletAnstalldaTuple" xml:lang="sv" id="label_LanderfordelningMedelantaletAnstalldaTuple">Medelantalet anställda fördelade per land (Tabell)</link:label>
    <link:labelArc xlink:type="arc" xlink:arcrole="http://www.xbrl.org/2003/arcrole/concept-label" xlink:from="LanderfordelningMedelantaletAnstalldaTuple" xlink:to="label_LanderfordelningMedelantaletAnstalldaTuple" xlink:title="label: LanderfordelningMedelantaletAnstalldaTuple to label_LanderfordelningMedelantaletAnstalldaTuple"/>
    <link:loc xlink:type="locator" xlink:href="se-gaap-ext-2024-09-12.xsd#se-gaap-ext_InnehavAndelarIntresseforetagGemensamtStyrdaForetagInklusiveUppgiftForetagTuple" xlink:label="InnehavAndelarIntresseforetagGemensamtStyrdaForetagInklusiveUppgiftForetagTuple" xlink:title="InnehavAndelarIntresseforetagGemensamtStyrdaForetagInklusiveUppgiftForetagTuple"/>
    <link:label xlink:type="resource" xlink:label="label_InnehavAndelarIntresseforetagGemensamtStyrdaForetagInklusiveUppgiftForetagTuple" xlink:role="http://www.xbrl.org/2003/role/label" xlink:title="label_InnehavAndelarIntresseforetagGemensamtStyrdaForetagInklusiveUppgiftForetagTuple" xml:lang="sv" id="label_InnehavAndelarIntresseforetagGemensamtStyrdaForetagInklusiveUppgiftForetagTuple">Specifikation innehav av andelar i intresseföretag och gemensamt styrda företag inklusive uppgifter om företag (Tabell)</link:label>
    <link:labelArc xlink:type="arc" xlink:arcrole="http://www.xbrl.org/2003/arcrole/concept-label" xlink:from="InnehavAndelarIntresseforetagGemensamtStyrdaForetagInklusiveUppgiftForetagTuple" xlink:to="label_InnehavAndelarIntresseforetagGemensamtStyrdaForetagInklusiveUppgiftForetagTuple" xlink:title="label: InnehavAndelarIntresseforetagGemensamtStyrdaForetagInklusiveUppgiftForetagTuple to label_InnehavAndelarIntresseforetagGemensamtStyrdaForetagInklusiveUppgiftForetagTuple"/>
    <link:loc xlink:type="locator" xlink:href="se-gaap-ext-2024-09-12.xsd#se-gaap-ext_LonerAndraErsattningarPubliktAktiebolagTuple" xlink:label="LonerAndraErsattningarPubliktAktiebolagTuple" xlink:title="LonerAndraErsattningarPubliktAktiebolagTuple"/>
    <link:label xlink:type="resource" xlink:label="label_LonerAndraErsattningarPubliktAktiebolagTuple" xlink:role="http://www.xbrl.org/2003/role/label" xlink:title="label_LonerAndraErsattningarPubliktAktiebolagTuple" xml:lang="sv" id="label_LonerAndraErsattningarPubliktAktiebolagTuple">Löner och andra ersättningar, pensioner och liknande förmåner per befattningshavare för publikt aktiebolag (Tabell)</link:label>
    <link:labelArc xlink:type="arc" xlink:arcrole="http://www.xbrl.org/2003/arcrole/concept-label" xlink:from="LonerAndraErsattningarPubliktAktiebolagTuple" xlink:to="label_LonerAndraErsattningarPubliktAktiebolagTuple" xlink:title="label: LonerAndraErsattningarPubliktAktiebolagTuple to label_LonerAndraErsattningarPubliktAktiebolagTuple"/>
    <link:loc xlink:type="locator" xlink:href="se-gaap-ext-2024-09-12.xsd#se-gaap-ext_InnehavAndelarAgarintressenOvrigaForetagInklusiveUppgiftForetagTuple" xlink:label="InnehavAndelarAgarintressenOvrigaForetagInklusiveUppgiftForetagTuple" xlink:title="InnehavAndelarAgarintressenOvrigaForetagInklusiveUppgiftForetagTuple"/>
    <link:label xlink:type="resource" xlink:label="label_InnehavAndelarAgarintressenOvrigaForetagInklusiveUppgiftForetagTuple" xlink:role="http://www.xbrl.org/2003/role/label" xlink:title="label_InnehavAndelarAgarintressenOvrigaForetagInklusiveUppgiftForetagTuple" xml:lang="sv" id="label_InnehavAndelarAgarintressenOvrigaForetagInklusiveUppgiftForetagTuple">Specifikation innehav av andelar i övriga företag som det finns ägarintressen i inklusive uppgifter om företag (Tabell)</link:label>
    <link:labelArc xlink:type="arc" xlink:arcrole="http://www.xbrl.org/2003/arcrole/concept-label" xlink:from="InnehavAndelarAgarintressenOvrigaForetagInklusiveUppgiftForetagTuple" xlink:to="label_InnehavAndelarAgarintressenOvrigaForetagInklusiveUppgiftForetagTuple" xlink:title="label: InnehavAndelarAgarintressenOvrigaForetagInklusiveUppgiftForetagTuple to label_InnehavAndelarAgarintressenOvrigaForetagInklusiveUppgiftForetagTuple"/>
    <link:loc xlink:type="locator" xlink:href="se-gaap-ext-2024-09-12.xsd#se-gaap-ext_AvskrivningsprincipImmateriellaAnlaggningstillgangarBalanseradeUtgifterUtvecklingsarbetenLiknandeArbetenTuple" xlink:label="AvskrivningsprincipImmateriellaAnlaggningstillgangarBalanseradeUtgifterUtvecklingsarbetenLiknandeArbetenTuple" xlink:title="AvskrivningsprincipImmateriellaAnlaggningstillgangarBalanseradeUtgifterUtvecklingsarbetenLiknandeArbetenTuple"/>
    <link:label xlink:type="resource" xlink:label="label_AvskrivningsprincipImmateriellaAnlaggningstillgangarBalanseradeUtgifterUtvecklingsarbetenLiknandeArbetenTuple" xlink:role="http://www.xbrl.org/2003/role/label" xlink:title="label_AvskrivningsprincipImmateriellaAnlaggningstillgangarBalanseradeUtgifterUtvecklingsarbetenLiknandeArbetenTuple" xml:lang="sv" id="label_AvskrivningsprincipImmateriellaAnlaggningstillgangarBalanseradeUtgifterUtvecklingsarbetenLiknandeArbetenTuple">Avskrivningsprincip för immateriella anläggningstillgångar som balanserade utgifter för utvecklingsarbeten och liknande arbeten (Tabell)</link:label>
    <link:labelArc xlink:type="arc" xlink:arcrole="http://www.xbrl.org/2003/arcrole/concept-label" xlink:from="AvskrivningsprincipImmateriellaAnlaggningstillgangarBalanseradeUtgifterUtvecklingsarbetenLiknandeArbetenTuple" xlink:to="label_AvskrivningsprincipImmateriellaAnlaggningstillgangarBalanseradeUtgifterUtvecklingsarbetenLiknandeArbetenTuple" xlink:title="label: AvskrivningsprincipImmateriellaAnlaggningstillgangarBalanseradeUtgifterUtvecklingsarbetenLiknandeArbetenTuple to label_AvskrivningsprincipImmateriellaAnlaggningstillgangarBalanseradeUtgifterUtvecklingsarbetenLiknandeArbetenTuple"/>
    <link:loc xlink:type="locator" xlink:href="se-gaap-ext-2024-09-12.xsd#se-gaap-ext_AvskrivningsprincipImmateriellaAnlaggningstillgangarKoncessionerPatentLicenserVarumarkenLiknandeRattigheterTuple" xlink:label="AvskrivningsprincipImmateriellaAnlaggningstillgangarKoncessionerPatentLicenserVarumarkenLiknandeRattigheterTuple" xlink:title="AvskrivningsprincipImmateriellaAnlaggningstillgangarKoncessionerPatentLicenserVarumarkenLiknandeRattigheterTuple"/>
    <link:label xlink:type="resource" xlink:label="label_AvskrivningsprincipImmateriellaAnlaggningstillgangarKoncessionerPatentLicenserVarumarkenLiknandeRattigheterTuple" xlink:role="http://www.xbrl.org/2003/role/label" xlink:title="label_AvskrivningsprincipImmateriellaAnlaggningstillgangarKoncessionerPatentLicenserVarumarkenLiknandeRattigheterTuple" xml:lang="sv" id="label_AvskrivningsprincipImmateriellaAnlaggningstillgangarKoncessionerPatentLicenserVarumarkenLiknandeRattigheterTuple">Avskrivningsprincip för immateriella anläggningstillgångar som koncessioner, patent, licenser, varumärken samt liknande rättigheter (Tabell)</link:label>
    <link:labelArc xlink:type="arc" xlink:arcrole="http://www.xbrl.org/2003/arcrole/concept-label" xlink:from="AvskrivningsprincipImmateriellaAnlaggningstillgangarKoncessionerPatentLicenserVarumarkenLiknandeRattigheterTuple" xlink:to="label_AvskrivningsprincipImmateriellaAnlaggningstillgangarKoncessionerPatentLicenserVarumarkenLiknandeRattigheterTuple" xlink:title="label: AvskrivningsprincipImmateriellaAnlaggningstillgangarKoncessionerPatentLicenserVarumarkenLiknandeRattigheterTuple to label_AvskrivningsprincipImmateriellaAnlaggningstillgangarKoncessionerPatentLicenserVarumarkenLiknandeRattigheterTuple"/>
    <link:loc xlink:type="locator" xlink:href="se-gaap-ext-2024-09-12.xsd#se-gaap-ext_AvskrivningsprincipImmateriellaAnlaggningstillgangarHyresratterLiknandeRattigheterTuple" xlink:label="AvskrivningsprincipImmateriellaAnlaggningstillgangarHyresratterLiknandeRattigheterTuple" xlink:title="AvskrivningsprincipImmateriellaAnlaggningstillgangarHyresratterLiknandeRattigheterTuple"/>
    <link:label xlink:type="resource" xlink:label="label_AvskrivningsprincipImmateriellaAnlaggningstillgangarHyresratterLiknandeRattigheterTuple" xlink:role="http://www.xbrl.org/2003/role/label" xlink:title="label_AvskrivningsprincipImmateriellaAnlaggningstillgangarHyresratterLiknandeRattigheterTuple" xml:lang="sv" id="label_AvskrivningsprincipImmateriellaAnlaggningstillgangarHyresratterLiknandeRattigheterTuple">Avskrivningsprincip för immateriella anläggningstillgångar som hyresrätter och liknande rättigheter (Tabell)</link:label>
    <link:labelArc xlink:type="arc" xlink:arcrole="http://www.xbrl.org/2003/arcrole/concept-label" xlink:from="AvskrivningsprincipImmateriellaAnlaggningstillgangarHyresratterLiknandeRattigheterTuple" xlink:to="label_AvskrivningsprincipImmateriellaAnlaggningstillgangarHyresratterLiknandeRattigheterTuple" xlink:title="label: AvskrivningsprincipImmateriellaAnlaggningstillgangarHyresratterLiknandeRattigheterTuple to label_AvskrivningsprincipImmateriellaAnlaggningstillgangarHyresratterLiknandeRattigheterTuple"/>
    <link:loc xlink:type="locator" xlink:href="se-gaap-ext-2024-09-12.xsd#se-gaap-ext_AvskrivningsprincipImmateriellaAnlaggningstillgangarGoodwillTuple" xlink:label="AvskrivningsprincipImmateriellaAnlaggningstillgangarGoodwillTuple" xlink:title="AvskrivningsprincipImmateriellaAnlaggningstillgangarGoodwillTuple"/>
    <link:label xlink:type="resource" xlink:label="label_AvskrivningsprincipImmateriellaAnlaggningstillgangarGoodwillTuple" xlink:role="http://www.xbrl.org/2003/role/label" xlink:title="label_AvskrivningsprincipImmateriellaAnlaggningstillgangarGoodwillTuple" xml:lang="sv" id="label_AvskrivningsprincipImmateriellaAnlaggningstillgangarGoodwillTuple">Avskrivningsprincip för immateriella anläggningstillgångar som goodwill (Tabell)</link:label>
    <link:labelArc xlink:type="arc" xlink:arcrole="http://www.xbrl.org/2003/arcrole/concept-label" xlink:from="AvskrivningsprincipImmateriellaAnlaggningstillgangarGoodwillTuple" xlink:to="label_AvskrivningsprincipImmateriellaAnlaggningstillgangarGoodwillTuple" xlink:title="label: AvskrivningsprincipImmateriellaAnlaggningstillgangarGoodwillTuple to label_AvskrivningsprincipImmateriellaAnlaggningstillgangarGoodwillTuple"/>
    <link:loc xlink:type="locator" xlink:href="se-gaap-ext-2024-09-12.xsd#se-gaap-ext_AvskrivningsprincipMateriellaAnlaggningstillgangarByggnaderTuple" xlink:label="AvskrivningsprincipMateriellaAnlaggningstillgangarByggnaderTuple" xlink:title="AvskrivningsprincipMateriellaAnlaggningstillgangarByggnaderTuple"/>
    <link:label xlink:type="resource" xlink:label="label_AvskrivningsprincipMateriellaAnlaggningstillgangarByggnaderTuple" xlink:role="http://www.xbrl.org/2003/role/label" xlink:title="label_AvskrivningsprincipMateriellaAnlaggningstillgangarByggnaderTuple" xml:lang="sv" id="label_AvskrivningsprincipMateriellaAnlaggningstillgangarByggnaderTuple">Avskrivningsprincip för materiella anläggningstillgångar som byggnader (Tabell)</link:label>
    <link:labelArc xlink:type="arc" xlink:arcrole="http://www.xbrl.org/2003/arcrole/concept-label" xlink:from="AvskrivningsprincipMateriellaAnlaggningstillgangarByggnaderTuple" xlink:to="label_AvskrivningsprincipMateriellaAnlaggningstillgangarByggnaderTuple" xlink:title="label: AvskrivningsprincipMateriellaAnlaggningstillgangarByggnaderTuple to label_AvskrivningsprincipMateriellaAnlaggningstillgangarByggnaderTuple"/>
    <link:loc xlink:type="locator" xlink:href="se-gaap-ext-2024-09-12.xsd#se-gaap-ext_AvskrivningsprincipMateriellaAnlaggningstillgangarMaskinerAndraTekniskaAnlaggningarTuple" xlink:label="AvskrivningsprincipMateriellaAnlaggningstillgangarMaskinerAndraTekniskaAnlaggningarTuple" xlink:title="AvskrivningsprincipMateriellaAnlaggningstillgangarMaskinerAndraTekniskaAnlaggningarTuple"/>
    <link:label xlink:type="resource" xlink:label="label_AvskrivningsprincipMateriellaAnlaggningstillgangarMaskinerAndraTekniskaAnlaggningarTuple" xlink:role="http://www.xbrl.org/2003/role/label" xlink:title="label_AvskrivningsprincipMateriellaAnlaggningstillgangarMaskinerAndraTekniskaAnlaggningarTuple" xml:lang="sv" id="label_AvskrivningsprincipMateriellaAnlaggningstillgangarMaskinerAndraTekniskaAnlaggningarTuple">Avskrivningsprincip för materiella anläggningstillgångar som maskiner och andra tekniska anläggningar (Tabell)</link:label>
    <link:labelArc xlink:type="arc" xlink:arcrole="http://www.xbrl.org/2003/arcrole/concept-label" xlink:from="AvskrivningsprincipMateriellaAnlaggningstillgangarMaskinerAndraTekniskaAnlaggningarTuple" xlink:to="label_AvskrivningsprincipMateriellaAnlaggningstillgangarMaskinerAndraTekniskaAnlaggningarTuple" xlink:title="label: AvskrivningsprincipMateriellaAnlaggningstillgangarMaskinerAndraTekniskaAnlaggningarTuple to label_AvskrivningsprincipMateriellaAnlaggningstillgangarMaskinerAndraTekniskaAnlaggningarTuple"/>
    <link:loc xlink:type="locator" xlink:href="se-gaap-ext-2024-09-12.xsd#se-gaap-ext_AvskrivningsprincipMateriellaAnlaggningstillgangarInventarierVerktygInstallationerTuple" xlink:label="AvskrivningsprincipMateriellaAnlaggningstillgangarInventarierVerktygInstallationerTuple" xlink:title="AvskrivningsprincipMateriellaAnlaggningstillgangarInventarierVerktygInstallationerTuple"/>
    <link:label xlink:type="resource" xlink:label="label_AvskrivningsprincipMateriellaAnlaggningstillgangarInventarierVerktygInstallationerTuple" xlink:role="http://www.xbrl.org/2003/role/label" xlink:title="label_AvskrivningsprincipMateriellaAnlaggningstillgangarInventarierVerktygInstallationerTuple" xml:lang="sv" id="label_AvskrivningsprincipMateriellaAnlaggningstillgangarInventarierVerktygInstallationerTuple">Avskrivningsprincip för materiella anläggningstillgångar som inventarier, verktyg och installationer (Tabell)</link:label>
    <link:labelArc xlink:type="arc" xlink:arcrole="http://www.xbrl.org/2003/arcrole/concept-label" xlink:from="AvskrivningsprincipMateriellaAnlaggningstillgangarInventarierVerktygInstallationerTuple" xlink:to="label_AvskrivningsprincipMateriellaAnlaggningstillgangarInventarierVerktygInstallationerTuple" xlink:title="label: AvskrivningsprincipMateriellaAnlaggningstillgangarInventarierVerktygInstallationerTuple to label_AvskrivningsprincipMateriellaAnlaggningstillgangarInventarierVerktygInstallationerTuple"/>
    <link:loc xlink:type="locator" xlink:href="se-gaap-ext-2024-09-12.xsd#se-gaap-ext_AvskrivningsprincipMateriellaAnlaggningstillgangarForbattringsutgifterAnnansFastighetTuple" xlink:label="AvskrivningsprincipMateriellaAnlaggningstillgangarForbattringsutgifterAnnansFastighetTuple" xlink:title="AvskrivningsprincipMateriellaAnlaggningstillgangarForbattringsutgifterAnnansFastighetTuple"/>
    <link:label xlink:type="resource" xlink:label="label_AvskrivningsprincipMateriellaAnlaggningstillgangarForbattringsutgifterAnnansFastighetTuple" xlink:role="http://www.xbrl.org/2003/role/label" xlink:title="label_AvskrivningsprincipMateriellaAnlaggningstillgangarForbattringsutgifterAnnansFastighetTuple" xml:lang="sv" id="label_AvskrivningsprincipMateriellaAnlaggningstillgangarForbattringsutgifterAnnansFastighetTuple">Avskrivningsprincip för materiella anläggningstillgångar som förbättringsutgifter på annans fastighet (Tabell)</link:label>
    <link:labelArc xlink:type="arc" xlink:arcrole="http://www.xbrl.org/2003/arcrole/concept-label" xlink:from="AvskrivningsprincipMateriellaAnlaggningstillgangarForbattringsutgifterAnnansFastighetTuple" xlink:to="label_AvskrivningsprincipMateriellaAnlaggningstillgangarForbattringsutgifterAnnansFastighetTuple" xlink:title="label: AvskrivningsprincipMateriellaAnlaggningstillgangarForbattringsutgifterAnnansFastighetTuple to label_AvskrivningsprincipMateriellaAnlaggningstillgangarForbattringsutgifterAnnansFastighetTuple"/>
    <link:loc xlink:type="locator" xlink:href="se-gaap-ext-2024-09-12.xsd#se-gaap-ext_AvskrivningsprincipMateriellaAnlaggningstillgangarOvrigaMateriellaAnlaggningstillgangarTuple" xlink:label="AvskrivningsprincipMateriellaAnlaggningstillgangarOvrigaMateriellaAnlaggningstillgangarTuple" xlink:title="AvskrivningsprincipMateriellaAnlaggningstillgangarOvrigaMateriellaAnlaggningstillgangarTuple"/>
    <link:label xlink:type="resource" xlink:label="label_AvskrivningsprincipMateriellaAnlaggningstillgangarOvrigaMateriellaAnlaggningstillgangarTuple" xlink:role="http://www.xbrl.org/2003/role/label" xlink:title="label_AvskrivningsprincipMateriellaAnlaggningstillgangarOvrigaMateriellaAnlaggningstillgangarTuple" xml:lang="sv" id="label_AvskrivningsprincipMateriellaAnlaggningstillgangarOvrigaMateriellaAnlaggningstillgangarTuple">Avskrivningsprincip för materiella anläggningstillgångar som övriga materiella anläggningstillgångar (Tabell)</link:label>
    <link:labelArc xlink:type="arc" xlink:arcrole="http://www.xbrl.org/2003/arcrole/concept-label" xlink:from="AvskrivningsprincipMateriellaAnlaggningstillgangarOvrigaMateriellaAnlaggningstillgangarTuple" xlink:to="label_AvskrivningsprincipMateriellaAnlaggningstillgangarOvrigaMateriellaAnlaggningstillgangarTuple" xlink:title="label: AvskrivningsprincipMateriellaAnlaggningstillgangarOvrigaMateriellaAnlaggningstillgangarTuple to label_AvskrivningsprincipMateriellaAnlaggningstillgangarOvrigaMateriellaAnlaggningstillgangarTuple"/>
    <link:loc xlink:type="locator" xlink:href="se-gaap-ext-2024-09-12.xsd#se-gaap-ext_OvrigaRorelseintakterIntaktsslagTuple" xlink:label="OvrigaRorelseintakterIntaktsslagTuple" xlink:title="OvrigaRorelseintakterIntaktsslagTuple"/>
    <link:label xlink:type="resource" xlink:label="label_OvrigaRorelseintakterIntaktsslagTuple" xlink:role="http://www.xbrl.org/2003/role/label" xlink:title="label_OvrigaRorelseintakterIntaktsslagTuple" xml:lang="sv" id="label_OvrigaRorelseintakterIntaktsslagTuple">Övriga rörelseintäkter per intäktsslag (Tabell)</link:label>
    <link:labelArc xlink:type="arc" xlink:arcrole="http://www.xbrl.org/2003/arcrole/concept-label" xlink:from="OvrigaRorelseintakterIntaktsslagTuple" xlink:to="label_OvrigaRorelseintakterIntaktsslagTuple" xlink:title="label: OvrigaRorelseintakterIntaktsslagTuple to label_OvrigaRorelseintakterIntaktsslagTuple"/>
    <link:loc xlink:type="locator" xlink:href="se-gaap-ext-2024-09-12.xsd#se-gaap-ext_OvrigaRorelsekostnaderTuple" xlink:label="OvrigaRorelsekostnaderTuple" xlink:title="OvrigaRorelsekostnaderTuple"/>
    <link:label xlink:type="resource" xlink:label="label_OvrigaRorelsekostnaderTuple" xlink:role="http://www.xbrl.org/2003/role/label" xlink:title="label_OvrigaRorelsekostnaderTuple" xml:lang="sv" id="label_OvrigaRorelsekostnaderTuple">Övriga rörelsekostnader per kostnadsslag (Tabell)</link:label>
    <link:labelArc xlink:type="arc" xlink:arcrole="http://www.xbrl.org/2003/arcrole/concept-label" xlink:from="OvrigaRorelsekostnaderTuple" xlink:to="label_OvrigaRorelsekostnaderTuple" xlink:title="label: OvrigaRorelsekostnaderTuple to label_OvrigaRorelsekostnaderTuple"/>
    <link:loc xlink:type="locator" xlink:href="se-gaap-ext-2024-09-12.xsd#se-gaap-ext_AvstamningEffktivSkattVasentligPostTuple" xlink:label="AvstamningEffktivSkattVasentligPostTuple" xlink:title="AvstamningEffktivSkattVasentligPostTuple"/>
    <link:label xlink:type="resource" xlink:label="label_AvstamningEffktivSkattVasentligPostTuple" xlink:role="http://www.xbrl.org/2003/role/label" xlink:title="label_AvstamningEffktivSkattVasentligPostTuple" xml:lang="sv" id="label_AvstamningEffktivSkattVasentligPostTuple">Väsentliga poster som har påverkat sambandet mellan periodens skattekostnad eller skatteintäkt och redovisat resultat före skatt (Tabell)</link:label>
    <link:labelArc xlink:type="arc" xlink:arcrole="http://www.xbrl.org/2003/arcrole/concept-label" xlink:from="AvstamningEffktivSkattVasentligPostTuple" xlink:to="label_AvstamningEffktivSkattVasentligPostTuple" xlink:title="label: AvstamningEffktivSkattVasentligPostTuple to label_AvstamningEffktivSkattVasentligPostTuple"/>
    <link:loc xlink:type="locator" xlink:href="se-gaap-ext-2024-09-12.xsd#se-gaap-ext_ExceptionellaIntakterTuple" xlink:label="ExceptionellaIntakterTuple" xlink:title="ExceptionellaIntakterTuple"/>
    <link:label xlink:type="resource" xlink:label="label_ExceptionellaIntakterTuple" xlink:role="http://www.xbrl.org/2003/role/label" xlink:title="label_ExceptionellaIntakterTuple" xml:lang="sv" id="label_ExceptionellaIntakterTuple">Exceptionella intäkter (Tabell)</link:label>
    <link:labelArc xlink:type="arc" xlink:arcrole="http://www.xbrl.org/2003/arcrole/concept-label" xlink:from="ExceptionellaIntakterTuple" xlink:to="label_ExceptionellaIntakterTuple" xlink:title="label: ExceptionellaIntakterTuple to label_ExceptionellaIntakterTuple"/>
    <link:loc xlink:type="locator" xlink:href="se-gaap-ext-2024-09-12.xsd#se-gaap-ext_ExceptionellaKostnaderTuple" xlink:label="ExceptionellaKostnaderTuple" xlink:title="ExceptionellaKostnaderTuple"/>
    <link:label xlink:type="resource" xlink:label="label_ExceptionellaKostnaderTuple" xlink:role="http://www.xbrl.org/2003/role/label" xlink:title="label_ExceptionellaKostnaderTuple" xml:lang="sv" id="label_ExceptionellaKostnaderTuple">Exceptionella kostnader (Tabell)</link:label>
    <link:labelArc xlink:type="arc" xlink:arcrole="http://www.xbrl.org/2003/arcrole/concept-label" xlink:from="ExceptionellaKostnaderTuple" xlink:to="label_ExceptionellaKostnaderTuple" xlink:title="label: ExceptionellaKostnaderTuple to label_ExceptionellaKostnaderTuple"/>
    <link:loc xlink:type="locator" xlink:href="se-gaap-ext-2024-09-12.xsd#se-gaap-ext_FinansiellaInstrumentVarderadeVerkligtVardeTuple" xlink:label="FinansiellaInstrumentVarderadeVerkligtVardeTuple" xlink:title="FinansiellaInstrumentVarderadeVerkligtVardeTuple"/>
    <link:label xlink:type="resource" xlink:label="label_FinansiellaInstrumentVarderadeVerkligtVardeTuple" xlink:role="http://www.xbrl.org/2003/role/label" xlink:title="label_FinansiellaInstrumentVarderadeVerkligtVardeTuple" xml:lang="sv" id="label_FinansiellaInstrumentVarderadeVerkligtVardeTuple">Finansiella instrument värderade till verkligt värde (Tabell)</link:label>
    <link:labelArc xlink:type="arc" xlink:arcrole="http://www.xbrl.org/2003/arcrole/concept-label" xlink:from="FinansiellaInstrumentVarderadeVerkligtVardeTuple" xlink:to="label_FinansiellaInstrumentVarderadeVerkligtVardeTuple" xlink:title="label: FinansiellaInstrumentVarderadeVerkligtVardeTuple to label_FinansiellaInstrumentVarderadeVerkligtVardeTuple"/>
    <link:loc xlink:type="locator" xlink:href="se-gaap-ext-2024-09-12.xsd#se-gaap-ext_FinansiellaTillgangarInteTagitsBortBalansrakningenTuple" xlink:label="FinansiellaTillgangarInteTagitsBortBalansrakningenTuple" xlink:title="FinansiellaTillgangarInteTagitsBortBalansrakningenTuple"/>
    <link:label xlink:type="resource" xlink:label="label_FinansiellaTillgangarInteTagitsBortBalansrakningenTuple" xlink:role="http://www.xbrl.org/2003/role/label" xlink:title="label_FinansiellaTillgangarInteTagitsBortBalansrakningenTuple" xml:lang="sv" id="label_FinansiellaTillgangarInteTagitsBortBalansrakningenTuple">Finansiella tillgångar som inte tagits bort från balansräkningen (Tabell)</link:label>
    <link:labelArc xlink:type="arc" xlink:arcrole="http://www.xbrl.org/2003/arcrole/concept-label" xlink:from="FinansiellaTillgangarInteTagitsBortBalansrakningenTuple" xlink:to="label_FinansiellaTillgangarInteTagitsBortBalansrakningenTuple" xlink:title="label: FinansiellaTillgangarInteTagitsBortBalansrakningenTuple to label_FinansiellaTillgangarInteTagitsBortBalansrakningenTuple"/>
    <link:loc xlink:type="locator" xlink:href="se-gaap-ext-2024-09-12.xsd#se-gaap-ext_DerivatinstrumentTuple" xlink:label="DerivatinstrumentTuple" xlink:title="DerivatinstrumentTuple"/>
    <link:label xlink:type="resource" xlink:label="label_DerivatinstrumentTuple" xlink:role="http://www.xbrl.org/2003/role/label" xlink:title="label_DerivatinstrumentTuple" xml:lang="sv" id="label_DerivatinstrumentTuple">Derivatinstrument (Tabell)</link:label>
    <link:labelArc xlink:type="arc" xlink:arcrole="http://www.xbrl.org/2003/arcrole/concept-label" xlink:from="DerivatinstrumentTuple" xlink:to="label_DerivatinstrumentTuple" xlink:title="label: DerivatinstrumentTuple to label_DerivatinstrumentTuple"/>
    <link:loc xlink:type="locator" xlink:href="se-gaap-ext-2024-09-12.xsd#se-gaap-ext_UpplysningAktiekapitalTuple" xlink:label="UpplysningAktiekapitalTuple" xlink:title="UpplysningAktiekapitalTuple"/>
    <link:label xlink:type="resource" xlink:label="label_UpplysningAktiekapitalTuple" xlink:role="http://www.xbrl.org/2003/role/label" xlink:title="label_UpplysningAktiekapitalTuple" xml:lang="sv" id="label_UpplysningAktiekapitalTuple">Specifikation av aktiekapital (Tabell)</link:label>
    <link:labelArc xlink:type="arc" xlink:arcrole="http://www.xbrl.org/2003/arcrole/concept-label" xlink:from="UpplysningAktiekapitalTuple" xlink:to="label_UpplysningAktiekapitalTuple" xlink:title="label: UpplysningAktiekapitalTuple to label_UpplysningAktiekapitalTuple"/>
    <link:loc xlink:type="locator" xlink:href="se-gaap-ext-2024-09-12.xsd#se-gaap-ext_OvrigaForutbetaldaKostnaderUpplupnaIntakterTuple" xlink:label="OvrigaForutbetaldaKostnaderUpplupnaIntakterTuple" xlink:title="OvrigaForutbetaldaKostnaderUpplupnaIntakterTuple"/>
    <link:label xlink:type="resource" xlink:label="label_OvrigaForutbetaldaKostnaderUpplupnaIntakterTuple" xlink:role="http://www.xbrl.org/2003/role/label" xlink:title="label_OvrigaForutbetaldaKostnaderUpplupnaIntakterTuple" xml:lang="sv" id="label_OvrigaForutbetaldaKostnaderUpplupnaIntakterTuple">Övriga förutbetalda kostnader och upplupna intäkter (Tabell)</link:label>
    <link:labelArc xlink:type="arc" xlink:arcrole="http://www.xbrl.org/2003/arcrole/concept-label" xlink:from="OvrigaForutbetaldaKostnaderUpplupnaIntakterTuple" xlink:to="label_OvrigaForutbetaldaKostnaderUpplupnaIntakterTuple" xlink:title="label: OvrigaForutbetaldaKostnaderUpplupnaIntakterTuple to label_OvrigaForutbetaldaKostnaderUpplupnaIntakterTuple"/>
    <link:loc xlink:type="locator" xlink:href="se-gaap-ext-2024-09-12.xsd#se-gaap-ext_RedovisadPensionskostnadEnligtIASTuple" xlink:label="RedovisadPensionskostnadEnligtIASTuple" xlink:title="RedovisadPensionskostnadEnligtIASTuple"/>
    <link:label xlink:type="resource" xlink:label="label_RedovisadPensionskostnadEnligtIASTuple" xlink:role="http://www.xbrl.org/2003/role/label" xlink:title="label_RedovisadPensionskostnadEnligtIASTuple" xml:lang="sv" id="label_RedovisadPensionskostnadEnligtIASTuple">Specifikation av pensionskostnader enligt IAS 19 (Tabell)</link:label>
    <link:labelArc xlink:type="arc" xlink:arcrole="http://www.xbrl.org/2003/arcrole/concept-label" xlink:from="RedovisadPensionskostnadEnligtIASTuple" xlink:to="label_RedovisadPensionskostnadEnligtIASTuple" xlink:title="label: RedovisadPensionskostnadEnligtIASTuple to label_RedovisadPensionskostnadEnligtIASTuple"/>
    <link:loc xlink:type="locator" xlink:href="se-gaap-ext-2024-09-12.xsd#se-gaap-ext_AktuariellaIntakterKostnaderAndraPosterRedovisasMotEgetKapitalEnligtIASTuple" xlink:label="AktuariellaIntakterKostnaderAndraPosterRedovisasMotEgetKapitalEnligtIASTuple" xlink:title="AktuariellaIntakterKostnaderAndraPosterRedovisasMotEgetKapitalEnligtIASTuple"/>
    <link:label xlink:type="resource" xlink:label="label_AktuariellaIntakterKostnaderAndraPosterRedovisasMotEgetKapitalEnligtIASTuple" xlink:role="http://www.xbrl.org/2003/role/label" xlink:title="label_AktuariellaIntakterKostnaderAndraPosterRedovisasMotEgetKapitalEnligtIASTuple" xml:lang="sv" id="label_AktuariellaIntakterKostnaderAndraPosterRedovisasMotEgetKapitalEnligtIASTuple">Aktuariella intäkter och kostnader samt andra poster som redovisas mot eget kapital (Tabell)</link:label>
    <link:labelArc xlink:type="arc" xlink:arcrole="http://www.xbrl.org/2003/arcrole/concept-label" xlink:from="AktuariellaIntakterKostnaderAndraPosterRedovisasMotEgetKapitalEnligtIASTuple" xlink:to="label_AktuariellaIntakterKostnaderAndraPosterRedovisasMotEgetKapitalEnligtIASTuple" xlink:title="label: AktuariellaIntakterKostnaderAndraPosterRedovisasMotEgetKapitalEnligtIASTuple to label_AktuariellaIntakterKostnaderAndraPosterRedovisasMotEgetKapitalEnligtIASTuple"/>
    <link:loc xlink:type="locator" xlink:href="se-gaap-ext-2024-09-12.xsd#se-gaap-ext_UppskjutenSkattSkillnaderSkatteskuldTuple" xlink:label="UppskjutenSkattSkillnaderSkatteskuldTuple" xlink:title="UppskjutenSkattSkillnaderSkatteskuldTuple"/>
    <link:label xlink:type="resource" xlink:label="label_UppskjutenSkattSkillnaderSkatteskuldTuple" xlink:role="http://www.xbrl.org/2003/role/label" xlink:title="label_UppskjutenSkattSkillnaderSkatteskuldTuple" xml:lang="sv" id="label_UppskjutenSkattSkillnaderSkatteskuldTuple">Specifikation av skillnader hänförliga till uppskjuten skatteskuld (Tabell)</link:label>
    <link:labelArc xlink:type="arc" xlink:arcrole="http://www.xbrl.org/2003/arcrole/concept-label" xlink:from="UppskjutenSkattSkillnaderSkatteskuldTuple" xlink:to="label_UppskjutenSkattSkillnaderSkatteskuldTuple" xlink:title="label: UppskjutenSkattSkillnaderSkatteskuldTuple to label_UppskjutenSkattSkillnaderSkatteskuldTuple"/>
    <link:loc xlink:type="locator" xlink:href="se-gaap-ext-2024-09-12.xsd#se-gaap-ext_UppskjutenSkattSkillnaderSkattefordranTuple" xlink:label="UppskjutenSkattSkillnaderSkattefordranTuple" xlink:title="UppskjutenSkattSkillnaderSkattefordranTuple"/>
    <link:label xlink:type="resource" xlink:label="label_UppskjutenSkattSkillnaderSkattefordranTuple" xlink:role="http://www.xbrl.org/2003/role/label" xlink:title="label_UppskjutenSkattSkillnaderSkattefordranTuple" xml:lang="sv" id="label_UppskjutenSkattSkillnaderSkattefordranTuple">Specifikation av skillnader hänförliga till uppskjuten skattefordran (Tabell)</link:label>
    <link:labelArc xlink:type="arc" xlink:arcrole="http://www.xbrl.org/2003/arcrole/concept-label" xlink:from="UppskjutenSkattSkillnaderSkattefordranTuple" xlink:to="label_UppskjutenSkattSkillnaderSkattefordranTuple" xlink:title="label: UppskjutenSkattSkillnaderSkattefordranTuple to label_UppskjutenSkattSkillnaderSkattefordranTuple"/>
    <link:loc xlink:type="locator" xlink:href="se-gaap-ext-2024-09-12.xsd#se-gaap-ext_OvrigaAvsattningarSpecifikationTuple" xlink:label="OvrigaAvsattningarSpecifikationTuple" xlink:title="OvrigaAvsattningarSpecifikationTuple"/>
    <link:label xlink:type="resource" xlink:label="label_OvrigaAvsattningarSpecifikationTuple" xlink:role="http://www.xbrl.org/2003/role/label" xlink:title="label_OvrigaAvsattningarSpecifikationTuple" xml:lang="sv" id="label_OvrigaAvsattningarSpecifikationTuple">Specifikation av övriga avsättningar (Tabell)</link:label>
    <link:labelArc xlink:type="arc" xlink:arcrole="http://www.xbrl.org/2003/arcrole/concept-label" xlink:from="OvrigaAvsattningarSpecifikationTuple" xlink:to="label_OvrigaAvsattningarSpecifikationTuple" xlink:title="label: OvrigaAvsattningarSpecifikationTuple to label_OvrigaAvsattningarSpecifikationTuple"/>
    <link:loc xlink:type="locator" xlink:href="se-gaap-ext-2024-09-12.xsd#se-gaap-ext_LangfristigaSkulderForfallerTuple" xlink:label="LangfristigaSkulderForfallerTuple" xlink:title="LangfristigaSkulderForfallerTuple"/>
    <link:label xlink:type="resource" xlink:label="label_LangfristigaSkulderForfallerTuple" xlink:role="http://www.xbrl.org/2003/role/label" xlink:title="label_LangfristigaSkulderForfallerTuple" xml:lang="sv" id="label_LangfristigaSkulderForfallerTuple">Långfristiga skulder som förfaller till betalning (Tabell)</link:label>
    <link:labelArc xlink:type="arc" xlink:arcrole="http://www.xbrl.org/2003/arcrole/concept-label" xlink:from="LangfristigaSkulderForfallerTuple" xlink:to="label_LangfristigaSkulderForfallerTuple" xlink:title="label: LangfristigaSkulderForfallerTuple to label_LangfristigaSkulderForfallerTuple"/>
    <link:loc xlink:type="locator" xlink:href="se-gaap-ext-2024-09-12.xsd#se-gaap-ext_OvrigaUpplupnaKostnaderForutbetaldaIntakterTuple" xlink:label="OvrigaUpplupnaKostnaderForutbetaldaIntakterTuple" xlink:title="OvrigaUpplupnaKostnaderForutbetaldaIntakterTuple"/>
    <link:label xlink:type="resource" xlink:label="label_OvrigaUpplupnaKostnaderForutbetaldaIntakterTuple" xlink:role="http://www.xbrl.org/2003/role/label" xlink:title="label_OvrigaUpplupnaKostnaderForutbetaldaIntakterTuple" xml:lang="sv" id="label_OvrigaUpplupnaKostnaderForutbetaldaIntakterTuple">Övriga upplupna kostnader och förutbetalda intäkter (Tabell)</link:label>
    <link:labelArc xlink:type="arc" xlink:arcrole="http://www.xbrl.org/2003/arcrole/concept-label" xlink:from="OvrigaUpplupnaKostnaderForutbetaldaIntakterTuple" xlink:to="label_OvrigaUpplupnaKostnaderForutbetaldaIntakterTuple" xlink:title="label: OvrigaUpplupnaKostnaderForutbetaldaIntakterTuple to label_OvrigaUpplupnaKostnaderForutbetaldaIntakterTuple"/>
    <link:loc xlink:type="locator" xlink:href="se-gaap-ext-2024-09-12.xsd#se-gaap-ext_EventualForpliktelserTuple" xlink:label="EventualForpliktelserTuple" xlink:title="EventualForpliktelserTuple"/>
    <link:label xlink:type="resource" xlink:label="label_EventualForpliktelserTuple" xlink:role="http://www.xbrl.org/2003/role/label" xlink:title="label_EventualForpliktelserTuple" xml:lang="sv" id="label_EventualForpliktelserTuple">Eventualförpliktelser (Tabell)</link:label>
    <link:labelArc xlink:type="arc" xlink:arcrole="http://www.xbrl.org/2003/arcrole/concept-label" xlink:from="EventualForpliktelserTuple" xlink:to="label_EventualForpliktelserTuple" xlink:title="label: EventualForpliktelserTuple to label_EventualForpliktelserTuple"/>
    <link:loc xlink:type="locator" xlink:href="se-gaap-ext-2024-09-12.xsd#se-gaap-ext_TillgangarAvsattningarSkulderTuple" xlink:label="TillgangarAvsattningarSkulderTuple" xlink:title="TillgangarAvsattningarSkulderTuple"/>
    <link:label xlink:type="resource" xlink:label="label_TillgangarAvsattningarSkulderTuple" xlink:role="http://www.xbrl.org/2003/role/label" xlink:title="label_TillgangarAvsattningarSkulderTuple" xml:lang="sv" id="label_TillgangarAvsattningarSkulderTuple">Tillgångar, avsättningar och skulder som avser flera poster (Tabell)</link:label>
    <link:labelArc xlink:type="arc" xlink:arcrole="http://www.xbrl.org/2003/arcrole/concept-label" xlink:from="TillgangarAvsattningarSkulderTuple" xlink:to="label_TillgangarAvsattningarSkulderTuple" xlink:title="label: TillgangarAvsattningarSkulderTuple to label_TillgangarAvsattningarSkulderTuple"/>
    <link:loc xlink:type="locator" xlink:href="se-gaap-ext-2024-09-12.xsd#se-gaap-ext_OvrigaPosterInteIngarKassaflodetTuple" xlink:label="OvrigaPosterInteIngarKassaflodetTuple" xlink:title="OvrigaPosterInteIngarKassaflodetTuple"/>
    <link:label xlink:type="resource" xlink:label="label_OvrigaPosterInteIngarKassaflodetTuple" xlink:role="http://www.xbrl.org/2003/role/label" xlink:title="label_OvrigaPosterInteIngarKassaflodetTuple" xml:lang="sv" id="label_OvrigaPosterInteIngarKassaflodetTuple">Specifikation av övriga poster som inte ingår i kassaflödet m.m. (Tabell)</link:label>
    <link:labelArc xlink:type="arc" xlink:arcrole="http://www.xbrl.org/2003/arcrole/concept-label" xlink:from="OvrigaPosterInteIngarKassaflodetTuple" xlink:to="label_OvrigaPosterInteIngarKassaflodetTuple" xlink:title="label: OvrigaPosterInteIngarKassaflodetTuple to label_OvrigaPosterInteIngarKassaflodetTuple"/>
    <link:loc xlink:type="locator" xlink:href="se-gaap-ext-2024-09-12.xsd#se-gaap-ext_UnderskriftArsredovisningForetradareTuple" xlink:label="UnderskriftArsredovisningForetradareTuple" xlink:title="UnderskriftArsredovisningForetradareTuple"/>
    <link:label xlink:type="resource" xlink:label="label_UnderskriftArsredovisningForetradareTuple" xlink:role="http://www.xbrl.org/2003/role/label" xlink:title="label_UnderskriftArsredovisningForetradareTuple" xml:lang="sv" id="label_UnderskriftArsredovisningForetradareTuple">Undertecknande av företrädare (Tabell)</link:label>
    <link:labelArc xlink:type="arc" xlink:arcrole="http://www.xbrl.org/2003/arcrole/concept-label" xlink:from="UnderskriftArsredovisningForetradareTuple" xlink:to="label_UnderskriftArsredovisningForetradareTuple" xlink:title="label: UnderskriftArsredovisningForetradareTuple to label_UnderskriftArsredovisningForetradareTuple"/>
    <link:loc xlink:type="locator" xlink:href="se-gaap-ext-2024-09-12.xsd#se-gaap-ext_UnderskriftRevisorspateckningTuple" xlink:label="UnderskriftRevisorspateckningTuple" xlink:title="UnderskriftRevisorspateckningTuple"/>
    <link:label xlink:type="resource" xlink:label="label_UnderskriftRevisorspateckningTuple" xlink:role="http://www.xbrl.org/2003/role/label" xlink:title="label_UnderskriftRevisorspateckningTuple" xml:lang="sv" id="label_UnderskriftRevisorspateckningTuple">Underskrift av revisorspåteckning (Tabell)</link:label>
    <link:labelArc xlink:type="arc" xlink:arcrole="http://www.xbrl.org/2003/arcrole/concept-label" xlink:from="UnderskriftRevisorspateckningTuple" xlink:to="label_UnderskriftRevisorspateckningTuple" xlink:title="label: UnderskriftRevisorspateckningTuple to label_UnderskriftRevisorspateckningTuple"/>
    <link:loc xlink:type="locator" xlink:href="se-gaap-ext-2024-09-12.xsd#se-gaap-ext_OvrigaRorelseintakterOffentligaBidragTuple" xlink:label="OvrigaRorelseintakterOffentligaBidragTuple" xlink:title="OvrigaRorelseintakterOffentligaBidragTuple"/>
    <link:label xlink:type="resource" xlink:label="label_OvrigaRorelseintakterOffentligaBidragTuple" xlink:role="http://www.xbrl.org/2003/role/label" xlink:title="label_OvrigaRorelseintakterOffentligaBidragTuple" xml:lang="sv" id="label_OvrigaRorelseintakterOffentligaBidragTuple">Offentliga bidrag (Tabell)</link:label>
    <link:labelArc xlink:type="arc" xlink:arcrole="http://www.xbrl.org/2003/arcrole/concept-label" xlink:from="OvrigaRorelseintakterOffentligaBidragTuple" xlink:to="label_OvrigaRorelseintakterOffentligaBidragTuple" xlink:title="label: OvrigaRorelseintakterOffentligaBidragTuple to label_OvrigaRorelseintakterOffentligaBidragTuple"/>
    <link:loc xlink:type="locator" xlink:href="se-gaap-ext-2024-09-12.xsd#se-gaap-ext_AndraOvrigaAvsattningarSpecifikationTuple" xlink:label="AndraOvrigaAvsattningarSpecifikationTuple" xlink:title="AndraOvrigaAvsattningarSpecifikationTuple"/>
    <link:label xlink:type="resource" xlink:label="label_AndraOvrigaAvsattningarSpecifikationTuple" xlink:role="http://www.xbrl.org/2003/role/label" xlink:title="label_AndraOvrigaAvsattningarSpecifikationTuple" xml:lang="sv" id="label_AndraOvrigaAvsattningarSpecifikationTuple">Specifikation av andra övriga avsättningar (Tabell)</link:label>
    <link:labelArc xlink:type="arc" xlink:arcrole="http://www.xbrl.org/2003/arcrole/concept-label" xlink:from="AndraOvrigaAvsattningarSpecifikationTuple" xlink:to="label_AndraOvrigaAvsattningarSpecifikationTuple" xlink:title="label: AndraOvrigaAvsattningarSpecifikationTuple to label_AndraOvrigaAvsattningarSpecifikationTuple"/>
    <link:loc xlink:type="locator" xlink:href="se-gaap-ext-2024-09-12.xsd#se-gaap-ext_UppgiftModerforetagTuple" xlink:label="UppgiftModerforetagTuple" xlink:title="UppgiftModerforetagTuple"/>
    <link:label xlink:type="resource" xlink:label="label_UppgiftModerforetagTuple" xlink:role="http://www.xbrl.org/2003/role/label" xlink:title="label_UppgiftModerforetagTuple" xml:lang="sv" id="label_UppgiftModerforetagTuple">Uppgift om moderföretag (Tabell)</link:label>
    <link:labelArc xlink:type="arc" xlink:arcrole="http://www.xbrl.org/2003/arcrole/concept-label" xlink:from="UppgiftModerforetagTuple" xlink:to="label_UppgiftModerforetagTuple" xlink:title="label: UppgiftModerforetagTuple to label_UppgiftModerforetagTuple"/>
    <link:loc xlink:type="locator" xlink:href="se-gaap-ext-2024-09-12.xsd#se-gaap-ext_SpecifikationForslagUtdelningAktieslagTuple" xlink:label="SpecifikationForslagUtdelningAktieslagTuple_2" xlink:title="SpecifikationForslagUtdelningAktieslagTuple"/>
    <link:label xlink:type="resource" xlink:label="label_SpecifikationForslagUtdelningAktieslagTuple_2" xlink:role="http://www.xbrl.org/2003/role/label" xlink:title="label_SpecifikationForslagUtdelningAktieslagTuple" xml:lang="sv" id="label_SpecifikationForslagUtdelningAktieslagTuple_2">Specifikation av förslag om utdelning per aktieslag (Tabell)</link:label>
    <link:labelArc xlink:type="arc" xlink:arcrole="http://www.xbrl.org/2003/arcrole/concept-label" xlink:from="SpecifikationForslagUtdelningAktieslagTuple_2" xlink:to="label_SpecifikationForslagUtdelningAktieslagTuple_2" xlink:title="label: SpecifikationForslagUtdelningAktieslagTuple to label_SpecifikationForslagUtdelningAktieslagTuple"/>
    <link:loc xlink:type="locator" xlink:href="se-gaap-ext-2024-09-12.xsd#se-gaap-ext_InnehavAndelarKoncernforetagInklusiveUppgiftForetagTuple" xlink:label="InnehavAndelarKoncernforetagInklusiveUppgiftForetagTuple_2" xlink:title="InnehavAndelarKoncernforetagInklusiveUppgiftForetagTuple"/>
    <link:label xlink:type="resource" xlink:label="label_InnehavAndelarKoncernforetagInklusiveUppgiftForetagTuple_2" xlink:role="http://www.xbrl.org/2003/role/label" xlink:title="label_InnehavAndelarKoncernforetagInklusiveUppgiftForetagTuple" xml:lang="sv" id="label_InnehavAndelarKoncernforetagInklusiveUppgiftForetagTuple_2">Specifikation innehav av andelar i koncernföretag inklusive uppgifter om företag (Tabell)</link:label>
    <link:labelArc xlink:type="arc" xlink:arcrole="http://www.xbrl.org/2003/arcrole/concept-label" xlink:from="InnehavAndelarKoncernforetagInklusiveUppgiftForetagTuple_2" xlink:to="label_InnehavAndelarKoncernforetagInklusiveUppgiftForetagTuple_2" xlink:title="label: InnehavAndelarKoncernforetagInklusiveUppgiftForetagTuple to label_InnehavAndelarKoncernforetagInklusiveUppgiftForetagTuple"/>
    <link:loc xlink:type="locator" xlink:href="se-gaap-ext-2024-09-12.xsd#se-gaap-ext_PerioderingsfonderSpecifikationTuple" xlink:label="PerioderingsfonderSpecifikationTuple_2" xlink:title="PerioderingsfonderSpecifikationTuple"/>
    <link:label xlink:type="resource" xlink:label="label_PerioderingsfonderSpecifikationTuple_2" xlink:role="http://www.xbrl.org/2003/role/label" xlink:title="label_PerioderingsfonderSpecifikationTuple" xml:lang="sv" id="label_PerioderingsfonderSpecifikationTuple_2">Specifikation av periodiseringsfonder (Tabell)</link:label>
    <link:labelArc xlink:type="arc" xlink:arcrole="http://www.xbrl.org/2003/arcrole/concept-label" xlink:from="PerioderingsfonderSpecifikationTuple_2" xlink:to="label_PerioderingsfonderSpecifikationTuple_2" xlink:title="label: PerioderingsfonderSpecifikationTuple to label_PerioderingsfonderSpecifikationTuple"/>
    <link:loc xlink:type="locator" xlink:href="se-gaap-ext-2024-09-12.xsd#se-gaap-ext_ErsattningsfonderTuple" xlink:label="ErsattningsfonderTuple_2" xlink:title="ErsattningsfonderTuple"/>
    <link:label xlink:type="resource" xlink:label="label_ErsattningsfonderTuple_2" xlink:role="http://www.xbrl.org/2003/role/label" xlink:title="label_ErsattningsfonderTuple" xml:lang="sv" id="label_ErsattningsfonderTuple_2">Specifikation av ersättningsfonder (Tabell)</link:label>
    <link:labelArc xlink:type="arc" xlink:arcrole="http://www.xbrl.org/2003/arcrole/concept-label" xlink:from="ErsattningsfonderTuple_2" xlink:to="label_ErsattningsfonderTuple_2" xlink:title="label: ErsattningsfonderTuple to label_ErsattningsfonderTuple"/>
    <link:loc xlink:type="locator" xlink:href="se-gaap-ext-2024-09-12.xsd#se-gaap-ext_AndraObeskattadeReserverTuple" xlink:label="AndraObeskattadeReserverTuple_2" xlink:title="AndraObeskattadeReserverTuple"/>
    <link:label xlink:type="resource" xlink:label="label_AndraObeskattadeReserverTuple_2" xlink:role="http://www.xbrl.org/2003/role/label" xlink:title="label_AndraObeskattadeReserverTuple" xml:lang="sv" id="label_AndraObeskattadeReserverTuple_2">Specifikation av andra obeskattade reserver (Tabell)</link:label>
    <link:labelArc xlink:type="arc" xlink:arcrole="http://www.xbrl.org/2003/arcrole/concept-label" xlink:from="AndraObeskattadeReserverTuple_2" xlink:to="label_AndraObeskattadeReserverTuple_2" xlink:title="label: AndraObeskattadeReserverTuple to label_AndraObeskattadeReserverTuple"/>
    <link:loc xlink:type="locator" xlink:href="se-gaap-ext-2024-09-12.xsd#se-gaap-ext_FusionBolagTuple" xlink:label="FusionBolagTuple" xlink:title="FusionBolagTuple"/>
    <link:label xlink:type="resource" xlink:label="label_FusionBolagTuple" xlink:role="http://www.xbrl.org/2003/role/label" xlink:title="label_FusionBolagTuple" xml:lang="sv" id="label_FusionBolagTuple">Uppgift om företag som övertagits vid fusion (Tabell)</link:label>
    <link:labelArc xlink:type="arc" xlink:arcrole="http://www.xbrl.org/2003/arcrole/concept-label" xlink:from="FusionBolagTuple" xlink:to="label_FusionBolagTuple" xlink:title="label: FusionBolagTuple to label_FusionBolagTuple"/>
    <link:loc xlink:type="locator" xlink:href="se-gaap-ext-2024-09-12.xsd#se-gaap-ext_FusionOverlatandeForetagBalansrakningTuple" xlink:label="FusionOverlatandeForetagBalansrakningTuple" xlink:title="FusionOverlatandeForetagBalansrakningTuple"/>
    <link:label xlink:type="resource" xlink:label="label_FusionOverlatandeForetagBalansrakningTuple" xlink:role="http://www.xbrl.org/2003/role/label" xlink:title="label_FusionOverlatandeForetagBalansrakningTuple" xml:lang="sv" id="label_FusionOverlatandeForetagBalansrakningTuple">Uppgift om övertaget företags balansräkningar per fusionsdagen (Tabell)</link:label>
    <link:labelArc xlink:type="arc" xlink:arcrole="http://www.xbrl.org/2003/arcrole/concept-label" xlink:from="FusionOverlatandeForetagBalansrakningTuple" xlink:to="label_FusionOverlatandeForetagBalansrakningTuple" xlink:title="label: FusionOverlatandeForetagBalansrakningTuple to label_FusionOverlatandeForetagBalansrakningTuple"/>
    <link:loc xlink:type="locator" xlink:href="se-gaap-ext-2024-09-12.xsd#se-gaap-ext_UppgiftNarmasteModerforetagTuple" xlink:label="UppgiftEndastModerforetagTuple" xlink:title="UppgiftEndastModerforetagTuple"/>
    <link:label xlink:type="resource" xlink:label="label_UppgiftEndastModerforetagTuple" xlink:role="http://www.xbrl.org/2003/role/label" xlink:title="label_UppgiftEndastModerforetagTuple" xml:lang="sv" id="label_UppgiftEndastModerforetagTuple">Uppgift om närmaste moderföretag (Tabell)</link:label>
    <link:labelArc xlink:type="arc" xlink:arcrole="http://www.xbrl.org/2003/arcrole/concept-label" xlink:from="UppgiftEndastModerforetagTuple" xlink:to="label_UppgiftEndastModerforetagTuple" xlink:title="label: UppgiftEndastModerforetagTuple to label_UppgiftEndastModerforetagTuple"/>
    <link:loc xlink:type="locator" xlink:href="se-gaap-ext-2024-09-12.xsd#se-gaap-ext_InnehavAndelarIntresseforetagGemensamtStyrdaForetagInklusiveUppgiftForetagK2Tuple" xlink:label="InnehavAndelarIntresseforetagGemensamtStyrdaForetagInklusiveUppgiftForetagK2Tuple" xlink:title="InnehavAndelarIntresseforetagGemensamtStyrdaForetagInklusiveUppgiftForetagK2Tuple"/>
    <link:label xlink:type="resource" xlink:label="label_InnehavAndelarIntresseforetagGemensamtStyrdaForetagInklusiveUppgiftForetagK2Tuple" xlink:role="http://www.xbrl.org/2003/role/label" xlink:title="label_InnehavAndelarIntresseforetagGemensamtStyrdaForetagInklusiveUppgiftForetagK2Tuple" xml:lang="sv" id="label_InnehavAndelarIntresseforetagGemensamtStyrdaForetagInklusiveUppgiftForetagK2Tuple">Specifikation innehav av andelar i intresseföretag och gemensamt styrda företag inklusive uppgifter om företag för K2 (Tabell)</link:label>
    <link:labelArc xlink:type="arc" xlink:arcrole="http://www.xbrl.org/2003/arcrole/concept-label" xlink:from="InnehavAndelarIntresseforetagGemensamtStyrdaForetagInklusiveUppgiftForetagK2Tuple" xlink:to="label_InnehavAndelarIntresseforetagGemensamtStyrdaForetagInklusiveUppgiftForetagK2Tuple" xlink:title="label: InnehavAndelarIntresseforetagGemensamtStyrdaForetagInklusiveUppgiftForetagK2Tuple to label_InnehavAndelarIntresseforetagGemensamtStyrdaForetagInklusiveUppgiftForetagK2Tuple"/>
  </link:labelLink>
</link:linkbase>
