<?xml version="1.0" encoding="UTF-8"?>
<!-- Generated by Fujitsu Interstage XWand B0255 -->
<link:linkbase xmlns:xsi="http://www.w3.org/2001/XMLSchema-instance" xsi:schemaLocation="http://www.xbrl.org/2003/linkbase http://www.xbrl.org/2003/xbrl-linkbase-2003-12-31.xsd" xmlns:se-fekq-ext="http://www.taxonomier.se/se/fr/stat/fek/fekq-ext/2021-10-31" xmlns:link="http://www.xbrl.org/2003/linkbase" xmlns:xbrli="http://www.xbrl.org/2003/instance" xmlns:xlink="http://www.w3.org/1999/xlink">
  <link:labelLink xlink:type="extended" xlink:role="http://www.xbrl.org/2003/role/link">
    <link:loc xlink:type="locator" xlink:href="../../../../../base/se-cd-base/2021-10-31/se-cd-base-2021-10-31.xsd#se-cd-base_RakenskapsarAbstract" xlink:label="RakenskapsarAbstract" xlink:title="RakenskapsarAbstract"/>
    <link:label xlink:type="resource" xlink:label="label_RakenskapsarAbstract" xlink:role="http://www.xbrl.org/2003/role/verboseLabel" xlink:title="label_RakenskapsarAbstract" xml:lang="sv" id="label_RakenskapsarAbstract">Räkenskapsår och delårsperiod</link:label>
    <link:labelArc xlink:type="arc" xlink:arcrole="http://www.xbrl.org/2003/arcrole/concept-label" xlink:from="RakenskapsarAbstract" xlink:to="label_RakenskapsarAbstract" xlink:title="label: RakenskapsarAbstract to label_RakenskapsarAbstract"/>
    <link:loc xlink:type="locator" xlink:href="../../../../../base/se-cd-base/2021-10-31/se-cd-base-2021-10-31.xsd#se-cd-base_DelarsperiodForstaDag" xlink:label="DelarsperiodForstaDag" xlink:title="DelarsperiodForstaDag"/>
    <link:label xlink:type="resource" xlink:label="label_DelarsperiodForstaDag" xlink:role="http://www.xbrl.org/2003/role/verboseLabel" xlink:title="label_DelarsperiodForstaDag" xml:lang="sv" id="label_DelarsperiodForstaDag">Delårsperiodens/kvartalets första dag</link:label>
    <link:labelArc xlink:type="arc" xlink:arcrole="http://www.xbrl.org/2003/arcrole/concept-label" xlink:from="DelarsperiodForstaDag" xlink:to="label_DelarsperiodForstaDag" xlink:title="label: DelarsperiodForstaDag to label_DelarsperiodForstaDag"/>
    <link:loc xlink:type="locator" xlink:href="../../../../../base/se-cd-base/2021-10-31/se-cd-base-2021-10-31.xsd#se-cd-base_DelarsperiodSistaDag" xlink:label="DelarsperiodSistaDag" xlink:title="DelarsperiodSistaDag"/>
    <link:label xlink:type="resource" xlink:label="label_DelarsperiodSistaDag" xlink:role="http://www.xbrl.org/2003/role/verboseLabel" xlink:title="label_DelarsperiodSistaDag" xml:lang="sv" id="label_DelarsperiodSistaDag">Delårsperiodens/kvartalets sista dag</link:label>
    <link:labelArc xlink:type="arc" xlink:arcrole="http://www.xbrl.org/2003/arcrole/concept-label" xlink:from="DelarsperiodSistaDag" xlink:to="label_DelarsperiodSistaDag" xlink:title="label: DelarsperiodSistaDag to label_DelarsperiodSistaDag"/>
    <link:loc xlink:type="locator" xlink:href="../../../../../base/se-gen-base/2021-10-31/se-gen-base-2021-10-31.xsd#se-gen-base_RorelseresultatAbstract" xlink:label="RorelseresultatAbstract" xlink:title="RorelseresultatAbstract"/>
    <link:label xlink:type="resource" xlink:label="label_RorelseresultatAbstract" xlink:role="http://www.xbrl.org/2003/role/verboseLabel" xlink:title="label_RorelseresultatAbstract" xml:lang="sv" id="label_RorelseresultatAbstract">Rörelseresultat</link:label>
    <link:labelArc xlink:type="arc" xlink:arcrole="http://www.xbrl.org/2003/arcrole/concept-label" xlink:from="RorelseresultatAbstract" xlink:to="label_RorelseresultatAbstract" xlink:title="label: RorelseresultatAbstract to label_RorelseresultatAbstract"/>
    <link:loc xlink:type="locator" xlink:href="../../../../../base/se-gen-base/2021-10-31/se-gen-base-2021-10-31.xsd#se-gen-base_RorelsensIntakterLagerforandringarMmAbstract" xlink:label="RorelsensIntakterLagerforandringarMmAbstract" xlink:title="RorelsensIntakterLagerforandringarMmAbstract"/>
    <link:label xlink:type="resource" xlink:label="label_RorelsensIntakterLagerforandringarMmAbstract" xlink:role="http://www.xbrl.org/2003/role/verboseLabel" xlink:title="label_RorelsensIntakterLagerforandringarMmAbstract" xml:lang="sv" id="label_RorelsensIntakterLagerforandringarMmAbstract">Rörelsens intäkter, lagerförändringar m.m.</link:label>
    <link:labelArc xlink:type="arc" xlink:arcrole="http://www.xbrl.org/2003/arcrole/concept-label" xlink:from="RorelsensIntakterLagerforandringarMmAbstract" xlink:to="label_RorelsensIntakterLagerforandringarMmAbstract" xlink:title="label: RorelsensIntakterLagerforandringarMmAbstract to label_RorelsensIntakterLagerforandringarMmAbstract"/>
    <link:loc xlink:type="locator" xlink:href="../../../../../base/se-gen-base/2021-10-31/se-gen-base-2021-10-31.xsd#se-gen-base_RorelsekostnaderAbstract" xlink:label="RorelsekostnaderAbstract" xlink:title="RorelsekostnaderAbstract"/>
    <link:label xlink:type="resource" xlink:label="label_RorelsekostnaderAbstract" xlink:role="http://www.xbrl.org/2003/role/verboseLabel" xlink:title="label_RorelsekostnaderAbstract" xml:lang="sv" id="label_RorelsekostnaderAbstract">Rörelsens kostnader</link:label>
    <link:labelArc xlink:type="arc" xlink:arcrole="http://www.xbrl.org/2003/arcrole/concept-label" xlink:from="RorelsekostnaderAbstract" xlink:to="label_RorelsekostnaderAbstract" xlink:title="label: RorelsekostnaderAbstract to label_RorelsekostnaderAbstract"/>
    <link:loc xlink:type="locator" xlink:href="../../../../../base/se-gen-base/2021-10-31/se-gen-base-2021-10-31.xsd#se-gen-base_InventarierVerktygInstallationerAbstract" xlink:label="InventarierVerktygInstallationerAbstract" xlink:title="InventarierVerktygInstallationerAbstract"/>
    <link:label xlink:type="resource" xlink:label="label_InventarierVerktygInstallationerAbstract" xlink:role="http://www.xbrl.org/2003/role/verboseLabel" xlink:title="label_InventarierVerktygInstallationerAbstract" xml:lang="sv" id="label_InventarierVerktygInstallationerAbstract">Inventarier, verktyg och installationer</link:label>
    <link:labelArc xlink:type="arc" xlink:arcrole="http://www.xbrl.org/2003/arcrole/concept-label" xlink:from="InventarierVerktygInstallationerAbstract" xlink:to="label_InventarierVerktygInstallationerAbstract" xlink:title="label: InventarierVerktygInstallationerAbstract to label_InventarierVerktygInstallationerAbstract"/>
  </link:labelLink>
</link:linkbase>
