<?xml version="1.0" encoding="UTF-8"?>
<!-- Generated by Fujitsu Interstage XWand B0255 -->
<link:linkbase xmlns:xsi="http://www.w3.org/2001/XMLSchema-instance" xsi:schemaLocation="http://www.xbrl.org/2003/linkbase http://www.xbrl.org/2003/xbrl-linkbase-2003-12-31.xsd" xmlns:se-fekq-ext="http://www.taxonomier.se/se/fr/stat/fek/fekq-ext/2021-10-31" xmlns:link="http://www.xbrl.org/2003/linkbase" xmlns:xbrli="http://www.xbrl.org/2003/instance" xmlns:xlink="http://www.w3.org/1999/xlink">
  <link:labelLink xlink:type="extended" xlink:role="http://www.xbrl.org/2003/role/link">
    <link:loc xlink:type="locator" xlink:href="../../../../../base/se-gen-base/2021-10-31/se-gen-base-2021-10-31.xsd#se-gen-base_LonerAndraErsattningar" xlink:label="LonerAndraErsattningar" xlink:title="LonerAndraErsattningar"/>
    <link:label xlink:type="resource" xlink:label="label_LonerAndraErsattningar" xlink:role="http://www.xbrl.org/2003/role/definitionGuidance" xlink:title="label_LonerAndraErsattningar" xml:lang="sv" id="label_LonerAndraErsattningar">Sammanlagt belopp av periodens löner och andra skattepliktiga ersättningar inkl. avgångsvederlag</link:label>
    <link:labelArc xlink:type="arc" xlink:arcrole="http://www.xbrl.org/2003/arcrole/concept-label" xlink:from="LonerAndraErsattningar" xlink:to="label_LonerAndraErsattningar" xlink:title="label: LonerAndraErsattningar to label_LonerAndraErsattningar"/>
    <link:loc xlink:type="locator" xlink:href="se-fekq-ext-2021-10-31.xsd#se-fekq-ext_OvrigaRorelsekostnaderPerKostnadsslagTuple" xlink:label="OvrigaRorelsekostnaderPerKostnadsslagTuple" xlink:title="OvrigaRorelsekostnaderPerKostnadsslagTuple"/>
    <link:label xlink:type="resource" xlink:label="label_OvrigaRorelsekostnaderPerKostnadsslagTuple" xlink:role="http://www.xbrl.org/2003/role/documentation" xlink:title="label_OvrigaRorelsekostnaderPerKostnadsslagTuple" xml:lang="sv" id="label_OvrigaRorelsekostnaderPerKostnadsslagTuple">Specifikation av vissa poster som ingår i övriga rörelsekostnader; Valutakursdifferenser av rörelsekaraktär, Resultat vid avyttring av materiella och immateriella anläggningstillgångar samt Omstruktureringsåtgärder</link:label>
    <link:labelArc xlink:type="arc" xlink:arcrole="http://www.xbrl.org/2003/arcrole/concept-label" xlink:from="OvrigaRorelsekostnaderPerKostnadsslagTuple" xlink:to="label_OvrigaRorelsekostnaderPerKostnadsslagTuple" xlink:title="label: OvrigaRorelsekostnaderPerKostnadsslagTuple to label_OvrigaRorelsekostnaderPerKostnadsslagTuple"/>
    <link:loc xlink:type="locator" xlink:href="se-fekq-ext-2021-10-31.xsd#se-fekq-ext_OvrigaRorelseintakterPerIntaktsslagTuple" xlink:label="OvrigaRorelseintakterPerIntaktsslagTuple" xlink:title="OvrigaRorelseintakterPerIntaktsslagTuple"/>
    <link:label xlink:type="resource" xlink:label="label_OvrigaRorelseintakterPerIntaktsslagTuple" xlink:role="http://www.xbrl.org/2003/role/documentation" xlink:title="label_OvrigaRorelseintakterPerIntaktsslagTuple" xml:lang="sv" id="label_OvrigaRorelseintakterPerIntaktsslagTuple">Specifikation av vissa poster som ingår i övriga rörelseintäkter; Erhållna offentliga bidrag, Valutakursdifferenser av rörelsekaraktär samt Resultat vid avyttring av materiella och immateriella anläggningstillgångar</link:label>
    <link:labelArc xlink:type="arc" xlink:arcrole="http://www.xbrl.org/2003/arcrole/concept-label" xlink:from="OvrigaRorelseintakterPerIntaktsslagTuple" xlink:to="label_OvrigaRorelseintakterPerIntaktsslagTuple" xlink:title="label: OvrigaRorelseintakterPerIntaktsslagTuple to label_OvrigaRorelseintakterPerIntaktsslagTuple"/>
    <link:loc xlink:type="locator" xlink:href="se-fekq-ext-2021-10-31.xsd#se-fekq-ext_FordelningAvAndraExternaKostnaderTuple" xlink:label="FordelningAvAndraExternaKostnaderTuple" xlink:title="FordelningAvAndraExternaKostnaderTuple"/>
    <link:label xlink:type="resource" xlink:label="label_FordelningAvAndraExternaKostnaderTuple" xlink:role="http://www.xbrl.org/2003/role/documentation" xlink:title="label_FordelningAvAndraExternaKostnaderTuple" xml:lang="sv" id="label_FordelningAvAndraExternaKostnaderTuple">Specifikation av vissa poster som ingår i övriga externa kostnader; Förbrukningsinventarier med en livslängd på mer än ett år, Valutakursdifferenser av rörelsekaraktär samt Resultat vid avyttring av materiella och immateriella anläggningstillgångar</link:label>
    <link:labelArc xlink:type="arc" xlink:arcrole="http://www.xbrl.org/2003/arcrole/concept-label" xlink:from="FordelningAvAndraExternaKostnaderTuple" xlink:to="label_FordelningAvAndraExternaKostnaderTuple" xlink:title="label: FordelningAvAndraExternaKostnaderTuple to label_FordelningAvAndraExternaKostnaderTuple"/>
  </link:labelLink>
</link:linkbase>
