<?xml version="1.0" encoding="UTF-8"?>
<!-- Generated by Fujitsu Interstage XWand B0255 -->
<link:linkbase xmlns:xsi="http://www.w3.org/2001/XMLSchema-instance" xsi:schemaLocation="http://www.xbrl.org/2003/linkbase http://www.xbrl.org/2003/xbrl-linkbase-2003-12-31.xsd" xmlns:se-fekq-ext="http://www.taxonomier.se/se/fr/stat/fek/fekq-ext/2021-10-31" xmlns:link="http://www.xbrl.org/2003/linkbase" xmlns:xbrli="http://www.xbrl.org/2003/instance" xmlns:xlink="http://www.w3.org/1999/xlink">
  <link:labelLink xlink:type="extended" xlink:role="http://www.xbrl.org/2003/role/link">
    <link:loc xlink:type="locator" xlink:href="../../../../../base/se-cd-base/2021-10-31/se-cd-base-2021-10-31.xsd#se-cd-base_ForetagetsNamn" xlink:label="ForetagetsNamn" xlink:title="se-cd-base_ForetagetsNamn_8843"/>
    <link:label xlink:type="resource" xlink:label="label_ForetagetsNamn" xlink:role="http://www.xbrl.org/2003/role/terseLabel" xlink:title="label_ForetagetsNamn" xml:lang="sv" id="label_ForetagetsNamn">Företagets namn</link:label>
    <link:labelArc xlink:type="arc" xlink:arcrole="http://www.xbrl.org/2003/arcrole/concept-label" xlink:from="ForetagetsNamn" xlink:to="label_ForetagetsNamn" xlink:title="label: ForetagetsNamn to label_ForetagetsNamn"/>
    <link:loc xlink:type="locator" xlink:href="../../../../../base/se-cd-base/2021-10-31/se-cd-base-2021-10-31.xsd#se-cd-base_RedovisningsvalutaHandlingList" xlink:label="RedovisningsvalutaHandlingList" xlink:title="RedovisningsvalutaHandlingList"/>
    <link:label xlink:type="resource" xlink:label="label_RedovisningsvalutaHandlingList" xlink:role="http://www.xbrl.org/2003/role/terseLabel" xlink:title="label_RedovisningsvalutaHandlingList" xml:lang="sv" id="label_RedovisningsvalutaHandlingList">Redovisningsvaluta</link:label>
    <link:labelArc xlink:type="arc" xlink:arcrole="http://www.xbrl.org/2003/arcrole/concept-label" xlink:from="RedovisningsvalutaHandlingList" xlink:to="label_RedovisningsvalutaHandlingList" xlink:title="label: RedovisningsvalutaHandlingList to label_RedovisningsvalutaHandlingList"/>
    <link:loc xlink:type="locator" xlink:href="../../../../../base/se-cd-base/2021-10-31/se-cd-base-2021-10-31.xsd#se-cd-base_DelarsperiodAbstract" xlink:label="DelarsperiodAbstract" xlink:title="DelarsperiodAbstract"/>
    <link:label xlink:type="resource" xlink:label="label_DelarsperiodAbstract" xlink:role="http://www.xbrl.org/2003/role/terseLabel" xlink:title="label_DelarsperiodAbstract" xml:lang="sv" id="label_DelarsperiodAbstract">Delårsperiod</link:label>
    <link:labelArc xlink:type="arc" xlink:arcrole="http://www.xbrl.org/2003/arcrole/concept-label" xlink:from="DelarsperiodAbstract" xlink:to="label_DelarsperiodAbstract" xlink:title="label: DelarsperiodAbstract to label_DelarsperiodAbstract"/>
    <link:loc xlink:type="locator" xlink:href="../../../../../base/se-cd-base/2021-10-31/se-cd-base-2021-10-31.xsd#se-cd-base_KontaktuppgifterAbstract" xlink:label="KontaktuppgifterAbstract" xlink:title="KontaktuppgifterAbstract"/>
    <link:label xlink:type="resource" xlink:label="label_KontaktuppgifterAbstract" xlink:role="http://www.xbrl.org/2003/role/terseLabel" xlink:title="label_KontaktuppgifterAbstract" xml:lang="sv" id="label_KontaktuppgifterAbstract">Kontaktuppgifter</link:label>
    <link:labelArc xlink:type="arc" xlink:arcrole="http://www.xbrl.org/2003/arcrole/concept-label" xlink:from="KontaktuppgifterAbstract" xlink:to="label_KontaktuppgifterAbstract" xlink:title="label: KontaktuppgifterAbstract to label_KontaktuppgifterAbstract"/>
    <link:loc xlink:type="locator" xlink:href="../../../../../base/se-cd-base/2021-10-31/se-cd-base-2021-10-31.xsd#se-cd-base_AllmanInformationForetagetAbstract" xlink:label="AllmanInformationForetagetAbstract" xlink:title="AllmanInformationForetagetAbstract"/>
    <link:label xlink:type="resource" xlink:label="label_AllmanInformationForetagetAbstract" xlink:role="http://www.xbrl.org/2003/role/terseLabel" xlink:title="label_AllmanInformationForetagetAbstract" xml:lang="sv" id="label_AllmanInformationForetagetAbstract">Allmän information</link:label>
    <link:labelArc xlink:type="arc" xlink:arcrole="http://www.xbrl.org/2003/arcrole/concept-label" xlink:from="AllmanInformationForetagetAbstract" xlink:to="label_AllmanInformationForetagetAbstract" xlink:title="label: AllmanInformationForetagetAbstract to label_AllmanInformationForetagetAbstract"/>
    <link:loc xlink:type="locator" xlink:href="../../../../../base/se-mem-base/2021-10-31/se-mem-base-2021-10-31.xsd#se-mem-base_ResultatAvyttringMateriellaImmateriellaAnlaggningstillgangarMember" xlink:label="ResultatAvyttringMateriellaImmateriellaAnlaggningstillgangarMember" xlink:title="ResultatAvyttringMateriellaImmateriellaAnlaggningstillgangarMember"/>
    <link:label xlink:type="resource" xlink:label="label_ResultatAvyttringMateriellaImmateriellaAnlaggningstillgangarMember" xlink:role="http://www.xbrl.org/2003/role/terseLabel" xlink:title="label_ResultatAvyttringMateriellaImmateriellaAnlaggningstillgangarMember" xml:lang="sv" id="label_ResultatAvyttringMateriellaImmateriellaAnlaggningstillgangarMember">(varav Resultat vid avyttring av materiella och immateriella anläggningstillgångar) (Värde)</link:label>
    <link:labelArc xlink:type="arc" xlink:arcrole="http://www.xbrl.org/2003/arcrole/concept-label" xlink:from="ResultatAvyttringMateriellaImmateriellaAnlaggningstillgangarMember" xlink:to="label_ResultatAvyttringMateriellaImmateriellaAnlaggningstillgangarMember" xlink:title="label: ResultatAvyttringMateriellaImmateriellaAnlaggningstillgangarMember to label_ResultatAvyttringMateriellaImmateriellaAnlaggningstillgangarMember"/>
    <link:loc xlink:type="locator" xlink:href="../../../../../base/se-mem-base/2021-10-31/se-mem-base-2021-10-31.xsd#se-mem-base_ForbrukninginventarierLivslangdMerAnEttArMember" xlink:label="ForbrukninginventarierLivslangdMerAnEttArMember" xlink:title="ForbrukninginventarierLivslangdMerAnEttArMember"/>
    <link:label xlink:type="resource" xlink:label="label_ForbrukninginventarierLivslangdMerAnEttArMember" xlink:role="http://www.xbrl.org/2003/role/terseLabel" xlink:title="label_ForbrukninginventarierLivslangdMerAnEttArMember" xml:lang="sv" id="label_ForbrukninginventarierLivslangdMerAnEttArMember">(varav Förbrukningsinventarier med en livslängd på mer än ett år) (Värde)</link:label>
    <link:labelArc xlink:type="arc" xlink:arcrole="http://www.xbrl.org/2003/arcrole/concept-label" xlink:from="ForbrukninginventarierLivslangdMerAnEttArMember" xlink:to="label_ForbrukninginventarierLivslangdMerAnEttArMember" xlink:title="label: ForbrukninginventarierLivslangdMerAnEttArMember to label_ForbrukninginventarierLivslangdMerAnEttArMember"/>
    <link:loc xlink:type="locator" xlink:href="../../../../../base/se-mem-base/2021-10-31/se-mem-base-2021-10-31.xsd#se-mem-base_OmstruktureringsatgarderMember" xlink:label="OmstruktureringsatgarderMember" xlink:title="OmstruktureringsatgarderMember"/>
    <link:label xlink:type="resource" xlink:label="label_OmstruktureringsatgarderMember" xlink:role="http://www.xbrl.org/2003/role/terseLabel" xlink:title="label_OmstruktureringsatgarderMember" xml:lang="sv" id="label_OmstruktureringsatgarderMember">(varav Omstruktureringsåtgärder) (Värde)</link:label>
    <link:labelArc xlink:type="arc" xlink:arcrole="http://www.xbrl.org/2003/arcrole/concept-label" xlink:from="OmstruktureringsatgarderMember" xlink:to="label_OmstruktureringsatgarderMember" xlink:title="label: OmstruktureringsatgarderMember to label_OmstruktureringsatgarderMember"/>
    <link:loc xlink:type="locator" xlink:href="../../../../../base/se-mem-base/2021-10-31/se-mem-base-2021-10-31.xsd#se-mem-base_ErhallnaOffentligaBidragMember" xlink:label="ErhallnaOffentligaBidragMember" xlink:title="ErhallnaOffentligaBidragMember"/>
    <link:label xlink:type="resource" xlink:label="label_ErhallnaOffentligaBidragMember" xlink:role="http://www.xbrl.org/2003/role/terseLabel" xlink:title="label_ErhallnaOffentligaBidragMember" xml:lang="sv" id="label_ErhallnaOffentligaBidragMember">(varav Erhållna offentliga bidrag) (Värde)</link:label>
    <link:labelArc xlink:type="arc" xlink:arcrole="http://www.xbrl.org/2003/arcrole/concept-label" xlink:from="ErhallnaOffentligaBidragMember" xlink:to="label_ErhallnaOffentligaBidragMember" xlink:title="label: ErhallnaOffentligaBidragMember to label_ErhallnaOffentligaBidragMember"/>
    <link:loc xlink:type="locator" xlink:href="../../../../../base/se-mem-base/2021-10-31/se-mem-base-2021-10-31.xsd#se-mem-base_ValutakursdifferenserFordringarSkulderRorelsekaraktarMember" xlink:label="ValutakursdifferenserFordringarSkulderRorelsekaraktarMember" xlink:title="ValutakursdifferenserFordringarSkulderRorelsekaraktarMember"/>
    <link:label xlink:type="resource" xlink:label="label_ValutakursdifferenserFordringarSkulderRorelsekaraktarMember" xlink:role="http://www.xbrl.org/2003/role/terseLabel" xlink:title="label_ValutakursdifferenserFordringarSkulderRorelsekaraktarMember" xml:lang="sv" id="label_ValutakursdifferenserFordringarSkulderRorelsekaraktarMember">(varav Valutakursdifferenser på fordringar och skulder av rörelsekaraktär) (Värde)</link:label>
    <link:labelArc xlink:type="arc" xlink:arcrole="http://www.xbrl.org/2003/arcrole/concept-label" xlink:from="ValutakursdifferenserFordringarSkulderRorelsekaraktarMember" xlink:to="label_ValutakursdifferenserFordringarSkulderRorelsekaraktarMember" xlink:title="label: ValutakursdifferenserFordringarSkulderRorelsekaraktarMember to label_ValutakursdifferenserFordringarSkulderRorelsekaraktarMember"/>
    <link:loc xlink:type="locator" xlink:href="../../../../../base/se-gen-base/2021-10-31/se-gen-base-2021-10-31.xsd#se-gen-base_RavarorFornodenheterKostnader" xlink:label="RavarorFornodenheterKostnader" xlink:title="RavarorFornodenheterKostnader"/>
    <link:label xlink:type="resource" xlink:label="label_RavarorFornodenheterKostnader" xlink:role="http://www.xbrl.org/2003/role/terseLabel" xlink:title="label_RavarorFornodenheterKostnader" xml:lang="sv" id="label_RavarorFornodenheterKostnader">Råvaror och förnödenheter</link:label>
    <link:labelArc xlink:type="arc" xlink:arcrole="http://www.xbrl.org/2003/arcrole/concept-label" xlink:from="RavarorFornodenheterKostnader" xlink:to="label_RavarorFornodenheterKostnader" xlink:title="label: RavarorFornodenheterKostnader to label_RavarorFornodenheterKostnader"/>
    <link:loc xlink:type="locator" xlink:href="../../../../../base/se-gen-base/2021-10-31/se-gen-base-2021-10-31.xsd#se-gen-base_HandelsvarorKostnader" xlink:label="HandelsvarorKostnader" xlink:title="HandelsvarorKostnader"/>
    <link:label xlink:type="resource" xlink:label="label_HandelsvarorKostnader" xlink:role="http://www.xbrl.org/2003/role/terseLabel" xlink:title="label_HandelsvarorKostnader" xml:lang="sv" id="label_HandelsvarorKostnader">Handelsvaror</link:label>
    <link:labelArc xlink:type="arc" xlink:arcrole="http://www.xbrl.org/2003/arcrole/concept-label" xlink:from="HandelsvarorKostnader" xlink:to="label_HandelsvarorKostnader" xlink:title="label: HandelsvarorKostnader to label_HandelsvarorKostnader"/>
    <link:loc xlink:type="locator" xlink:href="../../../../../base/se-gen-base/2021-10-31/se-gen-base-2021-10-31.xsd#se-gen-base_AvskrivningarNedskrivningarMateriellaImmateriellaAnlaggningstillgangar" xlink:label="AvskrivningarNedskrivningarMateriellaImmateriellaAnlaggningstillgangar" xlink:title="AvskrivningarNedskrivningarMateriellaImmateriellaAnlaggningstillgangar"/>
    <link:label xlink:type="resource" xlink:label="label_AvskrivningarNedskrivningarMateriellaImmateriellaAnlaggningstillgangar" xlink:role="http://www.xbrl.org/2003/role/terseLabel" xlink:title="label_AvskrivningarNedskrivningarMateriellaImmateriellaAnlaggningstillgangar" xml:lang="sv" id="label_AvskrivningarNedskrivningarMateriellaImmateriellaAnlaggningstillgangar">Av- och nedskrivningar av materiella och immateriella anläggningstillgångar</link:label>
    <link:labelArc xlink:type="arc" xlink:arcrole="http://www.xbrl.org/2003/arcrole/concept-label" xlink:from="AvskrivningarNedskrivningarMateriellaImmateriellaAnlaggningstillgangar" xlink:to="label_AvskrivningarNedskrivningarMateriellaImmateriellaAnlaggningstillgangar" xlink:title="label: AvskrivningarNedskrivningarMateriellaImmateriellaAnlaggningstillgangar to label_AvskrivningarNedskrivningarMateriellaImmateriellaAnlaggningstillgangar"/>
    <link:loc xlink:type="locator" xlink:href="../../../../../base/se-gen-base/2021-10-31/se-gen-base-2021-10-31.xsd#se-gen-base_OvrigaRorelsekostnader" xlink:label="OvrigaRorelsekostnader" xlink:title="OvrigaRorelsekostnader"/>
    <link:label xlink:type="resource" xlink:label="label_OvrigaRorelsekostnader" xlink:role="http://www.xbrl.org/2003/role/terseLabel" xlink:title="label_OvrigaRorelsekostnader" xml:lang="sv" id="label_OvrigaRorelsekostnader">Övriga rörelsekostnader</link:label>
    <link:labelArc xlink:type="arc" xlink:arcrole="http://www.xbrl.org/2003/arcrole/concept-label" xlink:from="OvrigaRorelsekostnader" xlink:to="label_OvrigaRorelsekostnader" xlink:title="label: OvrigaRorelsekostnader to label_OvrigaRorelsekostnader"/>
    <link:loc xlink:type="locator" xlink:href="../../../../../base/se-gen-base/2021-10-31/se-gen-base-2021-10-31.xsd#se-gen-base_VarulagerMmAbstract" xlink:label="VarulagerMmAbstract" xlink:title="VarulagerMmAbstract"/>
    <link:label xlink:type="resource" xlink:label="label_VarulagerMmAbstract" xlink:role="http://www.xbrl.org/2003/role/terseLabel" xlink:title="label_VarulagerMmAbstract" xml:lang="sv" id="label_VarulagerMmAbstract">Varulager m.m.</link:label>
    <link:labelArc xlink:type="arc" xlink:arcrole="http://www.xbrl.org/2003/arcrole/concept-label" xlink:from="VarulagerMmAbstract" xlink:to="label_VarulagerMmAbstract" xlink:title="label: VarulagerMmAbstract to label_VarulagerMmAbstract"/>
    <link:loc xlink:type="locator" xlink:href="../../../../../base/se-gen-base/2021-10-31/se-gen-base-2021-10-31.xsd#se-gen-base_LagerRavarorFornodenheter" xlink:label="LagerRavarorFornodenheter" xlink:title="LagerRavarorFornodenheter"/>
    <link:label xlink:type="resource" xlink:label="label_LagerRavarorFornodenheter" xlink:role="http://www.xbrl.org/2003/role/terseLabel" xlink:title="label_LagerRavarorFornodenheter" xml:lang="sv" id="label_LagerRavarorFornodenheter">Råvaror och förnödenheter</link:label>
    <link:labelArc xlink:type="arc" xlink:arcrole="http://www.xbrl.org/2003/arcrole/concept-label" xlink:from="LagerRavarorFornodenheter" xlink:to="label_LagerRavarorFornodenheter" xlink:title="label: LagerRavarorFornodenheter to label_LagerRavarorFornodenheter"/>
    <link:loc xlink:type="locator" xlink:href="../../../../../base/se-gen-base/2021-10-31/se-gen-base-2021-10-31.xsd#se-gen-base_LagerVarorUnderTillverkning" xlink:label="LagerVarorUnderTillverkning" xlink:title="LagerVarorUnderTillverkning"/>
    <link:label xlink:type="resource" xlink:label="label_LagerVarorUnderTillverkning" xlink:role="http://www.xbrl.org/2003/role/terseLabel" xlink:title="label_LagerVarorUnderTillverkning" xml:lang="sv" id="label_LagerVarorUnderTillverkning">Varor under tillverkning</link:label>
    <link:labelArc xlink:type="arc" xlink:arcrole="http://www.xbrl.org/2003/arcrole/concept-label" xlink:from="LagerVarorUnderTillverkning" xlink:to="label_LagerVarorUnderTillverkning" xlink:title="label: LagerVarorUnderTillverkning to label_LagerVarorUnderTillverkning"/>
    <link:loc xlink:type="locator" xlink:href="../../../../../base/se-gen-base/2021-10-31/se-gen-base-2021-10-31.xsd#se-gen-base_PagaendeArbetenAnnansRakningOmsattningstillgangar" xlink:label="PagaendeArbetenAnnansRakningOmsattningstillgangar" xlink:title="PagaendeArbetenAnnansRakningOmsattningstillgangar"/>
    <link:label xlink:type="resource" xlink:label="label_PagaendeArbetenAnnansRakningOmsattningstillgangar" xlink:role="http://www.xbrl.org/2003/role/terseLabel" xlink:title="label_PagaendeArbetenAnnansRakningOmsattningstillgangar" xml:lang="sv" id="label_PagaendeArbetenAnnansRakningOmsattningstillgangar">Pågående arbete för annans räkning</link:label>
    <link:labelArc xlink:type="arc" xlink:arcrole="http://www.xbrl.org/2003/arcrole/concept-label" xlink:from="PagaendeArbetenAnnansRakningOmsattningstillgangar" xlink:to="label_PagaendeArbetenAnnansRakningOmsattningstillgangar" xlink:title="label: PagaendeArbetenAnnansRakningOmsattningstillgangar to label_PagaendeArbetenAnnansRakningOmsattningstillgangar"/>
    <link:loc xlink:type="locator" xlink:href="../../../../../base/se-gen-base/2021-10-31/se-gen-base-2021-10-31.xsd#se-gen-base_LonerAndraErsattningar" xlink:label="LonerAndraErsattningar" xlink:title="LonerAndraErsattningar"/>
    <link:label xlink:type="resource" xlink:label="label_LonerAndraErsattningar" xlink:role="http://www.xbrl.org/2003/role/terseLabel" xlink:title="label_LonerAndraErsattningar" xml:lang="sv" id="label_LonerAndraErsattningar">(varav Löner och andra ersättningar)</link:label>
    <link:labelArc xlink:type="arc" xlink:arcrole="http://www.xbrl.org/2003/arcrole/concept-label" xlink:from="LonerAndraErsattningar" xlink:to="label_LonerAndraErsattningar" xlink:title="label: LonerAndraErsattningar to label_LonerAndraErsattningar"/>
    <link:loc xlink:type="locator" xlink:href="../../../../../base/se-gen-base/2021-10-31/se-gen-base-2021-10-31.xsd#se-gen-base_SocialaKostnaderInklPensionskostnader" xlink:label="SocialaKostnaderInklPensionskostnader" xlink:title="SocialaKostnaderInklPensionskostnader"/>
    <link:label xlink:type="resource" xlink:label="label_SocialaKostnaderInklPensionskostnader" xlink:role="http://www.xbrl.org/2003/role/terseLabel" xlink:title="label_SocialaKostnaderInklPensionskostnader" xml:lang="sv" id="label_SocialaKostnaderInklPensionskostnader">(varav Sociala kostnader inkl. pensionskostnader)</link:label>
    <link:labelArc xlink:type="arc" xlink:arcrole="http://www.xbrl.org/2003/arcrole/concept-label" xlink:from="SocialaKostnaderInklPensionskostnader" xlink:to="label_SocialaKostnaderInklPensionskostnader" xlink:title="label: SocialaKostnaderInklPensionskostnader to label_SocialaKostnaderInklPensionskostnader"/>
    <link:loc xlink:type="locator" xlink:href="../../../../../base/se-gen-base/2021-10-31/se-gen-base-2021-10-31.xsd#se-gen-base_ByggnaderMarkAbstract" xlink:label="ByggnaderMarkAbstract" xlink:title="ByggnaderMarkAbstract"/>
    <link:label xlink:type="resource" xlink:label="label_ByggnaderMarkAbstract" xlink:role="http://www.xbrl.org/2003/role/terseLabel" xlink:title="label_ByggnaderMarkAbstract" xml:lang="sv" id="label_ByggnaderMarkAbstract">Byggnader och mark</link:label>
    <link:labelArc xlink:type="arc" xlink:arcrole="http://www.xbrl.org/2003/arcrole/concept-label" xlink:from="ByggnaderMarkAbstract" xlink:to="label_ByggnaderMarkAbstract" xlink:title="label: ByggnaderMarkAbstract to label_ByggnaderMarkAbstract"/>
    <link:loc xlink:type="locator" xlink:href="../../../../../base/se-gen-base/2021-10-31/se-gen-base-2021-10-31.xsd#se-gen-base_ForbattringsutgifterAnnansFastighetAbstract" xlink:label="ForbattringsutgifterAnnansFastighetAbstract" xlink:title="ForbattringsutgifterAnnansFastighetAbstract"/>
    <link:label xlink:type="resource" xlink:label="label_ForbattringsutgifterAnnansFastighetAbstract" xlink:role="http://www.xbrl.org/2003/role/terseLabel" xlink:title="label_ForbattringsutgifterAnnansFastighetAbstract" xml:lang="sv" id="label_ForbattringsutgifterAnnansFastighetAbstract">Förbättringsutgifter på annans fastighet</link:label>
    <link:labelArc xlink:type="arc" xlink:arcrole="http://www.xbrl.org/2003/arcrole/concept-label" xlink:from="ForbattringsutgifterAnnansFastighetAbstract" xlink:to="label_ForbattringsutgifterAnnansFastighetAbstract" xlink:title="label: ForbattringsutgifterAnnansFastighetAbstract to label_ForbattringsutgifterAnnansFastighetAbstract"/>
    <link:loc xlink:type="locator" xlink:href="../../../../../base/se-gen-base/2021-10-31/se-gen-base-2021-10-31.xsd#se-gen-base_ForbattringsutgifterAnnansFastighetForandringAnskaffningsvardenInkop" xlink:label="ForbattringsutgifterAnnansFastighetForandringAnskaffningsvardenInkop" xlink:title="ForbattringsutgifterAnnansFastighetForandringAnskaffningsvardenInkop"/>
    <link:label xlink:type="resource" xlink:label="label_ForbattringsutgifterAnnansFastighetForandringAnskaffningsvardenInkop" xlink:role="http://www.xbrl.org/2003/role/terseLabel" xlink:title="label_ForbattringsutgifterAnnansFastighetForandringAnskaffningsvardenInkop" xml:lang="sv" id="label_ForbattringsutgifterAnnansFastighetForandringAnskaffningsvardenInkop">Inköp</link:label>
    <link:labelArc xlink:type="arc" xlink:arcrole="http://www.xbrl.org/2003/arcrole/concept-label" xlink:from="ForbattringsutgifterAnnansFastighetForandringAnskaffningsvardenInkop" xlink:to="label_ForbattringsutgifterAnnansFastighetForandringAnskaffningsvardenInkop" xlink:title="label: ForbattringsutgifterAnnansFastighetForandringAnskaffningsvardenInkop to label_ForbattringsutgifterAnnansFastighetForandringAnskaffningsvardenInkop"/>
    <link:loc xlink:type="locator" xlink:href="../../../../../base/se-gen-base/2021-10-31/se-gen-base-2021-10-31.xsd#se-gen-base_MaskinerAndraTekniskaAnlaggningarAbstract" xlink:label="MaskinerAndraTekniskaAnlaggningarAbstract" xlink:title="MaskinerAndraTekniskaAnlaggningarAbstract"/>
    <link:label xlink:type="resource" xlink:label="label_MaskinerAndraTekniskaAnlaggningarAbstract" xlink:role="http://www.xbrl.org/2003/role/terseLabel" xlink:title="label_MaskinerAndraTekniskaAnlaggningarAbstract" xml:lang="sv" id="label_MaskinerAndraTekniskaAnlaggningarAbstract">Maskiner och andra tekniska anläggningar</link:label>
    <link:labelArc xlink:type="arc" xlink:arcrole="http://www.xbrl.org/2003/arcrole/concept-label" xlink:from="MaskinerAndraTekniskaAnlaggningarAbstract" xlink:to="label_MaskinerAndraTekniskaAnlaggningarAbstract" xlink:title="label: MaskinerAndraTekniskaAnlaggningarAbstract to label_MaskinerAndraTekniskaAnlaggningarAbstract"/>
    <link:loc xlink:type="locator" xlink:href="../../../../../base/se-gen-base/2021-10-31/se-gen-base-2021-10-31.xsd#se-gen-base_MaskinerAndraTekniskaAnlaggningarForandringAnskaffningsvardenInkop" xlink:label="MaskinerAndraTekniskaAnlaggningarForandringAnskaffningsvardenInkop" xlink:title="MaskinerAndraTekniskaAnlaggningarForandringAnskaffningsvardenInkop"/>
    <link:label xlink:type="resource" xlink:label="label_MaskinerAndraTekniskaAnlaggningarForandringAnskaffningsvardenInkop" xlink:role="http://www.xbrl.org/2003/role/terseLabel" xlink:title="label_MaskinerAndraTekniskaAnlaggningarForandringAnskaffningsvardenInkop" xml:lang="sv" id="label_MaskinerAndraTekniskaAnlaggningarForandringAnskaffningsvardenInkop">Inköp</link:label>
    <link:labelArc xlink:type="arc" xlink:arcrole="http://www.xbrl.org/2003/arcrole/concept-label" xlink:from="MaskinerAndraTekniskaAnlaggningarForandringAnskaffningsvardenInkop" xlink:to="label_MaskinerAndraTekniskaAnlaggningarForandringAnskaffningsvardenInkop" xlink:title="label: MaskinerAndraTekniskaAnlaggningarForandringAnskaffningsvardenInkop to label_MaskinerAndraTekniskaAnlaggningarForandringAnskaffningsvardenInkop"/>
    <link:loc xlink:type="locator" xlink:href="../../../../../base/se-gen-base/2021-10-31/se-gen-base-2021-10-31.xsd#se-gen-base_InventarierVerktygInstallationerForandringAnskaffningsvardenInkop" xlink:label="InventarierVerktygInstallationerForandringAnskaffningsvardenInkop" xlink:title="InventarierVerktygInstallationerForandringAnskaffningsvardenInkop"/>
    <link:label xlink:type="resource" xlink:label="label_InventarierVerktygInstallationerForandringAnskaffningsvardenInkop" xlink:role="http://www.xbrl.org/2003/role/terseLabel" xlink:title="label_InventarierVerktygInstallationerForandringAnskaffningsvardenInkop" xml:lang="sv" id="label_InventarierVerktygInstallationerForandringAnskaffningsvardenInkop">Inköp</link:label>
    <link:labelArc xlink:type="arc" xlink:arcrole="http://www.xbrl.org/2003/arcrole/concept-label" xlink:from="InventarierVerktygInstallationerForandringAnskaffningsvardenInkop" xlink:to="label_InventarierVerktygInstallationerForandringAnskaffningsvardenInkop" xlink:title="label: InventarierVerktygInstallationerForandringAnskaffningsvardenInkop to label_InventarierVerktygInstallationerForandringAnskaffningsvardenInkop"/>
    <link:loc xlink:type="locator" xlink:href="../../../../../base/se-gen-base/2021-10-31/se-gen-base-2021-10-31.xsd#se-gen-base_PagaendeNyanlaggningarForskottMateriellaAnlaggningstillgangarAbstract" xlink:label="PagaendeNyanlaggningarForskottMateriellaAnlaggningstillgangarAbstract" xlink:title="PagaendeNyanlaggningarForskottMateriellaAnlaggningstillgangarAbstract"/>
    <link:label xlink:type="resource" xlink:label="label_PagaendeNyanlaggningarForskottMateriellaAnlaggningstillgangarAbstract" xlink:role="http://www.xbrl.org/2003/role/terseLabel" xlink:title="label_PagaendeNyanlaggningarForskottMateriellaAnlaggningstillgangarAbstract" xml:lang="sv" id="label_PagaendeNyanlaggningarForskottMateriellaAnlaggningstillgangarAbstract">Pågående nyanläggningar och förskott avseende materiella anläggningstillgångar</link:label>
    <link:labelArc xlink:type="arc" xlink:arcrole="http://www.xbrl.org/2003/arcrole/concept-label" xlink:from="PagaendeNyanlaggningarForskottMateriellaAnlaggningstillgangarAbstract" xlink:to="label_PagaendeNyanlaggningarForskottMateriellaAnlaggningstillgangarAbstract" xlink:title="label: PagaendeNyanlaggningarForskottMateriellaAnlaggningstillgangarAbstract to label_PagaendeNyanlaggningarForskottMateriellaAnlaggningstillgangarAbstract"/>
    <link:loc xlink:type="locator" xlink:href="../../../../../base/se-gen-base/2021-10-31/se-gen-base-2021-10-31.xsd#se-gen-base_OvrigaMateriellaAnlaggningstillgangarAbstract" xlink:label="OvrigaMateriellaAnlaggningstillgangarAbstract" xlink:title="OvrigaMateriellaAnlaggningstillgangarAbstract"/>
    <link:label xlink:type="resource" xlink:label="label_OvrigaMateriellaAnlaggningstillgangarAbstract" xlink:role="http://www.xbrl.org/2003/role/terseLabel" xlink:title="label_OvrigaMateriellaAnlaggningstillgangarAbstract" xml:lang="sv" id="label_OvrigaMateriellaAnlaggningstillgangarAbstract">Övriga materiella anläggningstillgångar</link:label>
    <link:labelArc xlink:type="arc" xlink:arcrole="http://www.xbrl.org/2003/arcrole/concept-label" xlink:from="OvrigaMateriellaAnlaggningstillgangarAbstract" xlink:to="label_OvrigaMateriellaAnlaggningstillgangarAbstract" xlink:title="label: OvrigaMateriellaAnlaggningstillgangarAbstract to label_OvrigaMateriellaAnlaggningstillgangarAbstract"/>
    <link:loc xlink:type="locator" xlink:href="../../../../../base/se-gen-base/2021-10-31/se-gen-base-2021-10-31.xsd#se-gen-base_OvrigaMateriellaAnlaggningstillgangarForandringAnskaffningsvardenInkop" xlink:label="OvrigaMateriellaAnlaggningstillgangarForandringAnskaffningsvardenInkop" xlink:title="OvrigaMateriellaAnlaggningstillgangarForandringAnskaffningsvardenInkop"/>
    <link:label xlink:type="resource" xlink:label="label_OvrigaMateriellaAnlaggningstillgangarForandringAnskaffningsvardenInkop" xlink:role="http://www.xbrl.org/2003/role/terseLabel" xlink:title="label_OvrigaMateriellaAnlaggningstillgangarForandringAnskaffningsvardenInkop" xml:lang="sv" id="label_OvrigaMateriellaAnlaggningstillgangarForandringAnskaffningsvardenInkop">Inköp</link:label>
    <link:labelArc xlink:type="arc" xlink:arcrole="http://www.xbrl.org/2003/arcrole/concept-label" xlink:from="OvrigaMateriellaAnlaggningstillgangarForandringAnskaffningsvardenInkop" xlink:to="label_OvrigaMateriellaAnlaggningstillgangarForandringAnskaffningsvardenInkop" xlink:title="label: OvrigaMateriellaAnlaggningstillgangarForandringAnskaffningsvardenInkop to label_OvrigaMateriellaAnlaggningstillgangarForandringAnskaffningsvardenInkop"/>
    <link:loc xlink:type="locator" xlink:href="../../../../../base/se-gen-base/2021-10-31/se-gen-base-2021-10-31.xsd#se-gen-base_PagaendeNyanlaggningarMaskinerInventarierRalsfordonNedlagdaUtgifter" xlink:label="PagaendeNyanlaggningarMaskinerInventarierRalsfordonNedlagdaUtgifter" xlink:title="PagaendeNyanlaggningarMaskinerInventarierRalsfordonNedlagdaUtgifter"/>
    <link:label xlink:type="resource" xlink:label="label_PagaendeNyanlaggningarMaskinerInventarierRalsfordonNedlagdaUtgifter" xlink:role="http://www.xbrl.org/2003/role/terseLabel" xlink:title="label_PagaendeNyanlaggningarMaskinerInventarierRalsfordonNedlagdaUtgifter" xml:lang="sv" id="label_PagaendeNyanlaggningarMaskinerInventarierRalsfordonNedlagdaUtgifter">(varav Rälsfordon)</link:label>
    <link:labelArc xlink:type="arc" xlink:arcrole="http://www.xbrl.org/2003/arcrole/concept-label" xlink:from="PagaendeNyanlaggningarMaskinerInventarierRalsfordonNedlagdaUtgifter" xlink:to="label_PagaendeNyanlaggningarMaskinerInventarierRalsfordonNedlagdaUtgifter" xlink:title="label: PagaendeNyanlaggningarMaskinerInventarierRalsfordonNedlagdaUtgifter to label_PagaendeNyanlaggningarMaskinerInventarierRalsfordonNedlagdaUtgifter"/>
    <link:loc xlink:type="locator" xlink:href="../../../../../base/se-gen-base/2021-10-31/se-gen-base-2021-10-31.xsd#se-gen-base_LagerVardepapper" xlink:label="LagerVardepapper" xlink:title="LagerVardepapper"/>
    <link:label xlink:type="resource" xlink:label="label_LagerVardepapper" xlink:role="http://www.xbrl.org/2003/role/terseLabel" xlink:title="label_LagerVardepapper" xml:lang="sv" id="label_LagerVardepapper">Värdepapper</link:label>
    <link:labelArc xlink:type="arc" xlink:arcrole="http://www.xbrl.org/2003/arcrole/concept-label" xlink:from="LagerVardepapper" xlink:to="label_LagerVardepapper" xlink:title="label: LagerVardepapper to label_LagerVardepapper"/>
    <link:loc xlink:type="locator" xlink:href="../../../../../base/se-gen-base/2021-10-31/se-gen-base-2021-10-31.xsd#se-gen-base_ByggnaderMarkMarkForandringAnskaffningsvardenInkop" xlink:label="ByggnaderMarkMarkForandringAnskaffningsvardenInkop" xlink:title="ByggnaderMarkMarkForandringAnskaffningsvardenInkop"/>
    <link:label xlink:type="resource" xlink:label="label_ByggnaderMarkMarkForandringAnskaffningsvardenInkop" xlink:role="http://www.xbrl.org/2003/role/terseLabel" xlink:title="label_ByggnaderMarkMarkForandringAnskaffningsvardenInkop" xml:lang="sv" id="label_ByggnaderMarkMarkForandringAnskaffningsvardenInkop">Mark</link:label>
    <link:labelArc xlink:type="arc" xlink:arcrole="http://www.xbrl.org/2003/arcrole/concept-label" xlink:from="ByggnaderMarkMarkForandringAnskaffningsvardenInkop" xlink:to="label_ByggnaderMarkMarkForandringAnskaffningsvardenInkop" xlink:title="label: ByggnaderMarkMarkForandringAnskaffningsvardenInkop to label_ByggnaderMarkMarkForandringAnskaffningsvardenInkop"/>
    <link:loc xlink:type="locator" xlink:href="../../../../../base/se-gen-base/2021-10-31/se-gen-base-2021-10-31.xsd#se-gen-base_LagerFardigaVaror" xlink:label="LagerFardigaVaror" xlink:title="LagerFardigaVaror"/>
    <link:label xlink:type="resource" xlink:label="label_LagerFardigaVaror" xlink:role="http://www.xbrl.org/2003/role/terseLabel" xlink:title="label_LagerFardigaVaror" xml:lang="sv" id="label_LagerFardigaVaror">Färdiga varor</link:label>
    <link:labelArc xlink:type="arc" xlink:arcrole="http://www.xbrl.org/2003/arcrole/concept-label" xlink:from="LagerFardigaVaror" xlink:to="label_LagerFardigaVaror" xlink:title="label: LagerFardigaVaror to label_LagerFardigaVaror"/>
    <link:loc xlink:type="locator" xlink:href="../../../../../base/se-gen-base/2021-10-31/se-gen-base-2021-10-31.xsd#se-gen-base_ForbattringsutgifterAnnansFastighetForsaljningsvarde" xlink:label="ForbattringsutgifterAnnansFastighetForsaljningsvarde" xlink:title="ForbattringsutgifterAnnansFastighetForsaljningsvarde"/>
    <link:label xlink:type="resource" xlink:label="label_ForbattringsutgifterAnnansFastighetForsaljningsvarde" xlink:role="http://www.xbrl.org/2003/role/terseLabel" xlink:title="label_ForbattringsutgifterAnnansFastighetForsaljningsvarde" xml:lang="sv" id="label_ForbattringsutgifterAnnansFastighetForsaljningsvarde_2">Försäljningsvärde</link:label>
    <link:labelArc xlink:type="arc" xlink:arcrole="http://www.xbrl.org/2003/arcrole/concept-label" xlink:from="ForbattringsutgifterAnnansFastighetForsaljningsvarde" xlink:to="label_ForbattringsutgifterAnnansFastighetForsaljningsvarde" xlink:title="label: ForbattringsutgifterAnnansFastighetForsaljningsvarde to label_ForbattringsutgifterAnnansFastighetForsaljningsvarde"/>
    <link:loc xlink:type="locator" xlink:href="../../../../../base/se-gen-base/2021-10-31/se-gen-base-2021-10-31.xsd#se-gen-base_PagaendeNyanlaggningarForskottMaskinerInventarierForandringAnskaffningsvardenUtbetaladeForskott" xlink:label="PagaendeNyanlaggningarForskottMaskinerInventarierForandringAnskaffningsvardenUtbetaladeForskott" xlink:title="PagaendeNyanlaggningarForskottMaskinerInventarierForandringAnskaffningsvardenUtbetaladeForskott"/>
    <link:label xlink:type="resource" xlink:label="label_PagaendeNyanlaggningarForskottMaskinerInventarierForandringAnskaffningsvardenUtbetaladeForskott" xlink:role="http://www.xbrl.org/2003/role/terseLabel" xlink:title="label_PagaendeNyanlaggningarForskottMaskinerInventarierForandringAnskaffningsvardenUtbetaladeForskott" xml:lang="sv" id="label_PagaendeNyanlaggningarForskottMaskinerInventarierForandringAnskaffningsvardenUtbetaladeForskott">Maskiner och inventarier</link:label>
    <link:labelArc xlink:type="arc" xlink:arcrole="http://www.xbrl.org/2003/arcrole/concept-label" xlink:from="PagaendeNyanlaggningarForskottMaskinerInventarierForandringAnskaffningsvardenUtbetaladeForskott" xlink:to="label_PagaendeNyanlaggningarForskottMaskinerInventarierForandringAnskaffningsvardenUtbetaladeForskott" xlink:title="label: PagaendeNyanlaggningarForskottMaskinerInventarierForandringAnskaffningsvardenUtbetaladeForskott to label_PagaendeNyanlaggningarForskottMaskinerInventarierForandringAnskaffningsvardenUtbetaladeForskott"/>
    <link:loc xlink:type="locator" xlink:href="../../../../../base/se-gen-base/2021-10-31/se-gen-base-2021-10-31.xsd#se-gen-base_ByggnaderMarkNyTillOmByggnadForandringAnskaffningsvardenInkop" xlink:label="ByggnaderMarkNyTillOmByggnadForandringAnskaffningsvardenInkop" xlink:title="ByggnaderMarkNyTillOmByggnadForandringAnskaffningsvardenInkop"/>
    <link:label xlink:type="resource" xlink:label="label_ByggnaderMarkNyTillOmByggnadForandringAnskaffningsvardenInkop" xlink:role="http://www.xbrl.org/2003/role/terseLabel" xlink:title="label_ByggnaderMarkNyTillOmByggnadForandringAnskaffningsvardenInkop" xml:lang="sv" id="label_ByggnaderMarkNyTillOmByggnadForandringAnskaffningsvardenInkop">Ny-, till- och ombyggnad av byggnader och markanläggningar</link:label>
    <link:labelArc xlink:type="arc" xlink:arcrole="http://www.xbrl.org/2003/arcrole/concept-label" xlink:from="ByggnaderMarkNyTillOmByggnadForandringAnskaffningsvardenInkop" xlink:to="label_ByggnaderMarkNyTillOmByggnadForandringAnskaffningsvardenInkop" xlink:title="label: ByggnaderMarkNyTillOmByggnadForandringAnskaffningsvardenInkop to label_ByggnaderMarkNyTillOmByggnadForandringAnskaffningsvardenInkop"/>
    <link:loc xlink:type="locator" xlink:href="../../../../../base/se-gen-base/2021-10-31/se-gen-base-2021-10-31.xsd#se-gen-base_PagaendeNyanlaggningarByggnaderMarkanlaggningarForandringAnskaffningsvardenNedlagdaUtgifter" xlink:label="PagaendeNyanlaggningarByggnaderMarkanlaggningarForandringAnskaffningsvardenNedlagdaUtgifter" xlink:title="PagaendeNyanlaggningarByggnaderMarkanlaggningarForandringAnskaffningsvardenNedlagdaUtgifter"/>
    <link:label xlink:type="resource" xlink:label="label_PagaendeNyanlaggningarByggnaderMarkanlaggningarForandringAnskaffningsvardenNedlagdaUtgifter" xlink:role="http://www.xbrl.org/2003/role/terseLabel" xlink:title="label_PagaendeNyanlaggningarByggnaderMarkanlaggningarForandringAnskaffningsvardenNedlagdaUtgifter" xml:lang="sv" id="label_PagaendeNyanlaggningarByggnaderMarkanlaggningarForandringAnskaffningsvardenNedlagdaUtgifter">Byggnader och markanläggningar</link:label>
    <link:labelArc xlink:type="arc" xlink:arcrole="http://www.xbrl.org/2003/arcrole/concept-label" xlink:from="PagaendeNyanlaggningarByggnaderMarkanlaggningarForandringAnskaffningsvardenNedlagdaUtgifter" xlink:to="label_PagaendeNyanlaggningarByggnaderMarkanlaggningarForandringAnskaffningsvardenNedlagdaUtgifter" xlink:title="label: PagaendeNyanlaggningarByggnaderMarkanlaggningarForandringAnskaffningsvardenNedlagdaUtgifter to label_PagaendeNyanlaggningarByggnaderMarkanlaggningarForandringAnskaffningsvardenNedlagdaUtgifter"/>
    <link:loc xlink:type="locator" xlink:href="../../../../../base/se-gen-base/2021-10-31/se-gen-base-2021-10-31.xsd#se-gen-base_MaskinerAndraTekniskaAnlaggningarForsaljningsvarde" xlink:label="MaskinerAndraTekniskaAnlaggningarForsaljningsvarde" xlink:title="MaskinerAndraTekniskaAnlaggningarForsaljningsvarde"/>
    <link:label xlink:type="resource" xlink:label="label_MaskinerAndraTekniskaAnlaggningarForsaljningsvarde" xlink:role="http://www.xbrl.org/2003/role/terseLabel" xlink:title="label_MaskinerAndraTekniskaAnlaggningarForsaljningsvarde" xml:lang="sv" id="label_MaskinerAndraTekniskaAnlaggningarForsaljningsvarde">Försäljningsvärde</link:label>
    <link:labelArc xlink:type="arc" xlink:arcrole="http://www.xbrl.org/2003/arcrole/concept-label" xlink:from="MaskinerAndraTekniskaAnlaggningarForsaljningsvarde" xlink:to="label_MaskinerAndraTekniskaAnlaggningarForsaljningsvarde" xlink:title="label: MaskinerAndraTekniskaAnlaggningarForsaljningsvarde to label_MaskinerAndraTekniskaAnlaggningarForsaljningsvarde"/>
    <link:loc xlink:type="locator" xlink:href="../../../../../base/se-gen-base/2021-10-31/se-gen-base-2021-10-31.xsd#se-gen-base_PagaendeNyanlaggningarMaskinerInventarierForandringAnskaffningsvardenNedlagdaUtgifter" xlink:label="PagaendeNyanlaggningarMaskinerInventarierForandringAnskaffningsvardenNedlagdaUtgifter" xlink:title="PagaendeNyanlaggningarMaskinerInventarierForandringAnskaffningsvardenNedlagdaUtgifter"/>
    <link:label xlink:type="resource" xlink:label="label_PagaendeNyanlaggningarMaskinerInventarierForandringAnskaffningsvardenNedlagdaUtgifter" xlink:role="http://www.xbrl.org/2003/role/terseLabel" xlink:title="label_PagaendeNyanlaggningarMaskinerInventarierForandringAnskaffningsvardenNedlagdaUtgifter" xml:lang="sv" id="label_PagaendeNyanlaggningarMaskinerInventarierForandringAnskaffningsvardenNedlagdaUtgifter">Maskiner och inventarier</link:label>
    <link:labelArc xlink:type="arc" xlink:arcrole="http://www.xbrl.org/2003/arcrole/concept-label" xlink:from="PagaendeNyanlaggningarMaskinerInventarierForandringAnskaffningsvardenNedlagdaUtgifter" xlink:to="label_PagaendeNyanlaggningarMaskinerInventarierForandringAnskaffningsvardenNedlagdaUtgifter" xlink:title="label: PagaendeNyanlaggningarMaskinerInventarierForandringAnskaffningsvardenNedlagdaUtgifter to label_PagaendeNyanlaggningarMaskinerInventarierForandringAnskaffningsvardenNedlagdaUtgifter"/>
    <link:loc xlink:type="locator" xlink:href="../../../../../base/se-gen-base/2021-10-31/se-gen-base-2021-10-31.xsd#se-gen-base_PagaendeNyanlaggningarMateriellaAnlaggningstillgangarForsaljningsvarde" xlink:label="PagaendeNyanlaggningarMateriellaAnlaggningstillgangarForsaljningsvarde" xlink:title="PagaendeNyanlaggningarMateriellaAnlaggningstillgangarForsaljningsvarde"/>
    <link:label xlink:type="resource" xlink:label="label_PagaendeNyanlaggningarMateriellaAnlaggningstillgangarForsaljningsvarde" xlink:role="http://www.xbrl.org/2003/role/terseLabel" xlink:title="label_PagaendeNyanlaggningarMateriellaAnlaggningstillgangarForsaljningsvarde" xml:lang="sv" id="label_PagaendeNyanlaggningarMateriellaAnlaggningstillgangarForsaljningsvarde_2">Summa försäljningsvärde</link:label>
    <link:labelArc xlink:type="arc" xlink:arcrole="http://www.xbrl.org/2003/arcrole/concept-label" xlink:from="PagaendeNyanlaggningarMateriellaAnlaggningstillgangarForsaljningsvarde" xlink:to="label_PagaendeNyanlaggningarMateriellaAnlaggningstillgangarForsaljningsvarde" xlink:title="label: PagaendeNyanlaggningarMateriellaAnlaggningstillgangarForsaljningsvarde to label_PagaendeNyanlaggningarMateriellaAnlaggningstillgangarForsaljningsvarde"/>
    <link:loc xlink:type="locator" xlink:href="../../../../../base/se-gen-base/2021-10-31/se-gen-base-2021-10-31.xsd#se-gen-base_LagerFastigheter" xlink:label="LagerFastigheter" xlink:title="LagerFastigheter"/>
    <link:label xlink:type="resource" xlink:label="label_LagerFastigheter" xlink:role="http://www.xbrl.org/2003/role/terseLabel" xlink:title="label_LagerFastigheter" xml:lang="sv" id="label_LagerFastigheter">Fastigheter</link:label>
    <link:labelArc xlink:type="arc" xlink:arcrole="http://www.xbrl.org/2003/arcrole/concept-label" xlink:from="LagerFastigheter" xlink:to="label_LagerFastigheter" xlink:title="label: LagerFastigheter to label_LagerFastigheter"/>
    <link:loc xlink:type="locator" xlink:href="../../../../../base/se-gen-base/2021-10-31/se-gen-base-2021-10-31.xsd#se-gen-base_ByggnaderMarkForsaljningsvarde" xlink:label="ByggnaderMarkForsaljningsvarde" xlink:title="ByggnaderMarkForsaljningsvarde"/>
    <link:label xlink:type="resource" xlink:label="label_ByggnaderMarkForsaljningsvarde" xlink:role="http://www.xbrl.org/2003/role/terseLabel" xlink:title="label_ByggnaderMarkForsaljningsvarde" xml:lang="sv" id="label_ByggnaderMarkForsaljningsvarde_3">Försäljningsvärde</link:label>
    <link:labelArc xlink:type="arc" xlink:arcrole="http://www.xbrl.org/2003/arcrole/concept-label" xlink:from="ByggnaderMarkForsaljningsvarde" xlink:to="label_ByggnaderMarkForsaljningsvarde" xlink:title="label: ByggnaderMarkForsaljningsvarde to label_ByggnaderMarkForsaljningsvarde"/>
    <link:loc xlink:type="locator" xlink:href="../../../../../base/se-gen-base/2021-10-31/se-gen-base-2021-10-31.xsd#se-gen-base_ByggnaderMarkTillOmByggnadBostaderForandringAnskaffningsvardenInkop" xlink:label="ByggnaderMarkTillOmByggnadBostaderForandringAnskaffningsvardenInkop" xlink:title="ByggnaderMarkTillOmByggnadBostaderForandringAnskaffningsvardenInkop"/>
    <link:label xlink:type="resource" xlink:label="label_ByggnaderMarkTillOmByggnadBostaderForandringAnskaffningsvardenInkop" xlink:role="http://www.xbrl.org/2003/role/terseLabel" xlink:title="label_ByggnaderMarkTillOmByggnadBostaderForandringAnskaffningsvardenInkop" xml:lang="sv" id="label_ByggnaderMarkTillOmByggnadBostaderForandringAnskaffningsvardenInkop">(varav Till- och ombyggnad av bostäder)</link:label>
    <link:labelArc xlink:type="arc" xlink:arcrole="http://www.xbrl.org/2003/arcrole/concept-label" xlink:from="ByggnaderMarkTillOmByggnadBostaderForandringAnskaffningsvardenInkop" xlink:to="label_ByggnaderMarkTillOmByggnadBostaderForandringAnskaffningsvardenInkop" xlink:title="label: ByggnaderMarkTillOmByggnadBostaderForandringAnskaffningsvardenInkop to label_ByggnaderMarkTillOmByggnadBostaderForandringAnskaffningsvardenInkop"/>
    <link:loc xlink:type="locator" xlink:href="../../../../../base/se-gen-base/2021-10-31/se-gen-base-2021-10-31.xsd#se-gen-base_AndraOvrigaLagertillgangar" xlink:label="AndraOvrigaLagertillgangar" xlink:title="AndraOvrigaLagertillgangar"/>
    <link:label xlink:type="resource" xlink:label="label_AndraOvrigaLagertillgangar" xlink:role="http://www.xbrl.org/2003/role/terseLabel" xlink:title="label_AndraOvrigaLagertillgangar" xml:lang="sv" id="label_AndraOvrigaLagertillgangar">Andra lagertillgångar</link:label>
    <link:labelArc xlink:type="arc" xlink:arcrole="http://www.xbrl.org/2003/arcrole/concept-label" xlink:from="AndraOvrigaLagertillgangar" xlink:to="label_AndraOvrigaLagertillgangar" xlink:title="label: AndraOvrigaLagertillgangar to label_AndraOvrigaLagertillgangar"/>
    <link:loc xlink:type="locator" xlink:href="../../../../../base/se-gen-base/2021-10-31/se-gen-base-2021-10-31.xsd#se-gen-base_LagerHandelsvaror" xlink:label="LagerHandelsvaror" xlink:title="LagerHandelsvaror"/>
    <link:label xlink:type="resource" xlink:label="label_LagerHandelsvaror" xlink:role="http://www.xbrl.org/2003/role/terseLabel" xlink:title="label_LagerHandelsvaror" xml:lang="sv" id="label_LagerHandelsvaror">Handelsvaror</link:label>
    <link:labelArc xlink:type="arc" xlink:arcrole="http://www.xbrl.org/2003/arcrole/concept-label" xlink:from="LagerHandelsvaror" xlink:to="label_LagerHandelsvaror" xlink:title="label: LagerHandelsvaror to label_LagerHandelsvaror"/>
    <link:loc xlink:type="locator" xlink:href="../../../../../base/se-gen-base/2021-10-31/se-gen-base-2021-10-31.xsd#se-gen-base_PagaendeNyanlaggningarByggnaderMarkNybyggnadBostaderNedlagdaUtgifter" xlink:label="PagaendeNyanlaggningarByggnaderMarkNybyggnadBostaderNedlagdaUtgifter" xlink:title="PagaendeNyanlaggningarByggnaderMarkNybyggnadBostaderNedlagdaUtgifter"/>
    <link:label xlink:type="resource" xlink:label="label_PagaendeNyanlaggningarByggnaderMarkNybyggnadBostaderNedlagdaUtgifter" xlink:role="http://www.xbrl.org/2003/role/terseLabel" xlink:title="label_PagaendeNyanlaggningarByggnaderMarkNybyggnadBostaderNedlagdaUtgifter" xml:lang="sv" id="label_PagaendeNyanlaggningarByggnaderMarkNybyggnadBostaderNedlagdaUtgifter">(varav Nybyggnad av bostäder)</link:label>
    <link:labelArc xlink:type="arc" xlink:arcrole="http://www.xbrl.org/2003/arcrole/concept-label" xlink:from="PagaendeNyanlaggningarByggnaderMarkNybyggnadBostaderNedlagdaUtgifter" xlink:to="label_PagaendeNyanlaggningarByggnaderMarkNybyggnadBostaderNedlagdaUtgifter" xlink:title="label: PagaendeNyanlaggningarByggnaderMarkNybyggnadBostaderNedlagdaUtgifter to label_PagaendeNyanlaggningarByggnaderMarkNybyggnadBostaderNedlagdaUtgifter"/>
    <link:loc xlink:type="locator" xlink:href="../../../../../base/se-gen-base/2021-10-31/se-gen-base-2021-10-31.xsd#se-gen-base_ByggnaderMarkNybyggnadBostaderForandringAnskaffningsvardenInkop" xlink:label="ByggnaderMarkNybyggnadBostaderForandringAnskaffningsvardenInkop" xlink:title="ByggnaderMarkNybyggnadBostaderForandringAnskaffningsvardenInkop"/>
    <link:label xlink:type="resource" xlink:label="label_ByggnaderMarkNybyggnadBostaderForandringAnskaffningsvardenInkop" xlink:role="http://www.xbrl.org/2003/role/terseLabel" xlink:title="label_ByggnaderMarkNybyggnadBostaderForandringAnskaffningsvardenInkop" xml:lang="sv" id="label_ByggnaderMarkNybyggnadBostaderForandringAnskaffningsvardenInkop">(varav Nybyggnad av bostäder)</link:label>
    <link:labelArc xlink:type="arc" xlink:arcrole="http://www.xbrl.org/2003/arcrole/concept-label" xlink:from="ByggnaderMarkNybyggnadBostaderForandringAnskaffningsvardenInkop" xlink:to="label_ByggnaderMarkNybyggnadBostaderForandringAnskaffningsvardenInkop" xlink:title="label: ByggnaderMarkNybyggnadBostaderForandringAnskaffningsvardenInkop to label_ByggnaderMarkNybyggnadBostaderForandringAnskaffningsvardenInkop"/>
    <link:loc xlink:type="locator" xlink:href="../../../../../base/se-gen-base/2021-10-31/se-gen-base-2021-10-31.xsd#se-gen-base_PagaendeNyanlaggningarMaskinerInventarierFlygplanNedlagdaUtgifter" xlink:label="PagaendeNyanlaggningarMaskinerInventarierFlygplanNedlagdaUtgifter" xlink:title="PagaendeNyanlaggningarMaskinerInventarierFlygplanNedlagdaUtgifter"/>
    <link:label xlink:type="resource" xlink:label="label_PagaendeNyanlaggningarMaskinerInventarierFlygplanNedlagdaUtgifter" xlink:role="http://www.xbrl.org/2003/role/terseLabel" xlink:title="label_PagaendeNyanlaggningarMaskinerInventarierFlygplanNedlagdaUtgifter" xml:lang="sv" id="label_PagaendeNyanlaggningarMaskinerInventarierFlygplanNedlagdaUtgifter">(varav Flygplan)</link:label>
    <link:labelArc xlink:type="arc" xlink:arcrole="http://www.xbrl.org/2003/arcrole/concept-label" xlink:from="PagaendeNyanlaggningarMaskinerInventarierFlygplanNedlagdaUtgifter" xlink:to="label_PagaendeNyanlaggningarMaskinerInventarierFlygplanNedlagdaUtgifter" xlink:title="label: PagaendeNyanlaggningarMaskinerInventarierFlygplanNedlagdaUtgifter to label_PagaendeNyanlaggningarMaskinerInventarierFlygplanNedlagdaUtgifter"/>
    <link:loc xlink:type="locator" xlink:href="../../../../../base/se-gen-base/2021-10-31/se-gen-base-2021-10-31.xsd#se-gen-base_PagaendeNyanlaggningarForskottByggnaderMarkanlaggingarForandringAnskaffningsvardenUtbetaladeForskott" xlink:label="PagaendeNyanlaggningarForskottByggnaderMarkanlaggingarForandringAnskaffningsvardenUtbetaladeForskott" xlink:title="PagaendeNyanlaggningarForskottByggnaderMarkanlaggingarForandringAnskaffningsvardenUtbetaladeForskott"/>
    <link:label xlink:type="resource" xlink:label="label_PagaendeNyanlaggningarForskottByggnaderMarkanlaggingarForandringAnskaffningsvardenUtbetaladeForskott" xlink:role="http://www.xbrl.org/2003/role/terseLabel" xlink:title="label_PagaendeNyanlaggningarForskottByggnaderMarkanlaggingarForandringAnskaffningsvardenUtbetaladeForskott" xml:lang="sv" id="label_PagaendeNyanlaggningarForskottByggnaderMarkanlaggingarForandringAnskaffningsvardenUtbetaladeForskott">Byggnader och markanläggningar</link:label>
    <link:labelArc xlink:type="arc" xlink:arcrole="http://www.xbrl.org/2003/arcrole/concept-label" xlink:from="PagaendeNyanlaggningarForskottByggnaderMarkanlaggingarForandringAnskaffningsvardenUtbetaladeForskott" xlink:to="label_PagaendeNyanlaggningarForskottByggnaderMarkanlaggingarForandringAnskaffningsvardenUtbetaladeForskott" xlink:title="label: PagaendeNyanlaggningarForskottByggnaderMarkanlaggingarForandringAnskaffningsvardenUtbetaladeForskott to label_PagaendeNyanlaggningarForskottByggnaderMarkanlaggingarForandringAnskaffningsvardenUtbetaladeForskott"/>
    <link:loc xlink:type="locator" xlink:href="../../../../../base/se-gen-base/2021-10-31/se-gen-base-2021-10-31.xsd#se-gen-base_InventarierVerktygInstallationerForsaljningsvarde" xlink:label="InventarierVerktygInstallationerForsaljningsvarde" xlink:title="InventarierVerktygInstallationerForsaljningsvarde"/>
    <link:label xlink:type="resource" xlink:label="label_InventarierVerktygInstallationerForsaljningsvarde" xlink:role="http://www.xbrl.org/2003/role/terseLabel" xlink:title="label_InventarierVerktygInstallationerForsaljningsvarde" xml:lang="sv" id="label_InventarierVerktygInstallationerForsaljningsvarde">Försäljningsvärde</link:label>
    <link:labelArc xlink:type="arc" xlink:arcrole="http://www.xbrl.org/2003/arcrole/concept-label" xlink:from="InventarierVerktygInstallationerForsaljningsvarde" xlink:to="label_InventarierVerktygInstallationerForsaljningsvarde" xlink:title="label: InventarierVerktygInstallationerForsaljningsvarde to label_InventarierVerktygInstallationerForsaljningsvarde"/>
    <link:loc xlink:type="locator" xlink:href="../../../../../base/se-gen-base/2021-10-31/se-gen-base-2021-10-31.xsd#se-gen-base_ByggnaderMarkKopBefintligaByggnaderMarkanlaggningarForandringAnskaffningsvardenInkop" xlink:label="ByggnaderMarkKopBefintligaByggnaderMarkanlaggningarForandringAnskaffningsvardenInkop" xlink:title="ByggnaderMarkKopBefintligaByggnaderMarkanlaggningarForandringAnskaffningsvardenInkop"/>
    <link:label xlink:type="resource" xlink:label="label_ByggnaderMarkKopBefintligaByggnaderMarkanlaggningarForandringAnskaffningsvardenInkop" xlink:role="http://www.xbrl.org/2003/role/terseLabel" xlink:title="label_ByggnaderMarkKopBefintligaByggnaderMarkanlaggningarForandringAnskaffningsvardenInkop" xml:lang="sv" id="label_ByggnaderMarkKopBefintligaByggnaderMarkanlaggningarForandringAnskaffningsvardenInkop">Befintliga byggnader och markanläggningar</link:label>
    <link:labelArc xlink:type="arc" xlink:arcrole="http://www.xbrl.org/2003/arcrole/concept-label" xlink:from="ByggnaderMarkKopBefintligaByggnaderMarkanlaggningarForandringAnskaffningsvardenInkop" xlink:to="label_ByggnaderMarkKopBefintligaByggnaderMarkanlaggningarForandringAnskaffningsvardenInkop" xlink:title="label: ByggnaderMarkKopBefintligaByggnaderMarkanlaggningarForandringAnskaffningsvardenInkop to label_ByggnaderMarkKopBefintligaByggnaderMarkanlaggningarForandringAnskaffningsvardenInkop"/>
    <link:loc xlink:type="locator" xlink:href="../../../../../base/se-gen-base/2021-10-31/se-gen-base-2021-10-31.xsd#se-gen-base_PagaendeNyanlaggningarByggnaderMarkTillOmbyggnadBostaderNedlagdaUtgifter" xlink:label="PagaendeNyanlaggningarByggnaderMarkTillOmbyggnadBostaderNedlagdaUtgifter" xlink:title="PagaendeNyanlaggningarByggnaderMarkTillOmbyggnadBostaderNedlagdaUtgifter"/>
    <link:label xlink:type="resource" xlink:label="label_PagaendeNyanlaggningarByggnaderMarkTillOmbyggnadBostaderNedlagdaUtgifter" xlink:role="http://www.xbrl.org/2003/role/terseLabel" xlink:title="label_PagaendeNyanlaggningarByggnaderMarkTillOmbyggnadBostaderNedlagdaUtgifter" xml:lang="sv" id="label_PagaendeNyanlaggningarByggnaderMarkTillOmbyggnadBostaderNedlagdaUtgifter">(varav Till- och ombyggnad av bostäder)</link:label>
    <link:labelArc xlink:type="arc" xlink:arcrole="http://www.xbrl.org/2003/arcrole/concept-label" xlink:from="PagaendeNyanlaggningarByggnaderMarkTillOmbyggnadBostaderNedlagdaUtgifter" xlink:to="label_PagaendeNyanlaggningarByggnaderMarkTillOmbyggnadBostaderNedlagdaUtgifter" xlink:title="label: PagaendeNyanlaggningarByggnaderMarkTillOmbyggnadBostaderNedlagdaUtgifter to label_PagaendeNyanlaggningarByggnaderMarkTillOmbyggnadBostaderNedlagdaUtgifter"/>
    <link:loc xlink:type="locator" xlink:href="../../../../../base/se-gen-base/2021-10-31/se-gen-base-2021-10-31.xsd#se-gen-base_OvrigaMateriellaAnlaggningstillgangarForsaljningsvarde" xlink:label="OvrigaMateriellaAnlaggningstillgangarForsaljningsvarde" xlink:title="OvrigaMateriellaAnlaggningstillgangarForsaljningsvarde"/>
    <link:label xlink:type="resource" xlink:label="label_OvrigaMateriellaAnlaggningstillgangarForsaljningsvarde" xlink:role="http://www.xbrl.org/2003/role/terseLabel" xlink:title="label_OvrigaMateriellaAnlaggningstillgangarForsaljningsvarde" xml:lang="sv" id="label_OvrigaMateriellaAnlaggningstillgangarForsaljningsvarde_2">Försäljningsvärde</link:label>
    <link:labelArc xlink:type="arc" xlink:arcrole="http://www.xbrl.org/2003/arcrole/concept-label" xlink:from="OvrigaMateriellaAnlaggningstillgangarForsaljningsvarde" xlink:to="label_OvrigaMateriellaAnlaggningstillgangarForsaljningsvarde" xlink:title="label: OvrigaMateriellaAnlaggningstillgangarForsaljningsvarde to label_OvrigaMateriellaAnlaggningstillgangarForsaljningsvarde"/>
    <link:loc xlink:type="locator" xlink:href="../../../../../base/se-gen-base/2021-10-31/se-gen-base-2021-10-31.xsd#se-gen-base_InventarierVerktygInstallationerRalsfordonForandringAnskaffningsvardenInkop" xlink:label="InventarierVerktygInstallationerRalsfordonForandringAnskaffningsvardenInkop" xlink:title="InventarierVerktygInstallationerRalsfordonForandringAnskaffningsvardenInkop"/>
    <link:label xlink:type="resource" xlink:label="label_InventarierVerktygInstallationerRalsfordonForandringAnskaffningsvardenInkop" xlink:role="http://www.xbrl.org/2003/role/terseLabel" xlink:title="label_InventarierVerktygInstallationerRalsfordonForandringAnskaffningsvardenInkop" xml:lang="sv" id="label_InventarierVerktygInstallationerRalsfordonForandringAnskaffningsvardenInkop">(varav Rälsfordon)</link:label>
    <link:labelArc xlink:type="arc" xlink:arcrole="http://www.xbrl.org/2003/arcrole/concept-label" xlink:from="InventarierVerktygInstallationerRalsfordonForandringAnskaffningsvardenInkop" xlink:to="label_InventarierVerktygInstallationerRalsfordonForandringAnskaffningsvardenInkop" xlink:title="label: InventarierVerktygInstallationerRalsfordonForandringAnskaffningsvardenInkop to label_InventarierVerktygInstallationerRalsfordonForandringAnskaffningsvardenInkop"/>
    <link:loc xlink:type="locator" xlink:href="../../../../../base/se-gen-base/2021-10-31/se-gen-base-2021-10-31.xsd#se-gen-base_InvesteringForsaljningMateriellaAnlaggningstillgangarAbstract" xlink:label="InvesteringForsaljningMateriellaAnlaggningstillgangarAbstract" xlink:title="InvesteringForsaljningMateriellaAnlaggningstillgangarAbstract"/>
    <link:label xlink:type="resource" xlink:label="label_InvesteringForsaljningMateriellaAnlaggningstillgangarAbstract" xlink:role="http://www.xbrl.org/2003/role/terseLabel" xlink:title="label_InvesteringForsaljningMateriellaAnlaggningstillgangarAbstract" xml:lang="sv" id="label_InvesteringForsaljningMateriellaAnlaggningstillgangarAbstract">Investeringar och försäljningar av materiella anläggningstillgångar</link:label>
    <link:labelArc xlink:type="arc" xlink:arcrole="http://www.xbrl.org/2003/arcrole/concept-label" xlink:from="InvesteringForsaljningMateriellaAnlaggningstillgangarAbstract" xlink:to="label_InvesteringForsaljningMateriellaAnlaggningstillgangarAbstract" xlink:title="label: InvesteringForsaljningMateriellaAnlaggningstillgangarAbstract to label_InvesteringForsaljningMateriellaAnlaggningstillgangarAbstract"/>
    <link:loc xlink:type="locator" xlink:href="../../../../../base/se-gen-base/2021-10-31/se-gen-base-2021-10-31.xsd#se-gen-base_OvrigaLagertillgangarAbstract" xlink:label="OvrigaLagertillgangarAbstract" xlink:title="OvrigaLagertillgangarAbstract"/>
    <link:label xlink:type="resource" xlink:label="label_OvrigaLagertillgangarAbstract" xlink:role="http://www.xbrl.org/2003/role/terseLabel" xlink:title="label_OvrigaLagertillgangarAbstract" xml:lang="sv" id="label_OvrigaLagertillgangarAbstract">Övriga lagertillgångar</link:label>
    <link:labelArc xlink:type="arc" xlink:arcrole="http://www.xbrl.org/2003/arcrole/concept-label" xlink:from="OvrigaLagertillgangarAbstract" xlink:to="label_OvrigaLagertillgangarAbstract" xlink:title="label: OvrigaLagertillgangarAbstract to label_OvrigaLagertillgangarAbstract"/>
    <link:loc xlink:type="locator" xlink:href="../../../../../base/se-gen-base/2021-10-31/se-gen-base-2021-10-31.xsd#se-gen-base_LagerFardigaVarorHandelsvarorAbstract" xlink:label="LagerFardigaVarorHandelsvarorAbstract" xlink:title="se-gen-base_LagerFardigaVarorHandelsvarorAbstract_841"/>
    <link:label xlink:type="resource" xlink:label="label_LagerFardigaVarorHandelsvarorAbstract" xlink:role="http://www.xbrl.org/2003/role/terseLabel" xlink:title="se-gen-base_LagerFardigaVarorHandelsvarorAbstract_842" xml:lang="sv">Färdiga varor och handelsvaror</link:label>
    <link:labelArc xlink:type="arc" xlink:arcrole="http://www.xbrl.org/2003/arcrole/concept-label" xlink:from="LagerFardigaVarorHandelsvarorAbstract" xlink:to="label_LagerFardigaVarorHandelsvarorAbstract" xlink:title="label: se-gen-base_LagerFardigaVarorHandelsvarorAbstract_841 to se-gen-base_LagerFardigaVarorHandelsvarorAbstract_842"/>
    <link:loc xlink:type="locator" xlink:href="../../../../../base/se-gen-base/2021-10-31/se-gen-base-2021-10-31.xsd#se-gen-base_ByggnaderMarkForandringAnskaffningsvardenInkopAbstract" xlink:label="ByggnaderMarkForandringAnskaffningsvardenInkopAbstract" xlink:title="ByggnaderMarkForandringAnskaffningsvardenInkopAbstract"/>
    <link:label xlink:type="resource" xlink:label="label_ByggnaderMarkForandringAnskaffningsvardenInkopAbstract" xlink:role="http://www.xbrl.org/2003/role/terseLabel" xlink:title="label_ByggnaderMarkForandringAnskaffningsvardenInkopAbstract" xml:lang="sv" id="label_ByggnaderMarkForandringAnskaffningsvardenInkopAbstract">Inköp</link:label>
    <link:labelArc xlink:type="arc" xlink:arcrole="http://www.xbrl.org/2003/arcrole/concept-label" xlink:from="ByggnaderMarkForandringAnskaffningsvardenInkopAbstract" xlink:to="label_ByggnaderMarkForandringAnskaffningsvardenInkopAbstract" xlink:title="label: ByggnaderMarkForandringAnskaffningsvardenInkopAbstract to label_ByggnaderMarkForandringAnskaffningsvardenInkopAbstract"/>
    <link:loc xlink:type="locator" xlink:href="../../../../../base/se-gen-base/2021-10-31/se-gen-base-2021-10-31.xsd#se-gen-base_HandelsvarorRavarorFornodenheterKostnaderAbstract" xlink:label="HandelsvarorRavarorFornodenheterKostnaderAbstract" xlink:title="se-gen-base_HandelsvarorRavarorFornodenheterKostnaderAbstract_873"/>
    <link:label xlink:type="resource" xlink:label="label_HandelsvarorRavarorFornodenheterKostnaderAbstract" xlink:role="http://www.xbrl.org/2003/role/terseLabel" xlink:title="se-gen-base_HandelsvarorRavarorFornodenheterKostnaderAbstract_874" xml:lang="sv">Handelsvaror, råvaror och förnödenheter</link:label>
    <link:labelArc xlink:type="arc" xlink:arcrole="http://www.xbrl.org/2003/arcrole/concept-label" xlink:from="HandelsvarorRavarorFornodenheterKostnaderAbstract" xlink:to="label_HandelsvarorRavarorFornodenheterKostnaderAbstract" xlink:title="label: se-gen-base_HandelsvarorRavarorFornodenheterKostnaderAbstract_873 to se-gen-base_HandelsvarorRavarorFornodenheterKostnaderAbstract_874"/>
    <link:loc xlink:type="locator" xlink:href="../../../../../base/se-gen-base/2021-10-31/se-gen-base-2021-10-31.xsd#se-gen-base_PagaendeNyanlaggningarForskottMateriellaAnlaggningstillgangarForandringAnskaffningsvardenUtbetaladeForskottAbstract" xlink:label="PagaendeNyanlaggningarForskottMateriellaAnlaggningstillgangarForandringAnskaffningsvardenUtbetaladeForskottAbstract" xlink:title="se-gen-base_PagaendeNyanlaggningarForskottMateriellaAnlaggningstillgangarForandringAnskaffningsvardenUtbetaladeForskottAbstract_875"/>
    <link:label xlink:type="resource" xlink:label="label_PagaendeNyanlaggningarForskottMateriellaAnlaggningstillgangarForandringAnskaffningsvardenUtbetaladeForskottAbstract" xlink:role="http://www.xbrl.org/2003/role/terseLabel" xlink:title="se-gen-base_PagaendeNyanlaggningarForskottMateriellaAnlaggningstillgangarForandringAnskaffningsvardenUtbetaladeForskottAbstract_876" xml:lang="sv">Utbetalda förskott</link:label>
    <link:labelArc xlink:type="arc" xlink:arcrole="http://www.xbrl.org/2003/arcrole/concept-label" xlink:from="PagaendeNyanlaggningarForskottMateriellaAnlaggningstillgangarForandringAnskaffningsvardenUtbetaladeForskottAbstract" xlink:to="label_PagaendeNyanlaggningarForskottMateriellaAnlaggningstillgangarForandringAnskaffningsvardenUtbetaladeForskottAbstract" xlink:title="label: se-gen-base_PagaendeNyanlaggningarForskottMateriellaAnlaggningstillgangarForandringAnskaffningsvardenUtbetaladeForskottAbstract_875 to se-gen-base_PagaendeNyanlaggningarForskottMateriellaAnlaggningstillgangarForandringAnskaffningsvardenUtbetaladeForskottAbstract_876"/>
    <link:loc xlink:type="locator" xlink:href="../../../../../base/se-gen-base/2021-10-31/se-gen-base-2021-10-31.xsd#se-gen-base_InventarierVerktygInstallationerFlygplanForandringAnskaffningsvardenInkop" xlink:label="InventarierVerktygInstallationerFlygplanForandringAnskaffningsvardenInkop" xlink:title="InventarierVerktygInstallationerFlygplanForandringAnskaffningsvardenInkop"/>
    <link:label xlink:type="resource" xlink:label="label_InventarierVerktygInstallationerFlygplanForandringAnskaffningsvardenInkop" xlink:role="http://www.xbrl.org/2003/role/terseLabel" xlink:title="label_InventarierVerktygInstallationerFlygplanForandringAnskaffningsvardenInkop" xml:lang="sv" id="label_InventarierVerktygInstallationerFlygplanForandringAnskaffningsvardenInkop">(varav Flygplan)</link:label>
    <link:labelArc xlink:type="arc" xlink:arcrole="http://www.xbrl.org/2003/arcrole/concept-label" xlink:from="InventarierVerktygInstallationerFlygplanForandringAnskaffningsvardenInkop" xlink:to="label_InventarierVerktygInstallationerFlygplanForandringAnskaffningsvardenInkop" xlink:title="label: InventarierVerktygInstallationerFlygplanForandringAnskaffningsvardenInkop to label_InventarierVerktygInstallationerFlygplanForandringAnskaffningsvardenInkop"/>
    <link:loc xlink:type="locator" xlink:href="../../../../../base/se-gen-base/2021-10-31/se-gen-base-2021-10-31.xsd#se-gen-base_PagaendeNyanlaggningarForskottMateriellaAnlaggningstillgangarForandringAnskaffningsvardenNedlagdaUtgifterAbstract" xlink:label="PagaendeNyanlaggningarForskottMateriellaAnlaggningstillgangarForandringAnskaffningsvardenNedlagdaUtgifterAbstract" xlink:title="se-gen-base_PagaendeNyanlaggningarForskottMateriellaAnlaggningstillgangarForandringAnskaffningsvardenNedlagdaUtgifterAbstract_887"/>
    <link:label xlink:type="resource" xlink:label="label_PagaendeNyanlaggningarForskottMateriellaAnlaggningstillgangarForandringAnskaffningsvardenNedlagdaUtgifterAbstract" xlink:role="http://www.xbrl.org/2003/role/terseLabel" xlink:title="se-gen-base_PagaendeNyanlaggningarForskottMateriellaAnlaggningstillgangarForandringAnskaffningsvardenNedlagdaUtgifterAbstract_888" xml:lang="sv">Nedlagda utgifter</link:label>
    <link:labelArc xlink:type="arc" xlink:arcrole="http://www.xbrl.org/2003/arcrole/concept-label" xlink:from="PagaendeNyanlaggningarForskottMateriellaAnlaggningstillgangarForandringAnskaffningsvardenNedlagdaUtgifterAbstract" xlink:to="label_PagaendeNyanlaggningarForskottMateriellaAnlaggningstillgangarForandringAnskaffningsvardenNedlagdaUtgifterAbstract" xlink:title="label: se-gen-base_PagaendeNyanlaggningarForskottMateriellaAnlaggningstillgangarForandringAnskaffningsvardenNedlagdaUtgifterAbstract_887 to se-gen-base_PagaendeNyanlaggningarForskottMateriellaAnlaggningstillgangarForandringAnskaffningsvardenNedlagdaUtgifterAbstract_888"/>
    <link:loc xlink:type="locator" xlink:href="../../../../../base/se-gen-base/2021-10-31/se-gen-base-2021-10-31.xsd#se-gen-base_OvrigaRorelseintakterIntaktsslagList" xlink:label="OvrigaRorelseintakterIntaktsslagTypList" xlink:title="OvrigaRorelseintakterIntaktsslagTypList"/>
    <link:label xlink:type="resource" xlink:label="label_OvrigaRorelseintakterIntaktsslagTypList" xlink:role="http://www.xbrl.org/2003/role/terseLabel" xlink:title="label_OvrigaRorelseintakterIntaktsslagTypList" xml:lang="sv" id="label_OvrigaRorelseintakterIntaktsslagTypList">Typ av övrig rörelseintäkt</link:label>
    <link:labelArc xlink:type="arc" xlink:arcrole="http://www.xbrl.org/2003/arcrole/concept-label" xlink:from="OvrigaRorelseintakterIntaktsslagTypList" xlink:to="label_OvrigaRorelseintakterIntaktsslagTypList" xlink:title="label: OvrigaRorelseintakterIntaktsslagTypList to label_OvrigaRorelseintakterIntaktsslagTypList"/>
    <link:loc xlink:type="locator" xlink:href="../../../../../base/se-gen-base/2021-10-31/se-gen-base-2021-10-31.xsd#se-gen-base_OvrigaRorelsekostnaderKostnadsslagList" xlink:label="OvrigaRorelsekostnaderKostnadsslagTypList" xlink:title="OvrigaRorelsekostnaderKostnadsslagTypList"/>
    <link:label xlink:type="resource" xlink:label="label_OvrigaRorelsekostnaderKostnadsslagTypList" xlink:role="http://www.xbrl.org/2003/role/terseLabel" xlink:title="label_OvrigaRorelsekostnaderKostnadsslagTypList" xml:lang="sv" id="label_OvrigaRorelsekostnaderKostnadsslagTypList">Typ av övrig rörelsekostnad</link:label>
    <link:labelArc xlink:type="arc" xlink:arcrole="http://www.xbrl.org/2003/arcrole/concept-label" xlink:from="OvrigaRorelsekostnaderKostnadsslagTypList" xlink:to="label_OvrigaRorelsekostnaderKostnadsslagTypList" xlink:title="label: OvrigaRorelsekostnaderKostnadsslagTypList to label_OvrigaRorelsekostnaderKostnadsslagTypList"/>
    <link:loc xlink:type="locator" xlink:href="../../../../../base/se-gen-base/2021-10-31/se-gen-base-2021-10-31.xsd#se-gen-base_OvrigaRorelseintakterIntaktsslag" xlink:label="OvrigaRorelseintakterIntaktsslag" xlink:title="OvrigaRorelseintakterIntaktsslag"/>
    <link:label xlink:type="resource" xlink:label="label_OvrigaRorelseintakterIntaktsslag" xlink:role="http://www.xbrl.org/2003/role/terseLabel" xlink:title="label_OvrigaRorelseintakterIntaktsslag" xml:lang="sv" id="label_OvrigaRorelseintakterIntaktsslag">Belopp</link:label>
    <link:labelArc xlink:type="arc" xlink:arcrole="http://www.xbrl.org/2003/arcrole/concept-label" xlink:from="OvrigaRorelseintakterIntaktsslag" xlink:to="label_OvrigaRorelseintakterIntaktsslag" xlink:title="label: OvrigaRorelseintakterIntaktsslag to label_OvrigaRorelseintakterIntaktsslag"/>
    <link:loc xlink:type="locator" xlink:href="../../../../../base/se-gen-base/2021-10-31/se-gen-base-2021-10-31.xsd#se-gen-base_OvrigaRorelsekostnaderKostnadsslag" xlink:label="OvrigaRorelsekostnaderKostnadsslag" xlink:title="OvrigaRorelsekostnaderKostnadsslag"/>
    <link:label xlink:type="resource" xlink:label="label_OvrigaRorelsekostnaderKostnadsslag" xlink:role="http://www.xbrl.org/2003/role/terseLabel" xlink:title="label_OvrigaRorelsekostnaderKostnadsslag" xml:lang="sv" id="label_OvrigaRorelsekostnaderKostnadsslag">Belopp</link:label>
    <link:labelArc xlink:type="arc" xlink:arcrole="http://www.xbrl.org/2003/arcrole/concept-label" xlink:from="OvrigaRorelsekostnaderKostnadsslag" xlink:to="label_OvrigaRorelsekostnaderKostnadsslag" xlink:title="label: OvrigaRorelsekostnaderKostnadsslag to label_OvrigaRorelsekostnaderKostnadsslag"/>
    <link:loc xlink:type="locator" xlink:href="../../../../../base/se-gen-base/2021-10-31/se-gen-base-2021-10-31.xsd#se-gen-base_AnnanExternKostnadList" xlink:label="AnnanExternKostnadTypList" xlink:title="AnnanExternKostnadTypList"/>
    <link:label xlink:type="resource" xlink:label="label_AnnanExternKostnadTypList" xlink:role="http://www.xbrl.org/2003/role/terseLabel" xlink:title="label_AnnanExternKostnadTypList" xml:lang="sv" id="label_AnnanExternKostnadTypList">Typ av övrig extern kostnad</link:label>
    <link:labelArc xlink:type="arc" xlink:arcrole="http://www.xbrl.org/2003/arcrole/concept-label" xlink:from="AnnanExternKostnadTypList" xlink:to="label_AnnanExternKostnadTypList" xlink:title="label: AnnanExternKostnadTypList to label_AnnanExternKostnadTypList"/>
    <link:loc xlink:type="locator" xlink:href="../../../../../base/se-gen-base/2021-10-31/se-gen-base-2021-10-31.xsd#se-gen-base_OvrigaExternaKostnaderKostnadsslag" xlink:label="OvrigaExternaKostnaderKostnadsslag" xlink:title="OvrigaExternaKostnaderKostnadsslag"/>
    <link:label xlink:type="resource" xlink:label="label_OvrigaExternaKostnaderKostnadsslag" xlink:role="http://www.xbrl.org/2003/role/terseLabel" xlink:title="label_OvrigaExternaKostnaderKostnadsslag" xml:lang="sv" id="label_OvrigaExternaKostnaderKostnadsslag">Belopp</link:label>
    <link:labelArc xlink:type="arc" xlink:arcrole="http://www.xbrl.org/2003/arcrole/concept-label" xlink:from="OvrigaExternaKostnaderKostnadsslag" xlink:to="label_OvrigaExternaKostnaderKostnadsslag" xlink:title="label: OvrigaExternaKostnaderKostnadsslag to label_OvrigaExternaKostnaderKostnadsslag"/>
    <link:loc xlink:type="locator" xlink:href="../../../../../base/se-gen-base/2021-10-31/se-gen-base-2021-10-31.xsd#se-gen-base_InventarierVerktygInstallationerRalsfordonForsaljningsvarde" xlink:label="InventarierVerktygInstallationerRalsfordonForsaljningsvarde" xlink:title="InventarierVerktygInstallationerRalsfordonForsaljningsvarde"/>
    <link:label xlink:type="resource" xlink:label="label_InventarierVerktygInstallationerRalsfordonForsaljningsvarde" xlink:role="http://www.xbrl.org/2003/role/terseLabel" xlink:title="label_InventarierVerktygInstallationerRalsfordonForsaljningsvarde" xml:lang="sv" id="label_InventarierVerktygInstallationerRalsfordonForsaljningsvarde">(varav Rälsfordon)</link:label>
    <link:labelArc xlink:type="arc" xlink:arcrole="http://www.xbrl.org/2003/arcrole/concept-label" xlink:from="InventarierVerktygInstallationerRalsfordonForsaljningsvarde" xlink:to="label_InventarierVerktygInstallationerRalsfordonForsaljningsvarde" xlink:title="label: InventarierVerktygInstallationerRalsfordonForsaljningsvarde to label_InventarierVerktygInstallationerRalsfordonForsaljningsvarde"/>
    <link:loc xlink:type="locator" xlink:href="../../../../../base/se-gen-base/2021-10-31/se-gen-base-2021-10-31.xsd#se-gen-base_InventarierVerktygInstallationerFlygplanForsaljningsvarde" xlink:label="InventarierVerktygInstallationerFlygplanForsaljningsvarde" xlink:title="InventarierVerktygInstallationerFlygplanForsaljningsvarde"/>
    <link:label xlink:type="resource" xlink:label="label_InventarierVerktygInstallationerFlygplanForsaljningsvarde" xlink:role="http://www.xbrl.org/2003/role/terseLabel" xlink:title="label_InventarierVerktygInstallationerFlygplanForsaljningsvarde" xml:lang="sv" id="label_InventarierVerktygInstallationerFlygplanForsaljningsvarde">(varav Flygplan)</link:label>
    <link:labelArc xlink:type="arc" xlink:arcrole="http://www.xbrl.org/2003/arcrole/concept-label" xlink:from="InventarierVerktygInstallationerFlygplanForsaljningsvarde" xlink:to="label_InventarierVerktygInstallationerFlygplanForsaljningsvarde" xlink:title="label: InventarierVerktygInstallationerFlygplanForsaljningsvarde to label_InventarierVerktygInstallationerFlygplanForsaljningsvarde"/>
    <link:loc xlink:type="locator" xlink:href="../../../../../base/se-gen-base/2021-10-31/se-gen-base-2021-10-31.xsd#se-gen-base_KommentarKvartaletsRorelseresultat" xlink:label="KommentarKvartaletsRorelseresultat" xlink:title="KommentarKvartaletsRorelseresultat"/>
    <link:label xlink:type="resource" xlink:label="label_KommentarKvartaletsRorelseresultat" xlink:role="http://www.xbrl.org/2003/role/terseLabel" xlink:title="label_KommentarKvartaletsRorelseresultat" xml:lang="sv" id="label_KommentarKvartaletsRorelseresultat">Kommentar</link:label>
    <link:labelArc xlink:type="arc" xlink:arcrole="http://www.xbrl.org/2003/arcrole/concept-label" xlink:from="KommentarKvartaletsRorelseresultat" xlink:to="label_KommentarKvartaletsRorelseresultat" xlink:title="label: KommentarKvartaletsRorelseresultat to label_KommentarKvartaletsRorelseresultat"/>
    <link:loc xlink:type="locator" xlink:href="../../../../../base/se-gen-base/2021-10-31/se-gen-base-2021-10-31.xsd#se-gen-base_KommentarVarulagerMm" xlink:label="KommentarVarulagerMm" xlink:title="KommentarVarulagerMm"/>
    <link:label xlink:type="resource" xlink:label="label_KommentarVarulagerMm" xlink:role="http://www.xbrl.org/2003/role/terseLabel" xlink:title="label_KommentarVarulagerMm" xml:lang="sv" id="label_KommentarVarulagerMm">Kommentar</link:label>
    <link:labelArc xlink:type="arc" xlink:arcrole="http://www.xbrl.org/2003/arcrole/concept-label" xlink:from="KommentarVarulagerMm" xlink:to="label_KommentarVarulagerMm" xlink:title="label: KommentarVarulagerMm to label_KommentarVarulagerMm"/>
    <link:loc xlink:type="locator" xlink:href="../../../../../base/se-gen-base/2021-10-31/se-gen-base-2021-10-31.xsd#se-gen-base_KommentarInvesteringarMateriellaAnlaggningstillgangar" xlink:label="KommentarInvesteringarMateriellaAnlaggningstillgangar" xlink:title="KommentarInvesteringarMateriellaAnlaggningstillgangar"/>
    <link:label xlink:type="resource" xlink:label="label_KommentarInvesteringarMateriellaAnlaggningstillgangar" xlink:role="http://www.xbrl.org/2003/role/terseLabel" xlink:title="label_KommentarInvesteringarMateriellaAnlaggningstillgangar" xml:lang="sv" id="label_KommentarInvesteringarMateriellaAnlaggningstillgangar">Kommentar</link:label>
    <link:labelArc xlink:type="arc" xlink:arcrole="http://www.xbrl.org/2003/arcrole/concept-label" xlink:from="KommentarInvesteringarMateriellaAnlaggningstillgangar" xlink:to="label_KommentarInvesteringarMateriellaAnlaggningstillgangar" xlink:title="label: KommentarInvesteringarMateriellaAnlaggningstillgangar to label_KommentarInvesteringarMateriellaAnlaggningstillgangar"/>
    <link:loc xlink:type="locator" xlink:href="../../../../../base/se-gen-base/2021-10-31/se-gen-base-2021-10-31.xsd#se-gen-base_KommentarPrognosInvesteringarMateriellaAnlaggningstillgangar" xlink:label="KommentarPrognosInvesteringarMateriellaAnlaggningstillgangar" xlink:title="KommentarPrognosInvesteringarMateriellaAnlaggningstillgangar"/>
    <link:label xlink:type="resource" xlink:label="label_KommentarPrognosInvesteringarMateriellaAnlaggningstillgangar" xlink:role="http://www.xbrl.org/2003/role/terseLabel" xlink:title="label_KommentarPrognosInvesteringarMateriellaAnlaggningstillgangar" xml:lang="sv" id="label_KommentarPrognosInvesteringarMateriellaAnlaggningstillgangar">Kommentar</link:label>
    <link:labelArc xlink:type="arc" xlink:arcrole="http://www.xbrl.org/2003/arcrole/concept-label" xlink:from="KommentarPrognosInvesteringarMateriellaAnlaggningstillgangar" xlink:to="label_KommentarPrognosInvesteringarMateriellaAnlaggningstillgangar" xlink:title="label: KommentarPrognosInvesteringarMateriellaAnlaggningstillgangar to label_KommentarPrognosInvesteringarMateriellaAnlaggningstillgangar"/>
    <link:loc xlink:type="locator" xlink:href="../../../../../base/se-gen-base/2021-10-31/se-gen-base-2021-10-31.xsd#se-gen-base_PagaendeNyanlaggningarMateriellaAnlaggningstillgangarByggnaderMarkanlaggningarForsaljningsvarde" xlink:label="PagaendeNyanlaggningarMateriellaAnlaggningstillgangarByggnaderMarkanlaggningarForsaljningsvarde" xlink:title="PagaendeNyanlaggningarMateriellaAnlaggningstillgangarByggnaderMarkanlaggningarForsaljningsvarde"/>
    <link:label xlink:type="resource" xlink:label="label_PagaendeNyanlaggningarMateriellaAnlaggningstillgangarByggnaderMarkanlaggningarForsaljningsvarde" xlink:role="http://www.xbrl.org/2003/role/terseLabel" xlink:title="label_PagaendeNyanlaggningarMateriellaAnlaggningstillgangarByggnaderMarkanlaggningarForsaljningsvarde" xml:lang="sv" id="label_PagaendeNyanlaggningarMateriellaAnlaggningstillgangarByggnaderMarkanlaggningarForsaljningsvarde">Byggnader och markanläggningar</link:label>
    <link:labelArc xlink:type="arc" xlink:arcrole="http://www.xbrl.org/2003/arcrole/concept-label" xlink:from="PagaendeNyanlaggningarMateriellaAnlaggningstillgangarByggnaderMarkanlaggningarForsaljningsvarde" xlink:to="label_PagaendeNyanlaggningarMateriellaAnlaggningstillgangarByggnaderMarkanlaggningarForsaljningsvarde" xlink:title="label: PagaendeNyanlaggningarMateriellaAnlaggningstillgangarByggnaderMarkanlaggningarForsaljningsvarde to label_PagaendeNyanlaggningarMateriellaAnlaggningstillgangarByggnaderMarkanlaggningarForsaljningsvarde"/>
    <link:loc xlink:type="locator" xlink:href="../../../../../base/se-gen-base/2021-10-31/se-gen-base-2021-10-31.xsd#se-gen-base_PagaendeNyanlaggningarMateriellaAnlaggningstillgangarMaskinerInventarierForsaljningsvarde" xlink:label="PagaendeNyanlaggningarMateriellaAnlaggningstillgangarMaskinerInventarierForsaljningsvarde" xlink:title="PagaendeNyanlaggningarMateriellaAnlaggningstillgangarMaskinerInventarierForsaljningsvarde"/>
    <link:label xlink:type="resource" xlink:label="label_PagaendeNyanlaggningarMateriellaAnlaggningstillgangarMaskinerInventarierForsaljningsvarde" xlink:role="http://www.xbrl.org/2003/role/terseLabel" xlink:title="label_PagaendeNyanlaggningarMateriellaAnlaggningstillgangarMaskinerInventarierForsaljningsvarde" xml:lang="sv" id="label_PagaendeNyanlaggningarMateriellaAnlaggningstillgangarMaskinerInventarierForsaljningsvarde">Maskiner och inventarier</link:label>
    <link:labelArc xlink:type="arc" xlink:arcrole="http://www.xbrl.org/2003/arcrole/concept-label" xlink:from="PagaendeNyanlaggningarMateriellaAnlaggningstillgangarMaskinerInventarierForsaljningsvarde" xlink:to="label_PagaendeNyanlaggningarMateriellaAnlaggningstillgangarMaskinerInventarierForsaljningsvarde" xlink:title="label: PagaendeNyanlaggningarMateriellaAnlaggningstillgangarMaskinerInventarierForsaljningsvarde to label_PagaendeNyanlaggningarMateriellaAnlaggningstillgangarMaskinerInventarierForsaljningsvarde"/>
    <link:loc xlink:type="locator" xlink:href="../../../../../base/se-gen-base/2021-10-31/se-gen-base-2021-10-31.xsd#se-gen-base_ErhallnaErsattningarForsaljningPagaendeNyanlaggningarMateriellaAnlaggningstillgangarAbstract" xlink:label="ErhallnaErsattningarForsaljningPagaendeNyanlaggningarMateriellaAnlaggningstillgangarAbstract" xlink:title="ErhallnaErsattningarForsaljningPagaendeNyanlaggningarMateriellaAnlaggningstillgangarAbstract"/>
    <link:label xlink:type="resource" xlink:label="label_ErhallnaErsattningarForsaljningPagaendeNyanlaggningarMateriellaAnlaggningstillgangarAbstract" xlink:role="http://www.xbrl.org/2003/role/terseLabel" xlink:title="label_ErhallnaErsattningarForsaljningPagaendeNyanlaggningarMateriellaAnlaggningstillgangarAbstract" xml:lang="sv" id="label_ErhallnaErsattningarForsaljningPagaendeNyanlaggningarMateriellaAnlaggningstillgangarAbstract">Försäljningsvärde</link:label>
    <link:labelArc xlink:type="arc" xlink:arcrole="http://www.xbrl.org/2003/arcrole/concept-label" xlink:from="ErhallnaErsattningarForsaljningPagaendeNyanlaggningarMateriellaAnlaggningstillgangarAbstract" xlink:to="label_ErhallnaErsattningarForsaljningPagaendeNyanlaggningarMateriellaAnlaggningstillgangarAbstract" xlink:title="label: ErhallnaErsattningarForsaljningPagaendeNyanlaggningarMateriellaAnlaggningstillgangarAbstract to label_ErhallnaErsattningarForsaljningPagaendeNyanlaggningarMateriellaAnlaggningstillgangarAbstract"/>
    <link:loc xlink:type="locator" xlink:href="../../../../../base/se-gen-base/2021-10-31/se-gen-base-2021-10-31.xsd#se-gen-base_PeriodensRorelseresultatAbstract" xlink:label="PeriodensRorelseresultatAbstract" xlink:title="PeriodensRorelseresultatAbstract"/>
    <link:label xlink:type="resource" xlink:label="label_PeriodensRorelseresultatAbstract" xlink:role="http://www.xbrl.org/2003/role/terseLabel" xlink:title="label_PeriodensRorelseresultatAbstract" xml:lang="sv" id="label_PeriodensRorelseresultatAbstract">Kvartalets rörelseresultat</link:label>
    <link:labelArc xlink:type="arc" xlink:arcrole="http://www.xbrl.org/2003/arcrole/concept-label" xlink:from="PeriodensRorelseresultatAbstract" xlink:to="label_PeriodensRorelseresultatAbstract" xlink:title="label: PeriodensRorelseresultatAbstract to label_PeriodensRorelseresultatAbstract"/>
    <link:loc xlink:type="locator" xlink:href="../../../../../base/se-gen-base/2021-10-31/se-gen-base-2021-10-31.xsd#se-gen-base_PlaneradeInvesteringarMateriellaAnlaggningstillgangarAbstract" xlink:label="PlaneradeInvesteringarMateriellaAnlaggningstillgangarAbstract" xlink:title="PlaneradeInvesteringarMateriellaAnlaggningstillgangarAbstract"/>
    <link:label xlink:type="resource" xlink:label="label_PlaneradeInvesteringarMateriellaAnlaggningstillgangarAbstract" xlink:role="http://www.xbrl.org/2003/role/terseLabel" xlink:title="label_PlaneradeInvesteringarMateriellaAnlaggningstillgangarAbstract" xml:lang="sv" id="label_PlaneradeInvesteringarMateriellaAnlaggningstillgangarAbstract">Planerade investeringar i materiella anläggningstillgångar</link:label>
    <link:labelArc xlink:type="arc" xlink:arcrole="http://www.xbrl.org/2003/arcrole/concept-label" xlink:from="PlaneradeInvesteringarMateriellaAnlaggningstillgangarAbstract" xlink:to="label_PlaneradeInvesteringarMateriellaAnlaggningstillgangarAbstract" xlink:title="label: PlaneradeInvesteringarMateriellaAnlaggningstillgangarAbstract to label_PlaneradeInvesteringarMateriellaAnlaggningstillgangarAbstract"/>
    <link:loc xlink:type="locator" xlink:href="../../../../../base/se-gen-base/2021-10-31/se-gen-base-2021-10-31.xsd#se-gen-base_LagerBegagnadeHandelsvaror" xlink:label="LagerBegagnadeHandelsvaror" xlink:title="LagerBegagnadeHandelsvaror"/>
    <link:label xlink:type="resource" xlink:label="label_LagerBegagnadeHandelsvaror" xlink:role="http://www.xbrl.org/2003/role/terseLabel" xlink:title="label_LagerBegagnadeHandelsvaror" xml:lang="sv" id="label_LagerBegagnadeHandelsvaror">(varav Begagnade handelsvaror)</link:label>
    <link:labelArc xlink:type="arc" xlink:arcrole="http://www.xbrl.org/2003/arcrole/concept-label" xlink:from="LagerBegagnadeHandelsvaror" xlink:to="label_LagerBegagnadeHandelsvaror" xlink:title="label: LagerBegagnadeHandelsvaror to label_LagerBegagnadeHandelsvaror"/>
    <link:loc xlink:type="locator" xlink:href="se-fekq-ext-2021-10-31.xsd#se-fekq-ext_OvrigaRorelsekostnaderPerKostnadsslagTuple" xlink:label="OvrigaRorelsekostnaderPerKostnadsslagTuple" xlink:title="OvrigaRorelsekostnaderPerKostnadsslagTuple"/>
    <link:label xlink:type="resource" xlink:label="label_OvrigaRorelsekostnaderPerKostnadsslagTuple_2" xlink:role="http://www.xbrl.org/2003/role/terseLabel" xlink:title="label_OvrigaRorelsekostnaderPerKostnadsslagTuple" xml:lang="sv" id="label_OvrigaRorelsekostnaderPerKostnadsslagTuple_2">Specifikation av vissa övriga rörelsekostnader</link:label>
    <link:labelArc xlink:type="arc" xlink:arcrole="http://www.xbrl.org/2003/arcrole/concept-label" xlink:from="OvrigaRorelsekostnaderPerKostnadsslagTuple" xlink:to="label_OvrigaRorelsekostnaderPerKostnadsslagTuple_2" xlink:title="label: OvrigaRorelsekostnaderPerKostnadsslagTuple to label_OvrigaRorelsekostnaderPerKostnadsslagTuple"/>
    <link:loc xlink:type="locator" xlink:href="se-fekq-ext-2021-10-31.xsd#se-fekq-ext_OvrigaRorelseintakterPerIntaktsslagTuple" xlink:label="OvrigaRorelseintakterPerIntaktsslagTuple" xlink:title="OvrigaRorelseintakterPerIntaktsslagTuple"/>
    <link:label xlink:type="resource" xlink:label="label_OvrigaRorelseintakterPerIntaktsslagTuple_2" xlink:role="http://www.xbrl.org/2003/role/terseLabel" xlink:title="label_OvrigaRorelseintakterPerIntaktsslagTuple" xml:lang="sv" id="label_OvrigaRorelseintakterPerIntaktsslagTuple_2">Specifikation av vissa övriga rörelseintäkter</link:label>
    <link:labelArc xlink:type="arc" xlink:arcrole="http://www.xbrl.org/2003/arcrole/concept-label" xlink:from="OvrigaRorelseintakterPerIntaktsslagTuple" xlink:to="label_OvrigaRorelseintakterPerIntaktsslagTuple_2" xlink:title="label: OvrigaRorelseintakterPerIntaktsslagTuple to label_OvrigaRorelseintakterPerIntaktsslagTuple"/>
    <link:loc xlink:type="locator" xlink:href="se-fekq-ext-2021-10-31.xsd#se-fekq-ext_FordelningAvAndraExternaKostnaderTuple" xlink:label="FordelningAvAndraExternaKostnaderTuple" xlink:title="FordelningAvAndraExternaKostnaderTuple"/>
    <link:label xlink:type="resource" xlink:label="label_FordelningAvAndraExternaKostnaderTuple" xlink:role="http://www.xbrl.org/2003/role/terseLabel" xlink:title="label_FordelningAvAndraExternaKostnaderTuple" xml:lang="sv" id="label_FordelningAvAndraExternaKostnaderTuple">Specifikation av vissa övriga externa kostnader</link:label>
    <link:labelArc xlink:type="arc" xlink:arcrole="http://www.xbrl.org/2003/arcrole/concept-label" xlink:from="FordelningAvAndraExternaKostnaderTuple" xlink:to="label_FordelningAvAndraExternaKostnaderTuple" xlink:title="label: FordelningAvAndraExternaKostnaderTuple to label_FordelningAvAndraExternaKostnaderTuple"/>
  </link:labelLink>
</link:linkbase>
