<?xml version="1.0" encoding="UTF-8"?>
<link:linkbase xmlns:xsi="http://www.w3.org/2001/XMLSchema-instance" xsi:schemaLocation="http://www.xbrl.org/2003/linkbase http://www.xbrl.org/2003/xbrl-linkbase-2003-12-31.xsd" xmlns:se-coa-ext="http://www.bolagsverket.se/se/fr/gaap/coa-ext/2017-09-30" xmlns:link="http://www.xbrl.org/2003/linkbase" xmlns:xbrli="http://www.xbrl.org/2003/instance" xmlns:xlink="http://www.w3.org/1999/xlink">
  <link:labelLink xlink:type="extended" xlink:role="http://www.xbrl.org/2003/role/link" xlink:title="Confirmation of approval(Domain concept)">
    <link:loc xlink:type="locator" xlink:href="../../../../base/se-comp-base/2017-09-30/se-comp-base-2017-09-30.xsd#se-comp-base_ArsstammaIntygande" xlink:label="Intygande" xlink:title="Intygande"/>
    <link:label xlink:type="resource" xlink:label="label_Intygande_2" xlink:role="http://www.xbrl.org/2003/role/terseLabel" xlink:title="label_Intygande" xml:lang="sv" id="label_Intygande_2">Intygande</link:label>
    <link:labelArc xlink:type="arc" xlink:arcrole="http://www.xbrl.org/2003/arcrole/concept-label" xlink:from="Intygande" xlink:to="label_Intygande_2" xlink:title="label: Intygande to label_Intygande"/>
    <link:loc xlink:type="locator" xlink:href="../../../../base/se-comp-base/2017-09-30/se-comp-base-2017-09-30.xsd#se-comp-base_Arsstamma" xlink:label="Arsstamma" xlink:title="Arsstamma"/>
    <link:label xlink:type="resource" xlink:label="label_Arsstamma" xlink:role="http://www.xbrl.org/2003/role/terseLabel" xlink:title="label_Arsstamma" xml:lang="sv" id="label_Arsstamma">Årsstämma</link:label>
    <link:labelArc xlink:type="arc" xlink:arcrole="http://www.xbrl.org/2003/arcrole/concept-label" xlink:from="Arsstamma" xlink:to="label_Arsstamma" xlink:title="label: Arsstamma to label_Arsstamma"/>
    <link:loc xlink:type="locator" xlink:href="../../../../base/se-comp-base/2017-09-30/se-comp-base-2017-09-30.xsd#se-comp-base_ArsstammaResultatDisposition" xlink:label="ArsstammaResultatDisposition" xlink:title="ArsstammaResultatDisposition"/>
    <link:label xlink:type="resource" xlink:label="label_ArsstammaResultatDisposition" xlink:role="http://www.xbrl.org/2003/role/terseLabel" xlink:title="label_ArsstammaResultatDisposition" xml:lang="sv" id="label_ArsstammaResultatDisposition">Resultatdisposition (exkl bolag i likvidation)</link:label>
    <link:labelArc xlink:type="arc" xlink:arcrole="http://www.xbrl.org/2003/arcrole/concept-label" xlink:from="ArsstammaResultatDisposition" xlink:to="label_ArsstammaResultatDisposition" xlink:title="label: ArsstammaResultatDisposition to label_ArsstammaResultatDisposition"/>
    <link:loc xlink:type="locator" xlink:href="../../../../base/se-comp-base/2017-09-30/se-comp-base-2017-09-30.xsd#se-comp-base_ArsstammaResultatDispositionBeslutstext" xlink:label="ResultatDispositionBeslutstext" xlink:title="ResultatDispositionBeslutstext"/>
    <link:label xlink:type="resource" xlink:label="label_ResultatDispositionBeslutstext" xlink:role="http://www.xbrl.org/2003/role/terseLabel" xlink:title="label_ResultatDispositionBeslutstext" xml:lang="sv" id="label_ResultatDispositionBeslutstext">Beslutstext</link:label>
    <link:labelArc xlink:type="arc" xlink:arcrole="http://www.xbrl.org/2003/arcrole/concept-label" xlink:from="ResultatDispositionBeslutstext" xlink:to="label_ResultatDispositionBeslutstext" xlink:title="label: ResultatDispositionBeslutstext to label_ResultatDispositionBeslutstext"/>
    <link:loc xlink:type="locator" xlink:href="../../../../base/se-comp-base/2017-09-30/se-comp-base-2017-09-30.xsd#se-comp-base_IntygandeOriginalInnehall" xlink:label="IntygandeOriginalInnehall" xlink:title="IntygandeOriginalInnehall"/>
    <link:label xlink:type="resource" xlink:label="label_IntygandeOriginalInnehall" xlink:role="http://www.xbrl.org/2003/role/terseLabel" xlink:title="label_IntygandeOriginalInnehall" xml:lang="sv" id="label_IntygandeOriginalInnehall">De elektroniska handlingarna överensstämmer med originalen</link:label>
    <link:labelArc xlink:type="arc" xlink:arcrole="http://www.xbrl.org/2003/arcrole/concept-label" xlink:from="IntygandeOriginalInnehall" xlink:to="label_IntygandeOriginalInnehall" xlink:title="label: IntygandeOriginalInnehall to label_IntygandeOriginalInnehall"/>
    <link:loc xlink:type="locator" xlink:href="../../../../base/se-comp-base/2017-09-30/se-comp-base-2017-09-30.xsd#se-comp-base_ArsstammaResultatDispositionAktieutdelning" xlink:label="ResultatDispositionAktieutdelning" xlink:title="ResultatDispositionAktieutdelning"/>
    <link:label xlink:type="resource" xlink:label="label_ResultatDispositionAktieutdelning" xlink:role="http://www.xbrl.org/2003/role/terseLabel" xlink:title="label_ResultatDispositionAktieutdelning" xml:lang="sv" id="label_ResultatDispositionAktieutdelning">Aktieutdelning</link:label>
    <link:labelArc xlink:type="arc" xlink:arcrole="http://www.xbrl.org/2003/arcrole/concept-label" xlink:from="ResultatDispositionAktieutdelning" xlink:to="label_ResultatDispositionAktieutdelning" xlink:title="label: ResultatDispositionAktieutdelning to label_ResultatDispositionAktieutdelning"/>
    <link:loc xlink:type="locator" xlink:href="../../../../base/se-comp-base/2017-09-30/se-comp-base-2017-09-30.xsd#se-comp-base_ArsstammaResultatDispositionFondemission" xlink:label="ResultatDispositionFondemission" xlink:title="ResultatDispositionFondemission"/>
    <link:label xlink:type="resource" xlink:label="label_ResultatDispositionFondemission" xlink:role="http://www.xbrl.org/2003/role/terseLabel" xlink:title="label_ResultatDispositionFondemission" xml:lang="sv" id="label_ResultatDispositionFondemission">Fondemissioner</link:label>
    <link:labelArc xlink:type="arc" xlink:arcrole="http://www.xbrl.org/2003/arcrole/concept-label" xlink:from="ResultatDispositionFondemission" xlink:to="label_ResultatDispositionFondemission" xlink:title="label: ResultatDispositionFondemission to label_ResultatDispositionFondemission"/>
    <link:loc xlink:type="locator" xlink:href="../../../../base/se-comp-base/2017-09-30/se-comp-base-2017-09-30.xsd#se-comp-base_ArsstammaResultatDispositionAvsattningReservfond" xlink:label="ResultatDispositionAvsattningReservfond" xlink:title="ResultatDispositionAvsattningReservfond"/>
    <link:label xlink:type="resource" xlink:label="label_ResultatDispositionAvsattningReservfond" xlink:role="http://www.xbrl.org/2003/role/terseLabel" xlink:title="label_ResultatDispositionAvsattningReservfond" xml:lang="sv" id="label_ResultatDispositionAvsattningReservfond">Avsättning till reservfond</link:label>
    <link:labelArc xlink:type="arc" xlink:arcrole="http://www.xbrl.org/2003/arcrole/concept-label" xlink:from="ResultatDispositionAvsattningReservfond" xlink:to="label_ResultatDispositionAvsattningReservfond" xlink:title="label: ResultatDispositionAvsattningReservfond to label_ResultatDispositionAvsattningReservfond"/>
    <link:loc xlink:type="locator" xlink:href="../../../../base/se-comp-base/2017-09-30/se-comp-base-2017-09-30.xsd#se-comp-base_ArsstammaResultatDispositionIanspraktagandeReservfond" xlink:label="ResultatDispositionIanspraktagandeAvReservfond" xlink:title="ResultatDispositionIanspraktagandeAvReservfond"/>
    <link:label xlink:type="resource" xlink:label="label_ResultatDispositionIanspraktagandeAvReservfond" xlink:role="http://www.xbrl.org/2003/role/terseLabel" xlink:title="label_ResultatDispositionIanspraktagandeAvReservfond" xml:lang="sv" id="label_ResultatDispositionIanspraktagandeAvReservfond">Ianspråktagande av reservfond</link:label>
    <link:labelArc xlink:type="arc" xlink:arcrole="http://www.xbrl.org/2003/arcrole/concept-label" xlink:from="ResultatDispositionIanspraktagandeAvReservfond" xlink:to="label_ResultatDispositionIanspraktagandeAvReservfond" xlink:title="label: ResultatDispositionIanspraktagandeAvReservfond to label_ResultatDispositionIanspraktagandeAvReservfond"/>
    <link:loc xlink:type="locator" xlink:href="../../../../base/se-comp-base/2017-09-30/se-comp-base-2017-09-30.xsd#se-comp-base_ArsstammaResultatDispositionIanspraktagandeUppskrivningsfond" xlink:label="ResultatDispositionIanspraktagandeAvUppskrivningsfond" xlink:title="ResultatDispositionIanspraktagandeAvUppskrivningsfond"/>
    <link:label xlink:type="resource" xlink:label="label_ResultatDispositionIanspraktagandeAvUppskrivningsfond" xlink:role="http://www.xbrl.org/2003/role/terseLabel" xlink:title="label_ResultatDispositionIanspraktagandeAvUppskrivningsfond" xml:lang="sv" id="label_ResultatDispositionIanspraktagandeAvUppskrivningsfond">Ianspråktagande av uppskrivningsfond</link:label>
    <link:labelArc xlink:type="arc" xlink:arcrole="http://www.xbrl.org/2003/arcrole/concept-label" xlink:from="ResultatDispositionIanspraktagandeAvUppskrivningsfond" xlink:to="label_ResultatDispositionIanspraktagandeAvUppskrivningsfond" xlink:title="label: ResultatDispositionIanspraktagandeAvUppskrivningsfond to label_ResultatDispositionIanspraktagandeAvUppskrivningsfond"/>
    <link:loc xlink:type="locator" xlink:href="../../../../base/se-comp-base/2017-09-30/se-comp-base-2017-09-30.xsd#se-comp-base_ArsstammaResultatDispositionBalanserasINyRakning" xlink:label="ResultatDispositionBalanserasINyRakning" xlink:title="ResultatDispositionBalanserasINyRakning"/>
    <link:label xlink:type="resource" xlink:label="label_ResultatDispositionBalanserasINyRakning" xlink:role="http://www.xbrl.org/2003/role/terseLabel" xlink:title="label_ResultatDispositionBalanserasINyRakning" xml:lang="sv" id="label_ResultatDispositionBalanserasINyRakning">Balansering i ny räkning</link:label>
    <link:labelArc xlink:type="arc" xlink:arcrole="http://www.xbrl.org/2003/arcrole/concept-label" xlink:from="ResultatDispositionBalanserasINyRakning" xlink:to="label_ResultatDispositionBalanserasINyRakning" xlink:title="label: ResultatDispositionBalanserasINyRakning to label_ResultatDispositionBalanserasINyRakning"/>
    <link:loc xlink:type="locator" xlink:href="../../../../base/se-comp-base/2017-09-30/se-comp-base-2017-09-30.xsd#se-comp-base_ArsstammaResultatDispositionGodkannaStyrelsensForslag" xlink:label="ResultatDispositionGodkannaStyrelsensForslag" xlink:title="ResultatDispositionGodkannaStyrelsensForslag"/>
    <link:label xlink:type="resource" xlink:label="label_ResultatDispositionGodkannaStyrelsensForslag" xlink:role="http://www.xbrl.org/2003/role/terseLabel" xlink:title="label_ResultatDispositionGodkannaStyrelsensForslag" xml:lang="sv" id="label_ResultatDispositionGodkannaStyrelsensForslag">Godkänna styrelsens förslag</link:label>
    <link:labelArc xlink:type="arc" xlink:arcrole="http://www.xbrl.org/2003/arcrole/concept-label" xlink:from="ResultatDispositionGodkannaStyrelsensForslag" xlink:to="label_ResultatDispositionGodkannaStyrelsensForslag" xlink:title="label: ResultatDispositionGodkannaStyrelsensForslag to label_ResultatDispositionGodkannaStyrelsensForslag"/>
    <link:loc xlink:type="locator" xlink:href="../../../../base/se-comp-base/2017-09-30/se-comp-base-2017-09-30.xsd#se-comp-base_ArsstammaResultatDispositionInteGodkannaStyrelsensForslag" xlink:label="ResultatDispositionInteGodkannaStyrelsensForslag" xlink:title="ResultatDispositionInteGodkannaStyrelsensForslag"/>
    <link:label xlink:type="resource" xlink:label="label_ResultatDispositionInteGodkannaStyrelsensForslag" xlink:role="http://www.xbrl.org/2003/role/terseLabel" xlink:title="label_ResultatDispositionInteGodkannaStyrelsensForslag" xml:lang="sv" id="label_ResultatDispositionInteGodkannaStyrelsensForslag">Inte godkänna styrelsens förslag</link:label>
    <link:labelArc xlink:type="arc" xlink:arcrole="http://www.xbrl.org/2003/arcrole/concept-label" xlink:from="ResultatDispositionInteGodkannaStyrelsensForslag" xlink:to="label_ResultatDispositionInteGodkannaStyrelsensForslag" xlink:title="label: ResultatDispositionInteGodkannaStyrelsensForslag to label_ResultatDispositionInteGodkannaStyrelsensForslag"/>
    <link:loc xlink:type="locator" xlink:href="../../../../base/se-comp-base/2017-09-30/se-comp-base-2017-09-30.xsd#se-comp-base_UnderskriftFaststallseintygForetradare" xlink:label="UnderskriftFaststallseintygForetradare" xlink:title="UnderskriftFaststallseintygForetradare"/>
    <link:label xlink:type="resource" xlink:label="label_UnderskriftFaststallseintygForetradare" xlink:role="http://www.xbrl.org/2003/role/terseLabel" xlink:title="label_UnderskriftFaststallseintygForetradare" xml:lang="sv" id="label_UnderskriftFaststallseintygForetradare">Underskrift av företrädare</link:label>
    <link:labelArc xlink:type="arc" xlink:arcrole="http://www.xbrl.org/2003/arcrole/concept-label" xlink:from="UnderskriftFaststallseintygForetradare" xlink:to="label_UnderskriftFaststallseintygForetradare" xlink:title="label: UnderskriftFaststallseintygForetradare to label_UnderskriftFaststallseintygForetradare"/>
    <link:loc xlink:type="locator" xlink:href="../../../../base/se-comp-base/2017-09-30/se-comp-base-2017-09-30.xsd#se-comp-base_UnderskriftFaststallelseintygForetradareTilltalsnamn" xlink:label="UnderskriftFaststallelseintygForetradareTilltalsnamn" xlink:title="UnderskriftFaststallelseintygForetradareTilltalsnamn"/>
    <link:label xlink:type="resource" xlink:label="label_UnderskriftFaststallelseintygForetradareTilltalsnamn_3" xlink:role="http://www.xbrl.org/2003/role/terseLabel" xlink:title="label_UnderskriftFaststallelseintygForetradareTilltalsnamn" xml:lang="sv" id="label_UnderskriftFaststallelseintygForetradareTilltalsnamn_3">Tilltalsnamn</link:label>
    <link:labelArc xlink:type="arc" xlink:arcrole="http://www.xbrl.org/2003/arcrole/concept-label" xlink:from="UnderskriftFaststallelseintygForetradareTilltalsnamn" xlink:to="label_UnderskriftFaststallelseintygForetradareTilltalsnamn_3" xlink:title="label: UnderskriftFaststallelseintygForetradareTilltalsnamn to label_UnderskriftFaststallelseintygForetradareTilltalsnamn"/>
    <link:loc xlink:type="locator" xlink:href="../../../../base/se-comp-base/2017-09-30/se-comp-base-2017-09-30.xsd#se-comp-base_UnderskriftFaststallelseintygForetradareEfternamn" xlink:label="UnderskriftFaststallelseintygForetradareEfternamn" xlink:title="UnderskriftFaststallelseintygForetradareEfternamn"/>
    <link:label xlink:type="resource" xlink:label="label_UnderskriftFaststallelseintygForetradareEfternamn_3" xlink:role="http://www.xbrl.org/2003/role/terseLabel" xlink:title="label_UnderskriftFaststallelseintygForetradareEfternamn" xml:lang="sv" id="label_UnderskriftFaststallelseintygForetradareEfternamn_3">Efternamn</link:label>
    <link:labelArc xlink:type="arc" xlink:arcrole="http://www.xbrl.org/2003/arcrole/concept-label" xlink:from="UnderskriftFaststallelseintygForetradareEfternamn" xlink:to="label_UnderskriftFaststallelseintygForetradareEfternamn_3" xlink:title="label: UnderskriftFaststallelseintygForetradareEfternamn to label_UnderskriftFaststallelseintygForetradareEfternamn"/>
    <link:loc xlink:type="locator" xlink:href="../../../../base/se-comp-base/2017-09-30/se-comp-base-2017-09-30.xsd#se-comp-base_UnderskriftFaststallelseintygForetradareForetradarroll" xlink:label="UnderskriftFaststallelseintygForetradareForetradarroll" xlink:title="UnderskriftFaststallelseintygForetradareForetradarroll"/>
    <link:label xlink:type="resource" xlink:label="label_UnderskriftFaststallelseintygForetradareForetradarroll_3" xlink:role="http://www.xbrl.org/2003/role/terseLabel" xlink:title="label_UnderskriftFaststallelseintygForetradareForetradarroll" xml:lang="sv" id="label_UnderskriftFaststallelseintygForetradareForetradarroll_3">Företrädarroll</link:label>
    <link:labelArc xlink:type="arc" xlink:arcrole="http://www.xbrl.org/2003/arcrole/concept-label" xlink:from="UnderskriftFaststallelseintygForetradareForetradarroll" xlink:to="label_UnderskriftFaststallelseintygForetradareForetradarroll_3" xlink:title="label: UnderskriftFaststallelseintygForetradareForetradarroll to label_UnderskriftFaststallelseintygForetradareForetradarroll"/>
  </link:labelLink>
</link:linkbase>
