<?xml version="1.0" encoding="UTF-8"?>
<!-- Generated by Fujitsu Interstage XWand B0245 -->
<link:linkbase xmlns:xsi="http://www.w3.org/2001/XMLSchema-instance" xsi:schemaLocation="http://www.xbrl.org/2003/linkbase http://www.xbrl.org/2003/xbrl-linkbase-2003-12-31.xsd" xmlns:se-k3k-ext="http://www.taxonomier.se/se/fr/gaap/k3k-ext/2020-12-01" xmlns:link="http://www.xbrl.org/2003/linkbase" xmlns:xlink="http://www.w3.org/1999/xlink" xmlns:xbrli="http://www.xbrl.org/2003/instance">
  <link:labelLink xlink:type="extended" xlink:role="http://www.xbrl.org/2003/role/link">
    <link:loc xlink:type="locator" xlink:href="../../../../base/se-cd-base/2020-12-01/se-cd-base-2020-12-01.xsd#se-cd-base_ForetagetsNamnAbstract" xlink:label="se-cd-base_ForetagetsNamnAbstract_8841" xlink:title="se-cd-base_ForetagetsNamnAbstract_8841"/>
    <link:label xlink:type="resource" xlink:label="se-cd-base_ForetagetsNamnAbstract_8842" xlink:role="http://www.xbrl.org/2003/role/terseLabel" xlink:title="se-cd-base_ForetagetsNamnAbstract_8842" xml:lang="sv">Moderföretagets namn</link:label>
    <link:labelArc xlink:type="arc" xlink:arcrole="http://www.xbrl.org/2003/arcrole/concept-label" xlink:from="se-cd-base_ForetagetsNamnAbstract_8841" xlink:to="se-cd-base_ForetagetsNamnAbstract_8842" xlink:title="label: se-cd-base_ForetagetsNamnAbstract_8841 to se-cd-base_ForetagetsNamnAbstract_8842"/>
    <link:loc xlink:type="locator" xlink:href="../../../../base/se-cd-base/2020-12-01/se-cd-base-2020-12-01.xsd#se-cd-base_ForetagetsNamn" xlink:label="se-cd-base_ForetagetsNamn_8843" xlink:title="se-cd-base_ForetagetsNamn_8843"/>
    <link:label xlink:type="resource" xlink:label="se-cd-base_ForetagetsNamn_8844" xlink:role="http://www.xbrl.org/2003/role/terseLabel" xlink:title="se-cd-base_ForetagetsNamn_8844" xml:lang="sv">Nuvarande namn</link:label>
    <link:labelArc xlink:type="arc" xlink:arcrole="http://www.xbrl.org/2003/arcrole/concept-label" xlink:from="se-cd-base_ForetagetsNamn_8843" xlink:to="se-cd-base_ForetagetsNamn_8844" xlink:title="label: se-cd-base_ForetagetsNamn_8843 to se-cd-base_ForetagetsNamn_8844"/>
    <link:loc xlink:type="locator" xlink:href="../../../../base/se-cd-base/2020-12-01/se-cd-base-2020-12-01.xsd#se-cd-base_ForetagetsTidigareNamn" xlink:label="se-cd-base_ForetagetsTidigareNamn_8845" xlink:title="se-cd-base_ForetagetsTidigareNamn_8845"/>
    <link:label xlink:type="resource" xlink:label="se-cd-base_ForetagetsTidigareNamn_8846" xlink:role="http://www.xbrl.org/2003/role/terseLabel" xlink:title="se-cd-base_ForetagetsTidigareNamn_8846" xml:lang="sv">Tidigare namn</link:label>
    <link:labelArc xlink:type="arc" xlink:arcrole="http://www.xbrl.org/2003/arcrole/concept-label" xlink:from="se-cd-base_ForetagetsTidigareNamn_8845" xlink:to="se-cd-base_ForetagetsTidigareNamn_8846" xlink:title="label: se-cd-base_ForetagetsTidigareNamn_8845 to se-cd-base_ForetagetsTidigareNamn_8846"/>
    <link:loc xlink:type="locator" xlink:href="../../../../base/se-cd-base/2020-12-01/se-cd-base-2020-12-01.xsd#se-cd-base_ForetagetsSate" xlink:label="se-cd-base_ForetagetsSate_8847" xlink:title="se-cd-base_ForetagetsSate_8847"/>
    <link:label xlink:type="resource" xlink:label="se-cd-base_ForetagetsSate_8848" xlink:role="http://www.xbrl.org/2003/role/terseLabel" xlink:title="se-cd-base_ForetagetsSate_8848" xml:lang="sv">Säte</link:label>
    <link:labelArc xlink:type="arc" xlink:arcrole="http://www.xbrl.org/2003/arcrole/concept-label" xlink:from="se-cd-base_ForetagetsSate_8847" xlink:to="se-cd-base_ForetagetsSate_8848" xlink:title="label: se-cd-base_ForetagetsSate_8847 to se-cd-base_ForetagetsSate_8848"/>
    <link:loc xlink:type="locator" xlink:href="../../../../base/se-cd-base/2020-12-01/se-cd-base-2020-12-01.xsd#se-cd-base_RakenskapsarAbstract" xlink:label="se-cd-base_RakenskapsarAbstract_8855" xlink:title="se-cd-base_RakenskapsarAbstract_8855"/>
    <link:label xlink:type="resource" xlink:label="se-cd-base_RakenskapsarAbstract_8856" xlink:role="http://www.xbrl.org/2003/role/terseLabel" xlink:title="se-cd-base_RakenskapsarAbstract_8856" xml:lang="sv">Räkenskapsår</link:label>
    <link:labelArc xlink:type="arc" xlink:arcrole="http://www.xbrl.org/2003/arcrole/concept-label" xlink:from="se-cd-base_RakenskapsarAbstract_8855" xlink:to="se-cd-base_RakenskapsarAbstract_8856" xlink:title="label: se-cd-base_RakenskapsarAbstract_8855 to se-cd-base_RakenskapsarAbstract_8856"/>
    <link:loc xlink:type="locator" xlink:href="../../../../base/se-cd-base/2020-12-01/se-cd-base-2020-12-01.xsd#se-cd-base_ValtRevisionsbolagsnamn" xlink:label="se-cd-base_ValtRevisionsbolagsnamn_8857" xlink:title="se-cd-base_ValtRevisionsbolagsnamn_8857"/>
    <link:label xlink:type="resource" xlink:label="se-cd-base_ValtRevisionsbolagsnamn_8858" xlink:role="http://www.xbrl.org/2003/role/terseLabel" xlink:title="se-cd-base_ValtRevisionsbolagsnamn_8858" xml:lang="sv">Valt revisionsbolag</link:label>
    <link:labelArc xlink:type="arc" xlink:arcrole="http://www.xbrl.org/2003/arcrole/concept-label" xlink:from="se-cd-base_ValtRevisionsbolagsnamn_8857" xlink:to="se-cd-base_ValtRevisionsbolagsnamn_8858" xlink:title="label: se-cd-base_ValtRevisionsbolagsnamn_8857 to se-cd-base_ValtRevisionsbolagsnamn_8858"/>
    <link:loc xlink:type="locator" xlink:href="../../../../base/se-cd-base/2020-12-01/se-cd-base-2020-12-01.xsd#se-cd-base_SprakHandlingUpprattadList" xlink:label="SprakHandlingUpprattadList" xlink:title="SprakHandlingUpprattadList"/>
    <link:label xlink:type="resource" xlink:label="label_SprakHandlingUpprattadList" xlink:role="http://www.xbrl.org/2003/role/terseLabel" xlink:title="label_SprakHandlingUpprattadList" xml:lang="sv" id="label_SprakHandlingUpprattadList">Språk</link:label>
    <link:labelArc xlink:type="arc" xlink:arcrole="http://www.xbrl.org/2003/arcrole/concept-label" xlink:from="SprakHandlingUpprattadList" xlink:to="label_SprakHandlingUpprattadList" xlink:title="label: SprakHandlingUpprattadList to label_SprakHandlingUpprattadList"/>
    <link:loc xlink:type="locator" xlink:href="../../../../base/se-cd-base/2020-12-01/se-cd-base-2020-12-01.xsd#se-cd-base_RedovisningsvalutaHandlingList" xlink:label="RedovisningsvalutaHandlingList" xlink:title="RedovisningsvalutaHandlingList"/>
    <link:label xlink:type="resource" xlink:label="label_RedovisningsvalutaHandlingList" xlink:role="http://www.xbrl.org/2003/role/terseLabel" xlink:title="label_RedovisningsvalutaHandlingList" xml:lang="sv" id="label_RedovisningsvalutaHandlingList">Redovisningsvaluta</link:label>
    <link:labelArc xlink:type="arc" xlink:arcrole="http://www.xbrl.org/2003/arcrole/concept-label" xlink:from="RedovisningsvalutaHandlingList" xlink:to="label_RedovisningsvalutaHandlingList" xlink:title="label: RedovisningsvalutaHandlingList to label_RedovisningsvalutaHandlingList"/>
    <link:loc xlink:type="locator" xlink:href="../../../../base/se-cd-base/2020-12-01/se-cd-base-2020-12-01.xsd#se-cd-base_LandForetagetsSateList" xlink:label="LandForetagetsSateList" xlink:title="LandForetagetsSateList"/>
    <link:label xlink:type="resource" xlink:label="label_LandForetagetsSateList" xlink:role="http://www.xbrl.org/2003/role/terseLabel" xlink:title="label_LandForetagetsSateList" xml:lang="sv" id="label_LandForetagetsSateList">Land</link:label>
    <link:labelArc xlink:type="arc" xlink:arcrole="http://www.xbrl.org/2003/arcrole/concept-label" xlink:from="LandForetagetsSateList" xlink:to="label_LandForetagetsSateList" xlink:title="label: LandForetagetsSateList to label_LandForetagetsSateList"/>
    <link:loc xlink:type="locator" xlink:href="../../../../base/se-gen-base/2020-12-01/se-gen-base-2020-12-01.xsd#se-gen-base_ForetagetTillamparInteFortlevnadsprincipen" xlink:label="ForetagetTillamparInteFortlevnadsprincipen" xlink:title="ForetagetTillamparInteFortlevnadsprincipen"/>
    <link:label xlink:type="resource" xlink:label="label_ForetagetTillamparInteFortlevnadsprincipen" xlink:role="http://www.xbrl.org/2003/role/verboseLabel" xlink:title="label_ForetagetTillamparInteFortlevnadsprincipen" xml:lang="sv" id="label_ForetagetTillamparInteFortlevnadsprincipen">Koncernen tillämpar inte längre fortlevnadsprincipen</link:label>
    <link:labelArc xlink:type="arc" xlink:arcrole="http://www.xbrl.org/2003/arcrole/concept-label" xlink:from="ForetagetTillamparInteFortlevnadsprincipen" xlink:to="label_ForetagetTillamparInteFortlevnadsprincipen" xlink:title="label: ForetagetTillamparInteFortlevnadsprincipen to label_ForetagetTillamparInteFortlevnadsprincipen"/>
    <link:loc xlink:type="locator" xlink:href="../../../../base/se-gen-base/2020-12-01/se-gen-base-2020-12-01.xsd#se-gen-base_Tillgangar" xlink:label="Tillgangar" xlink:title="Tillgangar"/>
    <link:label xlink:type="resource" xlink:label="label_Tillgangar" xlink:role="http://www.xbrl.org/2003/role/terseLabel" xlink:title="label_Tillgangar" xml:lang="sv" id="label_Tillgangar">Balansomslutning</link:label>
    <link:labelArc xlink:type="arc" xlink:arcrole="http://www.xbrl.org/2003/arcrole/concept-label" xlink:from="Tillgangar" xlink:to="label_Tillgangar" xlink:title="label: Tillgangar to label_Tillgangar"/>
    <link:loc xlink:type="locator" xlink:href="../../../../base/se-gen-base/2020-12-01/se-gen-base-2020-12-01.xsd#se-gen-base_NedskrivningarOvrigaMateriellaAnlaggningstillgAngarInklusiveNedskrivningarUppskrivningar" xlink:label="NedskrivningarOvrigaMateriellaAnlaggningstillgAngarInklusiveNedskrivningarUppskrivningar" xlink:title="NedskrivningarOvrigaMateriellaAnlaggningstillgAngarInklusiveNedskrivningarUppskrivningar"/>
    <link:label xlink:type="resource" xlink:label="label_NedskrivningarOvrigaMateriellaAnlaggningstillgAngarInklusiveNedskrivningarUppskrivningar" xlink:role="http://www.xbrl.org/2003/role/terseLabel" xlink:title="label_NedskrivningarOvrigaMateriellaAnlaggningstillgAngarInklusiveNedskrivningarUppskrivningar" xml:lang="sv" id="label_NedskrivningarOvrigaMateriellaAnlaggningstillgAngarInklusiveNedskrivningarUppskrivningar">Övriga materiella anläggningstillgångar</link:label>
    <link:labelArc xlink:type="arc" xlink:arcrole="http://www.xbrl.org/2003/arcrole/concept-label" xlink:from="NedskrivningarOvrigaMateriellaAnlaggningstillgAngarInklusiveNedskrivningarUppskrivningar" xlink:to="label_NedskrivningarOvrigaMateriellaAnlaggningstillgAngarInklusiveNedskrivningarUppskrivningar" xlink:title="label: NedskrivningarOvrigaMateriellaAnlaggningstillgAngarInklusiveNedskrivningarUppskrivningar to label_NedskrivningarOvrigaMateriellaAnlaggningstillgAngarInklusiveNedskrivningarUppskrivningar"/>
    <link:loc xlink:type="locator" xlink:href="../../../../base/se-gen-base/2020-12-01/se-gen-base-2020-12-01.xsd#se-gen-base_NotAvsattningarPensionerLiknandeForpliktelser" xlink:label="NotAvsattningarPensionerLiknandeForpliktelser" xlink:title="NotAvsattningarPensionerLiknandeForpliktelser"/>
    <link:label xlink:type="resource" xlink:label="label_NotAvsattningarPensionerLiknandeForpliktelser" xlink:role="http://www.xbrl.org/2003/role/terseLabel" xlink:title="label_NotAvsattningarPensionerLiknandeForpliktelser" xml:lang="sv" id="label_NotAvsattningarPensionerLiknandeForpliktelser">Avsättningar för pensioner och liknande förpliktelser</link:label>
    <link:labelArc xlink:type="arc" xlink:arcrole="http://www.xbrl.org/2003/arcrole/concept-label" xlink:from="NotAvsattningarPensionerLiknandeForpliktelser" xlink:to="label_NotAvsattningarPensionerLiknandeForpliktelser" xlink:title="label: NotAvsattningarPensionerLiknandeForpliktelser to label_NotAvsattningarPensionerLiknandeForpliktelser"/>
    <link:loc xlink:type="locator" xlink:href="../../../../base/se-gen-base/2020-12-01/se-gen-base-2020-12-01.xsd#se-gen-base_SkulderAvsattningarList" xlink:label="SkulderAvsattningarTypList" xlink:title="SkulderAvsattningarTypList"/>
    <link:label xlink:type="resource" xlink:label="label_SkulderAvsattningarTypList" xlink:role="http://www.xbrl.org/2003/role/terseLabel" xlink:title="label_SkulderAvsattningarTypList" xml:lang="sv" id="label_SkulderAvsattningarTypList">Typ av skuld eller avsättning</link:label>
    <link:labelArc xlink:type="arc" xlink:arcrole="http://www.xbrl.org/2003/arcrole/concept-label" xlink:from="SkulderAvsattningarTypList" xlink:to="label_SkulderAvsattningarTypList" xlink:title="label: SkulderAvsattningarTypList to label_SkulderAvsattningarTypList"/>
    <link:loc xlink:type="locator" xlink:href="../../../../base/se-gen-base/2020-12-01/se-gen-base-2020-12-01.xsd#se-gen-base_RevisorspateckningRevisionsberattelseAvstyrktResultatrakningenBalansrakningenList" xlink:label="RevisorspateckningRevisionsberattelseAvstyrktResultatrakningenBalansrakningenList" xlink:title="RevisorspateckningRevisionsberattelseAvstyrktResultatrakningenBalansrakningenList"/>
    <link:label xlink:type="resource" xlink:label="label_RevisorspateckningRevisionsberattelseAvstyrktResultatrakningenBalansrakningenList" xlink:role="http://www.xbrl.org/2003/role/terseLabel" xlink:title="label_RevisorspateckningRevisionsberattelseAvstyrktResultatrakningenBalansrakningenList" xml:lang="sv" id="label_RevisorspateckningRevisionsberattelseAvstyrktResultatrakningenBalansrakningenList">Påteckningsmening</link:label>
    <link:labelArc xlink:type="arc" xlink:arcrole="http://www.xbrl.org/2003/arcrole/concept-label" xlink:from="RevisorspateckningRevisionsberattelseAvstyrktResultatrakningenBalansrakningenList" xlink:to="label_RevisorspateckningRevisionsberattelseAvstyrktResultatrakningenBalansrakningenList" xlink:title="label: RevisorspateckningRevisionsberattelseAvstyrktResultatrakningenBalansrakningenList to label_RevisorspateckningRevisionsberattelseAvstyrktResultatrakningenBalansrakningenList"/>
    <link:loc xlink:type="locator" xlink:href="../../../../base/se-gen-base/2020-12-01/se-gen-base-2020-12-01.xsd#se-gen-base_RedovisningsprinciperAndelarIntresseforetagGemensamtStyrdaForetagAgarintresse" xlink:label="RedovisningsprinciperAndelarIntresseforetagGemensamtStyrdaForetagAgarintresse" xlink:title="RedovisningsprinciperAndelarIntresseforetagGemensamtStyrdaForetagAgarintresse"/>
    <link:label xlink:type="resource" xlink:label="label_RedovisningsprinciperAndelarIntresseforetagGemensamtStyrdaForetagAgarintresse" xlink:role="http://www.xbrl.org/2003/role/terseLabel" xlink:title="label_RedovisningsprinciperAndelarIntresseforetagGemensamtStyrdaForetagAgarintresse" xml:lang="sv" id="label_RedovisningsprinciperAndelarIntresseforetagGemensamtStyrdaForetagAgarintresse">Andelar i intresseföretag, gemensamt styrda företag och företag som det finns ägarintresse i</link:label>
    <link:labelArc xlink:type="arc" xlink:arcrole="http://www.xbrl.org/2003/arcrole/concept-label" xlink:from="RedovisningsprinciperAndelarIntresseforetagGemensamtStyrdaForetagAgarintresse" xlink:to="label_RedovisningsprinciperAndelarIntresseforetagGemensamtStyrdaForetagAgarintresse" xlink:title="label: RedovisningsprinciperAndelarIntresseforetagGemensamtStyrdaForetagAgarintresse to label_RedovisningsprinciperAndelarIntresseforetagGemensamtStyrdaForetagAgarintresse"/>
    <link:loc xlink:type="locator" xlink:href="../../../../base/se-gen-base/2020-12-01/se-gen-base-2020-12-01.xsd#se-gen-base_RedovisningsprinciperAktieagartillskott" xlink:label="RedovisningsprinciperAktieagartillskott" xlink:title="RedovisningsprinciperAktieagartillskott"/>
    <link:label xlink:type="resource" xlink:label="label_RedovisningsprinciperAktieagartillskott" xlink:role="http://www.xbrl.org/2003/role/terseLabel" xlink:title="label_RedovisningsprinciperAktieagartillskott" xml:lang="sv" id="label_RedovisningsprinciperAktieagartillskott">Aktieägartillskott</link:label>
    <link:labelArc xlink:type="arc" xlink:arcrole="http://www.xbrl.org/2003/arcrole/concept-label" xlink:from="RedovisningsprinciperAktieagartillskott" xlink:to="label_RedovisningsprinciperAktieagartillskott" xlink:title="label: RedovisningsprinciperAktieagartillskott to label_RedovisningsprinciperAktieagartillskott"/>
  </link:labelLink>
</link:linkbase>
