<?xml version="1.0" encoding="UTF-8"?>
<!-- Generated by Fujitsu Interstage XWand B0245 -->
<link:linkbase xmlns:xsi="http://www.w3.org/2001/XMLSchema-instance" xsi:schemaLocation="http://www.xbrl.org/2003/linkbase http://www.xbrl.org/2003/xbrl-linkbase-2003-12-31.xsd" xmlns:se-k3k-ext="http://www.taxonomier.se/se/fr/gaap/k3k-ext/2020-12-01" xmlns:link="http://www.xbrl.org/2003/linkbase" xmlns:xlink="http://www.w3.org/1999/xlink" xmlns:xbrli="http://www.xbrl.org/2003/instance">
  <link:labelLink xlink:type="extended" xlink:role="http://www.xbrl.org/2003/role/link">
    <link:loc xlink:type="locator" xlink:href="../../../../base/se-cd-base/2020-12-01/se-cd-base-2020-12-01.xsd#se-cd-base_ForetagetsNamn" xlink:label="ForetagetsNamn" xlink:title="ForetagetsNamn"/>
    <link:label xlink:type="resource" xlink:label="label_ForetagetsNamn" xlink:role="http://www.xbrl.org/2003/role/verboseLabel" xlink:title="label_ForetagetsNamn" xml:lang="sv" id="label_ForetagetsNamn">Företagets namn</link:label>
    <link:labelArc xlink:type="arc" xlink:arcrole="http://www.xbrl.org/2003/arcrole/concept-label" xlink:from="ForetagetsNamn" xlink:to="label_ForetagetsNamn" xlink:title="label: ForetagetsNamn to label_ForetagetsNamn"/>
    <link:loc xlink:type="locator" xlink:href="../../../../base/se-cd-base/2020-12-01/se-cd-base-2020-12-01.xsd#se-cd-base_MatEnhet" xlink:label="se-cd-base_MatEnhet_8837" xlink:title="se-cd-base_MatEnhet_8837"/>
    <link:label xlink:type="resource" xlink:label="se-cd-base_MatEnhet_8838" xlink:role="http://www.xbrl.org/2003/role/verboseLabel" xlink:title="se-cd-base_MatEnhet_8838" xml:lang="sv">Om inte annat särskilt anges, redovisas belopp i</link:label>
    <link:labelArc xlink:type="arc" xlink:arcrole="http://www.xbrl.org/2003/arcrole/concept-label" xlink:from="se-cd-base_MatEnhet_8837" xlink:to="se-cd-base_MatEnhet_8838" xlink:title="label: se-cd-base_MatEnhet_8837 to se-cd-base_MatEnhet_8838"/>
  </link:labelLink>
</link:linkbase>
