<?xml version="1.0" encoding="UTF-8"?>
<!-- Generated by Fujitsu Interstage XWand B0245 -->
<link:linkbase xmlns:xsi="http://www.w3.org/2001/XMLSchema-instance" xsi:schemaLocation="http://www.xbrl.org/2003/linkbase http://www.xbrl.org/2003/xbrl-linkbase-2003-12-31.xsd" xmlns:se-k3k-ext="http://www.taxonomier.se/se/fr/gaap/k3k-ext/2020-12-01" xmlns:link="http://www.xbrl.org/2003/linkbase" xmlns:xlink="http://www.w3.org/1999/xlink" xmlns:xbrli="http://www.xbrl.org/2003/instance">
  <link:labelLink xlink:type="extended" xlink:role="http://www.xbrl.org/2003/role/link">
    <link:loc xlink:type="locator" xlink:href="../../../../base/se-gen-base/2020-12-01/se-gen-base-2020-12-01.xsd#se-gen-base_ViktigaExternaFaktorerPaverkatForetagetStallningResultat" xlink:label="ViktigaExternaFaktorerPaverkatForetagetStallningResultat" xlink:title="ViktigaExternaFaktorerPaverkatForetagetStallningResultat"/>
    <link:label xlink:type="resource" xlink:label="label_ViktigaExternaFaktorerPaverkatForetagetStallningResultat" xlink:role="http://www.xbrl.org/2003/role/verboseLabel" xlink:title="label_ViktigaExternaFaktorerPaverkatForetagetStallningResultat" xml:lang="sv" id="label_ViktigaExternaFaktorerPaverkatForetagetStallningResultat">Viktiga externa faktorer som påverkat ställning och resultat</link:label>
    <link:labelArc xlink:type="arc" xlink:arcrole="http://www.xbrl.org/2003/arcrole/concept-label" xlink:from="ViktigaExternaFaktorerPaverkatForetagetStallningResultat" xlink:to="label_ViktigaExternaFaktorerPaverkatForetagetStallningResultat" xlink:title="label: ViktigaExternaFaktorerPaverkatForetagetStallningResultat to label_ViktigaExternaFaktorerPaverkatForetagetStallningResultat"/>
    <link:loc xlink:type="locator" xlink:href="../../../../base/se-gen-base/2020-12-01/se-gen-base-2020-12-01.xsd#se-gen-base_SpeciellaOmstandigheterBerorForetaget" xlink:label="SpeciellaOmstandigheterBerorForetaget" xlink:title="SpeciellaOmstandigheterBerorForetaget"/>
    <link:label xlink:type="resource" xlink:label="label_SpeciellaOmstandigheterBerorForetaget" xlink:role="http://www.xbrl.org/2003/role/verboseLabel" xlink:title="label_SpeciellaOmstandigheterBerorForetaget" xml:lang="sv" id="label_SpeciellaOmstandigheterBerorForetaget">Speciella omständigheter som i särskild grad berör koncern</link:label>
    <link:labelArc xlink:type="arc" xlink:arcrole="http://www.xbrl.org/2003/arcrole/concept-label" xlink:from="SpeciellaOmstandigheterBerorForetaget" xlink:to="label_SpeciellaOmstandigheterBerorForetaget" xlink:title="label: SpeciellaOmstandigheterBerorForetaget to label_SpeciellaOmstandigheterBerorForetaget"/>
    <link:loc xlink:type="locator" xlink:href="../../../../base/se-gen-base/2020-12-01/se-gen-base-2020-12-01.xsd#se-gen-base_UppgiftAgareMerAnTioProcentAndelarRoster" xlink:label="UppgiftAgareMerAnTioProcentAndelarRoster" xlink:title="UppgiftAgareMerAnTioProcentAndelarRoster"/>
    <link:label xlink:type="resource" xlink:label="label_UppgiftAgareMerAnTioProcentAndelarRoster" xlink:role="http://www.xbrl.org/2003/role/verboseLabel" xlink:title="label_UppgiftAgareMerAnTioProcentAndelarRoster" xml:lang="sv" id="label_UppgiftAgareMerAnTioProcentAndelarRoster">Uppgift om ägare som har mer än tio procent av antalet andelar eller röster i koncernen</link:label>
    <link:labelArc xlink:type="arc" xlink:arcrole="http://www.xbrl.org/2003/arcrole/concept-label" xlink:from="UppgiftAgareMerAnTioProcentAndelarRoster" xlink:to="label_UppgiftAgareMerAnTioProcentAndelarRoster" xlink:title="label: UppgiftAgareMerAnTioProcentAndelarRoster to label_UppgiftAgareMerAnTioProcentAndelarRoster"/>
    <link:loc xlink:type="locator" xlink:href="../../../../base/se-gen-base/2020-12-01/se-gen-base-2020-12-01.xsd#se-gen-base_Flerarsoversikt" xlink:label="se-gen-base_Flerarsoversikt_5047" xlink:title="se-gen-base_Flerarsoversikt_5047"/>
    <link:label xlink:type="resource" xlink:label="se-gen-base_Flerarsoversikt_5048" xlink:role="http://www.xbrl.org/2003/role/verboseLabel" xlink:title="se-gen-base_Flerarsoversikt_5048" xml:lang="sv">Rättvisande översikt över utvecklingen</link:label>
    <link:labelArc xlink:type="arc" xlink:arcrole="http://www.xbrl.org/2003/arcrole/concept-label" xlink:from="se-gen-base_Flerarsoversikt_5047" xlink:to="se-gen-base_Flerarsoversikt_5048" xlink:title="label: se-gen-base_Flerarsoversikt_5047 to se-gen-base_Flerarsoversikt_5048"/>
    <link:loc xlink:type="locator" xlink:href="../../../../base/se-gen-base/2020-12-01/se-gen-base-2020-12-01.xsd#se-gen-base_KommentarFlerarsoversikt" xlink:label="se-gen-base_KommentarFlerarsoversikt_5049" xlink:title="se-gen-base_KommentarFlerarsoversikt_5049"/>
    <link:label xlink:type="resource" xlink:label="se-gen-base_KommentarFlerarsoversikt_5050" xlink:role="http://www.xbrl.org/2003/role/verboseLabel" xlink:title="se-gen-base_KommentarFlerarsoversikt_5050" xml:lang="sv">Kommentar till rättvisande översikt över utvecklingen</link:label>
    <link:labelArc xlink:type="arc" xlink:arcrole="http://www.xbrl.org/2003/arcrole/concept-label" xlink:from="se-gen-base_KommentarFlerarsoversikt_5049" xlink:to="se-gen-base_KommentarFlerarsoversikt_5050" xlink:title="label: se-gen-base_KommentarFlerarsoversikt_5049 to se-gen-base_KommentarFlerarsoversikt_5050"/>
    <link:loc xlink:type="locator" xlink:href="../../../../base/se-gen-base/2020-12-01/se-gen-base-2020-12-01.xsd#se-gen-base_EjRegistreratAktiekapital" xlink:label="se-gen-base_EjRegistreratAktiekapital_5053" xlink:title="se-gen-base_EjRegistreratAktiekapital_5053"/>
    <link:label xlink:type="resource" xlink:label="se-gen-base_EjRegistreratAktiekapital_5054" xlink:role="http://www.xbrl.org/2003/role/verboseLabel" xlink:title="se-gen-base_EjRegistreratAktiekapital_5054" xml:lang="sv">Pågående ny- och fondemission</link:label>
    <link:labelArc xlink:type="arc" xlink:arcrole="http://www.xbrl.org/2003/arcrole/concept-label" xlink:from="se-gen-base_EjRegistreratAktiekapital_5053" xlink:to="se-gen-base_EjRegistreratAktiekapital_5054" xlink:title="label: se-gen-base_EjRegistreratAktiekapital_5053 to se-gen-base_EjRegistreratAktiekapital_5054"/>
    <link:loc xlink:type="locator" xlink:href="../../../../base/se-gen-base/2020-12-01/se-gen-base-2020-12-01.xsd#se-gen-base_FinansiellaPoster" xlink:label="se-gen-base_FinansiellaPoster_5051" xlink:title="se-gen-base_FinansiellaPoster_5051"/>
    <link:label xlink:type="resource" xlink:label="se-gen-base_FinansiellaPoster_5052" xlink:role="http://www.xbrl.org/2003/role/verboseLabel" xlink:title="se-gen-base_FinansiellaPoster_5052" xml:lang="sv">Summa resultat från finansiella poster</link:label>
    <link:labelArc xlink:type="arc" xlink:arcrole="http://www.xbrl.org/2003/arcrole/concept-label" xlink:from="se-gen-base_FinansiellaPoster_5051" xlink:to="se-gen-base_FinansiellaPoster_5052" xlink:title="label: se-gen-base_FinansiellaPoster_5051 to se-gen-base_FinansiellaPoster_5052"/>
    <link:loc xlink:type="locator" xlink:href="../../../../base/se-gen-base/2020-12-01/se-gen-base-2020-12-01.xsd#se-gen-base_Skatteskulder" xlink:label="se-gen-base_Skatteskulder_5055" xlink:title="se-gen-base_Skatteskulder_5055"/>
    <link:label xlink:type="resource" xlink:label="se-gen-base_Skatteskulder_5056" xlink:role="http://www.xbrl.org/2003/role/verboseLabel" xlink:title="se-gen-base_Skatteskulder_5056" xml:lang="sv">Aktuella skatteskulder</link:label>
    <link:labelArc xlink:type="arc" xlink:arcrole="http://www.xbrl.org/2003/arcrole/concept-label" xlink:from="se-gen-base_Skatteskulder_5055" xlink:to="se-gen-base_Skatteskulder_5056" xlink:title="label: se-gen-base_Skatteskulder_5055 to se-gen-base_Skatteskulder_5056"/>
    <link:loc xlink:type="locator" xlink:href="../../../../base/se-gen-base/2020-12-01/se-gen-base-2020-12-01.xsd#se-gen-base_ForsaljningTillKoncernforetag" xlink:label="se-gen-base_ForsaljningTillKoncernforetag_5057" xlink:title="se-gen-base_ForsaljningTillKoncernforetag_5057"/>
    <link:label xlink:type="resource" xlink:label="se-gen-base_ForsaljningTillKoncernforetag_5058" xlink:role="http://www.xbrl.org/2003/role/verboseLabel" xlink:title="se-gen-base_ForsaljningTillKoncernforetag_5058" xml:lang="sv">Årets försäljning till koncernföretag</link:label>
    <link:labelArc xlink:type="arc" xlink:arcrole="http://www.xbrl.org/2003/arcrole/concept-label" xlink:from="se-gen-base_ForsaljningTillKoncernforetag_5057" xlink:to="se-gen-base_ForsaljningTillKoncernforetag_5058" xlink:title="label: se-gen-base_ForsaljningTillKoncernforetag_5057 to se-gen-base_ForsaljningTillKoncernforetag_5058"/>
    <link:loc xlink:type="locator" xlink:href="../../../../base/se-gen-base/2020-12-01/se-gen-base-2020-12-01.xsd#se-gen-base_InkopFranKoncernforetag" xlink:label="se-gen-base_InkopFranKoncernforetag_5059" xlink:title="se-gen-base_InkopFranKoncernforetag_5059"/>
    <link:label xlink:type="resource" xlink:label="se-gen-base_InkopFranKoncernforetag_5060" xlink:role="http://www.xbrl.org/2003/role/verboseLabel" xlink:title="se-gen-base_InkopFranKoncernforetag_5060" xml:lang="sv">Årets inköp från koncernföretag</link:label>
    <link:labelArc xlink:type="arc" xlink:arcrole="http://www.xbrl.org/2003/arcrole/concept-label" xlink:from="se-gen-base_InkopFranKoncernforetag_5059" xlink:to="se-gen-base_InkopFranKoncernforetag_5060" xlink:title="label: se-gen-base_InkopFranKoncernforetag_5059 to se-gen-base_InkopFranKoncernforetag_5060"/>
  </link:labelLink>
</link:linkbase>
