<?xml version="1.0" encoding="UTF-8"?><!--Versionsdatum/revision: 2022-09-12/2025-02-11_14:31:19--><!--Infil   : file:///O:/xmlstr/TaxSam/Inkomstdeklaration 2/2024-09-12 FINAL/Iteration 84 - FINAL LEV 2024-06-12 - FULL INK3 INK4 N3B/2025-02-11_13.19.41_10_KontrolleraOchGenerera_v2.08.xsl.xml--><!--XSLT-fil: file:///O:/xmlstr/TaxSam/Inkomstdeklaration 2/2024-09-12 FINAL/Iteration 84 - FINAL LEV 2024-06-12 - FULL INK3 INK4 N3B/20_UtokaBasskiktet_v2.05.xsl--><!--XSLT-fil: file:///O:/xmlstr/TaxSam/Inkomstdeklaration 2/2024-09-12 FINAL/Iteration 84 - FINAL LEV 2024-06-12 - FULL INK3 INK4 N3B/XSLTallmanKod_v1.05.xsl--><link:linkbase xmlns:xsi="http://www.w3.org/2001/XMLSchema-instance" xmlns:ref="http://www.xbrl.org/2004/ref" xmlns:link="http://www.xbrl.org/2003/linkbase" xmlns:xlink="http://www.w3.org/1999/xlink" xsi:schemaLocation="http://www.xbrl.org/2003/linkbase http://www.xbrl.org/2003/xbrl-linkbase-2003-12-31.xsd http://www.xbrl.org/2004/ref http://www.xbrl.org/2004/ref-2004-08-10.xsd">
	<link:roleRef roleURI="http://www.taxonomier.se/se/fr/role/reference/legislation/overgangsbestammelse" xlink:type="simple" xlink:href="../../../shared/role/se-leg-role/2021-10-31/se-leg-role-2021-10-31.xsd#LEG_ROLE_OVERGANGSBESTAMMELSE"/>
	<link:referenceLink xlink:type="extended" xlink:role="http://www.taxonomier.se/se/fr/role/reference/legislation/overgangsbestammelse" id="OVERGANGSBESTAMMELSE">
		<link:loc xlink:type="locator" xlink:href="se-tax-base-2022-09-12.xsd#se-tax-base_UnderlagForFastighetsavgiftAbstract" xlink:label="referens_locator_UnderlagForFastighetsavgiftAbstract_Overgangsbestammelse_132" xlink:title="referens_locator_UnderlagForFastighetsavgiftAbstract_Overgangsbestammelse_132"/>
		<link:reference xlink:type="resource" xlink:label="referens_resource_UnderlagForFastighetsavgiftAbstract_Overgangsbestammelse_132_reference" xlink:role="http://www.xbrl.org/2003/role/reference" xlink:title="referens_resource_UnderlagForFastighetsavgiftAbstract_Overgangsbestammelse_132_reference">
			<ref:Name>Övergångsbestämmelse</ref:Name>
			<ref:Number>2012:743</ref:Number>
			<ref:Subparagraph>3</ref:Subparagraph>
		</link:reference>
		<link:referenceArc xlink:type="arc" xlink:arcrole="http://www.xbrl.org/2003/arcrole/concept-reference" xlink:from="referens_locator_UnderlagForFastighetsavgiftAbstract_Overgangsbestammelse_132" xlink:to="referens_resource_UnderlagForFastighetsavgiftAbstract_Overgangsbestammelse_132_reference" xlink:title="reference: referens_locator_UnderlagForFastighetsavgiftAbstract_Overgangsbestammelse_132 to referens_resource_UnderlagForFastighetsavgiftAbstract_Overgangsbestammelse_132_reference"/>
		<link:loc xlink:type="locator" xlink:href="se-tax-base-2022-09-12.xsd#se-tax-base_OkningAvSkattemassigtResultatMedAnledningAvUppraknatBeloppVidAterforingAvPeriodiseringsfond" xlink:label="referens_locator_OkningAvSkattemassigtResultatMedAnledningAvUppraknatBeloppVidAterforingAvPeriodiseringsfond_Overgangsbestammelse_756" xlink:title="referens_locator_OkningAvSkattemassigtResultatMedAnledningAvUppraknatBeloppVidAterforingAvPeriodiseringsfond_Overgangsbestammelse_756"/>
		<link:reference xlink:type="resource" xlink:label="referens_resource_OkningAvSkattemassigtResultatMedAnledningAvUppraknatBeloppVidAterforingAvPeriodiseringsfond_Overgangsbestammelse_756_reference" xlink:role="http://www.xbrl.org/2003/role/reference" xlink:title="referens_resource_OkningAvSkattemassigtResultatMedAnledningAvUppraknatBeloppVidAterforingAvPeriodiseringsfond_Overgangsbestammelse_756_reference">
			<ref:Name>Övergångsbestämmelse</ref:Name>
			<ref:Number>2018:1206</ref:Number>
			<ref:Subparagraph>5</ref:Subparagraph>
		</link:reference>
		<link:referenceArc xlink:type="arc" xlink:arcrole="http://www.xbrl.org/2003/arcrole/concept-reference" xlink:from="referens_locator_OkningAvSkattemassigtResultatMedAnledningAvUppraknatBeloppVidAterforingAvPeriodiseringsfond_Overgangsbestammelse_756" xlink:to="referens_resource_OkningAvSkattemassigtResultatMedAnledningAvUppraknatBeloppVidAterforingAvPeriodiseringsfond_Overgangsbestammelse_756_reference" xlink:title="reference: referens_locator_OkningAvSkattemassigtResultatMedAnledningAvUppraknatBeloppVidAterforingAvPeriodiseringsfond_Overgangsbestammelse_756 to referens_resource_OkningAvSkattemassigtResultatMedAnledningAvUppraknatBeloppVidAterforingAvPeriodiseringsfond_Overgangsbestammelse_756_reference"/>
		<link:loc xlink:type="locator" xlink:href="se-tax-base-2022-09-12.xsd#se-tax-base_UppskovSomSkaTasUppSomIntakt" xlink:label="referens_locator_UppskovSomSkaTasUppSomIntakt_Overgangsbestammelse_1185" xlink:title="referens_locator_UppskovSomSkaTasUppSomIntakt_Overgangsbestammelse_1185"/>
		<link:reference xlink:type="resource" xlink:label="referens_resource_UppskovSomSkaTasUppSomIntakt_Overgangsbestammelse_1185_reference" xlink:role="http://www.xbrl.org/2003/role/reference" xlink:title="referens_resource_UppskovSomSkaTasUppSomIntakt_Overgangsbestammelse_1185_reference">
			<ref:Name>Övergångsbestämmelse</ref:Name>
			<ref:Number>2003:224</ref:Number>
			<ref:Subparagraph>4</ref:Subparagraph>
		</link:reference>
		<link:referenceArc xlink:type="arc" xlink:arcrole="http://www.xbrl.org/2003/arcrole/concept-reference" xlink:from="referens_locator_UppskovSomSkaTasUppSomIntakt_Overgangsbestammelse_1185" xlink:to="referens_resource_UppskovSomSkaTasUppSomIntakt_Overgangsbestammelse_1185_reference" xlink:title="reference: referens_locator_UppskovSomSkaTasUppSomIntakt_Overgangsbestammelse_1185 to referens_resource_UppskovSomSkaTasUppSomIntakt_Overgangsbestammelse_1185_reference"/>
		<link:loc xlink:type="locator" xlink:href="se-tax-base-2022-09-12.xsd#se-tax-base_AterstaendeUppskovVidDelvisAterforingAvUppskov" xlink:label="referens_locator_AterstaendeUppskovVidDelvisAterforingAvUppskov_Overgangsbestammelse_1188" xlink:title="referens_locator_AterstaendeUppskovVidDelvisAterforingAvUppskov_Overgangsbestammelse_1188"/>
		<link:reference xlink:type="resource" xlink:label="referens_resource_AterstaendeUppskovVidDelvisAterforingAvUppskov_Overgangsbestammelse_1188_reference" xlink:role="http://www.xbrl.org/2003/role/reference" xlink:title="referens_resource_AterstaendeUppskovVidDelvisAterforingAvUppskov_Overgangsbestammelse_1188_reference">
			<ref:Name>Övergångsbestämmelse</ref:Name>
			<ref:Number>2003:224</ref:Number>
			<ref:Subparagraph>4</ref:Subparagraph>
		</link:reference>
		<link:referenceArc xlink:type="arc" xlink:arcrole="http://www.xbrl.org/2003/arcrole/concept-reference" xlink:from="referens_locator_AterstaendeUppskovVidDelvisAterforingAvUppskov_Overgangsbestammelse_1188" xlink:to="referens_resource_AterstaendeUppskovVidDelvisAterforingAvUppskov_Overgangsbestammelse_1188_reference" xlink:title="reference: referens_locator_AterstaendeUppskovVidDelvisAterforingAvUppskov_Overgangsbestammelse_1188 to referens_resource_AterstaendeUppskovVidDelvisAterforingAvUppskov_Overgangsbestammelse_1188_reference"/>
		<link:loc xlink:type="locator" xlink:href="se-tax-base-2022-09-12.xsd#se-tax-base_KoncerninternaAndelsavyttringarBeskattningAvUppskovsbeloppAbstract" xlink:label="referens_locator_KoncerninternaAndelsavyttringarBeskattningAvUppskovsbeloppAbstract_Overgangsbestammelse_1190" xlink:title="referens_locator_KoncerninternaAndelsavyttringarBeskattningAvUppskovsbeloppAbstract_Overgangsbestammelse_1190"/>
		<link:reference xlink:type="resource" xlink:label="referens_resource_KoncerninternaAndelsavyttringarBeskattningAvUppskovsbeloppAbstract_Overgangsbestammelse_1190_reference" xlink:role="http://www.xbrl.org/2003/role/reference" xlink:title="referens_resource_KoncerninternaAndelsavyttringarBeskattningAvUppskovsbeloppAbstract_Overgangsbestammelse_1190_reference">
			<ref:Name>Övergångsbestämmelse</ref:Name>
			<ref:Number>2003:224</ref:Number>
			<ref:Subparagraph>4</ref:Subparagraph>
		</link:reference>
		<link:referenceArc xlink:type="arc" xlink:arcrole="http://www.xbrl.org/2003/arcrole/concept-reference" xlink:from="referens_locator_KoncerninternaAndelsavyttringarBeskattningAvUppskovsbeloppAbstract_Overgangsbestammelse_1190" xlink:to="referens_resource_KoncerninternaAndelsavyttringarBeskattningAvUppskovsbeloppAbstract_Overgangsbestammelse_1190_reference" xlink:title="reference: referens_locator_KoncerninternaAndelsavyttringarBeskattningAvUppskovsbeloppAbstract_Overgangsbestammelse_1190 to referens_resource_KoncerninternaAndelsavyttringarBeskattningAvUppskovsbeloppAbstract_Overgangsbestammelse_1190_reference"/>
		<link:loc xlink:type="locator" xlink:href="se-tax-base-2022-09-12.xsd#se-tax-base_OvrigtAvseendeAndelsbytenOchKoncerninternaAndelsavyttringarAbstract" xlink:label="referens_locator_OvrigtAvseendeAndelsbytenOchKoncerninternaAndelsavyttringarAbstract_Overgangsbestammelse_1203" xlink:title="referens_locator_OvrigtAvseendeAndelsbytenOchKoncerninternaAndelsavyttringarAbstract_Overgangsbestammelse_1203"/>
		<link:reference xlink:type="resource" xlink:label="referens_resource_OvrigtAvseendeAndelsbytenOchKoncerninternaAndelsavyttringarAbstract_Overgangsbestammelse_1203_reference" xlink:role="http://www.xbrl.org/2003/role/reference" xlink:title="referens_resource_OvrigtAvseendeAndelsbytenOchKoncerninternaAndelsavyttringarAbstract_Overgangsbestammelse_1203_reference">
			<ref:Name>Övergångsbestämmelse</ref:Name>
			<ref:Number>2003:224</ref:Number>
			<ref:Subparagraph>4</ref:Subparagraph>
		</link:reference>
		<link:referenceArc xlink:type="arc" xlink:arcrole="http://www.xbrl.org/2003/arcrole/concept-reference" xlink:from="referens_locator_OvrigtAvseendeAndelsbytenOchKoncerninternaAndelsavyttringarAbstract_Overgangsbestammelse_1203" xlink:to="referens_resource_OvrigtAvseendeAndelsbytenOchKoncerninternaAndelsavyttringarAbstract_Overgangsbestammelse_1203_reference" xlink:title="reference: referens_locator_OvrigtAvseendeAndelsbytenOchKoncerninternaAndelsavyttringarAbstract_Overgangsbestammelse_1203 to referens_resource_OvrigtAvseendeAndelsbytenOchKoncerninternaAndelsavyttringarAbstract_Overgangsbestammelse_1203_reference"/>
		<link:loc xlink:type="locator" xlink:href="se-tax-base-2022-09-12.xsd#se-tax-base_KvarvarandeUppskovPaAktierEllerAndelarAvseendeAndelsbyteEllerKoncerninternaAndelsavyttringar" xlink:label="referens_locator_KvarvarandeUppskovPaAktierEllerAndelarAvseendeAndelsbyteEllerKoncerninternaAndelsavyttringar_Overgangsbestammelse_1211" xlink:title="referens_locator_KvarvarandeUppskovPaAktierEllerAndelarAvseendeAndelsbyteEllerKoncerninternaAndelsavyttringar_Overgangsbestammelse_1211"/>
		<link:reference xlink:type="resource" xlink:label="referens_resource_KvarvarandeUppskovPaAktierEllerAndelarAvseendeAndelsbyteEllerKoncerninternaAndelsavyttringar_Overgangsbestammelse_1211_reference" xlink:role="http://www.xbrl.org/2003/role/reference" xlink:title="referens_resource_KvarvarandeUppskovPaAktierEllerAndelarAvseendeAndelsbyteEllerKoncerninternaAndelsavyttringar_Overgangsbestammelse_1211_reference">
			<ref:Name>Övergångsbestämmelse</ref:Name>
			<ref:Number>2003:224</ref:Number>
			<ref:Subparagraph>4</ref:Subparagraph>
		</link:reference>
		<link:referenceArc xlink:type="arc" xlink:arcrole="http://www.xbrl.org/2003/arcrole/concept-reference" xlink:from="referens_locator_KvarvarandeUppskovPaAktierEllerAndelarAvseendeAndelsbyteEllerKoncerninternaAndelsavyttringar_Overgangsbestammelse_1211" xlink:to="referens_resource_KvarvarandeUppskovPaAktierEllerAndelarAvseendeAndelsbyteEllerKoncerninternaAndelsavyttringar_Overgangsbestammelse_1211_reference" xlink:title="reference: referens_locator_KvarvarandeUppskovPaAktierEllerAndelarAvseendeAndelsbyteEllerKoncerninternaAndelsavyttringar_Overgangsbestammelse_1211 to referens_resource_KvarvarandeUppskovPaAktierEllerAndelarAvseendeAndelsbyteEllerKoncerninternaAndelsavyttringar_Overgangsbestammelse_1211_reference"/>
	</link:referenceLink>
</link:linkbase>