<?xml version="1.0" encoding="UTF-8"?><!--Versionsdatum/revision: 2022-09-12/2025-02-11_14:31:19--><!--Infil   : file:///O:/xmlstr/TaxSam/Inkomstdeklaration 2/2024-09-12 FINAL/Iteration 84 - FINAL LEV 2024-06-12 - FULL INK3 INK4 N3B/2025-02-11_13.19.41_10_KontrolleraOchGenerera_v2.08.xsl.xml--><!--XSLT-fil: file:///O:/xmlstr/TaxSam/Inkomstdeklaration 2/2024-09-12 FINAL/Iteration 84 - FINAL LEV 2024-06-12 - FULL INK3 INK4 N3B/20_UtokaBasskiktet_v2.05.xsl--><!--XSLT-fil: file:///O:/xmlstr/TaxSam/Inkomstdeklaration 2/2024-09-12 FINAL/Iteration 84 - FINAL LEV 2024-06-12 - FULL INK3 INK4 N3B/XSLTallmanKod_v1.05.xsl--><link:linkbase xmlns:xsi="http://www.w3.org/2001/XMLSchema-instance" xmlns:ref="http://www.xbrl.org/2004/ref" xmlns:link="http://www.xbrl.org/2003/linkbase" xmlns:xlink="http://www.w3.org/1999/xlink" xsi:schemaLocation="http://www.xbrl.org/2003/linkbase http://www.xbrl.org/2003/xbrl-linkbase-2003-12-31.xsd http://www.xbrl.org/2004/ref http://www.xbrl.org/2004/ref-2004-08-10.xsd">
	<link:roleRef roleURI="http://www.taxonomier.se/se/fr/role/reference/legislation/fsl" xlink:type="simple" xlink:href="../../../shared/role/se-leg-role/2021-10-31/se-leg-role-2021-10-31.xsd#LEG_ROLE_FSL"/>
	<link:referenceLink xlink:type="extended" xlink:role="http://www.taxonomier.se/se/fr/role/reference/legislation/fsl" id="FSL">
		<link:loc xlink:type="locator" xlink:href="se-tax-base-2022-09-12.xsd#se-tax-base_UnderlagForFastighetsskattAbstract" xlink:label="referens_locator_UnderlagForFastighetsskattAbstract_FSL_143" xlink:title="referens_locator_UnderlagForFastighetsskattAbstract_FSL_143"/>
		<link:reference xlink:type="resource" xlink:label="referens_resource_UnderlagForFastighetsskattAbstract_FSL_143_reference" xlink:role="http://www.xbrl.org/2003/role/reference" xlink:title="referens_resource_UnderlagForFastighetsskattAbstract_FSL_143_reference">
			<ref:Name>FSL</ref:Name>
			<ref:Number>1984:1052</ref:Number>
		</link:reference>
		<link:referenceArc xlink:type="arc" xlink:arcrole="http://www.xbrl.org/2003/arcrole/concept-reference" xlink:from="referens_locator_UnderlagForFastighetsskattAbstract_FSL_143" xlink:to="referens_resource_UnderlagForFastighetsskattAbstract_FSL_143_reference" xlink:title="reference: referens_locator_UnderlagForFastighetsskattAbstract_FSL_143 to referens_resource_UnderlagForFastighetsskattAbstract_FSL_143_reference"/>
		<link:loc xlink:type="locator" xlink:href="se-tax-base-2022-09-12.xsd#se-tax-base_UnderlagForFastighetsskattForSmahusAgarlagenhetTomtmarkByggnadUnderUppforande" xlink:label="referens_locator_UnderlagForFastighetsskattForSmahusAgarlagenhetTomtmarkByggnadUnderUppforande_FSL_146" xlink:title="referens_locator_UnderlagForFastighetsskattForSmahusAgarlagenhetTomtmarkByggnadUnderUppforande_FSL_146"/>
		<link:reference xlink:type="resource" xlink:label="referens_resource_UnderlagForFastighetsskattForSmahusAgarlagenhetTomtmarkByggnadUnderUppforande_FSL_146_reference" xlink:role="http://www.xbrl.org/2003/role/reference" xlink:title="referens_resource_UnderlagForFastighetsskattForSmahusAgarlagenhetTomtmarkByggnadUnderUppforande_FSL_146_reference">
			<ref:Name>FSL</ref:Name>
			<ref:Number>1984:1052</ref:Number>
		</link:reference>
		<link:referenceArc xlink:type="arc" xlink:arcrole="http://www.xbrl.org/2003/arcrole/concept-reference" xlink:from="referens_locator_UnderlagForFastighetsskattForSmahusAgarlagenhetTomtmarkByggnadUnderUppforande_FSL_146" xlink:to="referens_resource_UnderlagForFastighetsskattForSmahusAgarlagenhetTomtmarkByggnadUnderUppforande_FSL_146_reference" xlink:title="reference: referens_locator_UnderlagForFastighetsskattForSmahusAgarlagenhetTomtmarkByggnadUnderUppforande_FSL_146 to referens_resource_UnderlagForFastighetsskattForSmahusAgarlagenhetTomtmarkByggnadUnderUppforande_FSL_146_reference"/>
		<link:loc xlink:type="locator" xlink:href="se-tax-base-2022-09-12.xsd#se-tax-base_UnderlagForFastighetsskattForHyreshusTomtmarkBostaderUnderUppforande" xlink:label="referens_locator_UnderlagForFastighetsskattForHyreshusTomtmarkBostaderUnderUppforande_FSL_150" xlink:title="referens_locator_UnderlagForFastighetsskattForHyreshusTomtmarkBostaderUnderUppforande_FSL_150"/>
		<link:reference xlink:type="resource" xlink:label="referens_resource_UnderlagForFastighetsskattForHyreshusTomtmarkBostaderUnderUppforande_FSL_150_reference" xlink:role="http://www.xbrl.org/2003/role/reference" xlink:title="referens_resource_UnderlagForFastighetsskattForHyreshusTomtmarkBostaderUnderUppforande_FSL_150_reference">
			<ref:Name>FSL</ref:Name>
			<ref:Number>1984:1052</ref:Number>
		</link:reference>
		<link:referenceArc xlink:type="arc" xlink:arcrole="http://www.xbrl.org/2003/arcrole/concept-reference" xlink:from="referens_locator_UnderlagForFastighetsskattForHyreshusTomtmarkBostaderUnderUppforande_FSL_150" xlink:to="referens_resource_UnderlagForFastighetsskattForHyreshusTomtmarkBostaderUnderUppforande_FSL_150_reference" xlink:title="reference: referens_locator_UnderlagForFastighetsskattForHyreshusTomtmarkBostaderUnderUppforande_FSL_150 to referens_resource_UnderlagForFastighetsskattForHyreshusTomtmarkBostaderUnderUppforande_FSL_150_reference"/>
		<link:loc xlink:type="locator" xlink:href="se-tax-base-2022-09-12.xsd#se-tax-base_UnderlagForFastighetsskattForHyreshusLokaler" xlink:label="referens_locator_UnderlagForFastighetsskattForHyreshusLokaler_FSL_154" xlink:title="referens_locator_UnderlagForFastighetsskattForHyreshusLokaler_FSL_154"/>
		<link:reference xlink:type="resource" xlink:label="referens_resource_UnderlagForFastighetsskattForHyreshusLokaler_FSL_154_reference" xlink:role="http://www.xbrl.org/2003/role/reference" xlink:title="referens_resource_UnderlagForFastighetsskattForHyreshusLokaler_FSL_154_reference">
			<ref:Name>FSL</ref:Name>
			<ref:Number>1984:1052</ref:Number>
		</link:reference>
		<link:referenceArc xlink:type="arc" xlink:arcrole="http://www.xbrl.org/2003/arcrole/concept-reference" xlink:from="referens_locator_UnderlagForFastighetsskattForHyreshusLokaler_FSL_154" xlink:to="referens_resource_UnderlagForFastighetsskattForHyreshusLokaler_FSL_154_reference" xlink:title="reference: referens_locator_UnderlagForFastighetsskattForHyreshusLokaler_FSL_154 to referens_resource_UnderlagForFastighetsskattForHyreshusLokaler_FSL_154_reference"/>
		<link:loc xlink:type="locator" xlink:href="se-tax-base-2022-09-12.xsd#se-tax-base_UnderlagForFastighetsskattForIndustrienhetOchElproduktionsenhetVarmekraftverkUtomVindkraftverk" xlink:label="referens_locator_UnderlagForFastighetsskattForIndustrienhetOchElproduktionsenhetVarmekraftverkUtomVindkraftverk_FSL_158" xlink:title="referens_locator_UnderlagForFastighetsskattForIndustrienhetOchElproduktionsenhetVarmekraftverkUtomVindkraftverk_FSL_158"/>
		<link:reference xlink:type="resource" xlink:label="referens_resource_UnderlagForFastighetsskattForIndustrienhetOchElproduktionsenhetVarmekraftverkUtomVindkraftverk_FSL_158_reference" xlink:role="http://www.xbrl.org/2003/role/reference" xlink:title="referens_resource_UnderlagForFastighetsskattForIndustrienhetOchElproduktionsenhetVarmekraftverkUtomVindkraftverk_FSL_158_reference">
			<ref:Name>FSL</ref:Name>
			<ref:Number>1984:1052</ref:Number>
		</link:reference>
		<link:referenceArc xlink:type="arc" xlink:arcrole="http://www.xbrl.org/2003/arcrole/concept-reference" xlink:from="referens_locator_UnderlagForFastighetsskattForIndustrienhetOchElproduktionsenhetVarmekraftverkUtomVindkraftverk_FSL_158" xlink:to="referens_resource_UnderlagForFastighetsskattForIndustrienhetOchElproduktionsenhetVarmekraftverkUtomVindkraftverk_FSL_158_reference" xlink:title="reference: referens_locator_UnderlagForFastighetsskattForIndustrienhetOchElproduktionsenhetVarmekraftverkUtomVindkraftverk_FSL_158 to referens_resource_UnderlagForFastighetsskattForIndustrienhetOchElproduktionsenhetVarmekraftverkUtomVindkraftverk_FSL_158_reference"/>
		<link:loc xlink:type="locator" xlink:href="se-tax-base-2022-09-12.xsd#se-tax-base_UnderlagForFastighetsskattForIndustrienhetOchElproduktionsenhetVarmekraftverk" xlink:label="referens_locator_UnderlagForFastighetsskattForIndustrienhetOchElproduktionsenhetVarmekraftverk_FSL_162" xlink:title="referens_locator_UnderlagForFastighetsskattForIndustrienhetOchElproduktionsenhetVarmekraftverk_FSL_162"/>
		<link:reference xlink:type="resource" xlink:label="referens_resource_UnderlagForFastighetsskattForIndustrienhetOchElproduktionsenhetVarmekraftverk_FSL_162_reference" xlink:role="http://www.xbrl.org/2003/role/reference" xlink:title="referens_resource_UnderlagForFastighetsskattForIndustrienhetOchElproduktionsenhetVarmekraftverk_FSL_162_reference">
			<ref:Name>FSL</ref:Name>
			<ref:Number>1984:1052</ref:Number>
		</link:reference>
		<link:referenceArc xlink:type="arc" xlink:arcrole="http://www.xbrl.org/2003/arcrole/concept-reference" xlink:from="referens_locator_UnderlagForFastighetsskattForIndustrienhetOchElproduktionsenhetVarmekraftverk_FSL_162" xlink:to="referens_resource_UnderlagForFastighetsskattForIndustrienhetOchElproduktionsenhetVarmekraftverk_FSL_162_reference" xlink:title="reference: referens_locator_UnderlagForFastighetsskattForIndustrienhetOchElproduktionsenhetVarmekraftverk_FSL_162 to referens_resource_UnderlagForFastighetsskattForIndustrienhetOchElproduktionsenhetVarmekraftverk_FSL_162_reference"/>
		<link:loc xlink:type="locator" xlink:href="se-tax-base-2022-09-12.xsd#se-tax-base_UnderlagForFastighetsskattForElproduktionsenhetVattenkraftverk" xlink:label="referens_locator_UnderlagForFastighetsskattForElproduktionsenhetVattenkraftverk_FSL_166" xlink:title="referens_locator_UnderlagForFastighetsskattForElproduktionsenhetVattenkraftverk_FSL_166"/>
		<link:reference xlink:type="resource" xlink:label="referens_resource_UnderlagForFastighetsskattForElproduktionsenhetVattenkraftverk_FSL_166_reference" xlink:role="http://www.xbrl.org/2003/role/reference" xlink:title="referens_resource_UnderlagForFastighetsskattForElproduktionsenhetVattenkraftverk_FSL_166_reference">
			<ref:Name>FSL</ref:Name>
			<ref:Number>1984:1052</ref:Number>
		</link:reference>
		<link:referenceArc xlink:type="arc" xlink:arcrole="http://www.xbrl.org/2003/arcrole/concept-reference" xlink:from="referens_locator_UnderlagForFastighetsskattForElproduktionsenhetVattenkraftverk_FSL_166" xlink:to="referens_resource_UnderlagForFastighetsskattForElproduktionsenhetVattenkraftverk_FSL_166_reference" xlink:title="reference: referens_locator_UnderlagForFastighetsskattForElproduktionsenhetVattenkraftverk_FSL_166 to referens_resource_UnderlagForFastighetsskattForElproduktionsenhetVattenkraftverk_FSL_166_reference"/>
		<link:loc xlink:type="locator" xlink:href="se-tax-base-2022-09-12.xsd#se-tax-base_UnderlagForFastighetsskattForElproduktionsenhetVindkraftverk" xlink:label="referens_locator_UnderlagForFastighetsskattForElproduktionsenhetVindkraftverk_FSL_170" xlink:title="referens_locator_UnderlagForFastighetsskattForElproduktionsenhetVindkraftverk_FSL_170"/>
		<link:reference xlink:type="resource" xlink:label="referens_resource_UnderlagForFastighetsskattForElproduktionsenhetVindkraftverk_FSL_170_reference" xlink:role="http://www.xbrl.org/2003/role/reference" xlink:title="referens_resource_UnderlagForFastighetsskattForElproduktionsenhetVindkraftverk_FSL_170_reference">
			<ref:Name>FSL</ref:Name>
			<ref:Number>1984:1052</ref:Number>
		</link:reference>
		<link:referenceArc xlink:type="arc" xlink:arcrole="http://www.xbrl.org/2003/arcrole/concept-reference" xlink:from="referens_locator_UnderlagForFastighetsskattForElproduktionsenhetVindkraftverk_FSL_170" xlink:to="referens_resource_UnderlagForFastighetsskattForElproduktionsenhetVindkraftverk_FSL_170_reference" xlink:title="reference: referens_locator_UnderlagForFastighetsskattForElproduktionsenhetVindkraftverk_FSL_170 to referens_resource_UnderlagForFastighetsskattForElproduktionsenhetVindkraftverk_FSL_170_reference"/>
	</link:referenceLink>
</link:linkbase>