<?xml version="1.0" encoding="UTF-8"?><!--Versionsdatum/revision: 2022-09-12/2025-02-11_14:31:19--><!--Infil   : file:///O:/xmlstr/TaxSam/Inkomstdeklaration 2/2024-09-12 FINAL/Iteration 84 - FINAL LEV 2024-06-12 - FULL INK3 INK4 N3B/2025-02-11_13.19.41_10_KontrolleraOchGenerera_v2.08.xsl.xml--><!--XSLT-fil: file:///O:/xmlstr/TaxSam/Inkomstdeklaration 2/2024-09-12 FINAL/Iteration 84 - FINAL LEV 2024-06-12 - FULL INK3 INK4 N3B/20_UtokaBasskiktet_v2.05.xsl--><!--XSLT-fil: file:///O:/xmlstr/TaxSam/Inkomstdeklaration 2/2024-09-12 FINAL/Iteration 84 - FINAL LEV 2024-06-12 - FULL INK3 INK4 N3B/XSLTallmanKod_v1.05.xsl--><link:linkbase xmlns:xsi="http://www.w3.org/2001/XMLSchema-instance" xmlns:ref="http://www.xbrl.org/2004/ref" xmlns:link="http://www.xbrl.org/2003/linkbase" xmlns:xlink="http://www.w3.org/1999/xlink" xsi:schemaLocation="http://www.xbrl.org/2003/linkbase http://www.xbrl.org/2003/xbrl-linkbase-2003-12-31.xsd http://www.xbrl.org/2004/ref http://www.xbrl.org/2004/ref-2004-08-10.xsd">
	<link:roleRef roleURI="http://www.taxonomier.se/se/fr/role/reference/legislation/ra" xlink:type="simple" xlink:href="../../../shared/role/se-leg-role/2021-10-31/se-leg-role-2021-10-31.xsd#LEG_ROLE_RA"/>
	<link:referenceLink xlink:type="extended" xlink:role="http://www.taxonomier.se/se/fr/role/reference/legislation/ra" id="RA">
		<link:loc xlink:type="locator" xlink:href="se-tax-base-2022-09-12.xsd#se-tax-base_UnderlagForSarskildLoneskattAbstract" xlink:label="referens_locator_UnderlagForSarskildLoneskattAbstract_RA_59" xlink:title="referens_locator_UnderlagForSarskildLoneskattAbstract_RA_59"/>
		<link:reference xlink:type="resource" xlink:label="referens_resource_UnderlagForSarskildLoneskattAbstract_RA_59_reference" xlink:role="http://www.xbrl.org/2003/role/reference" xlink:title="referens_resource_UnderlagForSarskildLoneskattAbstract_RA_59_reference">
			<ref:Publisher>Högsta förvaltningsdomstolen</ref:Publisher>
			<ref:Name>RÅ</ref:Name>
			<ref:Number>2000 ref. 36</ref:Number>
		</link:reference>
		<link:referenceArc xlink:type="arc" xlink:arcrole="http://www.xbrl.org/2003/arcrole/concept-reference" xlink:from="referens_locator_UnderlagForSarskildLoneskattAbstract_RA_59" xlink:to="referens_resource_UnderlagForSarskildLoneskattAbstract_RA_59_reference" xlink:title="reference: referens_locator_UnderlagForSarskildLoneskattAbstract_RA_59 to referens_resource_UnderlagForSarskildLoneskattAbstract_RA_59_reference"/>
		<link:loc xlink:type="locator" xlink:href="se-tax-base-2022-09-12.xsd#se-tax-base_UnderlagForSarskildLoneskattAbstract" xlink:label="referens_locator_UnderlagForSarskildLoneskattAbstract_RA_60" xlink:title="referens_locator_UnderlagForSarskildLoneskattAbstract_RA_60"/>
		<link:reference xlink:type="resource" xlink:label="referens_resource_UnderlagForSarskildLoneskattAbstract_RA_60_reference" xlink:role="http://www.xbrl.org/2003/role/reference" xlink:title="referens_resource_UnderlagForSarskildLoneskattAbstract_RA_60_reference">
			<ref:Publisher>Högsta förvaltningsdomstolen</ref:Publisher>
			<ref:Name>RÅ</ref:Name>
			<ref:Number>2004 ref. 3</ref:Number>
		</link:reference>
		<link:referenceArc xlink:type="arc" xlink:arcrole="http://www.xbrl.org/2003/arcrole/concept-reference" xlink:from="referens_locator_UnderlagForSarskildLoneskattAbstract_RA_60" xlink:to="referens_resource_UnderlagForSarskildLoneskattAbstract_RA_60_reference" xlink:title="reference: referens_locator_UnderlagForSarskildLoneskattAbstract_RA_60 to referens_resource_UnderlagForSarskildLoneskattAbstract_RA_60_reference"/>
		<link:loc xlink:type="locator" xlink:href="se-tax-base-2022-09-12.xsd#se-tax-base_UnderlagForSarskildLoneskattAbstract" xlink:label="referens_locator_UnderlagForSarskildLoneskattAbstract_RA_61" xlink:title="referens_locator_UnderlagForSarskildLoneskattAbstract_RA_61"/>
		<link:reference xlink:type="resource" xlink:label="referens_resource_UnderlagForSarskildLoneskattAbstract_RA_61_reference" xlink:role="http://www.xbrl.org/2003/role/reference" xlink:title="referens_resource_UnderlagForSarskildLoneskattAbstract_RA_61_reference">
			<ref:Publisher>Högsta förvaltningsdomstolen</ref:Publisher>
			<ref:Name>RÅ</ref:Name>
			<ref:Number>2004 ref. 133</ref:Number>
		</link:reference>
		<link:referenceArc xlink:type="arc" xlink:arcrole="http://www.xbrl.org/2003/arcrole/concept-reference" xlink:from="referens_locator_UnderlagForSarskildLoneskattAbstract_RA_61" xlink:to="referens_resource_UnderlagForSarskildLoneskattAbstract_RA_61_reference" xlink:title="reference: referens_locator_UnderlagForSarskildLoneskattAbstract_RA_61 to referens_resource_UnderlagForSarskildLoneskattAbstract_RA_61_reference"/>
		<link:loc xlink:type="locator" xlink:href="se-tax-base-2022-09-12.xsd#se-tax-base_UnderlagForSarskildLoneskattAbstract" xlink:label="referens_locator_UnderlagForSarskildLoneskattAbstract_RA_62" xlink:title="referens_locator_UnderlagForSarskildLoneskattAbstract_RA_62"/>
		<link:reference xlink:type="resource" xlink:label="referens_resource_UnderlagForSarskildLoneskattAbstract_RA_62_reference" xlink:role="http://www.xbrl.org/2003/role/reference" xlink:title="referens_resource_UnderlagForSarskildLoneskattAbstract_RA_62_reference">
			<ref:Publisher>Högsta förvaltningsdomstolen</ref:Publisher>
			<ref:Name>RÅ</ref:Name>
			<ref:Number>2006 ref. 83</ref:Number>
		</link:reference>
		<link:referenceArc xlink:type="arc" xlink:arcrole="http://www.xbrl.org/2003/arcrole/concept-reference" xlink:from="referens_locator_UnderlagForSarskildLoneskattAbstract_RA_62" xlink:to="referens_resource_UnderlagForSarskildLoneskattAbstract_RA_62_reference" xlink:title="reference: referens_locator_UnderlagForSarskildLoneskattAbstract_RA_62 to referens_resource_UnderlagForSarskildLoneskattAbstract_RA_62_reference"/>
		<link:loc xlink:type="locator" xlink:href="se-tax-base-2022-09-12.xsd#se-tax-base_UnderlagForSarskildLoneskattAbstract" xlink:label="referens_locator_UnderlagForSarskildLoneskattAbstract_RA_63" xlink:title="referens_locator_UnderlagForSarskildLoneskattAbstract_RA_63"/>
		<link:reference xlink:type="resource" xlink:label="referens_resource_UnderlagForSarskildLoneskattAbstract_RA_63_reference" xlink:role="http://www.xbrl.org/2003/role/reference" xlink:title="referens_resource_UnderlagForSarskildLoneskattAbstract_RA_63_reference">
			<ref:Publisher>Högsta förvaltningsdomstolen</ref:Publisher>
			<ref:Name>RÅ</ref:Name>
			<ref:Number>2007 ref. 47</ref:Number>
		</link:reference>
		<link:referenceArc xlink:type="arc" xlink:arcrole="http://www.xbrl.org/2003/arcrole/concept-reference" xlink:from="referens_locator_UnderlagForSarskildLoneskattAbstract_RA_63" xlink:to="referens_resource_UnderlagForSarskildLoneskattAbstract_RA_63_reference" xlink:title="reference: referens_locator_UnderlagForSarskildLoneskattAbstract_RA_63 to referens_resource_UnderlagForSarskildLoneskattAbstract_RA_63_reference"/>
		<link:loc xlink:type="locator" xlink:href="se-tax-base-2022-09-12.xsd#se-tax-base_UnderlagForSarskildLoneskattAbstract" xlink:label="referens_locator_UnderlagForSarskildLoneskattAbstract_RA_64" xlink:title="referens_locator_UnderlagForSarskildLoneskattAbstract_RA_64"/>
		<link:reference xlink:type="resource" xlink:label="referens_resource_UnderlagForSarskildLoneskattAbstract_RA_64_reference" xlink:role="http://www.xbrl.org/2003/role/reference" xlink:title="referens_resource_UnderlagForSarskildLoneskattAbstract_RA_64_reference">
			<ref:Publisher>Högsta förvaltningsdomstolen</ref:Publisher>
			<ref:Name>RÅ</ref:Name>
			<ref:Number>1999 not. 154</ref:Number>
		</link:reference>
		<link:referenceArc xlink:type="arc" xlink:arcrole="http://www.xbrl.org/2003/arcrole/concept-reference" xlink:from="referens_locator_UnderlagForSarskildLoneskattAbstract_RA_64" xlink:to="referens_resource_UnderlagForSarskildLoneskattAbstract_RA_64_reference" xlink:title="reference: referens_locator_UnderlagForSarskildLoneskattAbstract_RA_64 to referens_resource_UnderlagForSarskildLoneskattAbstract_RA_64_reference"/>
		<link:loc xlink:type="locator" xlink:href="se-tax-base-2022-09-12.xsd#se-tax-base_UnderlagForSarskildLoneskattAbstract" xlink:label="referens_locator_UnderlagForSarskildLoneskattAbstract_RA_65" xlink:title="referens_locator_UnderlagForSarskildLoneskattAbstract_RA_65"/>
		<link:reference xlink:type="resource" xlink:label="referens_resource_UnderlagForSarskildLoneskattAbstract_RA_65_reference" xlink:role="http://www.xbrl.org/2003/role/reference" xlink:title="referens_resource_UnderlagForSarskildLoneskattAbstract_RA_65_reference">
			<ref:Publisher>Högsta förvaltningsdomstolen</ref:Publisher>
			<ref:Name>RÅ</ref:Name>
			<ref:Number>2000 not. 54</ref:Number>
		</link:reference>
		<link:referenceArc xlink:type="arc" xlink:arcrole="http://www.xbrl.org/2003/arcrole/concept-reference" xlink:from="referens_locator_UnderlagForSarskildLoneskattAbstract_RA_65" xlink:to="referens_resource_UnderlagForSarskildLoneskattAbstract_RA_65_reference" xlink:title="reference: referens_locator_UnderlagForSarskildLoneskattAbstract_RA_65 to referens_resource_UnderlagForSarskildLoneskattAbstract_RA_65_reference"/>
		<link:loc xlink:type="locator" xlink:href="se-tax-base-2022-09-12.xsd#se-tax-base_UnderlagForSarskildLoneskattAbstract" xlink:label="referens_locator_UnderlagForSarskildLoneskattAbstract_RA_66" xlink:title="referens_locator_UnderlagForSarskildLoneskattAbstract_RA_66"/>
		<link:reference xlink:type="resource" xlink:label="referens_resource_UnderlagForSarskildLoneskattAbstract_RA_66_reference" xlink:role="http://www.xbrl.org/2003/role/reference" xlink:title="referens_resource_UnderlagForSarskildLoneskattAbstract_RA_66_reference">
			<ref:Publisher>Högsta förvaltningsdomstolen</ref:Publisher>
			<ref:Name>RÅ</ref:Name>
			<ref:Number>2001 not. 166</ref:Number>
		</link:reference>
		<link:referenceArc xlink:type="arc" xlink:arcrole="http://www.xbrl.org/2003/arcrole/concept-reference" xlink:from="referens_locator_UnderlagForSarskildLoneskattAbstract_RA_66" xlink:to="referens_resource_UnderlagForSarskildLoneskattAbstract_RA_66_reference" xlink:title="reference: referens_locator_UnderlagForSarskildLoneskattAbstract_RA_66 to referens_resource_UnderlagForSarskildLoneskattAbstract_RA_66_reference"/>
		<link:loc xlink:type="locator" xlink:href="se-tax-base-2022-09-12.xsd#se-tax-base_UnderlagForSarskildLoneskattAbstract" xlink:label="referens_locator_UnderlagForSarskildLoneskattAbstract_RA_67" xlink:title="referens_locator_UnderlagForSarskildLoneskattAbstract_RA_67"/>
		<link:reference xlink:type="resource" xlink:label="referens_resource_UnderlagForSarskildLoneskattAbstract_RA_67_reference" xlink:role="http://www.xbrl.org/2003/role/reference" xlink:title="referens_resource_UnderlagForSarskildLoneskattAbstract_RA_67_reference">
			<ref:Publisher>Högsta förvaltningsdomstolen</ref:Publisher>
			<ref:Name>RÅ</ref:Name>
			<ref:Number>2002 not. 212</ref:Number>
		</link:reference>
		<link:referenceArc xlink:type="arc" xlink:arcrole="http://www.xbrl.org/2003/arcrole/concept-reference" xlink:from="referens_locator_UnderlagForSarskildLoneskattAbstract_RA_67" xlink:to="referens_resource_UnderlagForSarskildLoneskattAbstract_RA_67_reference" xlink:title="reference: referens_locator_UnderlagForSarskildLoneskattAbstract_RA_67 to referens_resource_UnderlagForSarskildLoneskattAbstract_RA_67_reference"/>
		<link:loc xlink:type="locator" xlink:href="se-tax-base-2022-09-12.xsd#se-tax-base_UnderlagForSarskildLoneskattAbstract" xlink:label="referens_locator_UnderlagForSarskildLoneskattAbstract_RA_68" xlink:title="referens_locator_UnderlagForSarskildLoneskattAbstract_RA_68"/>
		<link:reference xlink:type="resource" xlink:label="referens_resource_UnderlagForSarskildLoneskattAbstract_RA_68_reference" xlink:role="http://www.xbrl.org/2003/role/reference" xlink:title="referens_resource_UnderlagForSarskildLoneskattAbstract_RA_68_reference">
			<ref:Publisher>Högsta förvaltningsdomstolen</ref:Publisher>
			<ref:Name>RÅ</ref:Name>
			<ref:Number>2004 not. 136</ref:Number>
		</link:reference>
		<link:referenceArc xlink:type="arc" xlink:arcrole="http://www.xbrl.org/2003/arcrole/concept-reference" xlink:from="referens_locator_UnderlagForSarskildLoneskattAbstract_RA_68" xlink:to="referens_resource_UnderlagForSarskildLoneskattAbstract_RA_68_reference" xlink:title="reference: referens_locator_UnderlagForSarskildLoneskattAbstract_RA_68 to referens_resource_UnderlagForSarskildLoneskattAbstract_RA_68_reference"/>
		<link:loc xlink:type="locator" xlink:href="se-tax-base-2022-09-12.xsd#se-tax-base_PositivtUnderlagForSarskildLoneskattPaPensionskostnader" xlink:label="referens_locator_PositivtUnderlagForSarskildLoneskattPaPensionskostnader_RA_73" xlink:title="referens_locator_PositivtUnderlagForSarskildLoneskattPaPensionskostnader_RA_73"/>
		<link:reference xlink:type="resource" xlink:label="referens_resource_PositivtUnderlagForSarskildLoneskattPaPensionskostnader_RA_73_reference" xlink:role="http://www.xbrl.org/2003/role/reference" xlink:title="referens_resource_PositivtUnderlagForSarskildLoneskattPaPensionskostnader_RA_73_reference">
			<ref:Publisher>Högsta förvaltningsdomstolen</ref:Publisher>
			<ref:Name>RÅ</ref:Name>
			<ref:Number>2000 ref. 36</ref:Number>
		</link:reference>
		<link:referenceArc xlink:type="arc" xlink:arcrole="http://www.xbrl.org/2003/arcrole/concept-reference" xlink:from="referens_locator_PositivtUnderlagForSarskildLoneskattPaPensionskostnader_RA_73" xlink:to="referens_resource_PositivtUnderlagForSarskildLoneskattPaPensionskostnader_RA_73_reference" xlink:title="reference: referens_locator_PositivtUnderlagForSarskildLoneskattPaPensionskostnader_RA_73 to referens_resource_PositivtUnderlagForSarskildLoneskattPaPensionskostnader_RA_73_reference"/>
		<link:loc xlink:type="locator" xlink:href="se-tax-base-2022-09-12.xsd#se-tax-base_PositivtUnderlagForSarskildLoneskattPaPensionskostnader" xlink:label="referens_locator_PositivtUnderlagForSarskildLoneskattPaPensionskostnader_RA_74" xlink:title="referens_locator_PositivtUnderlagForSarskildLoneskattPaPensionskostnader_RA_74"/>
		<link:reference xlink:type="resource" xlink:label="referens_resource_PositivtUnderlagForSarskildLoneskattPaPensionskostnader_RA_74_reference" xlink:role="http://www.xbrl.org/2003/role/reference" xlink:title="referens_resource_PositivtUnderlagForSarskildLoneskattPaPensionskostnader_RA_74_reference">
			<ref:Publisher>Högsta förvaltningsdomstolen</ref:Publisher>
			<ref:Name>RÅ</ref:Name>
			<ref:Number>2004 ref. 3</ref:Number>
		</link:reference>
		<link:referenceArc xlink:type="arc" xlink:arcrole="http://www.xbrl.org/2003/arcrole/concept-reference" xlink:from="referens_locator_PositivtUnderlagForSarskildLoneskattPaPensionskostnader_RA_74" xlink:to="referens_resource_PositivtUnderlagForSarskildLoneskattPaPensionskostnader_RA_74_reference" xlink:title="reference: referens_locator_PositivtUnderlagForSarskildLoneskattPaPensionskostnader_RA_74 to referens_resource_PositivtUnderlagForSarskildLoneskattPaPensionskostnader_RA_74_reference"/>
		<link:loc xlink:type="locator" xlink:href="se-tax-base-2022-09-12.xsd#se-tax-base_PositivtUnderlagForSarskildLoneskattPaPensionskostnader" xlink:label="referens_locator_PositivtUnderlagForSarskildLoneskattPaPensionskostnader_RA_75" xlink:title="referens_locator_PositivtUnderlagForSarskildLoneskattPaPensionskostnader_RA_75"/>
		<link:reference xlink:type="resource" xlink:label="referens_resource_PositivtUnderlagForSarskildLoneskattPaPensionskostnader_RA_75_reference" xlink:role="http://www.xbrl.org/2003/role/reference" xlink:title="referens_resource_PositivtUnderlagForSarskildLoneskattPaPensionskostnader_RA_75_reference">
			<ref:Publisher>Högsta förvaltningsdomstolen</ref:Publisher>
			<ref:Name>RÅ</ref:Name>
			<ref:Number>2004 ref. 133</ref:Number>
		</link:reference>
		<link:referenceArc xlink:type="arc" xlink:arcrole="http://www.xbrl.org/2003/arcrole/concept-reference" xlink:from="referens_locator_PositivtUnderlagForSarskildLoneskattPaPensionskostnader_RA_75" xlink:to="referens_resource_PositivtUnderlagForSarskildLoneskattPaPensionskostnader_RA_75_reference" xlink:title="reference: referens_locator_PositivtUnderlagForSarskildLoneskattPaPensionskostnader_RA_75 to referens_resource_PositivtUnderlagForSarskildLoneskattPaPensionskostnader_RA_75_reference"/>
		<link:loc xlink:type="locator" xlink:href="se-tax-base-2022-09-12.xsd#se-tax-base_PositivtUnderlagForSarskildLoneskattPaPensionskostnader" xlink:label="referens_locator_PositivtUnderlagForSarskildLoneskattPaPensionskostnader_RA_76" xlink:title="referens_locator_PositivtUnderlagForSarskildLoneskattPaPensionskostnader_RA_76"/>
		<link:reference xlink:type="resource" xlink:label="referens_resource_PositivtUnderlagForSarskildLoneskattPaPensionskostnader_RA_76_reference" xlink:role="http://www.xbrl.org/2003/role/reference" xlink:title="referens_resource_PositivtUnderlagForSarskildLoneskattPaPensionskostnader_RA_76_reference">
			<ref:Publisher>Högsta förvaltningsdomstolen</ref:Publisher>
			<ref:Name>RÅ</ref:Name>
			<ref:Number>2006 ref. 83</ref:Number>
		</link:reference>
		<link:referenceArc xlink:type="arc" xlink:arcrole="http://www.xbrl.org/2003/arcrole/concept-reference" xlink:from="referens_locator_PositivtUnderlagForSarskildLoneskattPaPensionskostnader_RA_76" xlink:to="referens_resource_PositivtUnderlagForSarskildLoneskattPaPensionskostnader_RA_76_reference" xlink:title="reference: referens_locator_PositivtUnderlagForSarskildLoneskattPaPensionskostnader_RA_76 to referens_resource_PositivtUnderlagForSarskildLoneskattPaPensionskostnader_RA_76_reference"/>
		<link:loc xlink:type="locator" xlink:href="se-tax-base-2022-09-12.xsd#se-tax-base_PositivtUnderlagForSarskildLoneskattPaPensionskostnader" xlink:label="referens_locator_PositivtUnderlagForSarskildLoneskattPaPensionskostnader_RA_77" xlink:title="referens_locator_PositivtUnderlagForSarskildLoneskattPaPensionskostnader_RA_77"/>
		<link:reference xlink:type="resource" xlink:label="referens_resource_PositivtUnderlagForSarskildLoneskattPaPensionskostnader_RA_77_reference" xlink:role="http://www.xbrl.org/2003/role/reference" xlink:title="referens_resource_PositivtUnderlagForSarskildLoneskattPaPensionskostnader_RA_77_reference">
			<ref:Publisher>Högsta förvaltningsdomstolen</ref:Publisher>
			<ref:Name>RÅ</ref:Name>
			<ref:Number>2007 ref. 47</ref:Number>
		</link:reference>
		<link:referenceArc xlink:type="arc" xlink:arcrole="http://www.xbrl.org/2003/arcrole/concept-reference" xlink:from="referens_locator_PositivtUnderlagForSarskildLoneskattPaPensionskostnader_RA_77" xlink:to="referens_resource_PositivtUnderlagForSarskildLoneskattPaPensionskostnader_RA_77_reference" xlink:title="reference: referens_locator_PositivtUnderlagForSarskildLoneskattPaPensionskostnader_RA_77 to referens_resource_PositivtUnderlagForSarskildLoneskattPaPensionskostnader_RA_77_reference"/>
		<link:loc xlink:type="locator" xlink:href="se-tax-base-2022-09-12.xsd#se-tax-base_PositivtUnderlagForSarskildLoneskattPaPensionskostnader" xlink:label="referens_locator_PositivtUnderlagForSarskildLoneskattPaPensionskostnader_RA_78" xlink:title="referens_locator_PositivtUnderlagForSarskildLoneskattPaPensionskostnader_RA_78"/>
		<link:reference xlink:type="resource" xlink:label="referens_resource_PositivtUnderlagForSarskildLoneskattPaPensionskostnader_RA_78_reference" xlink:role="http://www.xbrl.org/2003/role/reference" xlink:title="referens_resource_PositivtUnderlagForSarskildLoneskattPaPensionskostnader_RA_78_reference">
			<ref:Publisher>Högsta förvaltningsdomstolen</ref:Publisher>
			<ref:Name>RÅ</ref:Name>
			<ref:Number>1999 not. 154</ref:Number>
		</link:reference>
		<link:referenceArc xlink:type="arc" xlink:arcrole="http://www.xbrl.org/2003/arcrole/concept-reference" xlink:from="referens_locator_PositivtUnderlagForSarskildLoneskattPaPensionskostnader_RA_78" xlink:to="referens_resource_PositivtUnderlagForSarskildLoneskattPaPensionskostnader_RA_78_reference" xlink:title="reference: referens_locator_PositivtUnderlagForSarskildLoneskattPaPensionskostnader_RA_78 to referens_resource_PositivtUnderlagForSarskildLoneskattPaPensionskostnader_RA_78_reference"/>
		<link:loc xlink:type="locator" xlink:href="se-tax-base-2022-09-12.xsd#se-tax-base_PositivtUnderlagForSarskildLoneskattPaPensionskostnader" xlink:label="referens_locator_PositivtUnderlagForSarskildLoneskattPaPensionskostnader_RA_79" xlink:title="referens_locator_PositivtUnderlagForSarskildLoneskattPaPensionskostnader_RA_79"/>
		<link:reference xlink:type="resource" xlink:label="referens_resource_PositivtUnderlagForSarskildLoneskattPaPensionskostnader_RA_79_reference" xlink:role="http://www.xbrl.org/2003/role/reference" xlink:title="referens_resource_PositivtUnderlagForSarskildLoneskattPaPensionskostnader_RA_79_reference">
			<ref:Publisher>Högsta förvaltningsdomstolen</ref:Publisher>
			<ref:Name>RÅ</ref:Name>
			<ref:Number>2000 not. 54</ref:Number>
		</link:reference>
		<link:referenceArc xlink:type="arc" xlink:arcrole="http://www.xbrl.org/2003/arcrole/concept-reference" xlink:from="referens_locator_PositivtUnderlagForSarskildLoneskattPaPensionskostnader_RA_79" xlink:to="referens_resource_PositivtUnderlagForSarskildLoneskattPaPensionskostnader_RA_79_reference" xlink:title="reference: referens_locator_PositivtUnderlagForSarskildLoneskattPaPensionskostnader_RA_79 to referens_resource_PositivtUnderlagForSarskildLoneskattPaPensionskostnader_RA_79_reference"/>
		<link:loc xlink:type="locator" xlink:href="se-tax-base-2022-09-12.xsd#se-tax-base_PositivtUnderlagForSarskildLoneskattPaPensionskostnader" xlink:label="referens_locator_PositivtUnderlagForSarskildLoneskattPaPensionskostnader_RA_80" xlink:title="referens_locator_PositivtUnderlagForSarskildLoneskattPaPensionskostnader_RA_80"/>
		<link:reference xlink:type="resource" xlink:label="referens_resource_PositivtUnderlagForSarskildLoneskattPaPensionskostnader_RA_80_reference" xlink:role="http://www.xbrl.org/2003/role/reference" xlink:title="referens_resource_PositivtUnderlagForSarskildLoneskattPaPensionskostnader_RA_80_reference">
			<ref:Publisher>Högsta förvaltningsdomstolen</ref:Publisher>
			<ref:Name>RÅ</ref:Name>
			<ref:Number>2001 not. 166</ref:Number>
		</link:reference>
		<link:referenceArc xlink:type="arc" xlink:arcrole="http://www.xbrl.org/2003/arcrole/concept-reference" xlink:from="referens_locator_PositivtUnderlagForSarskildLoneskattPaPensionskostnader_RA_80" xlink:to="referens_resource_PositivtUnderlagForSarskildLoneskattPaPensionskostnader_RA_80_reference" xlink:title="reference: referens_locator_PositivtUnderlagForSarskildLoneskattPaPensionskostnader_RA_80 to referens_resource_PositivtUnderlagForSarskildLoneskattPaPensionskostnader_RA_80_reference"/>
		<link:loc xlink:type="locator" xlink:href="se-tax-base-2022-09-12.xsd#se-tax-base_PositivtUnderlagForSarskildLoneskattPaPensionskostnader" xlink:label="referens_locator_PositivtUnderlagForSarskildLoneskattPaPensionskostnader_RA_81" xlink:title="referens_locator_PositivtUnderlagForSarskildLoneskattPaPensionskostnader_RA_81"/>
		<link:reference xlink:type="resource" xlink:label="referens_resource_PositivtUnderlagForSarskildLoneskattPaPensionskostnader_RA_81_reference" xlink:role="http://www.xbrl.org/2003/role/reference" xlink:title="referens_resource_PositivtUnderlagForSarskildLoneskattPaPensionskostnader_RA_81_reference">
			<ref:Publisher>Högsta förvaltningsdomstolen</ref:Publisher>
			<ref:Name>RÅ</ref:Name>
			<ref:Number>2002 not. 212</ref:Number>
		</link:reference>
		<link:referenceArc xlink:type="arc" xlink:arcrole="http://www.xbrl.org/2003/arcrole/concept-reference" xlink:from="referens_locator_PositivtUnderlagForSarskildLoneskattPaPensionskostnader_RA_81" xlink:to="referens_resource_PositivtUnderlagForSarskildLoneskattPaPensionskostnader_RA_81_reference" xlink:title="reference: referens_locator_PositivtUnderlagForSarskildLoneskattPaPensionskostnader_RA_81 to referens_resource_PositivtUnderlagForSarskildLoneskattPaPensionskostnader_RA_81_reference"/>
		<link:loc xlink:type="locator" xlink:href="se-tax-base-2022-09-12.xsd#se-tax-base_PositivtUnderlagForSarskildLoneskattPaPensionskostnader" xlink:label="referens_locator_PositivtUnderlagForSarskildLoneskattPaPensionskostnader_RA_82" xlink:title="referens_locator_PositivtUnderlagForSarskildLoneskattPaPensionskostnader_RA_82"/>
		<link:reference xlink:type="resource" xlink:label="referens_resource_PositivtUnderlagForSarskildLoneskattPaPensionskostnader_RA_82_reference" xlink:role="http://www.xbrl.org/2003/role/reference" xlink:title="referens_resource_PositivtUnderlagForSarskildLoneskattPaPensionskostnader_RA_82_reference">
			<ref:Publisher>Högsta förvaltningsdomstolen</ref:Publisher>
			<ref:Name>RÅ</ref:Name>
			<ref:Number>2004 not. 136</ref:Number>
		</link:reference>
		<link:referenceArc xlink:type="arc" xlink:arcrole="http://www.xbrl.org/2003/arcrole/concept-reference" xlink:from="referens_locator_PositivtUnderlagForSarskildLoneskattPaPensionskostnader_RA_82" xlink:to="referens_resource_PositivtUnderlagForSarskildLoneskattPaPensionskostnader_RA_82_reference" xlink:title="reference: referens_locator_PositivtUnderlagForSarskildLoneskattPaPensionskostnader_RA_82 to referens_resource_PositivtUnderlagForSarskildLoneskattPaPensionskostnader_RA_82_reference"/>
		<link:loc xlink:type="locator" xlink:href="se-tax-base-2022-09-12.xsd#se-tax-base_NegativtUnderlagForSarskildLoneskattPaPensionskostnader" xlink:label="referens_locator_NegativtUnderlagForSarskildLoneskattPaPensionskostnader_RA_88" xlink:title="referens_locator_NegativtUnderlagForSarskildLoneskattPaPensionskostnader_RA_88"/>
		<link:reference xlink:type="resource" xlink:label="referens_resource_NegativtUnderlagForSarskildLoneskattPaPensionskostnader_RA_88_reference" xlink:role="http://www.xbrl.org/2003/role/reference" xlink:title="referens_resource_NegativtUnderlagForSarskildLoneskattPaPensionskostnader_RA_88_reference">
			<ref:Publisher>Högsta förvaltningsdomstolen</ref:Publisher>
			<ref:Name>RÅ</ref:Name>
			<ref:Number>2000 ref. 36</ref:Number>
		</link:reference>
		<link:referenceArc xlink:type="arc" xlink:arcrole="http://www.xbrl.org/2003/arcrole/concept-reference" xlink:from="referens_locator_NegativtUnderlagForSarskildLoneskattPaPensionskostnader_RA_88" xlink:to="referens_resource_NegativtUnderlagForSarskildLoneskattPaPensionskostnader_RA_88_reference" xlink:title="reference: referens_locator_NegativtUnderlagForSarskildLoneskattPaPensionskostnader_RA_88 to referens_resource_NegativtUnderlagForSarskildLoneskattPaPensionskostnader_RA_88_reference"/>
		<link:loc xlink:type="locator" xlink:href="se-tax-base-2022-09-12.xsd#se-tax-base_NegativtUnderlagForSarskildLoneskattPaPensionskostnader" xlink:label="referens_locator_NegativtUnderlagForSarskildLoneskattPaPensionskostnader_RA_89" xlink:title="referens_locator_NegativtUnderlagForSarskildLoneskattPaPensionskostnader_RA_89"/>
		<link:reference xlink:type="resource" xlink:label="referens_resource_NegativtUnderlagForSarskildLoneskattPaPensionskostnader_RA_89_reference" xlink:role="http://www.xbrl.org/2003/role/reference" xlink:title="referens_resource_NegativtUnderlagForSarskildLoneskattPaPensionskostnader_RA_89_reference">
			<ref:Publisher>Högsta förvaltningsdomstolen</ref:Publisher>
			<ref:Name>RÅ</ref:Name>
			<ref:Number>2004 ref. 3</ref:Number>
		</link:reference>
		<link:referenceArc xlink:type="arc" xlink:arcrole="http://www.xbrl.org/2003/arcrole/concept-reference" xlink:from="referens_locator_NegativtUnderlagForSarskildLoneskattPaPensionskostnader_RA_89" xlink:to="referens_resource_NegativtUnderlagForSarskildLoneskattPaPensionskostnader_RA_89_reference" xlink:title="reference: referens_locator_NegativtUnderlagForSarskildLoneskattPaPensionskostnader_RA_89 to referens_resource_NegativtUnderlagForSarskildLoneskattPaPensionskostnader_RA_89_reference"/>
		<link:loc xlink:type="locator" xlink:href="se-tax-base-2022-09-12.xsd#se-tax-base_NegativtUnderlagForSarskildLoneskattPaPensionskostnader" xlink:label="referens_locator_NegativtUnderlagForSarskildLoneskattPaPensionskostnader_RA_90" xlink:title="referens_locator_NegativtUnderlagForSarskildLoneskattPaPensionskostnader_RA_90"/>
		<link:reference xlink:type="resource" xlink:label="referens_resource_NegativtUnderlagForSarskildLoneskattPaPensionskostnader_RA_90_reference" xlink:role="http://www.xbrl.org/2003/role/reference" xlink:title="referens_resource_NegativtUnderlagForSarskildLoneskattPaPensionskostnader_RA_90_reference">
			<ref:Publisher>Högsta förvaltningsdomstolen</ref:Publisher>
			<ref:Name>RÅ</ref:Name>
			<ref:Number>2004 ref. 133</ref:Number>
		</link:reference>
		<link:referenceArc xlink:type="arc" xlink:arcrole="http://www.xbrl.org/2003/arcrole/concept-reference" xlink:from="referens_locator_NegativtUnderlagForSarskildLoneskattPaPensionskostnader_RA_90" xlink:to="referens_resource_NegativtUnderlagForSarskildLoneskattPaPensionskostnader_RA_90_reference" xlink:title="reference: referens_locator_NegativtUnderlagForSarskildLoneskattPaPensionskostnader_RA_90 to referens_resource_NegativtUnderlagForSarskildLoneskattPaPensionskostnader_RA_90_reference"/>
		<link:loc xlink:type="locator" xlink:href="se-tax-base-2022-09-12.xsd#se-tax-base_NegativtUnderlagForSarskildLoneskattPaPensionskostnader" xlink:label="referens_locator_NegativtUnderlagForSarskildLoneskattPaPensionskostnader_RA_91" xlink:title="referens_locator_NegativtUnderlagForSarskildLoneskattPaPensionskostnader_RA_91"/>
		<link:reference xlink:type="resource" xlink:label="referens_resource_NegativtUnderlagForSarskildLoneskattPaPensionskostnader_RA_91_reference" xlink:role="http://www.xbrl.org/2003/role/reference" xlink:title="referens_resource_NegativtUnderlagForSarskildLoneskattPaPensionskostnader_RA_91_reference">
			<ref:Publisher>Högsta förvaltningsdomstolen</ref:Publisher>
			<ref:Name>RÅ</ref:Name>
			<ref:Number>2006 ref. 83</ref:Number>
		</link:reference>
		<link:referenceArc xlink:type="arc" xlink:arcrole="http://www.xbrl.org/2003/arcrole/concept-reference" xlink:from="referens_locator_NegativtUnderlagForSarskildLoneskattPaPensionskostnader_RA_91" xlink:to="referens_resource_NegativtUnderlagForSarskildLoneskattPaPensionskostnader_RA_91_reference" xlink:title="reference: referens_locator_NegativtUnderlagForSarskildLoneskattPaPensionskostnader_RA_91 to referens_resource_NegativtUnderlagForSarskildLoneskattPaPensionskostnader_RA_91_reference"/>
		<link:loc xlink:type="locator" xlink:href="se-tax-base-2022-09-12.xsd#se-tax-base_NegativtUnderlagForSarskildLoneskattPaPensionskostnader" xlink:label="referens_locator_NegativtUnderlagForSarskildLoneskattPaPensionskostnader_RA_92" xlink:title="referens_locator_NegativtUnderlagForSarskildLoneskattPaPensionskostnader_RA_92"/>
		<link:reference xlink:type="resource" xlink:label="referens_resource_NegativtUnderlagForSarskildLoneskattPaPensionskostnader_RA_92_reference" xlink:role="http://www.xbrl.org/2003/role/reference" xlink:title="referens_resource_NegativtUnderlagForSarskildLoneskattPaPensionskostnader_RA_92_reference">
			<ref:Publisher>Högsta förvaltningsdomstolen</ref:Publisher>
			<ref:Name>RÅ</ref:Name>
			<ref:Number>2007 ref. 47</ref:Number>
		</link:reference>
		<link:referenceArc xlink:type="arc" xlink:arcrole="http://www.xbrl.org/2003/arcrole/concept-reference" xlink:from="referens_locator_NegativtUnderlagForSarskildLoneskattPaPensionskostnader_RA_92" xlink:to="referens_resource_NegativtUnderlagForSarskildLoneskattPaPensionskostnader_RA_92_reference" xlink:title="reference: referens_locator_NegativtUnderlagForSarskildLoneskattPaPensionskostnader_RA_92 to referens_resource_NegativtUnderlagForSarskildLoneskattPaPensionskostnader_RA_92_reference"/>
		<link:loc xlink:type="locator" xlink:href="se-tax-base-2022-09-12.xsd#se-tax-base_NegativtUnderlagForSarskildLoneskattPaPensionskostnader" xlink:label="referens_locator_NegativtUnderlagForSarskildLoneskattPaPensionskostnader_RA_93" xlink:title="referens_locator_NegativtUnderlagForSarskildLoneskattPaPensionskostnader_RA_93"/>
		<link:reference xlink:type="resource" xlink:label="referens_resource_NegativtUnderlagForSarskildLoneskattPaPensionskostnader_RA_93_reference" xlink:role="http://www.xbrl.org/2003/role/reference" xlink:title="referens_resource_NegativtUnderlagForSarskildLoneskattPaPensionskostnader_RA_93_reference">
			<ref:Publisher>Högsta förvaltningsdomstolen</ref:Publisher>
			<ref:Name>RÅ</ref:Name>
			<ref:Number>1999 not. 154</ref:Number>
		</link:reference>
		<link:referenceArc xlink:type="arc" xlink:arcrole="http://www.xbrl.org/2003/arcrole/concept-reference" xlink:from="referens_locator_NegativtUnderlagForSarskildLoneskattPaPensionskostnader_RA_93" xlink:to="referens_resource_NegativtUnderlagForSarskildLoneskattPaPensionskostnader_RA_93_reference" xlink:title="reference: referens_locator_NegativtUnderlagForSarskildLoneskattPaPensionskostnader_RA_93 to referens_resource_NegativtUnderlagForSarskildLoneskattPaPensionskostnader_RA_93_reference"/>
		<link:loc xlink:type="locator" xlink:href="se-tax-base-2022-09-12.xsd#se-tax-base_NegativtUnderlagForSarskildLoneskattPaPensionskostnader" xlink:label="referens_locator_NegativtUnderlagForSarskildLoneskattPaPensionskostnader_RA_94" xlink:title="referens_locator_NegativtUnderlagForSarskildLoneskattPaPensionskostnader_RA_94"/>
		<link:reference xlink:type="resource" xlink:label="referens_resource_NegativtUnderlagForSarskildLoneskattPaPensionskostnader_RA_94_reference" xlink:role="http://www.xbrl.org/2003/role/reference" xlink:title="referens_resource_NegativtUnderlagForSarskildLoneskattPaPensionskostnader_RA_94_reference">
			<ref:Publisher>Högsta förvaltningsdomstolen</ref:Publisher>
			<ref:Name>RÅ</ref:Name>
			<ref:Number>2000 not. 54</ref:Number>
		</link:reference>
		<link:referenceArc xlink:type="arc" xlink:arcrole="http://www.xbrl.org/2003/arcrole/concept-reference" xlink:from="referens_locator_NegativtUnderlagForSarskildLoneskattPaPensionskostnader_RA_94" xlink:to="referens_resource_NegativtUnderlagForSarskildLoneskattPaPensionskostnader_RA_94_reference" xlink:title="reference: referens_locator_NegativtUnderlagForSarskildLoneskattPaPensionskostnader_RA_94 to referens_resource_NegativtUnderlagForSarskildLoneskattPaPensionskostnader_RA_94_reference"/>
		<link:loc xlink:type="locator" xlink:href="se-tax-base-2022-09-12.xsd#se-tax-base_NegativtUnderlagForSarskildLoneskattPaPensionskostnader" xlink:label="referens_locator_NegativtUnderlagForSarskildLoneskattPaPensionskostnader_RA_95" xlink:title="referens_locator_NegativtUnderlagForSarskildLoneskattPaPensionskostnader_RA_95"/>
		<link:reference xlink:type="resource" xlink:label="referens_resource_NegativtUnderlagForSarskildLoneskattPaPensionskostnader_RA_95_reference" xlink:role="http://www.xbrl.org/2003/role/reference" xlink:title="referens_resource_NegativtUnderlagForSarskildLoneskattPaPensionskostnader_RA_95_reference">
			<ref:Publisher>Högsta förvaltningsdomstolen</ref:Publisher>
			<ref:Name>RÅ</ref:Name>
			<ref:Number>2001 not. 166</ref:Number>
		</link:reference>
		<link:referenceArc xlink:type="arc" xlink:arcrole="http://www.xbrl.org/2003/arcrole/concept-reference" xlink:from="referens_locator_NegativtUnderlagForSarskildLoneskattPaPensionskostnader_RA_95" xlink:to="referens_resource_NegativtUnderlagForSarskildLoneskattPaPensionskostnader_RA_95_reference" xlink:title="reference: referens_locator_NegativtUnderlagForSarskildLoneskattPaPensionskostnader_RA_95 to referens_resource_NegativtUnderlagForSarskildLoneskattPaPensionskostnader_RA_95_reference"/>
		<link:loc xlink:type="locator" xlink:href="se-tax-base-2022-09-12.xsd#se-tax-base_NegativtUnderlagForSarskildLoneskattPaPensionskostnader" xlink:label="referens_locator_NegativtUnderlagForSarskildLoneskattPaPensionskostnader_RA_96" xlink:title="referens_locator_NegativtUnderlagForSarskildLoneskattPaPensionskostnader_RA_96"/>
		<link:reference xlink:type="resource" xlink:label="referens_resource_NegativtUnderlagForSarskildLoneskattPaPensionskostnader_RA_96_reference" xlink:role="http://www.xbrl.org/2003/role/reference" xlink:title="referens_resource_NegativtUnderlagForSarskildLoneskattPaPensionskostnader_RA_96_reference">
			<ref:Publisher>Högsta förvaltningsdomstolen</ref:Publisher>
			<ref:Name>RÅ</ref:Name>
			<ref:Number>2002 not. 212</ref:Number>
		</link:reference>
		<link:referenceArc xlink:type="arc" xlink:arcrole="http://www.xbrl.org/2003/arcrole/concept-reference" xlink:from="referens_locator_NegativtUnderlagForSarskildLoneskattPaPensionskostnader_RA_96" xlink:to="referens_resource_NegativtUnderlagForSarskildLoneskattPaPensionskostnader_RA_96_reference" xlink:title="reference: referens_locator_NegativtUnderlagForSarskildLoneskattPaPensionskostnader_RA_96 to referens_resource_NegativtUnderlagForSarskildLoneskattPaPensionskostnader_RA_96_reference"/>
		<link:loc xlink:type="locator" xlink:href="se-tax-base-2022-09-12.xsd#se-tax-base_NegativtUnderlagForSarskildLoneskattPaPensionskostnader" xlink:label="referens_locator_NegativtUnderlagForSarskildLoneskattPaPensionskostnader_RA_97" xlink:title="referens_locator_NegativtUnderlagForSarskildLoneskattPaPensionskostnader_RA_97"/>
		<link:reference xlink:type="resource" xlink:label="referens_resource_NegativtUnderlagForSarskildLoneskattPaPensionskostnader_RA_97_reference" xlink:role="http://www.xbrl.org/2003/role/reference" xlink:title="referens_resource_NegativtUnderlagForSarskildLoneskattPaPensionskostnader_RA_97_reference">
			<ref:Publisher>Högsta förvaltningsdomstolen</ref:Publisher>
			<ref:Name>RÅ</ref:Name>
			<ref:Number>2004 not. 136</ref:Number>
		</link:reference>
		<link:referenceArc xlink:type="arc" xlink:arcrole="http://www.xbrl.org/2003/arcrole/concept-reference" xlink:from="referens_locator_NegativtUnderlagForSarskildLoneskattPaPensionskostnader_RA_97" xlink:to="referens_resource_NegativtUnderlagForSarskildLoneskattPaPensionskostnader_RA_97_reference" xlink:title="reference: referens_locator_NegativtUnderlagForSarskildLoneskattPaPensionskostnader_RA_97 to referens_resource_NegativtUnderlagForSarskildLoneskattPaPensionskostnader_RA_97_reference"/>
		<link:loc xlink:type="locator" xlink:href="se-tax-base-2022-09-12.xsd#se-tax-base_UnderlagForAvkastningsskattAbstract" xlink:label="referens_locator_UnderlagForAvkastningsskattAbstract_RA_103" xlink:title="referens_locator_UnderlagForAvkastningsskattAbstract_RA_103"/>
		<link:reference xlink:type="resource" xlink:label="referens_resource_UnderlagForAvkastningsskattAbstract_RA_103_reference" xlink:role="http://www.xbrl.org/2003/role/reference" xlink:title="referens_resource_UnderlagForAvkastningsskattAbstract_RA_103_reference">
			<ref:Publisher>Högsta förvaltningsdomstolen</ref:Publisher>
			<ref:Name>RÅ</ref:Name>
			<ref:Number>1999 ref. 1</ref:Number>
		</link:reference>
		<link:referenceArc xlink:type="arc" xlink:arcrole="http://www.xbrl.org/2003/arcrole/concept-reference" xlink:from="referens_locator_UnderlagForAvkastningsskattAbstract_RA_103" xlink:to="referens_resource_UnderlagForAvkastningsskattAbstract_RA_103_reference" xlink:title="reference: referens_locator_UnderlagForAvkastningsskattAbstract_RA_103 to referens_resource_UnderlagForAvkastningsskattAbstract_RA_103_reference"/>
		<link:loc xlink:type="locator" xlink:href="se-tax-base-2022-09-12.xsd#se-tax-base_UnderlagForAvkastningsskattAbstract" xlink:label="referens_locator_UnderlagForAvkastningsskattAbstract_RA_104" xlink:title="referens_locator_UnderlagForAvkastningsskattAbstract_RA_104"/>
		<link:reference xlink:type="resource" xlink:label="referens_resource_UnderlagForAvkastningsskattAbstract_RA_104_reference" xlink:role="http://www.xbrl.org/2003/role/reference" xlink:title="referens_resource_UnderlagForAvkastningsskattAbstract_RA_104_reference">
			<ref:Publisher>Högsta förvaltningsdomstolen</ref:Publisher>
			<ref:Name>RÅ</ref:Name>
			<ref:Number>2004 ref. 30</ref:Number>
		</link:reference>
		<link:referenceArc xlink:type="arc" xlink:arcrole="http://www.xbrl.org/2003/arcrole/concept-reference" xlink:from="referens_locator_UnderlagForAvkastningsskattAbstract_RA_104" xlink:to="referens_resource_UnderlagForAvkastningsskattAbstract_RA_104_reference" xlink:title="reference: referens_locator_UnderlagForAvkastningsskattAbstract_RA_104 to referens_resource_UnderlagForAvkastningsskattAbstract_RA_104_reference"/>
		<link:loc xlink:type="locator" xlink:href="se-tax-base-2022-09-12.xsd#se-tax-base_UnderlagForAvkastningsskattAbstract" xlink:label="referens_locator_UnderlagForAvkastningsskattAbstract_RA_105" xlink:title="referens_locator_UnderlagForAvkastningsskattAbstract_RA_105"/>
		<link:reference xlink:type="resource" xlink:label="referens_resource_UnderlagForAvkastningsskattAbstract_RA_105_reference" xlink:role="http://www.xbrl.org/2003/role/reference" xlink:title="referens_resource_UnderlagForAvkastningsskattAbstract_RA_105_reference">
			<ref:Publisher>Högsta förvaltningsdomstolen</ref:Publisher>
			<ref:Name>RÅ</ref:Name>
			<ref:Number>2003 not. 116</ref:Number>
		</link:reference>
		<link:referenceArc xlink:type="arc" xlink:arcrole="http://www.xbrl.org/2003/arcrole/concept-reference" xlink:from="referens_locator_UnderlagForAvkastningsskattAbstract_RA_105" xlink:to="referens_resource_UnderlagForAvkastningsskattAbstract_RA_105_reference" xlink:title="reference: referens_locator_UnderlagForAvkastningsskattAbstract_RA_105 to referens_resource_UnderlagForAvkastningsskattAbstract_RA_105_reference"/>
		<link:loc xlink:type="locator" xlink:href="se-tax-base-2022-09-12.xsd#se-tax-base_UnderlagForAvkastningsskattAbstract" xlink:label="referens_locator_UnderlagForAvkastningsskattAbstract_RA_106" xlink:title="referens_locator_UnderlagForAvkastningsskattAbstract_RA_106"/>
		<link:reference xlink:type="resource" xlink:label="referens_resource_UnderlagForAvkastningsskattAbstract_RA_106_reference" xlink:role="http://www.xbrl.org/2003/role/reference" xlink:title="referens_resource_UnderlagForAvkastningsskattAbstract_RA_106_reference">
			<ref:Publisher>Högsta förvaltningsdomstolen</ref:Publisher>
			<ref:Name>RÅ</ref:Name>
			<ref:Number>2007 not. 173</ref:Number>
		</link:reference>
		<link:referenceArc xlink:type="arc" xlink:arcrole="http://www.xbrl.org/2003/arcrole/concept-reference" xlink:from="referens_locator_UnderlagForAvkastningsskattAbstract_RA_106" xlink:to="referens_resource_UnderlagForAvkastningsskattAbstract_RA_106_reference" xlink:title="reference: referens_locator_UnderlagForAvkastningsskattAbstract_RA_106 to referens_resource_UnderlagForAvkastningsskattAbstract_RA_106_reference"/>
		<link:loc xlink:type="locator" xlink:href="se-tax-base-2022-09-12.xsd#se-tax-base_UnderlagForAvkastningsskatt15ProcentForsakringsforetagMFlSamtAvsattTillPensioner" xlink:label="referens_locator_UnderlagForAvkastningsskatt15ProcentForsakringsforetagMFlSamtAvsattTillPensioner_RA_111" xlink:title="referens_locator_UnderlagForAvkastningsskatt15ProcentForsakringsforetagMFlSamtAvsattTillPensioner_RA_111"/>
		<link:reference xlink:type="resource" xlink:label="referens_resource_UnderlagForAvkastningsskatt15ProcentForsakringsforetagMFlSamtAvsattTillPensioner_RA_111_reference" xlink:role="http://www.xbrl.org/2003/role/reference" xlink:title="referens_resource_UnderlagForAvkastningsskatt15ProcentForsakringsforetagMFlSamtAvsattTillPensioner_RA_111_reference">
			<ref:Publisher>Högsta förvaltningsdomstolen</ref:Publisher>
			<ref:Name>RÅ</ref:Name>
			<ref:Number>1999 ref. 1</ref:Number>
		</link:reference>
		<link:referenceArc xlink:type="arc" xlink:arcrole="http://www.xbrl.org/2003/arcrole/concept-reference" xlink:from="referens_locator_UnderlagForAvkastningsskatt15ProcentForsakringsforetagMFlSamtAvsattTillPensioner_RA_111" xlink:to="referens_resource_UnderlagForAvkastningsskatt15ProcentForsakringsforetagMFlSamtAvsattTillPensioner_RA_111_reference" xlink:title="reference: referens_locator_UnderlagForAvkastningsskatt15ProcentForsakringsforetagMFlSamtAvsattTillPensioner_RA_111 to referens_resource_UnderlagForAvkastningsskatt15ProcentForsakringsforetagMFlSamtAvsattTillPensioner_RA_111_reference"/>
		<link:loc xlink:type="locator" xlink:href="se-tax-base-2022-09-12.xsd#se-tax-base_UnderlagForAvkastningsskatt15ProcentForsakringsforetagMFlSamtAvsattTillPensioner" xlink:label="referens_locator_UnderlagForAvkastningsskatt15ProcentForsakringsforetagMFlSamtAvsattTillPensioner_RA_112" xlink:title="referens_locator_UnderlagForAvkastningsskatt15ProcentForsakringsforetagMFlSamtAvsattTillPensioner_RA_112"/>
		<link:reference xlink:type="resource" xlink:label="referens_resource_UnderlagForAvkastningsskatt15ProcentForsakringsforetagMFlSamtAvsattTillPensioner_RA_112_reference" xlink:role="http://www.xbrl.org/2003/role/reference" xlink:title="referens_resource_UnderlagForAvkastningsskatt15ProcentForsakringsforetagMFlSamtAvsattTillPensioner_RA_112_reference">
			<ref:Publisher>Högsta förvaltningsdomstolen</ref:Publisher>
			<ref:Name>RÅ</ref:Name>
			<ref:Number>2004 ref. 30</ref:Number>
		</link:reference>
		<link:referenceArc xlink:type="arc" xlink:arcrole="http://www.xbrl.org/2003/arcrole/concept-reference" xlink:from="referens_locator_UnderlagForAvkastningsskatt15ProcentForsakringsforetagMFlSamtAvsattTillPensioner_RA_112" xlink:to="referens_resource_UnderlagForAvkastningsskatt15ProcentForsakringsforetagMFlSamtAvsattTillPensioner_RA_112_reference" xlink:title="reference: referens_locator_UnderlagForAvkastningsskatt15ProcentForsakringsforetagMFlSamtAvsattTillPensioner_RA_112 to referens_resource_UnderlagForAvkastningsskatt15ProcentForsakringsforetagMFlSamtAvsattTillPensioner_RA_112_reference"/>
		<link:loc xlink:type="locator" xlink:href="se-tax-base-2022-09-12.xsd#se-tax-base_UnderlagForAvkastningsskatt15ProcentForsakringsforetagMFlSamtAvsattTillPensioner" xlink:label="referens_locator_UnderlagForAvkastningsskatt15ProcentForsakringsforetagMFlSamtAvsattTillPensioner_RA_113" xlink:title="referens_locator_UnderlagForAvkastningsskatt15ProcentForsakringsforetagMFlSamtAvsattTillPensioner_RA_113"/>
		<link:reference xlink:type="resource" xlink:label="referens_resource_UnderlagForAvkastningsskatt15ProcentForsakringsforetagMFlSamtAvsattTillPensioner_RA_113_reference" xlink:role="http://www.xbrl.org/2003/role/reference" xlink:title="referens_resource_UnderlagForAvkastningsskatt15ProcentForsakringsforetagMFlSamtAvsattTillPensioner_RA_113_reference">
			<ref:Publisher>Högsta förvaltningsdomstolen</ref:Publisher>
			<ref:Name>RÅ</ref:Name>
			<ref:Number>2003 not. 116</ref:Number>
		</link:reference>
		<link:referenceArc xlink:type="arc" xlink:arcrole="http://www.xbrl.org/2003/arcrole/concept-reference" xlink:from="referens_locator_UnderlagForAvkastningsskatt15ProcentForsakringsforetagMFlSamtAvsattTillPensioner_RA_113" xlink:to="referens_resource_UnderlagForAvkastningsskatt15ProcentForsakringsforetagMFlSamtAvsattTillPensioner_RA_113_reference" xlink:title="reference: referens_locator_UnderlagForAvkastningsskatt15ProcentForsakringsforetagMFlSamtAvsattTillPensioner_RA_113 to referens_resource_UnderlagForAvkastningsskatt15ProcentForsakringsforetagMFlSamtAvsattTillPensioner_RA_113_reference"/>
		<link:loc xlink:type="locator" xlink:href="se-tax-base-2022-09-12.xsd#se-tax-base_UnderlagForAvkastningsskatt15ProcentForsakringsforetagMFlSamtAvsattTillPensioner" xlink:label="referens_locator_UnderlagForAvkastningsskatt15ProcentForsakringsforetagMFlSamtAvsattTillPensioner_RA_114" xlink:title="referens_locator_UnderlagForAvkastningsskatt15ProcentForsakringsforetagMFlSamtAvsattTillPensioner_RA_114"/>
		<link:reference xlink:type="resource" xlink:label="referens_resource_UnderlagForAvkastningsskatt15ProcentForsakringsforetagMFlSamtAvsattTillPensioner_RA_114_reference" xlink:role="http://www.xbrl.org/2003/role/reference" xlink:title="referens_resource_UnderlagForAvkastningsskatt15ProcentForsakringsforetagMFlSamtAvsattTillPensioner_RA_114_reference">
			<ref:Publisher>Högsta förvaltningsdomstolen</ref:Publisher>
			<ref:Name>RÅ</ref:Name>
			<ref:Number>2007 not. 173</ref:Number>
		</link:reference>
		<link:referenceArc xlink:type="arc" xlink:arcrole="http://www.xbrl.org/2003/arcrole/concept-reference" xlink:from="referens_locator_UnderlagForAvkastningsskatt15ProcentForsakringsforetagMFlSamtAvsattTillPensioner_RA_114" xlink:to="referens_resource_UnderlagForAvkastningsskatt15ProcentForsakringsforetagMFlSamtAvsattTillPensioner_RA_114_reference" xlink:title="reference: referens_locator_UnderlagForAvkastningsskatt15ProcentForsakringsforetagMFlSamtAvsattTillPensioner_RA_114 to referens_resource_UnderlagForAvkastningsskatt15ProcentForsakringsforetagMFlSamtAvsattTillPensioner_RA_114_reference"/>
		<link:loc xlink:type="locator" xlink:href="se-tax-base-2022-09-12.xsd#se-tax-base_UnderlagForAvkastningsskatt30ProcentForsakringsforetagMFl" xlink:label="referens_locator_UnderlagForAvkastningsskatt30ProcentForsakringsforetagMFl_RA_124" xlink:title="referens_locator_UnderlagForAvkastningsskatt30ProcentForsakringsforetagMFl_RA_124"/>
		<link:reference xlink:type="resource" xlink:label="referens_resource_UnderlagForAvkastningsskatt30ProcentForsakringsforetagMFl_RA_124_reference" xlink:role="http://www.xbrl.org/2003/role/reference" xlink:title="referens_resource_UnderlagForAvkastningsskatt30ProcentForsakringsforetagMFl_RA_124_reference">
			<ref:Publisher>Högsta förvaltningsdomstolen</ref:Publisher>
			<ref:Name>RÅ</ref:Name>
			<ref:Number>2003 not. 116</ref:Number>
		</link:reference>
		<link:referenceArc xlink:type="arc" xlink:arcrole="http://www.xbrl.org/2003/arcrole/concept-reference" xlink:from="referens_locator_UnderlagForAvkastningsskatt30ProcentForsakringsforetagMFl_RA_124" xlink:to="referens_resource_UnderlagForAvkastningsskatt30ProcentForsakringsforetagMFl_RA_124_reference" xlink:title="reference: referens_locator_UnderlagForAvkastningsskatt30ProcentForsakringsforetagMFl_RA_124 to referens_resource_UnderlagForAvkastningsskatt30ProcentForsakringsforetagMFl_RA_124_reference"/>
		<link:loc xlink:type="locator" xlink:href="se-tax-base-2022-09-12.xsd#se-tax-base_UnderlagForAvkastningsskatt30ProcentForsakringsforetagMFl" xlink:label="referens_locator_UnderlagForAvkastningsskatt30ProcentForsakringsforetagMFl_RA_125" xlink:title="referens_locator_UnderlagForAvkastningsskatt30ProcentForsakringsforetagMFl_RA_125"/>
		<link:reference xlink:type="resource" xlink:label="referens_resource_UnderlagForAvkastningsskatt30ProcentForsakringsforetagMFl_RA_125_reference" xlink:role="http://www.xbrl.org/2003/role/reference" xlink:title="referens_resource_UnderlagForAvkastningsskatt30ProcentForsakringsforetagMFl_RA_125_reference">
			<ref:Publisher>Högsta förvaltningsdomstolen</ref:Publisher>
			<ref:Name>RÅ</ref:Name>
			<ref:Number>2007 not. 173</ref:Number>
		</link:reference>
		<link:referenceArc xlink:type="arc" xlink:arcrole="http://www.xbrl.org/2003/arcrole/concept-reference" xlink:from="referens_locator_UnderlagForAvkastningsskatt30ProcentForsakringsforetagMFl_RA_125" xlink:to="referens_resource_UnderlagForAvkastningsskatt30ProcentForsakringsforetagMFl_RA_125_reference" xlink:title="reference: referens_locator_UnderlagForAvkastningsskatt30ProcentForsakringsforetagMFl_RA_125 to referens_resource_UnderlagForAvkastningsskatt30ProcentForsakringsforetagMFl_RA_125_reference"/>
	</link:referenceLink>
</link:linkbase>