<?xml version="1.0" encoding="UTF-8"?><!--Versionsdatum/revision: 2022-09-12/2025-02-11_14:31:19--><!--Infil   : file:///O:/xmlstr/TaxSam/Inkomstdeklaration 2/2024-09-12 FINAL/Iteration 84 - FINAL LEV 2024-06-12 - FULL INK3 INK4 N3B/2025-02-11_13.19.41_10_KontrolleraOchGenerera_v2.08.xsl.xml--><!--XSLT-fil: file:///O:/xmlstr/TaxSam/Inkomstdeklaration 2/2024-09-12 FINAL/Iteration 84 - FINAL LEV 2024-06-12 - FULL INK3 INK4 N3B/20_UtokaBasskiktet_v2.05.xsl--><!--XSLT-fil: file:///O:/xmlstr/TaxSam/Inkomstdeklaration 2/2024-09-12 FINAL/Iteration 84 - FINAL LEV 2024-06-12 - FULL INK3 INK4 N3B/XSLTallmanKod_v1.05.xsl--><link:linkbase xmlns:xsi="http://www.w3.org/2001/XMLSchema-instance" xmlns:ref="http://www.xbrl.org/2004/ref" xmlns:link="http://www.xbrl.org/2003/linkbase" xmlns:xlink="http://www.w3.org/1999/xlink" xsi:schemaLocation="http://www.xbrl.org/2003/linkbase http://www.xbrl.org/2003/xbrl-linkbase-2003-12-31.xsd http://www.xbrl.org/2004/ref http://www.xbrl.org/2004/ref-2004-08-10.xsd">
	<link:roleRef roleURI="http://www.taxonomier.se/se/fr/role/reference/legislation/arl" xlink:type="simple" xlink:href="../../../shared/role/se-leg-role/2021-10-31/se-leg-role-2021-10-31.xsd#LEG_ROLE_ARL"/>
	<link:referenceLink xlink:type="extended" xlink:role="http://www.taxonomier.se/se/fr/role/reference/legislation/arl" id="ARL">
		<link:loc xlink:type="locator" xlink:href="se-tax-base-2022-09-12.xsd#se-tax-base_GavorOchBidragISkattefriVerksamhet" xlink:label="referens_locator_GavorOchBidragISkattefriVerksamhet_ARL_1775" xlink:title="referens_locator_GavorOchBidragISkattefriVerksamhet_ARL_1775"/>
		<link:reference xlink:type="resource" xlink:label="referens_resource_GavorOchBidragISkattefriVerksamhet_ARL_1775_reference" xlink:role="http://www.xbrl.org/2003/role/reference" xlink:title="referens_resource_GavorOchBidragISkattefriVerksamhet_ARL_1775_reference">
			<ref:Name>ÅRL</ref:Name>
			<ref:Number>1995:1554</ref:Number>
			<ref:Chapter>Bilaga 2</ref:Chapter>
		</link:reference>
		<link:referenceArc xlink:type="arc" xlink:arcrole="http://www.xbrl.org/2003/arcrole/concept-reference" xlink:from="referens_locator_GavorOchBidragISkattefriVerksamhet_ARL_1775" xlink:to="referens_resource_GavorOchBidragISkattefriVerksamhet_ARL_1775_reference" xlink:title="reference: referens_locator_GavorOchBidragISkattefriVerksamhet_ARL_1775 to referens_resource_GavorOchBidragISkattefriVerksamhet_ARL_1775_reference"/>
		<link:loc xlink:type="locator" xlink:href="se-tax-base-2022-09-12.xsd#se-tax-base_RanteintakterOchUtdelningarISkattefriVerksamhet" xlink:label="referens_locator_RanteintakterOchUtdelningarISkattefriVerksamhet_ARL_1778" xlink:title="referens_locator_RanteintakterOchUtdelningarISkattefriVerksamhet_ARL_1778"/>
		<link:reference xlink:type="resource" xlink:label="referens_resource_RanteintakterOchUtdelningarISkattefriVerksamhet_ARL_1778_reference" xlink:role="http://www.xbrl.org/2003/role/reference" xlink:title="referens_resource_RanteintakterOchUtdelningarISkattefriVerksamhet_ARL_1778_reference">
			<ref:Name>ÅRL</ref:Name>
			<ref:Number>1995:1554</ref:Number>
			<ref:Chapter>Bilaga 2</ref:Chapter>
		</link:reference>
		<link:referenceArc xlink:type="arc" xlink:arcrole="http://www.xbrl.org/2003/arcrole/concept-reference" xlink:from="referens_locator_RanteintakterOchUtdelningarISkattefriVerksamhet_ARL_1778" xlink:to="referens_resource_RanteintakterOchUtdelningarISkattefriVerksamhet_ARL_1778_reference" xlink:title="reference: referens_locator_RanteintakterOchUtdelningarISkattefriVerksamhet_ARL_1778 to referens_resource_RanteintakterOchUtdelningarISkattefriVerksamhet_ARL_1778_reference"/>
		<link:loc xlink:type="locator" xlink:href="se-tax-base-2022-09-12.xsd#se-tax-base_VinstVidForsaljningAvFastigheterVardepapperMMISkattefriVerksamhet" xlink:label="referens_locator_VinstVidForsaljningAvFastigheterVardepapperMMISkattefriVerksamhet_ARL_1781" xlink:title="referens_locator_VinstVidForsaljningAvFastigheterVardepapperMMISkattefriVerksamhet_ARL_1781"/>
		<link:reference xlink:type="resource" xlink:label="referens_resource_VinstVidForsaljningAvFastigheterVardepapperMMISkattefriVerksamhet_ARL_1781_reference" xlink:role="http://www.xbrl.org/2003/role/reference" xlink:title="referens_resource_VinstVidForsaljningAvFastigheterVardepapperMMISkattefriVerksamhet_ARL_1781_reference">
			<ref:Name>ÅRL</ref:Name>
			<ref:Number>1995:1554</ref:Number>
			<ref:Chapter>Bilaga 2</ref:Chapter>
		</link:reference>
		<link:referenceArc xlink:type="arc" xlink:arcrole="http://www.xbrl.org/2003/arcrole/concept-reference" xlink:from="referens_locator_VinstVidForsaljningAvFastigheterVardepapperMMISkattefriVerksamhet_ARL_1781" xlink:to="referens_resource_VinstVidForsaljningAvFastigheterVardepapperMMISkattefriVerksamhet_ARL_1781_reference" xlink:title="reference: referens_locator_VinstVidForsaljningAvFastigheterVardepapperMMISkattefriVerksamhet_ARL_1781 to referens_resource_VinstVidForsaljningAvFastigheterVardepapperMMISkattefriVerksamhet_ARL_1781_reference"/>
		<link:loc xlink:type="locator" xlink:href="se-tax-base-2022-09-12.xsd#se-tax-base_RorelseintakterISkattefriVerksamhet" xlink:label="referens_locator_RorelseintakterISkattefriVerksamhet_ARL_1784" xlink:title="referens_locator_RorelseintakterISkattefriVerksamhet_ARL_1784"/>
		<link:reference xlink:type="resource" xlink:label="referens_resource_RorelseintakterISkattefriVerksamhet_ARL_1784_reference" xlink:role="http://www.xbrl.org/2003/role/reference" xlink:title="referens_resource_RorelseintakterISkattefriVerksamhet_ARL_1784_reference">
			<ref:Name>ÅRL</ref:Name>
			<ref:Number>1995:1554</ref:Number>
			<ref:Chapter>Bilaga 2</ref:Chapter>
		</link:reference>
		<link:referenceArc xlink:type="arc" xlink:arcrole="http://www.xbrl.org/2003/arcrole/concept-reference" xlink:from="referens_locator_RorelseintakterISkattefriVerksamhet_ARL_1784" xlink:to="referens_resource_RorelseintakterISkattefriVerksamhet_ARL_1784_reference" xlink:title="reference: referens_locator_RorelseintakterISkattefriVerksamhet_ARL_1784 to referens_resource_RorelseintakterISkattefriVerksamhet_ARL_1784_reference"/>
		<link:loc xlink:type="locator" xlink:href="se-tax-base-2022-09-12.xsd#se-tax-base_FastighetsintakterISkattefriVerksamhet" xlink:label="referens_locator_FastighetsintakterISkattefriVerksamhet_ARL_1787" xlink:title="referens_locator_FastighetsintakterISkattefriVerksamhet_ARL_1787"/>
		<link:reference xlink:type="resource" xlink:label="referens_resource_FastighetsintakterISkattefriVerksamhet_ARL_1787_reference" xlink:role="http://www.xbrl.org/2003/role/reference" xlink:title="referens_resource_FastighetsintakterISkattefriVerksamhet_ARL_1787_reference">
			<ref:Name>ÅRL</ref:Name>
			<ref:Number>1995:1554</ref:Number>
			<ref:Chapter>Bilaga 2</ref:Chapter>
		</link:reference>
		<link:referenceArc xlink:type="arc" xlink:arcrole="http://www.xbrl.org/2003/arcrole/concept-reference" xlink:from="referens_locator_FastighetsintakterISkattefriVerksamhet_ARL_1787" xlink:to="referens_resource_FastighetsintakterISkattefriVerksamhet_ARL_1787_reference" xlink:title="reference: referens_locator_FastighetsintakterISkattefriVerksamhet_ARL_1787 to referens_resource_FastighetsintakterISkattefriVerksamhet_ARL_1787_reference"/>
		<link:loc xlink:type="locator" xlink:href="se-tax-base-2022-09-12.xsd#se-tax-base_MedlemsverksamhetISkattefriVerksamhet" xlink:label="referens_locator_MedlemsverksamhetISkattefriVerksamhet_ARL_1802" xlink:title="referens_locator_MedlemsverksamhetISkattefriVerksamhet_ARL_1802"/>
		<link:reference xlink:type="resource" xlink:label="referens_resource_MedlemsverksamhetISkattefriVerksamhet_ARL_1802_reference" xlink:role="http://www.xbrl.org/2003/role/reference" xlink:title="referens_resource_MedlemsverksamhetISkattefriVerksamhet_ARL_1802_reference">
			<ref:Name>ÅRL</ref:Name>
			<ref:Number>1995:1554</ref:Number>
			<ref:Chapter>Bilaga 2</ref:Chapter>
		</link:reference>
		<link:referenceArc xlink:type="arc" xlink:arcrole="http://www.xbrl.org/2003/arcrole/concept-reference" xlink:from="referens_locator_MedlemsverksamhetISkattefriVerksamhet_ARL_1802" xlink:to="referens_resource_MedlemsverksamhetISkattefriVerksamhet_ARL_1802_reference" xlink:title="reference: referens_locator_MedlemsverksamhetISkattefriVerksamhet_ARL_1802 to referens_resource_MedlemsverksamhetISkattefriVerksamhet_ARL_1802_reference"/>
		<link:loc xlink:type="locator" xlink:href="se-tax-base-2022-09-12.xsd#se-tax-base_LamnadeBidragISkattefriVerksamhet" xlink:label="referens_locator_LamnadeBidragISkattefriVerksamhet_ARL_1805" xlink:title="referens_locator_LamnadeBidragISkattefriVerksamhet_ARL_1805"/>
		<link:reference xlink:type="resource" xlink:label="referens_resource_LamnadeBidragISkattefriVerksamhet_ARL_1805_reference" xlink:role="http://www.xbrl.org/2003/role/reference" xlink:title="referens_resource_LamnadeBidragISkattefriVerksamhet_ARL_1805_reference">
			<ref:Name>ÅRL</ref:Name>
			<ref:Number>1995:1554</ref:Number>
			<ref:Chapter>Bilaga 2</ref:Chapter>
		</link:reference>
		<link:referenceArc xlink:type="arc" xlink:arcrole="http://www.xbrl.org/2003/arcrole/concept-reference" xlink:from="referens_locator_LamnadeBidragISkattefriVerksamhet_ARL_1805" xlink:to="referens_resource_LamnadeBidragISkattefriVerksamhet_ARL_1805_reference" xlink:title="reference: referens_locator_LamnadeBidragISkattefriVerksamhet_ARL_1805 to referens_resource_LamnadeBidragISkattefriVerksamhet_ARL_1805_reference"/>
		<link:loc xlink:type="locator" xlink:href="se-tax-base-2022-09-12.xsd#se-tax-base_RantorOchKapitalforvaltningISkattefriVerksamhet" xlink:label="referens_locator_RantorOchKapitalforvaltningISkattefriVerksamhet_ARL_1808" xlink:title="referens_locator_RantorOchKapitalforvaltningISkattefriVerksamhet_ARL_1808"/>
		<link:reference xlink:type="resource" xlink:label="referens_resource_RantorOchKapitalforvaltningISkattefriVerksamhet_ARL_1808_reference" xlink:role="http://www.xbrl.org/2003/role/reference" xlink:title="referens_resource_RantorOchKapitalforvaltningISkattefriVerksamhet_ARL_1808_reference">
			<ref:Name>ÅRL</ref:Name>
			<ref:Number>1995:1554</ref:Number>
			<ref:Chapter>Bilaga 2</ref:Chapter>
		</link:reference>
		<link:referenceArc xlink:type="arc" xlink:arcrole="http://www.xbrl.org/2003/arcrole/concept-reference" xlink:from="referens_locator_RantorOchKapitalforvaltningISkattefriVerksamhet_ARL_1808" xlink:to="referens_resource_RantorOchKapitalforvaltningISkattefriVerksamhet_ARL_1808_reference" xlink:title="reference: referens_locator_RantorOchKapitalforvaltningISkattefriVerksamhet_ARL_1808 to referens_resource_RantorOchKapitalforvaltningISkattefriVerksamhet_ARL_1808_reference"/>
		<link:loc xlink:type="locator" xlink:href="se-tax-base-2022-09-12.xsd#se-tax-base_ForlustVidForsaljningAvFastigheterVardepapperMMISkattefriVerksamhet" xlink:label="referens_locator_ForlustVidForsaljningAvFastigheterVardepapperMMISkattefriVerksamhet_ARL_1811" xlink:title="referens_locator_ForlustVidForsaljningAvFastigheterVardepapperMMISkattefriVerksamhet_ARL_1811"/>
		<link:reference xlink:type="resource" xlink:label="referens_resource_ForlustVidForsaljningAvFastigheterVardepapperMMISkattefriVerksamhet_ARL_1811_reference" xlink:role="http://www.xbrl.org/2003/role/reference" xlink:title="referens_resource_ForlustVidForsaljningAvFastigheterVardepapperMMISkattefriVerksamhet_ARL_1811_reference">
			<ref:Name>ÅRL</ref:Name>
			<ref:Number>1995:1554</ref:Number>
			<ref:Chapter>Bilaga 2</ref:Chapter>
		</link:reference>
		<link:referenceArc xlink:type="arc" xlink:arcrole="http://www.xbrl.org/2003/arcrole/concept-reference" xlink:from="referens_locator_ForlustVidForsaljningAvFastigheterVardepapperMMISkattefriVerksamhet_ARL_1811" xlink:to="referens_resource_ForlustVidForsaljningAvFastigheterVardepapperMMISkattefriVerksamhet_ARL_1811_reference" xlink:title="reference: referens_locator_ForlustVidForsaljningAvFastigheterVardepapperMMISkattefriVerksamhet_ARL_1811 to referens_resource_ForlustVidForsaljningAvFastigheterVardepapperMMISkattefriVerksamhet_ARL_1811_reference"/>
		<link:loc xlink:type="locator" xlink:href="se-tax-base-2022-09-12.xsd#se-tax-base_RorelsekostnaderISkattefriVerksamhet" xlink:label="referens_locator_RorelsekostnaderISkattefriVerksamhet_ARL_1814" xlink:title="referens_locator_RorelsekostnaderISkattefriVerksamhet_ARL_1814"/>
		<link:reference xlink:type="resource" xlink:label="referens_resource_RorelsekostnaderISkattefriVerksamhet_ARL_1814_reference" xlink:role="http://www.xbrl.org/2003/role/reference" xlink:title="referens_resource_RorelsekostnaderISkattefriVerksamhet_ARL_1814_reference">
			<ref:Name>ÅRL</ref:Name>
			<ref:Number>1995:1554</ref:Number>
			<ref:Chapter>Bilaga 2</ref:Chapter>
		</link:reference>
		<link:referenceArc xlink:type="arc" xlink:arcrole="http://www.xbrl.org/2003/arcrole/concept-reference" xlink:from="referens_locator_RorelsekostnaderISkattefriVerksamhet_ARL_1814" xlink:to="referens_resource_RorelsekostnaderISkattefriVerksamhet_ARL_1814_reference" xlink:title="reference: referens_locator_RorelsekostnaderISkattefriVerksamhet_ARL_1814 to referens_resource_RorelsekostnaderISkattefriVerksamhet_ARL_1814_reference"/>
		<link:loc xlink:type="locator" xlink:href="se-tax-base-2022-09-12.xsd#se-tax-base_FastighetskostnaderISkattefriVerksamhet" xlink:label="referens_locator_FastighetskostnaderISkattefriVerksamhet_ARL_1817" xlink:title="referens_locator_FastighetskostnaderISkattefriVerksamhet_ARL_1817"/>
		<link:reference xlink:type="resource" xlink:label="referens_resource_FastighetskostnaderISkattefriVerksamhet_ARL_1817_reference" xlink:role="http://www.xbrl.org/2003/role/reference" xlink:title="referens_resource_FastighetskostnaderISkattefriVerksamhet_ARL_1817_reference">
			<ref:Name>ÅRL</ref:Name>
			<ref:Number>1995:1554</ref:Number>
			<ref:Chapter>Bilaga 2</ref:Chapter>
		</link:reference>
		<link:referenceArc xlink:type="arc" xlink:arcrole="http://www.xbrl.org/2003/arcrole/concept-reference" xlink:from="referens_locator_FastighetskostnaderISkattefriVerksamhet_ARL_1817" xlink:to="referens_resource_FastighetskostnaderISkattefriVerksamhet_ARL_1817_reference" xlink:title="reference: referens_locator_FastighetskostnaderISkattefriVerksamhet_ARL_1817 to referens_resource_FastighetskostnaderISkattefriVerksamhet_ARL_1817_reference"/>
		<link:loc xlink:type="locator" xlink:href="se-tax-base-2022-09-12.xsd#se-tax-base_BeslutadUtdelningAvBidragOchStipendierEnligtAndamalISkattefriVerksamhet" xlink:label="referens_locator_BeslutadUtdelningAvBidragOchStipendierEnligtAndamalISkattefriVerksamhet_ARL_1859" xlink:title="referens_locator_BeslutadUtdelningAvBidragOchStipendierEnligtAndamalISkattefriVerksamhet_ARL_1859"/>
		<link:reference xlink:type="resource" xlink:label="referens_resource_BeslutadUtdelningAvBidragOchStipendierEnligtAndamalISkattefriVerksamhet_ARL_1859_reference" xlink:role="http://www.xbrl.org/2003/role/reference" xlink:title="referens_resource_BeslutadUtdelningAvBidragOchStipendierEnligtAndamalISkattefriVerksamhet_ARL_1859_reference">
			<ref:Name>ÅRL</ref:Name>
			<ref:Number>1995:1554</ref:Number>
			<ref:Chapter>Bilaga 2</ref:Chapter>
		</link:reference>
		<link:referenceArc xlink:type="arc" xlink:arcrole="http://www.xbrl.org/2003/arcrole/concept-reference" xlink:from="referens_locator_BeslutadUtdelningAvBidragOchStipendierEnligtAndamalISkattefriVerksamhet_ARL_1859" xlink:to="referens_resource_BeslutadUtdelningAvBidragOchStipendierEnligtAndamalISkattefriVerksamhet_ARL_1859_reference" xlink:title="reference: referens_locator_BeslutadUtdelningAvBidragOchStipendierEnligtAndamalISkattefriVerksamhet_ARL_1859 to referens_resource_BeslutadUtdelningAvBidragOchStipendierEnligtAndamalISkattefriVerksamhet_ARL_1859_reference"/>
		<link:loc xlink:type="locator" xlink:href="se-tax-base-2022-09-12.xsd#se-tax-base_KostnaderForAttErhallaBidragOchGavorISkattefriVerksamhet" xlink:label="referens_locator_KostnaderForAttErhallaBidragOchGavorISkattefriVerksamhet_ARL_1865" xlink:title="referens_locator_KostnaderForAttErhallaBidragOchGavorISkattefriVerksamhet_ARL_1865"/>
		<link:reference xlink:type="resource" xlink:label="referens_resource_KostnaderForAttErhallaBidragOchGavorISkattefriVerksamhet_ARL_1865_reference" xlink:role="http://www.xbrl.org/2003/role/reference" xlink:title="referens_resource_KostnaderForAttErhallaBidragOchGavorISkattefriVerksamhet_ARL_1865_reference">
			<ref:Name>ÅRL</ref:Name>
			<ref:Number>1995:1554</ref:Number>
			<ref:Chapter>Bilaga 2</ref:Chapter>
		</link:reference>
		<link:referenceArc xlink:type="arc" xlink:arcrole="http://www.xbrl.org/2003/arcrole/concept-reference" xlink:from="referens_locator_KostnaderForAttErhallaBidragOchGavorISkattefriVerksamhet_ARL_1865" xlink:to="referens_resource_KostnaderForAttErhallaBidragOchGavorISkattefriVerksamhet_ARL_1865_reference" xlink:title="reference: referens_locator_KostnaderForAttErhallaBidragOchGavorISkattefriVerksamhet_ARL_1865 to referens_resource_KostnaderForAttErhallaBidragOchGavorISkattefriVerksamhet_ARL_1865_reference"/>
		<link:loc xlink:type="locator" xlink:href="se-tax-base-2022-09-12.xsd#se-tax-base_KapitalavkastningISkattefriVerksamhet" xlink:label="referens_locator_KapitalavkastningISkattefriVerksamhet_ARL_1868" xlink:title="referens_locator_KapitalavkastningISkattefriVerksamhet_ARL_1868"/>
		<link:reference xlink:type="resource" xlink:label="referens_resource_KapitalavkastningISkattefriVerksamhet_ARL_1868_reference" xlink:role="http://www.xbrl.org/2003/role/reference" xlink:title="referens_resource_KapitalavkastningISkattefriVerksamhet_ARL_1868_reference">
			<ref:Name>ÅRL</ref:Name>
			<ref:Number>1995:1554</ref:Number>
			<ref:Chapter>Bilaga 2</ref:Chapter>
		</link:reference>
		<link:referenceArc xlink:type="arc" xlink:arcrole="http://www.xbrl.org/2003/arcrole/concept-reference" xlink:from="referens_locator_KapitalavkastningISkattefriVerksamhet_ARL_1868" xlink:to="referens_resource_KapitalavkastningISkattefriVerksamhet_ARL_1868_reference" xlink:title="reference: referens_locator_KapitalavkastningISkattefriVerksamhet_ARL_1868 to referens_resource_KapitalavkastningISkattefriVerksamhet_ARL_1868_reference"/>
		<link:loc xlink:type="locator" xlink:href="se-tax-base-2022-09-12.xsd#se-tax-base_KapitalforvaltningskostnaderISkattefriVerksamhet" xlink:label="referens_locator_KapitalforvaltningskostnaderISkattefriVerksamhet_ARL_1871" xlink:title="referens_locator_KapitalforvaltningskostnaderISkattefriVerksamhet_ARL_1871"/>
		<link:reference xlink:type="resource" xlink:label="referens_resource_KapitalforvaltningskostnaderISkattefriVerksamhet_ARL_1871_reference" xlink:role="http://www.xbrl.org/2003/role/reference" xlink:title="referens_resource_KapitalforvaltningskostnaderISkattefriVerksamhet_ARL_1871_reference">
			<ref:Name>ÅRL</ref:Name>
			<ref:Number>1995:1554</ref:Number>
			<ref:Chapter>Bilaga 2</ref:Chapter>
		</link:reference>
		<link:referenceArc xlink:type="arc" xlink:arcrole="http://www.xbrl.org/2003/arcrole/concept-reference" xlink:from="referens_locator_KapitalforvaltningskostnaderISkattefriVerksamhet_ARL_1871" xlink:to="referens_resource_KapitalforvaltningskostnaderISkattefriVerksamhet_ARL_1871_reference" xlink:title="reference: referens_locator_KapitalforvaltningskostnaderISkattefriVerksamhet_ARL_1871 to referens_resource_KapitalforvaltningskostnaderISkattefriVerksamhet_ARL_1871_reference"/>
		<link:loc xlink:type="locator" xlink:href="se-tax-base-2022-09-12.xsd#se-tax-base_KostnaderForAttFullfoljaStiftelsensAndamalISkattefriVerksamhet" xlink:label="referens_locator_KostnaderForAttFullfoljaStiftelsensAndamalISkattefriVerksamhet_ARL_1874" xlink:title="referens_locator_KostnaderForAttFullfoljaStiftelsensAndamalISkattefriVerksamhet_ARL_1874"/>
		<link:reference xlink:type="resource" xlink:label="referens_resource_KostnaderForAttFullfoljaStiftelsensAndamalISkattefriVerksamhet_ARL_1874_reference" xlink:role="http://www.xbrl.org/2003/role/reference" xlink:title="referens_resource_KostnaderForAttFullfoljaStiftelsensAndamalISkattefriVerksamhet_ARL_1874_reference">
			<ref:Name>ÅRL</ref:Name>
			<ref:Number>1995:1554</ref:Number>
			<ref:Chapter>Bilaga 2</ref:Chapter>
		</link:reference>
		<link:referenceArc xlink:type="arc" xlink:arcrole="http://www.xbrl.org/2003/arcrole/concept-reference" xlink:from="referens_locator_KostnaderForAttFullfoljaStiftelsensAndamalISkattefriVerksamhet_ARL_1874" xlink:to="referens_resource_KostnaderForAttFullfoljaStiftelsensAndamalISkattefriVerksamhet_ARL_1874_reference" xlink:title="reference: referens_locator_KostnaderForAttFullfoljaStiftelsensAndamalISkattefriVerksamhet_ARL_1874 to referens_resource_KostnaderForAttFullfoljaStiftelsensAndamalISkattefriVerksamhet_ARL_1874_reference"/>
		<link:loc xlink:type="locator" xlink:href="se-tax-base-2022-09-12.xsd#se-tax-base_IntakterISkattefriVerksamhet" xlink:label="referens_locator_IntakterISkattefriVerksamhet_ARL_1880" xlink:title="referens_locator_IntakterISkattefriVerksamhet_ARL_1880"/>
		<link:reference xlink:type="resource" xlink:label="referens_resource_IntakterISkattefriVerksamhet_ARL_1880_reference" xlink:role="http://www.xbrl.org/2003/role/reference" xlink:title="referens_resource_IntakterISkattefriVerksamhet_ARL_1880_reference">
			<ref:Name>ÅRL</ref:Name>
			<ref:Number>1995:1554</ref:Number>
			<ref:Chapter>Bilaga 2</ref:Chapter>
		</link:reference>
		<link:referenceArc xlink:type="arc" xlink:arcrole="http://www.xbrl.org/2003/arcrole/concept-reference" xlink:from="referens_locator_IntakterISkattefriVerksamhet_ARL_1880" xlink:to="referens_resource_IntakterISkattefriVerksamhet_ARL_1880_reference" xlink:title="reference: referens_locator_IntakterISkattefriVerksamhet_ARL_1880 to referens_resource_IntakterISkattefriVerksamhet_ARL_1880_reference"/>
		<link:loc xlink:type="locator" xlink:href="se-tax-base-2022-09-12.xsd#se-tax-base_KostnaderISkattefriVerksamhet" xlink:label="referens_locator_KostnaderISkattefriVerksamhet_ARL_1883" xlink:title="referens_locator_KostnaderISkattefriVerksamhet_ARL_1883"/>
		<link:reference xlink:type="resource" xlink:label="referens_resource_KostnaderISkattefriVerksamhet_ARL_1883_reference" xlink:role="http://www.xbrl.org/2003/role/reference" xlink:title="referens_resource_KostnaderISkattefriVerksamhet_ARL_1883_reference">
			<ref:Name>ÅRL</ref:Name>
			<ref:Number>1995:1554</ref:Number>
			<ref:Chapter>Bilaga 2</ref:Chapter>
		</link:reference>
		<link:referenceArc xlink:type="arc" xlink:arcrole="http://www.xbrl.org/2003/arcrole/concept-reference" xlink:from="referens_locator_KostnaderISkattefriVerksamhet_ARL_1883" xlink:to="referens_resource_KostnaderISkattefriVerksamhet_ARL_1883_reference" xlink:title="reference: referens_locator_KostnaderISkattefriVerksamhet_ARL_1883 to referens_resource_KostnaderISkattefriVerksamhet_ARL_1883_reference"/>
		<link:loc xlink:type="locator" xlink:href="se-tax-base-2022-09-12.xsd#se-tax-base_MarkOchAndraTillgangarSomInteFarSkrivasAv" xlink:label="referens_locator_MarkOchAndraTillgangarSomInteFarSkrivasAv_ARL_1902" xlink:title="referens_locator_MarkOchAndraTillgangarSomInteFarSkrivasAv_ARL_1902"/>
		<link:reference xlink:type="resource" xlink:label="referens_resource_MarkOchAndraTillgangarSomInteFarSkrivasAv_ARL_1902_reference" xlink:role="http://www.xbrl.org/2003/role/reference" xlink:title="referens_resource_MarkOchAndraTillgangarSomInteFarSkrivasAv_ARL_1902_reference">
			<ref:Name>ÅRL</ref:Name>
			<ref:Number>1995:1554</ref:Number>
			<ref:Chapter>Bilaga 1</ref:Chapter>
		</link:reference>
		<link:referenceArc xlink:type="arc" xlink:arcrole="http://www.xbrl.org/2003/arcrole/concept-reference" xlink:from="referens_locator_MarkOchAndraTillgangarSomInteFarSkrivasAv_ARL_1902" xlink:to="referens_resource_MarkOchAndraTillgangarSomInteFarSkrivasAv_ARL_1902_reference" xlink:title="reference: referens_locator_MarkOchAndraTillgangarSomInteFarSkrivasAv_ARL_1902 to referens_resource_MarkOchAndraTillgangarSomInteFarSkrivasAv_ARL_1902_reference"/>
		<link:loc xlink:type="locator" xlink:href="se-tax-base-2022-09-12.xsd#se-tax-base_MarkOchAndraTillgangarSomInteFarSkrivasAv" xlink:label="referens_locator_MarkOchAndraTillgangarSomInteFarSkrivasAv_ARL_1903" xlink:title="referens_locator_MarkOchAndraTillgangarSomInteFarSkrivasAv_ARL_1903"/>
		<link:reference xlink:type="resource" xlink:label="referens_resource_MarkOchAndraTillgangarSomInteFarSkrivasAv_ARL_1903_reference" xlink:role="http://www.xbrl.org/2003/role/reference" xlink:title="referens_resource_MarkOchAndraTillgangarSomInteFarSkrivasAv_ARL_1903_reference">
			<ref:Name>ÅRL</ref:Name>
			<ref:Number>1995:1554</ref:Number>
			<ref:Chapter>5</ref:Chapter>
			<ref:Paragraph>8</ref:Paragraph>
			<ref:Section>1</ref:Section>
		</link:reference>
		<link:referenceArc xlink:type="arc" xlink:arcrole="http://www.xbrl.org/2003/arcrole/concept-reference" xlink:from="referens_locator_MarkOchAndraTillgangarSomInteFarSkrivasAv_ARL_1903" xlink:to="referens_resource_MarkOchAndraTillgangarSomInteFarSkrivasAv_ARL_1903_reference" xlink:title="reference: referens_locator_MarkOchAndraTillgangarSomInteFarSkrivasAv_ARL_1903 to referens_resource_MarkOchAndraTillgangarSomInteFarSkrivasAv_ARL_1903_reference"/>
		<link:loc xlink:type="locator" xlink:href="se-tax-base-2022-09-12.xsd#se-tax-base_MarkOchAndraTillgangarSomInteFarSkrivasAv" xlink:label="referens_locator_MarkOchAndraTillgangarSomInteFarSkrivasAv_ARL_1904" xlink:title="referens_locator_MarkOchAndraTillgangarSomInteFarSkrivasAv_ARL_1904"/>
		<link:reference xlink:type="resource" xlink:label="referens_resource_MarkOchAndraTillgangarSomInteFarSkrivasAv_ARL_1904_reference" xlink:role="http://www.xbrl.org/2003/role/reference" xlink:title="referens_resource_MarkOchAndraTillgangarSomInteFarSkrivasAv_ARL_1904_reference">
			<ref:Name>ÅRL</ref:Name>
			<ref:Number>1995:1554</ref:Number>
			<ref:Chapter>5</ref:Chapter>
			<ref:Paragraph>25</ref:Paragraph>
		</link:reference>
		<link:referenceArc xlink:type="arc" xlink:arcrole="http://www.xbrl.org/2003/arcrole/concept-reference" xlink:from="referens_locator_MarkOchAndraTillgangarSomInteFarSkrivasAv_ARL_1904" xlink:to="referens_resource_MarkOchAndraTillgangarSomInteFarSkrivasAv_ARL_1904_reference" xlink:title="reference: referens_locator_MarkOchAndraTillgangarSomInteFarSkrivasAv_ARL_1904 to referens_resource_MarkOchAndraTillgangarSomInteFarSkrivasAv_ARL_1904_reference"/>
		<link:loc xlink:type="locator" xlink:href="se-tax-base-2022-09-12.xsd#se-tax-base_MarkOchAndraTillgangarSomInteFarSkrivasAv" xlink:label="referens_locator_MarkOchAndraTillgangarSomInteFarSkrivasAv_ARL_1905" xlink:title="referens_locator_MarkOchAndraTillgangarSomInteFarSkrivasAv_ARL_1905"/>
		<link:reference xlink:type="resource" xlink:label="referens_resource_MarkOchAndraTillgangarSomInteFarSkrivasAv_ARL_1905_reference" xlink:role="http://www.xbrl.org/2003/role/reference" xlink:title="referens_resource_MarkOchAndraTillgangarSomInteFarSkrivasAv_ARL_1905_reference">
			<ref:Name>ÅRL</ref:Name>
			<ref:Number>1995:1554</ref:Number>
			<ref:Chapter>7</ref:Chapter>
			<ref:Paragraph>14</ref:Paragraph>
		</link:reference>
		<link:referenceArc xlink:type="arc" xlink:arcrole="http://www.xbrl.org/2003/arcrole/concept-reference" xlink:from="referens_locator_MarkOchAndraTillgangarSomInteFarSkrivasAv_ARL_1905" xlink:to="referens_resource_MarkOchAndraTillgangarSomInteFarSkrivasAv_ARL_1905_reference" xlink:title="reference: referens_locator_MarkOchAndraTillgangarSomInteFarSkrivasAv_ARL_1905 to referens_resource_MarkOchAndraTillgangarSomInteFarSkrivasAv_ARL_1905_reference"/>
		<link:loc xlink:type="locator" xlink:href="se-tax-base-2022-09-12.xsd#se-tax-base_KostnaderSomArSkattemassigtAvdragsgillaMenSomInteIngarIDetRedovisadeResultatet" xlink:label="referens_locator_KostnaderSomArSkattemassigtAvdragsgillaMenSomInteIngarIDetRedovisadeResultatet_ARL_2139" xlink:title="referens_locator_KostnaderSomArSkattemassigtAvdragsgillaMenSomInteIngarIDetRedovisadeResultatet_ARL_2139"/>
		<link:reference xlink:type="resource" xlink:label="referens_resource_KostnaderSomArSkattemassigtAvdragsgillaMenSomInteIngarIDetRedovisadeResultatet_ARL_2139_reference" xlink:role="http://www.xbrl.org/2003/role/reference" xlink:title="referens_resource_KostnaderSomArSkattemassigtAvdragsgillaMenSomInteIngarIDetRedovisadeResultatet_ARL_2139_reference">
			<ref:Name>ÅRL</ref:Name>
			<ref:Number>1995:1554</ref:Number>
			<ref:Chapter>Bilaga 1</ref:Chapter>
		</link:reference>
		<link:referenceArc xlink:type="arc" xlink:arcrole="http://www.xbrl.org/2003/arcrole/concept-reference" xlink:from="referens_locator_KostnaderSomArSkattemassigtAvdragsgillaMenSomInteIngarIDetRedovisadeResultatet_ARL_2139" xlink:to="referens_resource_KostnaderSomArSkattemassigtAvdragsgillaMenSomInteIngarIDetRedovisadeResultatet_ARL_2139_reference" xlink:title="reference: referens_locator_KostnaderSomArSkattemassigtAvdragsgillaMenSomInteIngarIDetRedovisadeResultatet_ARL_2139 to referens_resource_KostnaderSomArSkattemassigtAvdragsgillaMenSomInteIngarIDetRedovisadeResultatet_ARL_2139_reference"/>
		<link:loc xlink:type="locator" xlink:href="se-tax-base-2022-09-12.xsd#se-tax-base_KostnaderSomArSkattemassigtAvdragsgillaMenSomInteIngarIDetRedovisadeResultatet" xlink:label="referens_locator_KostnaderSomArSkattemassigtAvdragsgillaMenSomInteIngarIDetRedovisadeResultatet_ARL_2140" xlink:title="referens_locator_KostnaderSomArSkattemassigtAvdragsgillaMenSomInteIngarIDetRedovisadeResultatet_ARL_2140"/>
		<link:reference xlink:type="resource" xlink:label="referens_resource_KostnaderSomArSkattemassigtAvdragsgillaMenSomInteIngarIDetRedovisadeResultatet_ARL_2140_reference" xlink:role="http://www.xbrl.org/2003/role/reference" xlink:title="referens_resource_KostnaderSomArSkattemassigtAvdragsgillaMenSomInteIngarIDetRedovisadeResultatet_ARL_2140_reference">
			<ref:Name>ÅRL</ref:Name>
			<ref:Number>1995:1554</ref:Number>
			<ref:Chapter>Bilaga 2</ref:Chapter>
		</link:reference>
		<link:referenceArc xlink:type="arc" xlink:arcrole="http://www.xbrl.org/2003/arcrole/concept-reference" xlink:from="referens_locator_KostnaderSomArSkattemassigtAvdragsgillaMenSomInteIngarIDetRedovisadeResultatet_ARL_2140" xlink:to="referens_resource_KostnaderSomArSkattemassigtAvdragsgillaMenSomInteIngarIDetRedovisadeResultatet_ARL_2140_reference" xlink:title="reference: referens_locator_KostnaderSomArSkattemassigtAvdragsgillaMenSomInteIngarIDetRedovisadeResultatet_ARL_2140 to referens_resource_KostnaderSomArSkattemassigtAvdragsgillaMenSomInteIngarIDetRedovisadeResultatet_ARL_2140_reference"/>
		<link:loc xlink:type="locator" xlink:href="se-tax-base-2022-09-12.xsd#se-tax-base_KostnaderSomArSkattemassigtAvdragsgillaMenSomInteIngarIDetRedovisadeResultatet" xlink:label="referens_locator_KostnaderSomArSkattemassigtAvdragsgillaMenSomInteIngarIDetRedovisadeResultatet_ARL_2141" xlink:title="referens_locator_KostnaderSomArSkattemassigtAvdragsgillaMenSomInteIngarIDetRedovisadeResultatet_ARL_2141"/>
		<link:reference xlink:type="resource" xlink:label="referens_resource_KostnaderSomArSkattemassigtAvdragsgillaMenSomInteIngarIDetRedovisadeResultatet_ARL_2141_reference" xlink:role="http://www.xbrl.org/2003/role/reference" xlink:title="referens_resource_KostnaderSomArSkattemassigtAvdragsgillaMenSomInteIngarIDetRedovisadeResultatet_ARL_2141_reference">
			<ref:Name>ÅRL</ref:Name>
			<ref:Number>1995:1554</ref:Number>
			<ref:Chapter>Bilaga 3</ref:Chapter>
		</link:reference>
		<link:referenceArc xlink:type="arc" xlink:arcrole="http://www.xbrl.org/2003/arcrole/concept-reference" xlink:from="referens_locator_KostnaderSomArSkattemassigtAvdragsgillaMenSomInteIngarIDetRedovisadeResultatet_ARL_2141" xlink:to="referens_resource_KostnaderSomArSkattemassigtAvdragsgillaMenSomInteIngarIDetRedovisadeResultatet_ARL_2141_reference" xlink:title="reference: referens_locator_KostnaderSomArSkattemassigtAvdragsgillaMenSomInteIngarIDetRedovisadeResultatet_ARL_2141 to referens_resource_KostnaderSomArSkattemassigtAvdragsgillaMenSomInteIngarIDetRedovisadeResultatet_ARL_2141_reference"/>
		<link:loc xlink:type="locator" xlink:href="se-tax-base-2022-09-12.xsd#se-tax-base_IngaendeEgetKapital" xlink:label="referens_locator_IngaendeEgetKapital_ARL_2519" xlink:title="referens_locator_IngaendeEgetKapital_ARL_2519"/>
		<link:reference xlink:type="resource" xlink:label="referens_resource_IngaendeEgetKapital_ARL_2519_reference" xlink:role="http://www.xbrl.org/2003/role/reference" xlink:title="referens_resource_IngaendeEgetKapital_ARL_2519_reference">
			<ref:Name>ÅRL</ref:Name>
			<ref:Number>1995:1554</ref:Number>
			<ref:Chapter>Bilaga 1</ref:Chapter>
		</link:reference>
		<link:referenceArc xlink:type="arc" xlink:arcrole="http://www.xbrl.org/2003/arcrole/concept-reference" xlink:from="referens_locator_IngaendeEgetKapital_ARL_2519" xlink:to="referens_resource_IngaendeEgetKapital_ARL_2519_reference" xlink:title="reference: referens_locator_IngaendeEgetKapital_ARL_2519 to referens_resource_IngaendeEgetKapital_ARL_2519_reference"/>
		<link:loc xlink:type="locator" xlink:href="se-tax-base-2022-09-12.xsd#se-tax-base_IngaendeEgetKapital" xlink:label="referens_locator_IngaendeEgetKapital_ARL_2520" xlink:title="referens_locator_IngaendeEgetKapital_ARL_2520"/>
		<link:reference xlink:type="resource" xlink:label="referens_resource_IngaendeEgetKapital_ARL_2520_reference" xlink:role="http://www.xbrl.org/2003/role/reference" xlink:title="referens_resource_IngaendeEgetKapital_ARL_2520_reference">
			<ref:Name>ÅRL</ref:Name>
			<ref:Number>1995:1554</ref:Number>
			<ref:Chapter>6</ref:Chapter>
			<ref:Paragraph>2</ref:Paragraph>
			<ref:Section>2</ref:Section>
		</link:reference>
		<link:referenceArc xlink:type="arc" xlink:arcrole="http://www.xbrl.org/2003/arcrole/concept-reference" xlink:from="referens_locator_IngaendeEgetKapital_ARL_2520" xlink:to="referens_resource_IngaendeEgetKapital_ARL_2520_reference" xlink:title="reference: referens_locator_IngaendeEgetKapital_ARL_2520 to referens_resource_IngaendeEgetKapital_ARL_2520_reference"/>
		<link:loc xlink:type="locator" xlink:href="se-tax-base-2022-09-12.xsd#se-tax-base_IngaendeEgetKapital" xlink:label="referens_locator_IngaendeEgetKapital_ARL_2521" xlink:title="referens_locator_IngaendeEgetKapital_ARL_2521"/>
		<link:reference xlink:type="resource" xlink:label="referens_resource_IngaendeEgetKapital_ARL_2521_reference" xlink:role="http://www.xbrl.org/2003/role/reference" xlink:title="referens_resource_IngaendeEgetKapital_ARL_2521_reference">
			<ref:Name>ÅRL</ref:Name>
			<ref:Number>1995:1554</ref:Number>
			<ref:Chapter>7</ref:Chapter>
			<ref:Paragraph>8</ref:Paragraph>
		</link:reference>
		<link:referenceArc xlink:type="arc" xlink:arcrole="http://www.xbrl.org/2003/arcrole/concept-reference" xlink:from="referens_locator_IngaendeEgetKapital_ARL_2521" xlink:to="referens_resource_IngaendeEgetKapital_ARL_2521_reference" xlink:title="reference: referens_locator_IngaendeEgetKapital_ARL_2521 to referens_resource_IngaendeEgetKapital_ARL_2521_reference"/>
		<link:loc xlink:type="locator" xlink:href="se-tax-base-2022-09-12.xsd#se-tax-base_IngaendeEgetKapital" xlink:label="referens_locator_IngaendeEgetKapital_ARL_2522" xlink:title="referens_locator_IngaendeEgetKapital_ARL_2522"/>
		<link:reference xlink:type="resource" xlink:label="referens_resource_IngaendeEgetKapital_ARL_2522_reference" xlink:role="http://www.xbrl.org/2003/role/reference" xlink:title="referens_resource_IngaendeEgetKapital_ARL_2522_reference">
			<ref:Name>ÅRL</ref:Name>
			<ref:Number>1995:1554</ref:Number>
			<ref:Chapter>7</ref:Chapter>
			<ref:Paragraph>31</ref:Paragraph>
			<ref:Section>1</ref:Section>
		</link:reference>
		<link:referenceArc xlink:type="arc" xlink:arcrole="http://www.xbrl.org/2003/arcrole/concept-reference" xlink:from="referens_locator_IngaendeEgetKapital_ARL_2522" xlink:to="referens_resource_IngaendeEgetKapital_ARL_2522_reference" xlink:title="reference: referens_locator_IngaendeEgetKapital_ARL_2522 to referens_resource_IngaendeEgetKapital_ARL_2522_reference"/>
	</link:referenceLink>
</link:linkbase>