<?xml version="1.0" encoding="UTF-8"?><!--Versionsdatum/revision: 2022-09-12/2025-02-11_14:31:19--><!--Infil   : file:///O:/xmlstr/TaxSam/Inkomstdeklaration 2/2024-09-12 FINAL/Iteration 84 - FINAL LEV 2024-06-12 - FULL INK3 INK4 N3B/2025-02-11_13.19.41_10_KontrolleraOchGenerera_v2.08.xsl.xml--><!--XSLT-fil: file:///O:/xmlstr/TaxSam/Inkomstdeklaration 2/2024-09-12 FINAL/Iteration 84 - FINAL LEV 2024-06-12 - FULL INK3 INK4 N3B/20_UtokaBasskiktet_v2.05.xsl--><!--XSLT-fil: file:///O:/xmlstr/TaxSam/Inkomstdeklaration 2/2024-09-12 FINAL/Iteration 84 - FINAL LEV 2024-06-12 - FULL INK3 INK4 N3B/XSLTallmanKod_v1.05.xsl--><link:linkbase xmlns:xsi="http://www.w3.org/2001/XMLSchema-instance" xmlns:ref="http://www.xbrl.org/2004/ref" xmlns:link="http://www.xbrl.org/2003/linkbase" xmlns:xlink="http://www.w3.org/1999/xlink" xsi:schemaLocation="http://www.xbrl.org/2003/linkbase http://www.xbrl.org/2003/xbrl-linkbase-2003-12-31.xsd http://www.xbrl.org/2004/ref http://www.xbrl.org/2004/ref-2004-08-10.xsd">
	<link:roleRef roleURI="http://www.taxonomier.se/se/fr/role/reference/legislation/favl" xlink:type="simple" xlink:href="../../../shared/role/se-leg-role/2021-10-31/se-leg-role-2021-10-31.xsd#LEG_ROLE_FAVL"/>
	<link:referenceLink xlink:type="extended" xlink:role="http://www.taxonomier.se/se/fr/role/reference/legislation/favl" id="FAVL">
		<link:loc xlink:type="locator" xlink:href="se-tax-base-2022-09-12.xsd#se-tax-base_UnderlagForFastighetsavgiftAbstract" xlink:label="referens_locator_UnderlagForFastighetsavgiftAbstract_FAvL_131" xlink:title="referens_locator_UnderlagForFastighetsavgiftAbstract_FAvL_131"/>
		<link:reference xlink:type="resource" xlink:label="referens_resource_UnderlagForFastighetsavgiftAbstract_FAvL_131_reference" xlink:role="http://www.xbrl.org/2003/role/reference" xlink:title="referens_resource_UnderlagForFastighetsavgiftAbstract_FAvL_131_reference">
			<ref:Name>FAvL</ref:Name>
			<ref:Number>2007:1398</ref:Number>
		</link:reference>
		<link:referenceArc xlink:type="arc" xlink:arcrole="http://www.xbrl.org/2003/arcrole/concept-reference" xlink:from="referens_locator_UnderlagForFastighetsavgiftAbstract_FAvL_131" xlink:to="referens_resource_UnderlagForFastighetsavgiftAbstract_FAvL_131_reference" xlink:title="reference: referens_locator_UnderlagForFastighetsavgiftAbstract_FAvL_131 to referens_resource_UnderlagForFastighetsavgiftAbstract_FAvL_131_reference"/>
		<link:loc xlink:type="locator" xlink:href="se-tax-base-2022-09-12.xsd#se-tax-base_UnderlagForFastighetsavgiftForSmahusAgarlagenhet" xlink:label="referens_locator_UnderlagForFastighetsavgiftForSmahusAgarlagenhet_FAvL_135" xlink:title="referens_locator_UnderlagForFastighetsavgiftForSmahusAgarlagenhet_FAvL_135"/>
		<link:reference xlink:type="resource" xlink:label="referens_resource_UnderlagForFastighetsavgiftForSmahusAgarlagenhet_FAvL_135_reference" xlink:role="http://www.xbrl.org/2003/role/reference" xlink:title="referens_resource_UnderlagForFastighetsavgiftForSmahusAgarlagenhet_FAvL_135_reference">
			<ref:Name>FAvL</ref:Name>
			<ref:Number>2007:1398</ref:Number>
		</link:reference>
		<link:referenceArc xlink:type="arc" xlink:arcrole="http://www.xbrl.org/2003/arcrole/concept-reference" xlink:from="referens_locator_UnderlagForFastighetsavgiftForSmahusAgarlagenhet_FAvL_135" xlink:to="referens_resource_UnderlagForFastighetsavgiftForSmahusAgarlagenhet_FAvL_135_reference" xlink:title="reference: referens_locator_UnderlagForFastighetsavgiftForSmahusAgarlagenhet_FAvL_135 to referens_resource_UnderlagForFastighetsavgiftForSmahusAgarlagenhet_FAvL_135_reference"/>
		<link:loc xlink:type="locator" xlink:href="se-tax-base-2022-09-12.xsd#se-tax-base_UnderlagForFastighetsavgiftForHyreshusBostader" xlink:label="referens_locator_UnderlagForFastighetsavgiftForHyreshusBostader_FAvL_139" xlink:title="referens_locator_UnderlagForFastighetsavgiftForHyreshusBostader_FAvL_139"/>
		<link:reference xlink:type="resource" xlink:label="referens_resource_UnderlagForFastighetsavgiftForHyreshusBostader_FAvL_139_reference" xlink:role="http://www.xbrl.org/2003/role/reference" xlink:title="referens_resource_UnderlagForFastighetsavgiftForHyreshusBostader_FAvL_139_reference">
			<ref:Name>FAvL</ref:Name>
			<ref:Number>2007:1398</ref:Number>
		</link:reference>
		<link:referenceArc xlink:type="arc" xlink:arcrole="http://www.xbrl.org/2003/arcrole/concept-reference" xlink:from="referens_locator_UnderlagForFastighetsavgiftForHyreshusBostader_FAvL_139" xlink:to="referens_resource_UnderlagForFastighetsavgiftForHyreshusBostader_FAvL_139_reference" xlink:title="reference: referens_locator_UnderlagForFastighetsavgiftForHyreshusBostader_FAvL_139 to referens_resource_UnderlagForFastighetsavgiftForHyreshusBostader_FAvL_139_reference"/>
	</link:referenceLink>
</link:linkbase>