<?xml version="1.0" encoding="UTF-8"?><!--Versionsdatum/revision: 2022-09-12/2025-02-11_14:31:19--><!--Infil   : file:///O:/xmlstr/TaxSam/Inkomstdeklaration 2/2024-09-12 FINAL/Iteration 84 - FINAL LEV 2024-06-12 - FULL INK3 INK4 N3B/2025-02-11_13.19.41_10_KontrolleraOchGenerera_v2.08.xsl.xml--><!--XSLT-fil: file:///O:/xmlstr/TaxSam/Inkomstdeklaration 2/2024-09-12 FINAL/Iteration 84 - FINAL LEV 2024-06-12 - FULL INK3 INK4 N3B/20_UtokaBasskiktet_v2.05.xsl--><!--XSLT-fil: file:///O:/xmlstr/TaxSam/Inkomstdeklaration 2/2024-09-12 FINAL/Iteration 84 - FINAL LEV 2024-06-12 - FULL INK3 INK4 N3B/XSLTallmanKod_v1.05.xsl--><link:linkbase xmlns:xsi="http://www.w3.org/2001/XMLSchema-instance" xmlns:ref="http://www.xbrl.org/2004/ref" xmlns:link="http://www.xbrl.org/2003/linkbase" xmlns:xlink="http://www.w3.org/1999/xlink" xsi:schemaLocation="http://www.xbrl.org/2003/linkbase http://www.xbrl.org/2003/xbrl-linkbase-2003-12-31.xsd http://www.xbrl.org/2004/ref http://www.xbrl.org/2004/ref-2004-08-10.xsd">
	<link:roleRef roleURI="http://www.taxonomier.se/se/fr/role/reference/legislation/avpl" xlink:type="simple" xlink:href="../../../shared/role/se-leg-role/2021-10-31/se-leg-role-2021-10-31.xsd#LEG_ROLE_AVPL"/>
	<link:referenceLink xlink:type="extended" xlink:role="http://www.taxonomier.se/se/fr/role/reference/legislation/avpl" id="AVPL">
		<link:loc xlink:type="locator" xlink:href="se-tax-base-2022-09-12.xsd#se-tax-base_UnderlagForAvkastningsskattAbstract" xlink:label="referens_locator_UnderlagForAvkastningsskattAbstract_AvPL_100" xlink:title="referens_locator_UnderlagForAvkastningsskattAbstract_AvPL_100"/>
		<link:reference xlink:type="resource" xlink:label="referens_resource_UnderlagForAvkastningsskattAbstract_AvPL_100_reference" xlink:role="http://www.xbrl.org/2003/role/reference" xlink:title="referens_resource_UnderlagForAvkastningsskattAbstract_AvPL_100_reference">
			<ref:Name>AvPL</ref:Name>
			<ref:Number>1990:661</ref:Number>
		</link:reference>
		<link:referenceArc xlink:type="arc" xlink:arcrole="http://www.xbrl.org/2003/arcrole/concept-reference" xlink:from="referens_locator_UnderlagForAvkastningsskattAbstract_AvPL_100" xlink:to="referens_resource_UnderlagForAvkastningsskattAbstract_AvPL_100_reference" xlink:title="reference: referens_locator_UnderlagForAvkastningsskattAbstract_AvPL_100 to referens_resource_UnderlagForAvkastningsskattAbstract_AvPL_100_reference"/>
		<link:loc xlink:type="locator" xlink:href="se-tax-base-2022-09-12.xsd#se-tax-base_UnderlagForAvkastningsskatt15ProcentForsakringsforetagMFlSamtAvsattTillPensioner" xlink:label="referens_locator_UnderlagForAvkastningsskatt15ProcentForsakringsforetagMFlSamtAvsattTillPensioner_AvPL_108" xlink:title="referens_locator_UnderlagForAvkastningsskatt15ProcentForsakringsforetagMFlSamtAvsattTillPensioner_AvPL_108"/>
		<link:reference xlink:type="resource" xlink:label="referens_resource_UnderlagForAvkastningsskatt15ProcentForsakringsforetagMFlSamtAvsattTillPensioner_AvPL_108_reference" xlink:role="http://www.xbrl.org/2003/role/reference" xlink:title="referens_resource_UnderlagForAvkastningsskatt15ProcentForsakringsforetagMFlSamtAvsattTillPensioner_AvPL_108_reference">
			<ref:Name>AvPL</ref:Name>
			<ref:Number>1990:661</ref:Number>
		</link:reference>
		<link:referenceArc xlink:type="arc" xlink:arcrole="http://www.xbrl.org/2003/arcrole/concept-reference" xlink:from="referens_locator_UnderlagForAvkastningsskatt15ProcentForsakringsforetagMFlSamtAvsattTillPensioner_AvPL_108" xlink:to="referens_resource_UnderlagForAvkastningsskatt15ProcentForsakringsforetagMFlSamtAvsattTillPensioner_AvPL_108_reference" xlink:title="reference: referens_locator_UnderlagForAvkastningsskatt15ProcentForsakringsforetagMFlSamtAvsattTillPensioner_AvPL_108 to referens_resource_UnderlagForAvkastningsskatt15ProcentForsakringsforetagMFlSamtAvsattTillPensioner_AvPL_108_reference"/>
		<link:loc xlink:type="locator" xlink:href="se-tax-base-2022-09-12.xsd#se-tax-base_UnderlagForAvkastningsskatt15ProcentUtlandskaPensionsforsakringar" xlink:label="referens_locator_UnderlagForAvkastningsskatt15ProcentUtlandskaPensionsforsakringar_AvPL_117" xlink:title="referens_locator_UnderlagForAvkastningsskatt15ProcentUtlandskaPensionsforsakringar_AvPL_117"/>
		<link:reference xlink:type="resource" xlink:label="referens_resource_UnderlagForAvkastningsskatt15ProcentUtlandskaPensionsforsakringar_AvPL_117_reference" xlink:role="http://www.xbrl.org/2003/role/reference" xlink:title="referens_resource_UnderlagForAvkastningsskatt15ProcentUtlandskaPensionsforsakringar_AvPL_117_reference">
			<ref:Name>AvPL</ref:Name>
			<ref:Number>1990:661</ref:Number>
		</link:reference>
		<link:referenceArc xlink:type="arc" xlink:arcrole="http://www.xbrl.org/2003/arcrole/concept-reference" xlink:from="referens_locator_UnderlagForAvkastningsskatt15ProcentUtlandskaPensionsforsakringar_AvPL_117" xlink:to="referens_resource_UnderlagForAvkastningsskatt15ProcentUtlandskaPensionsforsakringar_AvPL_117_reference" xlink:title="reference: referens_locator_UnderlagForAvkastningsskatt15ProcentUtlandskaPensionsforsakringar_AvPL_117 to referens_resource_UnderlagForAvkastningsskatt15ProcentUtlandskaPensionsforsakringar_AvPL_117_reference"/>
		<link:loc xlink:type="locator" xlink:href="se-tax-base-2022-09-12.xsd#se-tax-base_UnderlagForAvkastningsskatt30ProcentForsakringsforetagMFl" xlink:label="referens_locator_UnderlagForAvkastningsskatt30ProcentForsakringsforetagMFl_AvPL_121" xlink:title="referens_locator_UnderlagForAvkastningsskatt30ProcentForsakringsforetagMFl_AvPL_121"/>
		<link:reference xlink:type="resource" xlink:label="referens_resource_UnderlagForAvkastningsskatt30ProcentForsakringsforetagMFl_AvPL_121_reference" xlink:role="http://www.xbrl.org/2003/role/reference" xlink:title="referens_resource_UnderlagForAvkastningsskatt30ProcentForsakringsforetagMFl_AvPL_121_reference">
			<ref:Name>AvPL</ref:Name>
			<ref:Number>1990:661</ref:Number>
		</link:reference>
		<link:referenceArc xlink:type="arc" xlink:arcrole="http://www.xbrl.org/2003/arcrole/concept-reference" xlink:from="referens_locator_UnderlagForAvkastningsskatt30ProcentForsakringsforetagMFl_AvPL_121" xlink:to="referens_resource_UnderlagForAvkastningsskatt30ProcentForsakringsforetagMFl_AvPL_121_reference" xlink:title="reference: referens_locator_UnderlagForAvkastningsskatt30ProcentForsakringsforetagMFl_AvPL_121 to referens_resource_UnderlagForAvkastningsskatt30ProcentForsakringsforetagMFl_AvPL_121_reference"/>
		<link:loc xlink:type="locator" xlink:href="se-tax-base-2022-09-12.xsd#se-tax-base_UnderlagForAvkastningsskatt30ProcentUtlandskaKapitalforsakringar" xlink:label="referens_locator_UnderlagForAvkastningsskatt30ProcentUtlandskaKapitalforsakringar_AvPL_127" xlink:title="referens_locator_UnderlagForAvkastningsskatt30ProcentUtlandskaKapitalforsakringar_AvPL_127"/>
		<link:reference xlink:type="resource" xlink:label="referens_resource_UnderlagForAvkastningsskatt30ProcentUtlandskaKapitalforsakringar_AvPL_127_reference" xlink:role="http://www.xbrl.org/2003/role/reference" xlink:title="referens_resource_UnderlagForAvkastningsskatt30ProcentUtlandskaKapitalforsakringar_AvPL_127_reference">
			<ref:Name>AvPL</ref:Name>
			<ref:Number>1990:661</ref:Number>
		</link:reference>
		<link:referenceArc xlink:type="arc" xlink:arcrole="http://www.xbrl.org/2003/arcrole/concept-reference" xlink:from="referens_locator_UnderlagForAvkastningsskatt30ProcentUtlandskaKapitalforsakringar_AvPL_127" xlink:to="referens_resource_UnderlagForAvkastningsskatt30ProcentUtlandskaKapitalforsakringar_AvPL_127_reference" xlink:title="reference: referens_locator_UnderlagForAvkastningsskatt30ProcentUtlandskaKapitalforsakringar_AvPL_127 to referens_resource_UnderlagForAvkastningsskatt30ProcentUtlandskaKapitalforsakringar_AvPL_127_reference"/>
	</link:referenceLink>
</link:linkbase>