<?xml version="1.0" encoding="UTF-8"?>
<!-- Generated by Fujitsu Interstage XWand B0245 -->
<link:linkbase xmlns:xsi="http://www.w3.org/2001/XMLSchema-instance" xsi:schemaLocation="http://www.xbrl.org/2003/linkbase http://www.xbrl.org/2003/xbrl-linkbase-2003-12-31.xsd" xmlns:se-feky-ext="http://www.taxonomier.se/se/fr/stat/fek/feky-ext/2021-10-31" xmlns:link="http://www.xbrl.org/2003/linkbase" xmlns:xbrli="http://www.xbrl.org/2003/instance" xmlns:xlink="http://www.w3.org/1999/xlink">
  <link:labelLink xlink:type="extended" xlink:role="http://www.xbrl.org/2003/role/link">
    <link:loc xlink:type="locator" xlink:href="../../../../../base/se-cd-base/2021-10-31/se-cd-base-2021-10-31.xsd#se-cd-base_RakenskapsarAbstract" xlink:label="RakenskapsarAbstract" xlink:title="RakenskapsarAbstract"/>
    <link:label xlink:type="resource" xlink:label="label_RakenskapsarAbstract" xlink:role="http://www.xbrl.org/2003/role/verboseLabel" xlink:title="label_RakenskapsarAbstract" xml:lang="sv" id="label_RakenskapsarAbstract">Räkenskapsår</link:label>
    <link:labelArc xlink:type="arc" xlink:arcrole="http://www.xbrl.org/2003/arcrole/concept-label" xlink:from="RakenskapsarAbstract" xlink:to="label_RakenskapsarAbstract" xlink:title="label: RakenskapsarAbstract to label_RakenskapsarAbstract"/>
    <link:loc xlink:type="locator" xlink:href="../../../../../base/se-gen-base/2021-10-31/se-gen-base-2021-10-31.xsd#se-gen-base_RorelseresultatAbstract" xlink:label="RorelseresultatAbstract" xlink:title="RorelseresultatAbstract"/>
    <link:label xlink:type="resource" xlink:label="label_RorelseresultatAbstract" xlink:role="http://www.xbrl.org/2003/role/verboseLabel" xlink:title="label_RorelseresultatAbstract" xml:lang="sv" id="label_RorelseresultatAbstract">Rörelseresultat</link:label>
    <link:labelArc xlink:type="arc" xlink:arcrole="http://www.xbrl.org/2003/arcrole/concept-label" xlink:from="RorelseresultatAbstract" xlink:to="label_RorelseresultatAbstract" xlink:title="label: RorelseresultatAbstract to label_RorelseresultatAbstract"/>
    <link:loc xlink:type="locator" xlink:href="../../../../../base/se-gen-base/2021-10-31/se-gen-base-2021-10-31.xsd#se-gen-base_RorelsensIntakterLagerforandringarMmAbstract" xlink:label="RorelsensIntakterLagerforandringarMmAbstract" xlink:title="RorelsensIntakterLagerforandringarMmAbstract"/>
    <link:label xlink:type="resource" xlink:label="label_RorelsensIntakterLagerforandringarMmAbstract" xlink:role="http://www.xbrl.org/2003/role/verboseLabel" xlink:title="label_RorelsensIntakterLagerforandringarMmAbstract" xml:lang="sv" id="label_RorelsensIntakterLagerforandringarMmAbstract">Rörelsens intäkter, lagerförändringar m.m.</link:label>
    <link:labelArc xlink:type="arc" xlink:arcrole="http://www.xbrl.org/2003/arcrole/concept-label" xlink:from="RorelsensIntakterLagerforandringarMmAbstract" xlink:to="label_RorelsensIntakterLagerforandringarMmAbstract" xlink:title="label: RorelsensIntakterLagerforandringarMmAbstract to label_RorelsensIntakterLagerforandringarMmAbstract"/>
    <link:loc xlink:type="locator" xlink:href="../../../../../base/se-gen-base/2021-10-31/se-gen-base-2021-10-31.xsd#se-gen-base_RorelsekostnaderAbstract" xlink:label="RorelsekostnaderAbstract" xlink:title="RorelsekostnaderAbstract"/>
    <link:label xlink:type="resource" xlink:label="label_RorelsekostnaderAbstract" xlink:role="http://www.xbrl.org/2003/role/verboseLabel" xlink:title="label_RorelsekostnaderAbstract" xml:lang="sv" id="label_RorelsekostnaderAbstract">Rörelsens kostnader</link:label>
    <link:labelArc xlink:type="arc" xlink:arcrole="http://www.xbrl.org/2003/arcrole/concept-label" xlink:from="RorelsekostnaderAbstract" xlink:to="label_RorelsekostnaderAbstract" xlink:title="label: RorelsekostnaderAbstract to label_RorelsekostnaderAbstract"/>
    <link:loc xlink:type="locator" xlink:href="../../../../../base/se-gen-base/2021-10-31/se-gen-base-2021-10-31.xsd#se-gen-base_FinansiellaPosterAbstract" xlink:label="FinansiellaPosterAbstract" xlink:title="FinansiellaPosterAbstract"/>
    <link:label xlink:type="resource" xlink:label="label_FinansiellaPosterAbstract" xlink:role="http://www.xbrl.org/2003/role/verboseLabel" xlink:title="label_FinansiellaPosterAbstract" xml:lang="sv" id="label_FinansiellaPosterAbstract">Resultat från finansiella poster</link:label>
    <link:labelArc xlink:type="arc" xlink:arcrole="http://www.xbrl.org/2003/arcrole/concept-label" xlink:from="FinansiellaPosterAbstract" xlink:to="label_FinansiellaPosterAbstract" xlink:title="label: FinansiellaPosterAbstract to label_FinansiellaPosterAbstract"/>
    <link:loc xlink:type="locator" xlink:href="../../../../../base/se-gen-base/2021-10-31/se-gen-base-2021-10-31.xsd#se-gen-base_BokslutsdispositionerAbstract" xlink:label="BokslutsdispositionerAbstract" xlink:title="BokslutsdispositionerAbstract"/>
    <link:label xlink:type="resource" xlink:label="label_BokslutsdispositionerAbstract" xlink:role="http://www.xbrl.org/2003/role/verboseLabel" xlink:title="label_BokslutsdispositionerAbstract" xml:lang="sv" id="label_BokslutsdispositionerAbstract">Bokslutsdispositioner</link:label>
    <link:labelArc xlink:type="arc" xlink:arcrole="http://www.xbrl.org/2003/arcrole/concept-label" xlink:from="BokslutsdispositionerAbstract" xlink:to="label_BokslutsdispositionerAbstract" xlink:title="label: BokslutsdispositionerAbstract to label_BokslutsdispositionerAbstract"/>
    <link:loc xlink:type="locator" xlink:href="../../../../../base/se-gen-base/2021-10-31/se-gen-base-2021-10-31.xsd#se-gen-base_SkatterAbstract" xlink:label="SkatterAbstract" xlink:title="SkatterAbstract"/>
    <link:label xlink:type="resource" xlink:label="label_SkatterAbstract" xlink:role="http://www.xbrl.org/2003/role/verboseLabel" xlink:title="label_SkatterAbstract" xml:lang="sv" id="label_SkatterAbstract">Skatter</link:label>
    <link:labelArc xlink:type="arc" xlink:arcrole="http://www.xbrl.org/2003/arcrole/concept-label" xlink:from="SkatterAbstract" xlink:to="label_SkatterAbstract" xlink:title="label: SkatterAbstract to label_SkatterAbstract"/>
    <link:loc xlink:type="locator" xlink:href="../../../../../base/se-gen-base/2021-10-31/se-gen-base-2021-10-31.xsd#se-gen-base_VarulagerMmAbstract" xlink:label="VarulagerMmAbstract" xlink:title="VarulagerMmAbstract"/>
    <link:label xlink:type="resource" xlink:label="label_VarulagerMmAbstract" xlink:role="http://www.xbrl.org/2003/role/verboseLabel" xlink:title="label_VarulagerMmAbstract" xml:lang="sv" id="label_VarulagerMmAbstract">Varulager m.m.</link:label>
    <link:labelArc xlink:type="arc" xlink:arcrole="http://www.xbrl.org/2003/arcrole/concept-label" xlink:from="VarulagerMmAbstract" xlink:to="label_VarulagerMmAbstract" xlink:title="label: VarulagerMmAbstract to label_VarulagerMmAbstract"/>
    <link:loc xlink:type="locator" xlink:href="../../../../../base/se-gen-base/2021-10-31/se-gen-base-2021-10-31.xsd#se-gen-base_SocialaKostnaderInklusivePensionskostnaderAbstract" xlink:label="SocialaKostnaderInklusivePensionskostnaderAbstract" xlink:title="SocialaKostnaderInklusivePensionskostnaderAbstract"/>
    <link:label xlink:type="resource" xlink:label="label_SocialaKostnaderInklusivePensionskostnaderAbstract" xlink:role="http://www.xbrl.org/2003/role/verboseLabel" xlink:title="label_SocialaKostnaderInklusivePensionskostnaderAbstract" xml:lang="sv" id="label_SocialaKostnaderInklusivePensionskostnaderAbstract">Sociala kostnader inklusive pensionskostnader</link:label>
    <link:labelArc xlink:type="arc" xlink:arcrole="http://www.xbrl.org/2003/arcrole/concept-label" xlink:from="SocialaKostnaderInklusivePensionskostnaderAbstract" xlink:to="label_SocialaKostnaderInklusivePensionskostnaderAbstract" xlink:title="label: SocialaKostnaderInklusivePensionskostnaderAbstract to label_SocialaKostnaderInklusivePensionskostnaderAbstract"/>
    <link:loc xlink:type="locator" xlink:href="../../../../../base/se-gen-base/2021-10-31/se-gen-base-2021-10-31.xsd#se-gen-base_OvrigaBokslutsdispositionerAbstract" xlink:label="OvrigaBokslutsdispositionerAbstract" xlink:title="OvrigaBokslutsdispositionerAbstract"/>
    <link:label xlink:type="resource" xlink:label="label_OvrigaBokslutsdispositionerAbstract" xlink:role="http://www.xbrl.org/2003/role/verboseLabel" xlink:title="label_OvrigaBokslutsdispositionerAbstract" xml:lang="sv" id="label_OvrigaBokslutsdispositionerAbstract">Övriga bokslutsdispositioner</link:label>
    <link:labelArc xlink:type="arc" xlink:arcrole="http://www.xbrl.org/2003/arcrole/concept-label" xlink:from="OvrigaBokslutsdispositionerAbstract" xlink:to="label_OvrigaBokslutsdispositionerAbstract" xlink:title="label: OvrigaBokslutsdispositionerAbstract to label_OvrigaBokslutsdispositionerAbstract"/>
    <link:loc xlink:type="locator" xlink:href="../../../../../base/se-gen-base/2021-10-31/se-gen-base-2021-10-31.xsd#se-gen-base_ForbattringsutgifterAnnansFastighetForandringAnskaffningsvardenForsaljningarUtrangeringar" xlink:label="ForbattringsutgifterAnnansFastighetForandringAnskaffningsvardenForsaljningarUtrangeringar" xlink:title="ForbattringsutgifterAnnansFastighetForandringAnskaffningsvardenForsaljningarUtrangeringar"/>
    <link:label xlink:type="resource" xlink:label="label_ForbattringsutgifterAnnansFastighetForandringAnskaffningsvardenForsaljningarUtrangeringar" xlink:role="http://www.xbrl.org/2003/role/verboseLabel" xlink:title="label_ForbattringsutgifterAnnansFastighetForandringAnskaffningsvardenForsaljningarUtrangeringar" xml:lang="sv" id="label_ForbattringsutgifterAnnansFastighetForandringAnskaffningsvardenForsaljningarUtrangeringar">Avgående anskaffningsvärden vid försäljningar/utrangeringar</link:label>
    <link:labelArc xlink:type="arc" xlink:arcrole="http://www.xbrl.org/2003/arcrole/concept-label" xlink:from="ForbattringsutgifterAnnansFastighetForandringAnskaffningsvardenForsaljningarUtrangeringar" xlink:to="label_ForbattringsutgifterAnnansFastighetForandringAnskaffningsvardenForsaljningarUtrangeringar" xlink:title="label: ForbattringsutgifterAnnansFastighetForandringAnskaffningsvardenForsaljningarUtrangeringar to label_ForbattringsutgifterAnnansFastighetForandringAnskaffningsvardenForsaljningarUtrangeringar"/>
    <link:loc xlink:type="locator" xlink:href="../../../../../base/se-gen-base/2021-10-31/se-gen-base-2021-10-31.xsd#se-gen-base_InventarierVerktygInstallationerAbstract" xlink:label="InventarierVerktygInstallationerAbstract" xlink:title="InventarierVerktygInstallationerAbstract"/>
    <link:label xlink:type="resource" xlink:label="label_InventarierVerktygInstallationerAbstract" xlink:role="http://www.xbrl.org/2003/role/verboseLabel" xlink:title="label_InventarierVerktygInstallationerAbstract" xml:lang="sv" id="label_InventarierVerktygInstallationerAbstract">Inventarier, verktyg och installationer</link:label>
    <link:labelArc xlink:type="arc" xlink:arcrole="http://www.xbrl.org/2003/arcrole/concept-label" xlink:from="InventarierVerktygInstallationerAbstract" xlink:to="label_InventarierVerktygInstallationerAbstract" xlink:title="label: InventarierVerktygInstallationerAbstract to label_InventarierVerktygInstallationerAbstract"/>
    <link:loc xlink:type="locator" xlink:href="../../../../../base/se-gen-base/2021-10-31/se-gen-base-2021-10-31.xsd#se-gen-base_ForbattringsutgifterAnnansFastighetForandringRedovisatVardeForsaljningUtrangeringAbstract" xlink:label="ForbattringsutgifterAnnansFastighetForandringRedovisatVardeForsaljningUtrangeringAbstract" xlink:title="ForbattringsutgifterAnnansFastighetForandringRedovisatVardeForsaljningUtrangeringAbstract"/>
    <link:label xlink:type="resource" xlink:label="label_ForbattringsutgifterAnnansFastighetForandringRedovisatVardeForsaljningUtrangeringAbstract" xlink:role="http://www.xbrl.org/2003/role/verboseLabel" xlink:title="label_ForbattringsutgifterAnnansFastighetForandringRedovisatVardeForsaljningUtrangeringAbstract" xml:lang="sv" id="label_ForbattringsutgifterAnnansFastighetForandringRedovisatVardeForsaljningUtrangeringAbstract">Förändring av redovisat värde vid försäljningar/utrangeringar</link:label>
    <link:labelArc xlink:type="arc" xlink:arcrole="http://www.xbrl.org/2003/arcrole/concept-label" xlink:from="ForbattringsutgifterAnnansFastighetForandringRedovisatVardeForsaljningUtrangeringAbstract" xlink:to="label_ForbattringsutgifterAnnansFastighetForandringRedovisatVardeForsaljningUtrangeringAbstract" xlink:title="label: ForbattringsutgifterAnnansFastighetForandringRedovisatVardeForsaljningUtrangeringAbstract to label_ForbattringsutgifterAnnansFastighetForandringRedovisatVardeForsaljningUtrangeringAbstract"/>
    <link:loc xlink:type="locator" xlink:href="../../../../../base/se-gen-base/2021-10-31/se-gen-base-2021-10-31.xsd#se-gen-base_MaskinerAndraTekniskaAnlaggningarForandringRedovisatVardeForsaljningUtrangeringAbstract" xlink:label="MaskinerAndraTekniskaAnlaggningarForandringRedovisatVardeForsaljningUtrangeringAbstract" xlink:title="MaskinerAndraTekniskaAnlaggningarForandringRedovisatVardeForsaljningUtrangeringAbstract"/>
    <link:label xlink:type="resource" xlink:label="label_MaskinerAndraTekniskaAnlaggningarForandringRedovisatVardeForsaljningUtrangeringAbstract" xlink:role="http://www.xbrl.org/2003/role/verboseLabel" xlink:title="label_MaskinerAndraTekniskaAnlaggningarForandringRedovisatVardeForsaljningUtrangeringAbstract" xml:lang="sv" id="label_MaskinerAndraTekniskaAnlaggningarForandringRedovisatVardeForsaljningUtrangeringAbstract">Förändring av redovisat värde vid försäljningar/utrangeringar</link:label>
    <link:labelArc xlink:type="arc" xlink:arcrole="http://www.xbrl.org/2003/arcrole/concept-label" xlink:from="MaskinerAndraTekniskaAnlaggningarForandringRedovisatVardeForsaljningUtrangeringAbstract" xlink:to="label_MaskinerAndraTekniskaAnlaggningarForandringRedovisatVardeForsaljningUtrangeringAbstract" xlink:title="label: MaskinerAndraTekniskaAnlaggningarForandringRedovisatVardeForsaljningUtrangeringAbstract to label_MaskinerAndraTekniskaAnlaggningarForandringRedovisatVardeForsaljningUtrangeringAbstract"/>
    <link:loc xlink:type="locator" xlink:href="../../../../../base/se-gen-base/2021-10-31/se-gen-base-2021-10-31.xsd#se-gen-base_OvrigaMateriellaAnlaggningstillgangarForandringRedovisatVardeForsaljningUtrangeringAbstract" xlink:label="OvrigaMateriellaAnlaggningstillgangarForandringRedovisatVardeForsaljningUtrangeringAbstract" xlink:title="OvrigaMateriellaAnlaggningstillgangarForandringRedovisatVardeForsaljningUtrangeringAbstract"/>
    <link:label xlink:type="resource" xlink:label="label_OvrigaMateriellaAnlaggningstillgangarForandringRedovisatVardeForsaljningUtrangeringAbstract" xlink:role="http://www.xbrl.org/2003/role/verboseLabel" xlink:title="label_OvrigaMateriellaAnlaggningstillgangarForandringRedovisatVardeForsaljningUtrangeringAbstract" xml:lang="sv" id="label_OvrigaMateriellaAnlaggningstillgangarForandringRedovisatVardeForsaljningUtrangeringAbstract">Förändring av redovisat värde vid försäljningar/utrangeringar</link:label>
    <link:labelArc xlink:type="arc" xlink:arcrole="http://www.xbrl.org/2003/arcrole/concept-label" xlink:from="OvrigaMateriellaAnlaggningstillgangarForandringRedovisatVardeForsaljningUtrangeringAbstract" xlink:to="label_OvrigaMateriellaAnlaggningstillgangarForandringRedovisatVardeForsaljningUtrangeringAbstract" xlink:title="label: OvrigaMateriellaAnlaggningstillgangarForandringRedovisatVardeForsaljningUtrangeringAbstract to label_OvrigaMateriellaAnlaggningstillgangarForandringRedovisatVardeForsaljningUtrangeringAbstract"/>
    <link:loc xlink:type="locator" xlink:href="../../../../../base/se-gen-base/2021-10-31/se-gen-base-2021-10-31.xsd#se-gen-base_FordelningPersonalkostnaderAbstract" xlink:label="FordelningPersonalkostnaderAbstract" xlink:title="FordelningPersonalkostnaderAbstract"/>
    <link:label xlink:type="resource" xlink:label="label_FordelningPersonalkostnaderAbstract" xlink:role="http://www.xbrl.org/2003/role/verboseLabel" xlink:title="label_FordelningPersonalkostnaderAbstract" xml:lang="sv" id="label_FordelningPersonalkostnaderAbstract">Fördelning av personalkostnader</link:label>
    <link:labelArc xlink:type="arc" xlink:arcrole="http://www.xbrl.org/2003/arcrole/concept-label" xlink:from="FordelningPersonalkostnaderAbstract" xlink:to="label_FordelningPersonalkostnaderAbstract" xlink:title="label: FordelningPersonalkostnaderAbstract to label_FordelningPersonalkostnaderAbstract"/>
    <link:loc xlink:type="locator" xlink:href="../../../../../base/se-gen-base/2021-10-31/se-gen-base-2021-10-31.xsd#se-gen-base_FordelningAndraPersonalkostnaderAbstract" xlink:label="FordelningAndraPersonalkostnaderAbstract" xlink:title="FordelningAndraPersonalkostnaderAbstract"/>
    <link:label xlink:type="resource" xlink:label="label_FordelningAndraPersonalkostnaderAbstract" xlink:role="http://www.xbrl.org/2003/role/verboseLabel" xlink:title="label_FordelningAndraPersonalkostnaderAbstract" xml:lang="sv" id="label_FordelningAndraPersonalkostnaderAbstract">Andra personalkostnader</link:label>
    <link:labelArc xlink:type="arc" xlink:arcrole="http://www.xbrl.org/2003/arcrole/concept-label" xlink:from="FordelningAndraPersonalkostnaderAbstract" xlink:to="label_FordelningAndraPersonalkostnaderAbstract" xlink:title="label: FordelningAndraPersonalkostnaderAbstract to label_FordelningAndraPersonalkostnaderAbstract"/>
    <link:loc xlink:type="locator" xlink:href="../../../../../base/se-gen-base/2021-10-31/se-gen-base-2021-10-31.xsd#se-gen-base_ByggnaderMarkForandringRedovisatVardeForsaljningUtrangeringAbstract" xlink:label="ByggnaderMarkForandringRedovisatVardeForsaljningUtrangeringAbstract" xlink:title="ByggnaderMarkForandringRedovisatVardeForsaljningUtrangeringAbstract"/>
    <link:label xlink:type="resource" xlink:label="label_ByggnaderMarkForandringRedovisatVardeForsaljningUtrangeringAbstract" xlink:role="http://www.xbrl.org/2003/role/verboseLabel" xlink:title="label_ByggnaderMarkForandringRedovisatVardeForsaljningUtrangeringAbstract" xml:lang="sv" id="label_ByggnaderMarkForandringRedovisatVardeForsaljningUtrangeringAbstract">Förändring av redovisat värde vid försäljningar/utrangeringar</link:label>
    <link:labelArc xlink:type="arc" xlink:arcrole="http://www.xbrl.org/2003/arcrole/concept-label" xlink:from="ByggnaderMarkForandringRedovisatVardeForsaljningUtrangeringAbstract" xlink:to="label_ByggnaderMarkForandringRedovisatVardeForsaljningUtrangeringAbstract" xlink:title="label: ByggnaderMarkForandringRedovisatVardeForsaljningUtrangeringAbstract to label_ByggnaderMarkForandringRedovisatVardeForsaljningUtrangeringAbstract"/>
    <link:loc xlink:type="locator" xlink:href="../../../../../base/se-gen-base/2021-10-31/se-gen-base-2021-10-31.xsd#se-gen-base_InventarierVerktygInstallationerForandringRedovisatVardeForsaljningUtrangeringAbstract" xlink:label="InventarierVerktygInstallationerForandringRedovisatVardeForsaljningUtrangeringAbstract" xlink:title="InventarierVerktygInstallationerForandringRedovisatVardeForsaljningUtrangeringAbstract"/>
    <link:label xlink:type="resource" xlink:label="label_InventarierVerktygInstallationerForandringRedovisatVardeForsaljningUtrangeringAbstract" xlink:role="http://www.xbrl.org/2003/role/verboseLabel" xlink:title="label_InventarierVerktygInstallationerForandringRedovisatVardeForsaljningUtrangeringAbstract" xml:lang="sv" id="label_InventarierVerktygInstallationerForandringRedovisatVardeForsaljningUtrangeringAbstract">Förändring av redovisat värde vid försäljningar/utrangeringar</link:label>
    <link:labelArc xlink:type="arc" xlink:arcrole="http://www.xbrl.org/2003/arcrole/concept-label" xlink:from="InventarierVerktygInstallationerForandringRedovisatVardeForsaljningUtrangeringAbstract" xlink:to="label_InventarierVerktygInstallationerForandringRedovisatVardeForsaljningUtrangeringAbstract" xlink:title="label: InventarierVerktygInstallationerForandringRedovisatVardeForsaljningUtrangeringAbstract to label_InventarierVerktygInstallationerForandringRedovisatVardeForsaljningUtrangeringAbstract"/>
    <link:loc xlink:type="locator" xlink:href="../../../../../base/se-gen-base/2021-10-31/se-gen-base-2021-10-31.xsd#se-gen-base_PagaendeNyanlaggningarMateriellaAnlaggningstillgangarForandringRedovisatVardeForsaljningUtrangeringAbstract" xlink:label="PagaendeNyanlaggningarMateriellaAnlaggningstillgangarForandringRedovisatVardeForsaljningUtrangeringAbstract" xlink:title="PagaendeNyanlaggningarMateriellaAnlaggningstillgangarForandringRedovisatVardeForsaljningUtrangeringAbstract"/>
    <link:label xlink:type="resource" xlink:label="label_PagaendeNyanlaggningarMateriellaAnlaggningstillgangarForandringRedovisatVardeForsaljningUtrangeringAbstract" xlink:role="http://www.xbrl.org/2003/role/verboseLabel" xlink:title="label_PagaendeNyanlaggningarMateriellaAnlaggningstillgangarForandringRedovisatVardeForsaljningUtrangeringAbstract" xml:lang="sv" id="label_PagaendeNyanlaggningarMateriellaAnlaggningstillgangarForandringRedovisatVardeForsaljningUtrangeringAbstract">Förändring av redovisat värde vid försäljningar/utrangeringar</link:label>
    <link:labelArc xlink:type="arc" xlink:arcrole="http://www.xbrl.org/2003/arcrole/concept-label" xlink:from="PagaendeNyanlaggningarMateriellaAnlaggningstillgangarForandringRedovisatVardeForsaljningUtrangeringAbstract" xlink:to="label_PagaendeNyanlaggningarMateriellaAnlaggningstillgangarForandringRedovisatVardeForsaljningUtrangeringAbstract" xlink:title="label: PagaendeNyanlaggningarMateriellaAnlaggningstillgangarForandringRedovisatVardeForsaljningUtrangeringAbstract to label_PagaendeNyanlaggningarMateriellaAnlaggningstillgangarForandringRedovisatVardeForsaljningUtrangeringAbstract"/>
    <link:loc xlink:type="locator" xlink:href="../../../../../base/se-gen-base/2021-10-31/se-gen-base-2021-10-31.xsd#se-gen-base_TillverkningUtvinningMineralerReparationerInstallationerAbstract" xlink:label="TillverkningUtvinningMineralerReparationerInstallationerAbstract" xlink:title="TillverkningUtvinningMineralerReparationerInstallationerAbstract"/>
    <link:label xlink:type="resource" xlink:label="label_TillverkningUtvinningMineralerReparationerInstallationerAbstract" xlink:role="http://www.xbrl.org/2003/role/verboseLabel" xlink:title="label_TillverkningUtvinningMineralerReparationerInstallationerAbstract" xml:lang="sv" id="label_TillverkningUtvinningMineralerReparationerInstallationerAbstract">Tillverkning, utvinning av mineraler, reparationer och installationer (Industriverksamhet)</link:label>
    <link:labelArc xlink:type="arc" xlink:arcrole="http://www.xbrl.org/2003/arcrole/concept-label" xlink:from="TillverkningUtvinningMineralerReparationerInstallationerAbstract" xlink:to="label_TillverkningUtvinningMineralerReparationerInstallationerAbstract" xlink:title="label: TillverkningUtvinningMineralerReparationerInstallationerAbstract to label_TillverkningUtvinningMineralerReparationerInstallationerAbstract"/>
    <link:loc xlink:type="locator" xlink:href="se-feky-ext-2021-10-31.xsd#se-feky-ext_FordelningAvAndraExternaKostnaderTuple" xlink:label="FordelningAvAndraExternaKostnaderTuple" xlink:title="FordelningAvAndraExternaKostnaderTuple"/>
    <link:label xlink:type="resource" xlink:label="label_FordelningAvAndraExternaKostnaderTuple" xlink:role="http://www.xbrl.org/2003/role/verboseLabel" xlink:title="label_FordelningAvAndraExternaKostnaderTuple" xml:lang="sv" id="label_FordelningAvAndraExternaKostnaderTuple">Fördelning av kostnader för hyra av anläggningstillgångar, inhyrd personal och andra övriga externa kostnader</link:label>
    <link:labelArc xlink:type="arc" xlink:arcrole="http://www.xbrl.org/2003/arcrole/concept-label" xlink:from="FordelningAvAndraExternaKostnaderTuple" xlink:to="label_FordelningAvAndraExternaKostnaderTuple" xlink:title="label: FordelningAvAndraExternaKostnaderTuple to label_FordelningAvAndraExternaKostnaderTuple"/>
    <link:loc xlink:type="locator" xlink:href="se-feky-ext-2021-10-31.xsd#se-feky-ext_RavarorFornodenheterRestaurangServeringsverksamhetCateringKostnadsslagTuple" xlink:label="RavarorFornodenheterRestaurangServeringsverksamhetCateringKostnadsslagTuple" xlink:title="RavarorFornodenheterRestaurangServeringsverksamhetCateringKostnadsslagTuple"/>
    <link:label xlink:type="resource" xlink:label="label_RavarorFornodenheterRestaurangServeringsverksamhetCateringKostnadsslagTuple" xlink:role="http://www.xbrl.org/2003/role/verboseLabel" xlink:title="label_RavarorFornodenheterRestaurangServeringsverksamhetCateringKostnadsslagTuple" xml:lang="sv" id="label_RavarorFornodenheterRestaurangServeringsverksamhetCateringKostnadsslagTuple">Råvaror, förnödenheter och köpta tjänster avseende hotell-, restaurang- och serveringsverksamhet inklusive catering</link:label>
    <link:labelArc xlink:type="arc" xlink:arcrole="http://www.xbrl.org/2003/arcrole/concept-label" xlink:from="RavarorFornodenheterRestaurangServeringsverksamhetCateringKostnadsslagTuple" xlink:to="label_RavarorFornodenheterRestaurangServeringsverksamhetCateringKostnadsslagTuple" xlink:title="label: RavarorFornodenheterRestaurangServeringsverksamhetCateringKostnadsslagTuple to label_RavarorFornodenheterRestaurangServeringsverksamhetCateringKostnadsslagTuple"/>
    <link:loc xlink:type="locator" xlink:href="se-feky-ext-2021-10-31.xsd#se-feky-ext_RavarorFornodenheterFastighetsserviceBevakningKostnadsslagTuple" xlink:label="RavarorFornodenheterFastighetsserviceBevakningKostnadsslagTuple" xlink:title="RavarorFornodenheterFastighetsserviceBevakningKostnadsslagTuple"/>
    <link:label xlink:type="resource" xlink:label="label_RavarorFornodenheterFastighetsserviceBevakningKostnadsslagTuple" xlink:role="http://www.xbrl.org/2003/role/verboseLabel" xlink:title="label_RavarorFornodenheterFastighetsserviceBevakningKostnadsslagTuple" xml:lang="sv" id="label_RavarorFornodenheterFastighetsserviceBevakningKostnadsslagTuple">Råvaror, förnödenheter och köpta tjänster avseende fastighetsservice och bevaknings- och säkerhetsverksamhet</link:label>
    <link:labelArc xlink:type="arc" xlink:arcrole="http://www.xbrl.org/2003/arcrole/concept-label" xlink:from="RavarorFornodenheterFastighetsserviceBevakningKostnadsslagTuple" xlink:to="label_RavarorFornodenheterFastighetsserviceBevakningKostnadsslagTuple" xlink:title="label: RavarorFornodenheterFastighetsserviceBevakningKostnadsslagTuple to label_RavarorFornodenheterFastighetsserviceBevakningKostnadsslagTuple"/>
    <link:loc xlink:type="locator" xlink:href="se-feky-ext-2021-10-31.xsd#se-feky-ext_RavarorFornodenheteReklamMarknadsforingMediaDesignKostnadsslagTuple" xlink:label="RavarorFornodenheteReklamMarknadsforingMediaDesignKostnadsslagTuple" xlink:title="RavarorFornodenheteReklamMarknadsforingMediaDesignKostnadsslagTuple"/>
    <link:label xlink:type="resource" xlink:label="label_RavarorFornodenheteReklamMarknadsforingMediaDesignKostnadsslagTuple" xlink:role="http://www.xbrl.org/2003/role/verboseLabel" xlink:title="label_RavarorFornodenheteReklamMarknadsforingMediaDesignKostnadsslagTuple" xml:lang="sv" id="label_RavarorFornodenheteReklamMarknadsforingMediaDesignKostnadsslagTuple">Råvaror, förnödenheter och köpta tjänster avseende reklam-, marknadsundersöknings-, media-, design-, förlags- och tidningsdistributionsverksamhet</link:label>
    <link:labelArc xlink:type="arc" xlink:arcrole="http://www.xbrl.org/2003/arcrole/concept-label" xlink:from="RavarorFornodenheteReklamMarknadsforingMediaDesignKostnadsslagTuple" xlink:to="label_RavarorFornodenheteReklamMarknadsforingMediaDesignKostnadsslagTuple" xlink:title="label: RavarorFornodenheteReklamMarknadsforingMediaDesignKostnadsslagTuple to label_RavarorFornodenheteReklamMarknadsforingMediaDesignKostnadsslagTuple"/>
    <link:loc xlink:type="locator" xlink:href="se-feky-ext-2021-10-31.xsd#se-feky-ext_RavarorFornodenheterAnnanNojesKulturverksamhetKostnadsslagTuple" xlink:label="RavarorFornodenheterAnnanNojesKulturverksamhetKostnadsslagTuple" xlink:title="RavarorFornodenheterAnnanNojesKulturverksamhetKostnadsslagTuple"/>
    <link:label xlink:type="resource" xlink:label="label_RavarorFornodenheterAnnanNojesKulturverksamhetKostnadsslagTuple" xlink:role="http://www.xbrl.org/2003/role/verboseLabel" xlink:title="label_RavarorFornodenheterAnnanNojesKulturverksamhetKostnadsslagTuple" xml:lang="sv" id="label_RavarorFornodenheterAnnanNojesKulturverksamhetKostnadsslagTuple">Råvaror, förnödenheter och köpta tjänster avseende fritids- och annan nöjes- och kulturverksamhet</link:label>
    <link:labelArc xlink:type="arc" xlink:arcrole="http://www.xbrl.org/2003/arcrole/concept-label" xlink:from="RavarorFornodenheterAnnanNojesKulturverksamhetKostnadsslagTuple" xlink:to="label_RavarorFornodenheterAnnanNojesKulturverksamhetKostnadsslagTuple" xlink:title="label: RavarorFornodenheterAnnanNojesKulturverksamhetKostnadsslagTuple to label_RavarorFornodenheterAnnanNojesKulturverksamhetKostnadsslagTuple"/>
    <link:loc xlink:type="locator" xlink:href="se-feky-ext-2021-10-31.xsd#se-feky-ext_RavarorFornodenheterUtbildningsverksamhetKostnadsslagTuple" xlink:label="RavarorFornodenheterUtbildningsverksamhetKostnadsslagTuple" xlink:title="RavarorFornodenheterUtbildningsverksamhetKostnadsslagTuple"/>
    <link:label xlink:type="resource" xlink:label="label_RavarorFornodenheterUtbildningsverksamhetKostnadsslagTuple" xlink:role="http://www.xbrl.org/2003/role/verboseLabel" xlink:title="label_RavarorFornodenheterUtbildningsverksamhetKostnadsslagTuple" xml:lang="sv" id="label_RavarorFornodenheterUtbildningsverksamhetKostnadsslagTuple">Råvaror, förnödenheter och köpta tjänster avseende utbildning, intressebevakning och religiös verksamhet</link:label>
    <link:labelArc xlink:type="arc" xlink:arcrole="http://www.xbrl.org/2003/arcrole/concept-label" xlink:from="RavarorFornodenheterUtbildningsverksamhetKostnadsslagTuple" xlink:to="label_RavarorFornodenheterUtbildningsverksamhetKostnadsslagTuple" xlink:title="label: RavarorFornodenheterUtbildningsverksamhetKostnadsslagTuple to label_RavarorFornodenheterUtbildningsverksamhetKostnadsslagTuple"/>
  </link:labelLink>
</link:linkbase>
