<?xml version="1.0" encoding="UTF-8"?>
<!-- Generated by Fujitsu Interstage XWand B0245 -->
<link:linkbase xmlns:xsi="http://www.w3.org/2001/XMLSchema-instance" xsi:schemaLocation="http://www.xbrl.org/2004/ref http://www.xbrl.org/2004/ref-2004-08-10.xsd http://www.xbrl.org/2003/linkbase http://www.xbrl.org/2003/xbrl-linkbase-2003-12-31.xsd" xmlns:link="http://www.xbrl.org/2003/linkbase" xmlns:ref="http://www.xbrl.org/2004/ref" xmlns:xbrli="http://www.xbrl.org/2003/instance" xmlns:xlink="http://www.w3.org/1999/xlink">
  <link:roleRef roleURI="http://www.taxonomier.se/se/fr/role/reference/miscellaneous/bas/konto/2021/rorelse/intakter" xlink:type="simple" xlink:href="../../../../../shared/role/se-misc-role/2021-10-31/se-misc-role-2021-10-31.xsd#BASKONTO_2021_RINTAKT"/>
  <link:roleRef roleURI="http://www.taxonomier.se/se/fr/role/reference/miscellaneous/bas/konto/2021/rorelse/kostnader" xlink:type="simple" xlink:href="../../../../../shared/role/se-misc-role/2021-10-31/se-misc-role-2021-10-31.xsd#BASKONTO_2021_RKOSTN"/>
  <link:referenceLink xlink:type="extended" xlink:role="http://www.taxonomier.se/se/fr/role/reference/miscellaneous/bas/konto/2021/rorelse/kostnader">
    <link:loc xlink:type="locator" xlink:href="../../../../../base/se-gen-base/2021-10-31/se-gen-base-2021-10-31.xsd#se-gen-base_OvrigaRorelsekostnaderKostnadsslagBenamning" xlink:label="OvrigaRorelsekostnaderKostnadsslagBenamning" xlink:title="OvrigaRorelsekostnaderKostnadsslagBenamning"/>
    <link:reference xlink:type="resource" xlink:label="reference_OvrigaRorelsekostnaderKostnadsslagBenamning" xlink:role="http://www.xbrl.org/2003/role/reference" xlink:title="reference_OvrigaRorelsekostnaderKostnadsslagBenamning" id="reference_OvrigaRorelsekostnaderKostnadsslagBenamning">
      <ref:Publisher>BAS</ref:Publisher>
      <ref:Name>BAS-konto</ref:Name>
      <ref:Number>799x</ref:Number>
      <ref:Note>Del av konto</ref:Note>
    </link:reference>
    <link:referenceArc xlink:type="arc" xlink:arcrole="http://www.xbrl.org/2003/arcrole/concept-reference" xlink:from="OvrigaRorelsekostnaderKostnadsslagBenamning" xlink:to="reference_OvrigaRorelsekostnaderKostnadsslagBenamning" xlink:title="reference: OvrigaRorelsekostnaderKostnadsslagBenamning to reference_OvrigaRorelsekostnaderKostnadsslagBenamning"/>
    <link:loc xlink:type="locator" xlink:href="../../../../../base/se-gen-base/2021-10-31/se-gen-base-2021-10-31.xsd#se-gen-base_AnnanExternKostnadBenamning" xlink:label="AnnanExternKostnadBenamning" xlink:title="AnnanExternKostnadBenamning"/>
    <link:reference xlink:type="resource" xlink:label="reference_AnnanExternKostnadBenamning" xlink:role="http://www.xbrl.org/2003/role/reference" xlink:title="reference_AnnanExternKostnadBenamning" id="reference_AnnanExternKostnadBenamning">
      <ref:Publisher>BAS</ref:Publisher>
      <ref:Name>BAS-konto</ref:Name>
      <ref:Number>699x</ref:Number>
    </link:reference>
    <link:referenceArc xlink:type="arc" xlink:arcrole="http://www.xbrl.org/2003/arcrole/concept-reference" xlink:from="AnnanExternKostnadBenamning" xlink:to="reference_AnnanExternKostnadBenamning" xlink:title="reference: AnnanExternKostnadBenamning to reference_AnnanExternKostnadBenamning"/>
  </link:referenceLink>
  <link:referenceLink xlink:type="extended" xlink:role="http://www.taxonomier.se/se/fr/role/reference/miscellaneous/bas/konto/2021/rorelse/intakter">
    <link:loc xlink:type="locator" xlink:href="../../../../../base/se-gen-base/2021-10-31/se-gen-base-2021-10-31.xsd#se-gen-base_OvrigaRorelseintakterIntaktsslagBenamning" xlink:label="OvrigaRorelseintakterIntaktsslagBenamning" xlink:title="OvrigaRorelseintakterIntaktsslagBenamning"/>
    <link:reference xlink:type="resource" xlink:label="reference_OvrigaRorelseintakterIntaktsslagBenamning" xlink:role="http://www.xbrl.org/2003/role/reference" xlink:title="reference_OvrigaRorelseintakterIntaktsslagBenamning" id="reference_OvrigaRorelseintakterIntaktsslagBenamning">
      <ref:Publisher>BAS</ref:Publisher>
      <ref:Name>BAS-konto</ref:Name>
      <ref:Number>3999</ref:Number>
    </link:reference>
    <link:referenceArc xlink:type="arc" xlink:arcrole="http://www.xbrl.org/2003/arcrole/concept-reference" xlink:from="OvrigaRorelseintakterIntaktsslagBenamning" xlink:to="reference_OvrigaRorelseintakterIntaktsslagBenamning" xlink:title="reference: OvrigaRorelseintakterIntaktsslagBenamning to reference_OvrigaRorelseintakterIntaktsslagBenamning"/>
    <link:loc xlink:type="locator" xlink:href="../../../../../base/se-gen-base/2021-10-31/se-gen-base-2021-10-31.xsd#se-gen-base_Rorelseresultat" xlink:label="Rorelseresultat" xlink:title="Rorelseresultat"/>
    <link:reference xlink:type="resource" xlink:label="reference_Rorelseresultat" xlink:role="http://www.xbrl.org/2003/role/reference" xlink:title="reference_Rorelseresultat" id="reference_Rorelseresultat">
      <ref:Publisher>BAS</ref:Publisher>
      <ref:Name>BAS-konto</ref:Name>
      <ref:Number>30xx-79xx</ref:Number>
    </link:reference>
    <link:referenceArc xlink:type="arc" xlink:arcrole="http://www.xbrl.org/2003/arcrole/concept-reference" xlink:from="Rorelseresultat" xlink:to="reference_Rorelseresultat" xlink:title="reference: Rorelseresultat to reference_Rorelseresultat"/>
  </link:referenceLink>
</link:linkbase>
