<?xml version="1.0" encoding="UTF-8"?>
<!-- Generated by Fujitsu Interstage XWand B0245 -->
<link:linkbase xmlns:xsi="http://www.w3.org/2001/XMLSchema-instance" xsi:schemaLocation="http://www.xbrl.org/2003/linkbase http://www.xbrl.org/2003/xbrl-linkbase-2003-12-31.xsd" xmlns:se-fekq-ext="http://www.taxonomier.se/se/fr/stat/fek/fekq-ext/2023-01-31" xmlns:link="http://www.xbrl.org/2003/linkbase" xmlns:xlink="http://www.w3.org/1999/xlink" xmlns:xbrli="http://www.xbrl.org/2003/instance">
  <link:labelLink xlink:type="extended" xlink:role="http://www.xbrl.org/2003/role/link">
    <link:loc xlink:type="locator" xlink:href="../../../../../base/se-cd-base/2021-10-31/se-cd-base-2021-10-31.xsd#se-cd-base_RakenskapsarAbstract" xlink:label="RakenskapsarAbstract" xlink:title="RakenskapsarAbstract"/>
    <link:label xlink:type="resource" xlink:label="label_RakenskapsarAbstract" xlink:role="http://www.xbrl.org/2003/role/verboseLabel" xlink:title="label_RakenskapsarAbstract" xml:lang="sv" id="label_RakenskapsarAbstract">Räkenskapsår och delårsperiod</link:label>
    <link:labelArc xlink:type="arc" xlink:arcrole="http://www.xbrl.org/2003/arcrole/concept-label" xlink:from="RakenskapsarAbstract" xlink:to="label_RakenskapsarAbstract" xlink:title="label: RakenskapsarAbstract to label_RakenskapsarAbstract"/>
    <link:loc xlink:type="locator" xlink:href="../../../../../base/se-cd-base/2021-10-31/se-cd-base-2021-10-31.xsd#se-cd-base_DelarsperiodForstaDag" xlink:label="DelarsperiodForstaDag" xlink:title="DelarsperiodForstaDag"/>
    <link:label xlink:type="resource" xlink:label="label_DelarsperiodForstaDag" xlink:role="http://www.xbrl.org/2003/role/verboseLabel" xlink:title="label_DelarsperiodForstaDag" xml:lang="sv" id="label_DelarsperiodForstaDag">Delårsperiodens/kvartalets första dag</link:label>
    <link:labelArc xlink:type="arc" xlink:arcrole="http://www.xbrl.org/2003/arcrole/concept-label" xlink:from="DelarsperiodForstaDag" xlink:to="label_DelarsperiodForstaDag" xlink:title="label: DelarsperiodForstaDag to label_DelarsperiodForstaDag"/>
    <link:loc xlink:type="locator" xlink:href="../../../../../base/se-cd-base/2021-10-31/se-cd-base-2021-10-31.xsd#se-cd-base_DelarsperiodSistaDag" xlink:label="DelarsperiodSistaDag" xlink:title="DelarsperiodSistaDag"/>
    <link:label xlink:type="resource" xlink:label="label_DelarsperiodSistaDag" xlink:role="http://www.xbrl.org/2003/role/verboseLabel" xlink:title="label_DelarsperiodSistaDag" xml:lang="sv" id="label_DelarsperiodSistaDag">Delårsperiodens/kvartalets sista dag</link:label>
    <link:labelArc xlink:type="arc" xlink:arcrole="http://www.xbrl.org/2003/arcrole/concept-label" xlink:from="DelarsperiodSistaDag" xlink:to="label_DelarsperiodSistaDag" xlink:title="label: DelarsperiodSistaDag to label_DelarsperiodSistaDag"/>
    <link:loc xlink:type="locator" xlink:href="../../../../../base/se-gen-base/2021-10-31/se-gen-base-2021-10-31.xsd#se-gen-base_KundfordringarLeverantorsskulderAbstract" xlink:label="KundfordringarLeverantorsskulderAbstract" xlink:title="KundfordringarLeverantorsskulderAbstract"/>
    <link:label xlink:type="resource" xlink:label="label_KundfordringarLeverantorsskulderAbstract" xlink:role="http://www.xbrl.org/2003/role/verboseLabel" xlink:title="label_KundfordringarLeverantorsskulderAbstract" xml:lang="sv" id="label_KundfordringarLeverantorsskulderAbstract">Leverantörsskulder, övriga skulder m.m. (handelskrediter som skulder)</link:label>
    <link:labelArc xlink:type="arc" xlink:arcrole="http://www.xbrl.org/2003/arcrole/concept-label" xlink:from="KundfordringarLeverantorsskulderAbstract" xlink:to="label_KundfordringarLeverantorsskulderAbstract" xlink:title="label: KundfordringarLeverantorsskulderAbstract to label_KundfordringarLeverantorsskulderAbstract"/>
    <link:loc xlink:type="locator" xlink:href="../../../../../base/se-gen-base/2021-10-31/se-gen-base-2021-10-31.xsd#se-gen-base_SverigeUtlandetList" xlink:label="SverigeUtlandetList" xlink:title="SverigeUtlandetList"/>
    <link:label xlink:type="resource" xlink:label="label_SverigeUtlandetList" xlink:role="http://www.xbrl.org/2003/role/verboseLabel" xlink:title="label_SverigeUtlandetList" xml:lang="sv" id="label_SverigeUtlandetList">Motpart i Sverige/utlandet</link:label>
    <link:labelArc xlink:type="arc" xlink:arcrole="http://www.xbrl.org/2003/arcrole/concept-label" xlink:from="SverigeUtlandetList" xlink:to="label_SverigeUtlandetList" xlink:title="label: SverigeUtlandetList to label_SverigeUtlandetList"/>
    <link:loc xlink:type="locator" xlink:href="../../../../../base/se-gen-base/2021-10-31/se-gen-base-2021-10-31.xsd#se-gen-base_LeverantorsskulderAbstract" xlink:label="LeverantorsskulderAbstract" xlink:title="LeverantorsskulderAbstract"/>
    <link:label xlink:type="resource" xlink:label="label_LeverantorsskulderAbstract" xlink:role="http://www.xbrl.org/2003/role/verboseLabel" xlink:title="label_LeverantorsskulderAbstract" xml:lang="sv" id="label_LeverantorsskulderAbstract">Leverantörsskulder, övriga skulder m.m. (handelskrediter som skulder)</link:label>
    <link:labelArc xlink:type="arc" xlink:arcrole="http://www.xbrl.org/2003/arcrole/concept-label" xlink:from="LeverantorsskulderAbstract" xlink:to="label_LeverantorsskulderAbstract" xlink:title="label: LeverantorsskulderAbstract to label_LeverantorsskulderAbstract"/>
    <link:loc xlink:type="locator" xlink:href="../../../../../base/se-gen-base/2021-10-31/se-gen-base-2021-10-31.xsd#se-gen-base_LandList" xlink:label="LandList" xlink:title="LandList"/>
    <link:label xlink:type="resource" xlink:label="label_LandList_2" xlink:role="http://www.xbrl.org/2003/role/verboseLabel" xlink:title="label_LandList" xml:lang="sv" id="label_LandList_2">Land för motpart</link:label>
    <link:labelArc xlink:type="arc" xlink:arcrole="http://www.xbrl.org/2003/arcrole/concept-label" xlink:from="LandList" xlink:to="label_LandList_2" xlink:title="label: LandList to label_LandList"/>
    <link:loc xlink:type="locator" xlink:href="../../../../../base/se-gen-base/2021-10-31/se-gen-base-2021-10-31.xsd#se-gen-base_ValutaList" xlink:label="ValutaList" xlink:title="ValutaList"/>
    <link:label xlink:type="resource" xlink:label="label_ValutaList" xlink:role="http://www.xbrl.org/2003/role/verboseLabel" xlink:title="label_ValutaList" xml:lang="sv" id="label_ValutaList">Ursprunglig valuta</link:label>
    <link:labelArc xlink:type="arc" xlink:arcrole="http://www.xbrl.org/2003/arcrole/concept-label" xlink:from="ValutaList" xlink:to="label_ValutaList" xlink:title="label: ValutaList to label_ValutaList"/>
    <link:loc xlink:type="locator" xlink:href="../../../../../base/se-gen-base/2021-10-31/se-gen-base-2021-10-31.xsd#se-gen-base_KoncernforetagOvrigaForetagList" xlink:label="KoncernforetagOvrigaForetagList" xlink:title="KoncernforetagOvrigaForetagList"/>
    <link:label xlink:type="resource" xlink:label="label_KoncernforetagOvrigaForetagList" xlink:role="http://www.xbrl.org/2003/role/terseLabel" xlink:title="label_KoncernforetagOvrigaForetagList" xml:lang="sv" id="label_KoncernforetagOvrigaForetagList">Typ av företag</link:label>
    <link:labelArc xlink:type="arc" xlink:arcrole="http://www.xbrl.org/2003/arcrole/concept-label" xlink:from="KoncernforetagOvrigaForetagList" xlink:to="label_KoncernforetagOvrigaForetagList" xlink:title="label: KoncernforetagOvrigaForetagList to label_KoncernforetagOvrigaForetagList"/>
    <link:loc xlink:type="locator" xlink:href="../../../../../base/se-gen-base/2021-10-31/se-gen-base-2021-10-31.xsd#se-gen-base_UtlandetList" xlink:label="UtlandetList" xlink:title="UtlandetList"/>
    <link:label xlink:type="resource" xlink:label="label_UtlandetList" xlink:role="http://www.xbrl.org/2003/role/verboseLabel" xlink:title="label_UtlandetList" xml:lang="sv" id="label_UtlandetList">Land för motpart</link:label>
    <link:labelArc xlink:type="arc" xlink:arcrole="http://www.xbrl.org/2003/arcrole/concept-label" xlink:from="UtlandetList" xlink:to="label_UtlandetList" xlink:title="label: UtlandetList to label_UtlandetList"/>
    <link:loc xlink:type="locator" xlink:href="../../../../../base/se-gen-base/2021-10-31/se-gen-base-2021-10-31.xsd#se-gen-base_KoncernforetagIntressforetagMflOvrigaForetagList" xlink:label="KoncernforetagIntressforetagMflOvrigaForetagList" xlink:title="KoncernforetagIntressforetagMflOvrigaForetagList"/>
    <link:label xlink:type="resource" xlink:label="label_KoncernforetagIntressforetagMflOvrigaForetagList" xlink:role="http://www.xbrl.org/2003/role/verboseLabel" xlink:title="label_KoncernforetagIntressforetagMflOvrigaForetagList" xml:lang="sv" id="label_KoncernforetagIntressforetagMflOvrigaForetagList">Koncern- och intresseföretag m.fl. eller övriga företag</link:label>
    <link:labelArc xlink:type="arc" xlink:arcrole="http://www.xbrl.org/2003/arcrole/concept-label" xlink:from="KoncernforetagIntressforetagMflOvrigaForetagList" xlink:to="label_KoncernforetagIntressforetagMflOvrigaForetagList" xlink:title="label: KoncernforetagIntressforetagMflOvrigaForetagList to label_KoncernforetagIntressforetagMflOvrigaForetagList"/>
    <link:loc xlink:type="locator" xlink:href="../../../../../base/se-gen-base/2021-10-31/se-gen-base-2021-10-31.xsd#se-gen-base_KundfordringarAbstract" xlink:label="KundfordringarAbstract" xlink:title="KundfordringarAbstract"/>
    <link:label xlink:type="resource" xlink:label="label_KundfordringarAbstract" xlink:role="http://www.xbrl.org/2003/role/verboseLabel" xlink:title="label_KundfordringarAbstract" xml:lang="sv" id="label_KundfordringarAbstract">Kundfordringar, lämnade förskott och övriga fordringar (handelskrediter som tillgångar)</link:label>
    <link:labelArc xlink:type="arc" xlink:arcrole="http://www.xbrl.org/2003/arcrole/concept-label" xlink:from="KundfordringarAbstract" xlink:to="label_KundfordringarAbstract" xlink:title="label: KundfordringarAbstract to label_KundfordringarAbstract"/>
    <link:loc xlink:type="locator" xlink:href="../../../../../base/se-gen-base/2021-10-31/se-gen-base-2021-10-31.xsd#se-gen-base_ForskottImmateriellaAnlaggningstillgangar" xlink:label="ForskottImmateriellaAnlaggningstillgangar" xlink:title="ForskottImmateriellaAnlaggningstillgangar"/>
    <link:label xlink:type="resource" xlink:label="label_ForskottImmateriellaAnlaggningstillgangar" xlink:role="http://www.xbrl.org/2003/role/verboseLabel" xlink:title="label_ForskottImmateriellaAnlaggningstillgangar" xml:lang="sv" id="label_ForskottImmateriellaAnlaggningstillgangar">därav Förskott för immateriella anläggningstillgångar</link:label>
    <link:labelArc xlink:type="arc" xlink:arcrole="http://www.xbrl.org/2003/arcrole/concept-label" xlink:from="ForskottImmateriellaAnlaggningstillgangar" xlink:to="label_ForskottImmateriellaAnlaggningstillgangar" xlink:title="label: ForskottImmateriellaAnlaggningstillgangar to label_ForskottImmateriellaAnlaggningstillgangar"/>
    <link:loc xlink:type="locator" xlink:href="../../../../../base/se-gen-base/2021-10-31/se-gen-base-2021-10-31.xsd#se-gen-base_KortfristigaFordringarAbstract" xlink:label="KortfristigaFordringarAbstract" xlink:title="KortfristigaFordringarAbstract"/>
    <link:label xlink:type="resource" xlink:label="label_KortfristigaFordringarAbstract" xlink:role="http://www.xbrl.org/2003/role/verboseLabel" xlink:title="label_KortfristigaFordringarAbstract" xml:lang="sv" id="label_KortfristigaFordringarAbstract">Kortfristiga fordringar m.m.</link:label>
    <link:labelArc xlink:type="arc" xlink:arcrole="http://www.xbrl.org/2003/arcrole/concept-label" xlink:from="KortfristigaFordringarAbstract" xlink:to="label_KortfristigaFordringarAbstract" xlink:title="label: KortfristigaFordringarAbstract to label_KortfristigaFordringarAbstract"/>
  </link:labelLink>
</link:linkbase>
