<?xml version="1.0" encoding="UTF-8"?>
<!-- Generated by Fujitsu Interstage XWand B0245 -->
<link:linkbase xmlns:xsi="http://www.w3.org/2001/XMLSchema-instance" xsi:schemaLocation="http://www.xbrl.org/2003/linkbase http://www.xbrl.org/2003/xbrl-linkbase-2003-12-31.xsd" xmlns:se-fekq-ext="http://www.taxonomier.se/se/fr/stat/fek/fekq-ext/2023-01-31" xmlns:link="http://www.xbrl.org/2003/linkbase" xmlns:xlink="http://www.w3.org/1999/xlink" xmlns:xbrli="http://www.xbrl.org/2003/instance">
  <link:labelLink xlink:type="extended" xlink:role="http://www.xbrl.org/2003/role/link">
    <link:loc xlink:type="locator" xlink:href="../../../../../base/se-gen-base/2021-10-31/se-gen-base-2021-10-31.xsd#se-gen-base_ForandringEgetKapitalInsattningarUttag" xlink:label="ForandringEgetKapitalInsattningarUttag" xlink:title="ForandringEgetKapitalInsattningarUttag"/>
    <link:label xlink:type="resource" xlink:label="label_ForandringEgetKapitalInsattningarUttag" xlink:role="http://www.xbrl.org/2003/role/definitionGuidance" xlink:title="label_ForandringEgetKapitalInsattningarUttag" xml:lang="sv" id="label_ForandringEgetKapitalInsattningarUttag">Summan av periodens insättningar och uttag. För filialer till utländska företag; överföring mellan filialen och det utländska företaget</link:label>
    <link:labelArc xlink:type="arc" xlink:arcrole="http://www.xbrl.org/2003/arcrole/concept-label" xlink:from="ForandringEgetKapitalInsattningarUttag" xlink:to="label_ForandringEgetKapitalInsattningarUttag" xlink:title="label: ForandringEgetKapitalInsattningarUttag to label_ForandringEgetKapitalInsattningarUttag"/>
    <link:loc xlink:type="locator" xlink:href="../../../../../base/se-gen-base/2021-10-31/se-gen-base-2021-10-31.xsd#se-gen-base_ForandringEgetKapitalTotaltUtdelning" xlink:label="ForandringEgetKapitalTotaltUtdelning" xlink:title="ForandringEgetKapitalTotaltUtdelning"/>
    <link:label xlink:type="resource" xlink:label="label_ForandringEgetKapitalTotaltUtdelning" xlink:role="http://www.xbrl.org/2003/role/definitionGuidance" xlink:title="label_ForandringEgetKapitalTotaltUtdelning" xml:lang="sv" id="label_ForandringEgetKapitalTotaltUtdelning">Minskning av eget kapital när behörigt organ har fattat beslut om att vinstutdelning ska lämnas. För aktiebolag; ersättning till aktieägare för investerat kapital. För ekonomiska föreningar; utdelning som medlemsinsatser (medlemsåterbäring) och förlagsinsatser medför. Utdelning kan även förekomma i häradsallmänningar och allmänningsskogar</link:label>
    <link:labelArc xlink:type="arc" xlink:arcrole="http://www.xbrl.org/2003/arcrole/concept-label" xlink:from="ForandringEgetKapitalTotaltUtdelning" xlink:to="label_ForandringEgetKapitalTotaltUtdelning" xlink:title="label: ForandringEgetKapitalTotaltUtdelning to label_ForandringEgetKapitalTotaltUtdelning"/>
    <link:loc xlink:type="locator" xlink:href="../../../../../base/se-gen-base/2021-10-31/se-gen-base-2021-10-31.xsd#se-gen-base_LonerAndraErsattningar" xlink:label="LonerAndraErsattningar" xlink:title="LonerAndraErsattningar"/>
    <link:label xlink:type="resource" xlink:label="label_LonerAndraErsattningar" xlink:role="http://www.xbrl.org/2003/role/definitionGuidance" xlink:title="label_LonerAndraErsattningar" xml:lang="sv" id="label_LonerAndraErsattningar">Sammanlagt belopp av periodens löner och andra skattepliktiga ersättningar inkl. avgångsvederlag</link:label>
    <link:labelArc xlink:type="arc" xlink:arcrole="http://www.xbrl.org/2003/arcrole/concept-label" xlink:from="LonerAndraErsattningar" xlink:to="label_LonerAndraErsattningar" xlink:title="label: LonerAndraErsattningar to label_LonerAndraErsattningar"/>
    <link:loc xlink:type="locator" xlink:href="../../../../../base/se-gen-base/2021-10-31/se-gen-base-2021-10-31.xsd#se-gen-base_FordringarKoncernforetagLangfristigaAbstract" xlink:label="FordringarKoncernforetagLangfristigaAbstract" xlink:title="FordringarKoncernforetagLangfristigaAbstract"/>
    <link:label xlink:type="resource" xlink:label="label_FordringarKoncernforetagLangfristigaAbstract" xlink:role="http://www.xbrl.org/2003/role/definitionGuidance" xlink:title="label_FordringarKoncernforetagLangfristigaAbstract" xml:lang="sv" id="label_FordringarKoncernforetagLangfristigaAbstract">Långfristiga fordringar på koncernföretag; samtliga företag i en och samma koncern (moderföretag, dotterföretag och systerföretag)</link:label>
    <link:labelArc xlink:type="arc" xlink:arcrole="http://www.xbrl.org/2003/arcrole/concept-label" xlink:from="FordringarKoncernforetagLangfristigaAbstract" xlink:to="label_FordringarKoncernforetagLangfristigaAbstract" xlink:title="label: FordringarKoncernforetagLangfristigaAbstract to label_FordringarKoncernforetagLangfristigaAbstract"/>
    <link:loc xlink:type="locator" xlink:href="../../../../../base/se-gen-base/2021-10-31/se-gen-base-2021-10-31.xsd#se-gen-base_FordringarIntresseforetagGemensamtStyrdaForetagAbstract" xlink:label="FordringarIntresseforetagGemensamtStyrdaForetagAbstract" xlink:title="FordringarIntresseforetagGemensamtStyrdaForetagAbstract"/>
    <link:label xlink:type="resource" xlink:label="label_FordringarIntresseforetagGemensamtStyrdaForetagAbstract" xlink:role="http://www.xbrl.org/2003/role/definitionGuidance" xlink:title="label_FordringarIntresseforetagGemensamtStyrdaForetagAbstract" xml:lang="sv" id="label_FordringarIntresseforetagGemensamtStyrdaForetagAbstract">Långfristiga fordringar på intresseföretag (ägarintresse i en juridisk person där betydande inflytande över dess driftsmässiga och finansiella styrning utövas) och gemensamt styrda företag (två eller flera parter utövar gemensamt bestämmande inflytande över juridisk person)</link:label>
    <link:labelArc xlink:type="arc" xlink:arcrole="http://www.xbrl.org/2003/arcrole/concept-label" xlink:from="FordringarIntresseforetagGemensamtStyrdaForetagAbstract" xlink:to="label_FordringarIntresseforetagGemensamtStyrdaForetagAbstract" xlink:title="label: FordringarIntresseforetagGemensamtStyrdaForetagAbstract to label_FordringarIntresseforetagGemensamtStyrdaForetagAbstract"/>
    <link:loc xlink:type="locator" xlink:href="../../../../../base/se-gen-base/2021-10-31/se-gen-base-2021-10-31.xsd#se-gen-base_FordringarOvrigaForetagAgarintresseAbstract" xlink:label="FordringarOvrigaForetagAgarintresseAbstract" xlink:title="FordringarOvrigaForetagAgarintresseAbstract"/>
    <link:label xlink:type="resource" xlink:label="label_FordringarOvrigaForetagAgarintresseAbstract" xlink:role="http://www.xbrl.org/2003/role/definitionGuidance" xlink:title="label_FordringarOvrigaForetagAgarintresseAbstract" xml:lang="sv" id="label_FordringarOvrigaForetagAgarintresseAbstract">Långfristiga fordringar på övriga företag som det finns ett ägarintresse i; dvs. på andra än koncernföretag, intresseföretag och gemensamt styrda företag</link:label>
    <link:labelArc xlink:type="arc" xlink:arcrole="http://www.xbrl.org/2003/arcrole/concept-label" xlink:from="FordringarOvrigaForetagAgarintresseAbstract" xlink:to="label_FordringarOvrigaForetagAgarintresseAbstract" xlink:title="label: FordringarOvrigaForetagAgarintresseAbstract to label_FordringarOvrigaForetagAgarintresseAbstract"/>
    <link:loc xlink:type="locator" xlink:href="../../../../../base/se-gen-base/2021-10-31/se-gen-base-2021-10-31.xsd#se-gen-base_AndraLangfristigaFordringarAbstract" xlink:label="AndraLangfristigaFordringarAbstract" xlink:title="AndraLangfristigaFordringarAbstract"/>
    <link:label xlink:type="resource" xlink:label="label_AndraLangfristigaFordringarAbstract" xlink:role="http://www.xbrl.org/2003/role/definitionGuidance" xlink:title="label_AndraLangfristigaFordringarAbstract" xml:lang="sv" id="label_AndraLangfristigaFordringarAbstract">Långfristiga finansiella fordringar som inte avser fordringar på koncernföretag, intresseföretag och gemensamt styrda företag, ägarintressen i övriga företag eller delägare eller närstående</link:label>
    <link:labelArc xlink:type="arc" xlink:arcrole="http://www.xbrl.org/2003/arcrole/concept-label" xlink:from="AndraLangfristigaFordringarAbstract" xlink:to="label_AndraLangfristigaFordringarAbstract" xlink:title="label: AndraLangfristigaFordringarAbstract to label_AndraLangfristigaFordringarAbstract"/>
    <link:loc xlink:type="locator" xlink:href="../../../../../base/se-gen-base/2021-10-31/se-gen-base-2021-10-31.xsd#se-gen-base_PagaendeUtvecklingsarbetenForskottImmateriellaAnlaggningstillgangarAbstract" xlink:label="PagaendeUtvecklingsarbetenForskottImmateriellaAnlaggningstillgangarAbstract" xlink:title="PagaendeUtvecklingsarbetenForskottImmateriellaAnlaggningstillgangarAbstract"/>
    <link:label xlink:type="resource" xlink:label="label_PagaendeUtvecklingsarbetenForskottImmateriellaAnlaggningstillgangarAbstract" xlink:role="http://www.xbrl.org/2003/role/definitionGuidance" xlink:title="label_PagaendeUtvecklingsarbetenForskottImmateriellaAnlaggningstillgangarAbstract" xml:lang="sv" id="label_PagaendeUtvecklingsarbetenForskottImmateriellaAnlaggningstillgangarAbstract">Pågående projekt avseende immateriella anläggningstillgångar och förskott i samband med förvärv, t.ex. depositioner och handpenning, av immateriella anläggningstillgångar</link:label>
    <link:labelArc xlink:type="arc" xlink:arcrole="http://www.xbrl.org/2003/arcrole/concept-label" xlink:from="PagaendeUtvecklingsarbetenForskottImmateriellaAnlaggningstillgangarAbstract" xlink:to="label_PagaendeUtvecklingsarbetenForskottImmateriellaAnlaggningstillgangarAbstract" xlink:title="label: PagaendeUtvecklingsarbetenForskottImmateriellaAnlaggningstillgangarAbstract to label_PagaendeUtvecklingsarbetenForskottImmateriellaAnlaggningstillgangarAbstract"/>
    <link:loc xlink:type="locator" xlink:href="se-fekq-ext-2023-01-31.xsd#se-fekq-ext_OvrigaRorelsekostnaderPerKostnadsslagTuple" xlink:label="OvrigaRorelsekostnaderPerKostnadsslagTuple" xlink:title="OvrigaRorelsekostnaderPerKostnadsslagTuple"/>
    <link:label xlink:type="resource" xlink:label="label_OvrigaRorelsekostnaderPerKostnadsslagTuple" xlink:role="http://www.xbrl.org/2003/role/documentation" xlink:title="label_OvrigaRorelsekostnaderPerKostnadsslagTuple" xml:lang="sv" id="label_OvrigaRorelsekostnaderPerKostnadsslagTuple">Specifikation av vissa poster som ingår i övriga rörelsekostnader; Valutakursdifferenser av rörelsekaraktär, Resultat vid avyttring av materiella och immateriella anläggningstillgångar samt Omstruktureringsåtgärder</link:label>
    <link:labelArc xlink:type="arc" xlink:arcrole="http://www.xbrl.org/2003/arcrole/concept-label" xlink:from="OvrigaRorelsekostnaderPerKostnadsslagTuple" xlink:to="label_OvrigaRorelsekostnaderPerKostnadsslagTuple" xlink:title="label: OvrigaRorelsekostnaderPerKostnadsslagTuple to label_OvrigaRorelsekostnaderPerKostnadsslagTuple"/>
    <link:loc xlink:type="locator" xlink:href="se-fekq-ext-2023-01-31.xsd#se-fekq-ext_OvrigaRorelseintakterPerIntaktsslagTuple" xlink:label="OvrigaRorelseintakterPerIntaktsslagTuple" xlink:title="OvrigaRorelseintakterPerIntaktsslagTuple"/>
    <link:label xlink:type="resource" xlink:label="label_OvrigaRorelseintakterPerIntaktsslagTuple" xlink:role="http://www.xbrl.org/2003/role/documentation" xlink:title="label_OvrigaRorelseintakterPerIntaktsslagTuple" xml:lang="sv" id="label_OvrigaRorelseintakterPerIntaktsslagTuple">Specifikation av vissa poster som ingår i övriga rörelseintäkter; Erhållna offentliga bidrag, Valutakursdifferenser av rörelsekaraktär samt Resultat vid avyttring av materiella och immateriella anläggningstillgångar</link:label>
    <link:labelArc xlink:type="arc" xlink:arcrole="http://www.xbrl.org/2003/arcrole/concept-label" xlink:from="OvrigaRorelseintakterPerIntaktsslagTuple" xlink:to="label_OvrigaRorelseintakterPerIntaktsslagTuple" xlink:title="label: OvrigaRorelseintakterPerIntaktsslagTuple to label_OvrigaRorelseintakterPerIntaktsslagTuple"/>
    <link:loc xlink:type="locator" xlink:href="se-fekq-ext-2023-01-31.xsd#se-fekq-ext_FordelningAvAndraExternaKostnaderTuple" xlink:label="FordelningAvAndraExternaKostnaderTuple" xlink:title="FordelningAvAndraExternaKostnaderTuple"/>
    <link:label xlink:type="resource" xlink:label="label_FordelningAvAndraExternaKostnaderTuple" xlink:role="http://www.xbrl.org/2003/role/documentation" xlink:title="label_FordelningAvAndraExternaKostnaderTuple" xml:lang="sv" id="label_FordelningAvAndraExternaKostnaderTuple">Specifikation av vissa poster som ingår i övriga externa kostnader; Förbrukningsinventarier med en livslängd på mer än ett år, Valutakursdifferenser av rörelsekaraktär samt Resultat vid avyttring av materiella och immateriella anläggningstillgångar</link:label>
    <link:labelArc xlink:type="arc" xlink:arcrole="http://www.xbrl.org/2003/arcrole/concept-label" xlink:from="FordelningAvAndraExternaKostnaderTuple" xlink:to="label_FordelningAvAndraExternaKostnaderTuple" xlink:title="label: FordelningAvAndraExternaKostnaderTuple to label_FordelningAvAndraExternaKostnaderTuple"/>
    <link:loc xlink:type="locator" xlink:href="se-fekq-ext-2023-01-31.xsd#se-fekq-ext_SpecifikationLangfristigaKundfordringarKoncernforetagForandringarSverigeUtlandetTuple" xlink:label="SpecifikationLangfristigaKundfordringarKoncernforetagForandringarSverigeUtlandetTuple" xlink:title="SpecifikationLangfristigaKundfordringarKoncernforetagForandringarSverigeUtlandetTuple"/>
    <link:label xlink:type="resource" xlink:label="label_SpecifikationLangfristigaKundfordringarKoncernforetagForandringarSverigeUtlandetTuple" xlink:role="http://www.xbrl.org/2003/role/documentation" xlink:title="label_SpecifikationLangfristigaKundfordringarKoncernforetagForandringarSverigeUtlandetTuple" xml:lang="sv" id="label_SpecifikationLangfristigaKundfordringarKoncernforetagForandringarSverigeUtlandetTuple">Specifikation av långfristiga kundfordringar hos koncernföretag; redovisat värde och periodens förändringar, i Sverige respektive i utlandet</link:label>
    <link:labelArc xlink:type="arc" xlink:arcrole="http://www.xbrl.org/2003/arcrole/concept-label" xlink:from="SpecifikationLangfristigaKundfordringarKoncernforetagForandringarSverigeUtlandetTuple" xlink:to="label_SpecifikationLangfristigaKundfordringarKoncernforetagForandringarSverigeUtlandetTuple" xlink:title="label: SpecifikationLangfristigaKundfordringarKoncernforetagForandringarSverigeUtlandetTuple to label_SpecifikationLangfristigaKundfordringarKoncernforetagForandringarSverigeUtlandetTuple"/>
    <link:loc xlink:type="locator" xlink:href="se-fekq-ext-2023-01-31.xsd#se-fekq-ext_SpecifikationLangfristigaKundfordringarIntresseforetagGemensamtStyrdaForetagForandringarSverigeUtlandetTuple" xlink:label="SpecifikationLangfristigaKundfordringarIntresseforetagGemensamtStyrdaForetagForandringarSverigeUtlandetTuple" xlink:title="SpecifikationLangfristigaKundfordringarIntresseforetagGemensamtStyrdaForetagForandringarSverigeUtlandetTuple"/>
    <link:label xlink:type="resource" xlink:label="label_SpecifikationLangfristigaKundfordringarIntresseforetagGemensamtStyrdaForetagForandringarSverigeUtlandetTuple" xlink:role="http://www.xbrl.org/2003/role/documentation" xlink:title="label_SpecifikationLangfristigaKundfordringarIntresseforetagGemensamtStyrdaForetagForandringarSverigeUtlandetTuple" xml:lang="sv" id="label_SpecifikationLangfristigaKundfordringarIntresseforetagGemensamtStyrdaForetagForandringarSverigeUtlandetTuple">Specifikation av långfristiga kundfordringar hos intresseföretag och gemensamt styrda företag; redovisat värde och periodens förändringar, i Sverige respektive i utlandet</link:label>
    <link:labelArc xlink:type="arc" xlink:arcrole="http://www.xbrl.org/2003/arcrole/concept-label" xlink:from="SpecifikationLangfristigaKundfordringarIntresseforetagGemensamtStyrdaForetagForandringarSverigeUtlandetTuple" xlink:to="label_SpecifikationLangfristigaKundfordringarIntresseforetagGemensamtStyrdaForetagForandringarSverigeUtlandetTuple" xlink:title="label: SpecifikationLangfristigaKundfordringarIntresseforetagGemensamtStyrdaForetagForandringarSverigeUtlandetTuple to label_SpecifikationLangfristigaKundfordringarIntresseforetagGemensamtStyrdaForetagForandringarSverigeUtlandetTuple"/>
    <link:loc xlink:type="locator" xlink:href="se-fekq-ext-2023-01-31.xsd#se-fekq-ext_SpecifikationLangfristigaKundfordringarOvrigaForetagAgarintresseForandringarSverigeUtlandetTuple" xlink:label="SpecifikationLangfristigaKundfordringarOvrigaForetagAgarintresseForandringarSverigeUtlandetTuple" xlink:title="SpecifikationLangfristigaKundfordringarOvrigaForetagAgarintresseForandringarSverigeUtlandetTuple"/>
    <link:label xlink:type="resource" xlink:label="label_SpecifikationLangfristigaKundfordringarOvrigaForetagAgarintresseForandringarSverigeUtlandetTuple" xlink:role="http://www.xbrl.org/2003/role/documentation" xlink:title="label_SpecifikationLangfristigaKundfordringarOvrigaForetagAgarintresseForandringarSverigeUtlandetTuple" xml:lang="sv" id="label_SpecifikationLangfristigaKundfordringarOvrigaForetagAgarintresseForandringarSverigeUtlandetTuple">Specifikation av långfristiga kundfordringar hos övriga företag som det finns ägarintresse i; redovisat värde och periodens förändringar, i Sverige respektive i utlandet</link:label>
    <link:labelArc xlink:type="arc" xlink:arcrole="http://www.xbrl.org/2003/arcrole/concept-label" xlink:from="SpecifikationLangfristigaKundfordringarOvrigaForetagAgarintresseForandringarSverigeUtlandetTuple" xlink:to="label_SpecifikationLangfristigaKundfordringarOvrigaForetagAgarintresseForandringarSverigeUtlandetTuple" xlink:title="label: SpecifikationLangfristigaKundfordringarOvrigaForetagAgarintresseForandringarSverigeUtlandetTuple to label_SpecifikationLangfristigaKundfordringarOvrigaForetagAgarintresseForandringarSverigeUtlandetTuple"/>
    <link:loc xlink:type="locator" xlink:href="se-fekq-ext-2023-01-31.xsd#se-fekq-ext_SpecifikationOvrigaLangfristigaFordringarKunderLeverantorerForandringarSverigeUtlandetTuple" xlink:label="SpecifikationOvrigaLangfristigaFordringarKunderLeverantorerForandringarSverigeUtlandetTuple" xlink:title="SpecifikationOvrigaLangfristigaFordringarKunderLeverantorerForandringarSverigeUtlandetTuple"/>
    <link:label xlink:type="resource" xlink:label="label_SpecifikationOvrigaLangfristigaFordringarKunderLeverantorerForandringarSverigeUtlandetTuple" xlink:role="http://www.xbrl.org/2003/role/documentation" xlink:title="label_SpecifikationOvrigaLangfristigaFordringarKunderLeverantorerForandringarSverigeUtlandetTuple" xml:lang="sv" id="label_SpecifikationOvrigaLangfristigaFordringarKunderLeverantorerForandringarSverigeUtlandetTuple">Övriga långfristiga fordringar hos kunder och leverantörer; exempelvis långfristiga lämnade depositioner, långfristiga kontraktsfordringar och långfristiga kundfordringar hos andra än koncernföretag, intresseföretag och gemensamt styrda företag och övriga företag som det finns ägarintresse i; redovisat värde och periodens förändringar, i Sverige respektive i utlandet</link:label>
    <link:labelArc xlink:type="arc" xlink:arcrole="http://www.xbrl.org/2003/arcrole/concept-label" xlink:from="SpecifikationOvrigaLangfristigaFordringarKunderLeverantorerForandringarSverigeUtlandetTuple" xlink:to="label_SpecifikationOvrigaLangfristigaFordringarKunderLeverantorerForandringarSverigeUtlandetTuple" xlink:title="label: SpecifikationOvrigaLangfristigaFordringarKunderLeverantorerForandringarSverigeUtlandetTuple to label_SpecifikationOvrigaLangfristigaFordringarKunderLeverantorerForandringarSverigeUtlandetTuple"/>
    <link:loc xlink:type="locator" xlink:href="se-fekq-ext-2023-01-31.xsd#se-fekq-ext_SpecifikationKundfordringarForandringarSverigeUtlandetTuple" xlink:label="SpecifikationKundfordringarForandringarSverigeUtlandetTuple" xlink:title="SpecifikationKundfordringarForandringarSverigeUtlandetTuple"/>
    <link:label xlink:type="resource" xlink:label="label_SpecifikationKundfordringarForandringarSverigeUtlandetTuple" xlink:role="http://www.xbrl.org/2003/role/documentation" xlink:title="label_SpecifikationKundfordringarForandringarSverigeUtlandetTuple" xml:lang="sv" id="label_SpecifikationKundfordringarForandringarSverigeUtlandetTuple">Specifikation av kundfordringar, dvs. kortfristiga fordringar till följd av försäljning av varor och tjänster, på andra än koncern- och intresseföretag, gemensamt styrda företag samt övriga företag som det finns ett ägarintresse i; redovisat värde och periodens förändringar, i Sverige respektive i utlandet</link:label>
    <link:labelArc xlink:type="arc" xlink:arcrole="http://www.xbrl.org/2003/arcrole/concept-label" xlink:from="SpecifikationKundfordringarForandringarSverigeUtlandetTuple" xlink:to="label_SpecifikationKundfordringarForandringarSverigeUtlandetTuple" xlink:title="label: SpecifikationKundfordringarForandringarSverigeUtlandetTuple to label_SpecifikationKundfordringarForandringarSverigeUtlandetTuple"/>
    <link:loc xlink:type="locator" xlink:href="se-fekq-ext-2023-01-31.xsd#se-fekq-ext_SpecifikationKortfristigaKundfordringarKoncernforetagForandringarSverigeUtlandetTuple" xlink:label="SpecifikationKortfristigaKundfordringarKoncernforetagForandringarSverigeUtlandetTuple" xlink:title="SpecifikationKortfristigaKundfordringarKoncernforetagForandringarSverigeUtlandetTuple"/>
    <link:label xlink:type="resource" xlink:label="label_SpecifikationKortfristigaKundfordringarKoncernforetagForandringarSverigeUtlandetTuple" xlink:role="http://www.xbrl.org/2003/role/documentation" xlink:title="label_SpecifikationKortfristigaKundfordringarKoncernforetagForandringarSverigeUtlandetTuple" xml:lang="sv" id="label_SpecifikationKortfristigaKundfordringarKoncernforetagForandringarSverigeUtlandetTuple">Specifikation av kortfristiga fordringar till följd av försäljning av varor och tjänster (kundfordringar) till koncernföretag; redovisat värde och periodens förändringar, i Sverige respektive i utlandet</link:label>
    <link:labelArc xlink:type="arc" xlink:arcrole="http://www.xbrl.org/2003/arcrole/concept-label" xlink:from="SpecifikationKortfristigaKundfordringarKoncernforetagForandringarSverigeUtlandetTuple" xlink:to="label_SpecifikationKortfristigaKundfordringarKoncernforetagForandringarSverigeUtlandetTuple" xlink:title="label: SpecifikationKortfristigaKundfordringarKoncernforetagForandringarSverigeUtlandetTuple to label_SpecifikationKortfristigaKundfordringarKoncernforetagForandringarSverigeUtlandetTuple"/>
    <link:loc xlink:type="locator" xlink:href="se-fekq-ext-2023-01-31.xsd#se-fekq-ext_SpecifikationKortfristigaKundfordringarIntresseforetagGemensamtStyrdaForetagForandringarSverigeUtlandetTuple" xlink:label="SpecifikationKortfristigaKundfordringarIntresseforetagGemensamtStyrdaForetagForandringarSverigeUtlandetTuple" xlink:title="SpecifikationKortfristigaKundfordringarIntresseforetagGemensamtStyrdaForetagForandringarSverigeUtlandetTuple"/>
    <link:label xlink:type="resource" xlink:label="label_SpecifikationKortfristigaKundfordringarIntresseforetagGemensamtStyrdaForetagForandringarSverigeUtlandetTuple" xlink:role="http://www.xbrl.org/2003/role/documentation" xlink:title="label_SpecifikationKortfristigaKundfordringarIntresseforetagGemensamtStyrdaForetagForandringarSverigeUtlandetTuple" xml:lang="sv" id="label_SpecifikationKortfristigaKundfordringarIntresseforetagGemensamtStyrdaForetagForandringarSverigeUtlandetTuple">Specifikation av kortfristiga fordringar till följd av försäljning av varor och tjänster (kundfordringar) till intresseföretag och gemensamt styrda företag; redovisat värde och periodens förändringar, i Sverige respektive i utlandet</link:label>
    <link:labelArc xlink:type="arc" xlink:arcrole="http://www.xbrl.org/2003/arcrole/concept-label" xlink:from="SpecifikationKortfristigaKundfordringarIntresseforetagGemensamtStyrdaForetagForandringarSverigeUtlandetTuple" xlink:to="label_SpecifikationKortfristigaKundfordringarIntresseforetagGemensamtStyrdaForetagForandringarSverigeUtlandetTuple" xlink:title="label: SpecifikationKortfristigaKundfordringarIntresseforetagGemensamtStyrdaForetagForandringarSverigeUtlandetTuple to label_SpecifikationKortfristigaKundfordringarIntresseforetagGemensamtStyrdaForetagForandringarSverigeUtlandetTuple"/>
    <link:loc xlink:type="locator" xlink:href="se-fekq-ext-2023-01-31.xsd#se-fekq-ext_SpecifikationKortfristigaKundfordringarOvrigaForetagAgarintresseForandringarSverigeUtlandetTuple" xlink:label="SpecifikationKortfristigaKundfordringarOvrigaForetagAgarintresseForandringarSverigeUtlandetTuple" xlink:title="SpecifikationKortfristigaKundfordringarOvrigaForetagAgarintresseForandringarSverigeUtlandetTuple"/>
    <link:label xlink:type="resource" xlink:label="label_SpecifikationKortfristigaKundfordringarOvrigaForetagAgarintresseForandringarSverigeUtlandetTuple" xlink:role="http://www.xbrl.org/2003/role/documentation" xlink:title="label_SpecifikationKortfristigaKundfordringarOvrigaForetagAgarintresseForandringarSverigeUtlandetTuple" xml:lang="sv" id="label_SpecifikationKortfristigaKundfordringarOvrigaForetagAgarintresseForandringarSverigeUtlandetTuple">Specifikation av kortfristiga fordringar till följd av försäljning av varor och tjänster (kundfordringar) till övriga företag som det finns ägarintresse i; redovisat värde och periodens förändringar, i Sverige respektive i utlandet</link:label>
    <link:labelArc xlink:type="arc" xlink:arcrole="http://www.xbrl.org/2003/arcrole/concept-label" xlink:from="SpecifikationKortfristigaKundfordringarOvrigaForetagAgarintresseForandringarSverigeUtlandetTuple" xlink:to="label_SpecifikationKortfristigaKundfordringarOvrigaForetagAgarintresseForandringarSverigeUtlandetTuple" xlink:title="label: SpecifikationKortfristigaKundfordringarOvrigaForetagAgarintresseForandringarSverigeUtlandetTuple to label_SpecifikationKortfristigaKundfordringarOvrigaForetagAgarintresseForandringarSverigeUtlandetTuple"/>
    <link:loc xlink:type="locator" xlink:href="se-fekq-ext-2023-01-31.xsd#se-fekq-ext_SpecifikationOvrigaKortfristigaFordringarKunderLeverantorerForandringarSverigeUtlandetTuple" xlink:label="SpecifikationOvrigaKortfristigaFordringarKunderLeverantorerForandringarSverigeUtlandetTuple" xlink:title="SpecifikationOvrigaKortfristigaFordringarKunderLeverantorerForandringarSverigeUtlandetTuple"/>
    <link:label xlink:type="resource" xlink:label="label_SpecifikationOvrigaKortfristigaFordringarKunderLeverantorerForandringarSverigeUtlandetTuple" xlink:role="http://www.xbrl.org/2003/role/documentation" xlink:title="label_SpecifikationOvrigaKortfristigaFordringarKunderLeverantorerForandringarSverigeUtlandetTuple" xml:lang="sv" id="label_SpecifikationOvrigaKortfristigaFordringarKunderLeverantorerForandringarSverigeUtlandetTuple">Specifikation av övriga fordringar, som är kortfristiga, hos kunder och leverantörer; exempelvis utlägg för kunder vid genomförande av ett uppdrag eller fordringar hos leverantörer på grund av avtalsförhållanden; redovisat värde och periodens förändringar, i Sverige respektive i utlandet. Omfattar inte kundfordringar eller förskott till leverantörer avseende varuleveranser till lager</link:label>
    <link:labelArc xlink:type="arc" xlink:arcrole="http://www.xbrl.org/2003/arcrole/concept-label" xlink:from="SpecifikationOvrigaKortfristigaFordringarKunderLeverantorerForandringarSverigeUtlandetTuple" xlink:to="label_SpecifikationOvrigaKortfristigaFordringarKunderLeverantorerForandringarSverigeUtlandetTuple" xlink:title="label: SpecifikationOvrigaKortfristigaFordringarKunderLeverantorerForandringarSverigeUtlandetTuple to label_SpecifikationOvrigaKortfristigaFordringarKunderLeverantorerForandringarSverigeUtlandetTuple"/>
    <link:loc xlink:type="locator" xlink:href="se-fekq-ext-2023-01-31.xsd#se-fekq-ext_SpecifikationForskottLeverantorerForandringarSverigeUtlandetTuple" xlink:label="SpecifikationForskottLeverantorerForandringarSverigeUtlandetTuple" xlink:title="SpecifikationForskottLeverantorerForandringarSverigeUtlandetTuple"/>
    <link:label xlink:type="resource" xlink:label="label_SpecifikationForskottLeverantorerForandringarSverigeUtlandetTuple" xlink:role="http://www.xbrl.org/2003/role/documentation" xlink:title="label_SpecifikationForskottLeverantorerForandringarSverigeUtlandetTuple" xml:lang="sv" id="label_SpecifikationForskottLeverantorerForandringarSverigeUtlandetTuple">Specifikation av förskott, som är kortfristiga, till leverantörer för betalningar samt obetalda fakturor för varor och tjänster som regelmässigt redovisas som lager; redovisat värde och periodens förändringar, i Sverige respektive i utlandet</link:label>
    <link:labelArc xlink:type="arc" xlink:arcrole="http://www.xbrl.org/2003/arcrole/concept-label" xlink:from="SpecifikationForskottLeverantorerForandringarSverigeUtlandetTuple" xlink:to="label_SpecifikationForskottLeverantorerForandringarSverigeUtlandetTuple" xlink:title="label: SpecifikationForskottLeverantorerForandringarSverigeUtlandetTuple to label_SpecifikationForskottLeverantorerForandringarSverigeUtlandetTuple"/>
    <link:loc xlink:type="locator" xlink:href="se-fekq-ext-2023-01-31.xsd#se-fekq-ext_SpecifikationLangfristigaLeverantorsskulderKoncernforetagForandringarSverigeUtlandetTuple" xlink:label="SpecifikationLangfristigaLeverantorsskulderKoncernforetagForandringarSverigeUtlandetTuple" xlink:title="SpecifikationLangfristigaLeverantorsskulderKoncernforetagForandringarSverigeUtlandetTuple"/>
    <link:label xlink:type="resource" xlink:label="label_SpecifikationLangfristigaLeverantorsskulderKoncernforetagForandringarSverigeUtlandetTuple" xlink:role="http://www.xbrl.org/2003/role/documentation" xlink:title="label_SpecifikationLangfristigaLeverantorsskulderKoncernforetagForandringarSverigeUtlandetTuple" xml:lang="sv" id="label_SpecifikationLangfristigaLeverantorsskulderKoncernforetagForandringarSverigeUtlandetTuple">Specifikation av långfristiga leverantörsskulder till koncernföretag; redovisat värde och periodens förändringar, i Sverige respektive i utlandet</link:label>
    <link:labelArc xlink:type="arc" xlink:arcrole="http://www.xbrl.org/2003/arcrole/concept-label" xlink:from="SpecifikationLangfristigaLeverantorsskulderKoncernforetagForandringarSverigeUtlandetTuple" xlink:to="label_SpecifikationLangfristigaLeverantorsskulderKoncernforetagForandringarSverigeUtlandetTuple" xlink:title="label: SpecifikationLangfristigaLeverantorsskulderKoncernforetagForandringarSverigeUtlandetTuple to label_SpecifikationLangfristigaLeverantorsskulderKoncernforetagForandringarSverigeUtlandetTuple"/>
    <link:loc xlink:type="locator" xlink:href="se-fekq-ext-2023-01-31.xsd#se-fekq-ext_SpecifikationLeverantorsskulderIntresseforetagGemensamtStyrdaForetagLangfristigaForandringarSverigeUtlandetTuple" xlink:label="SpecifikationLeverantorsskulderIntresseforetagGemensamtStyrdaForetagLangfristigaForandringarSverigeUtlandetTuple" xlink:title="SpecifikationLeverantorsskulderIntresseforetagGemensamtStyrdaForetagLangfristigaForandringarSverigeUtlandetTuple"/>
    <link:label xlink:type="resource" xlink:label="label_SpecifikationLeverantorsskulderIntresseforetagGemensamtStyrdaForetagLangfristigaForandringarSverigeUtlandetTuple" xlink:role="http://www.xbrl.org/2003/role/documentation" xlink:title="label_SpecifikationLeverantorsskulderIntresseforetagGemensamtStyrdaForetagLangfristigaForandringarSverigeUtlandetTuple" xml:lang="sv" id="label_SpecifikationLeverantorsskulderIntresseforetagGemensamtStyrdaForetagLangfristigaForandringarSverigeUtlandetTuple">Specifikation av långfristiga leverantörsskulder till intresseföretag och gemensamt styrda företag; redovisat värde och periodens förändringar, i Sverige respektive i utlandet</link:label>
    <link:labelArc xlink:type="arc" xlink:arcrole="http://www.xbrl.org/2003/arcrole/concept-label" xlink:from="SpecifikationLeverantorsskulderIntresseforetagGemensamtStyrdaForetagLangfristigaForandringarSverigeUtlandetTuple" xlink:to="label_SpecifikationLeverantorsskulderIntresseforetagGemensamtStyrdaForetagLangfristigaForandringarSverigeUtlandetTuple" xlink:title="label: SpecifikationLeverantorsskulderIntresseforetagGemensamtStyrdaForetagLangfristigaForandringarSverigeUtlandetTuple to label_SpecifikationLeverantorsskulderIntresseforetagGemensamtStyrdaForetagLangfristigaForandringarSverigeUtlandetTuple"/>
    <link:loc xlink:type="locator" xlink:href="se-fekq-ext-2023-01-31.xsd#se-fekq-ext_SpecifikationLeverantorsskulderOvrigaForetagAgarintresseLangfristigaForandringarSverigeUtlandetTuple" xlink:label="SpecifikationLeverantorsskulderOvrigaForetagAgarintresseLangfristigaForandringarSverigeUtlandetTuple" xlink:title="SpecifikationLeverantorsskulderOvrigaForetagAgarintresseLangfristigaForandringarSverigeUtlandetTuple"/>
    <link:label xlink:type="resource" xlink:label="label_SpecifikationLeverantorsskulderOvrigaForetagAgarintresseLangfristigaForandringarSverigeUtlandetTuple" xlink:role="http://www.xbrl.org/2003/role/documentation" xlink:title="label_SpecifikationLeverantorsskulderOvrigaForetagAgarintresseLangfristigaForandringarSverigeUtlandetTuple" xml:lang="sv" id="label_SpecifikationLeverantorsskulderOvrigaForetagAgarintresseLangfristigaForandringarSverigeUtlandetTuple">Specifikation av långfristiga leverantörsskulder till övriga företag som det finns ett ägarintresse i; redovisat värde och periodens förändringar, i Sverige respektive i utlandet</link:label>
    <link:labelArc xlink:type="arc" xlink:arcrole="http://www.xbrl.org/2003/arcrole/concept-label" xlink:from="SpecifikationLeverantorsskulderOvrigaForetagAgarintresseLangfristigaForandringarSverigeUtlandetTuple" xlink:to="label_SpecifikationLeverantorsskulderOvrigaForetagAgarintresseLangfristigaForandringarSverigeUtlandetTuple" xlink:title="label: SpecifikationLeverantorsskulderOvrigaForetagAgarintresseLangfristigaForandringarSverigeUtlandetTuple to label_SpecifikationLeverantorsskulderOvrigaForetagAgarintresseLangfristigaForandringarSverigeUtlandetTuple"/>
    <link:loc xlink:type="locator" xlink:href="se-fekq-ext-2023-01-31.xsd#se-fekq-ext_SpecifikationOvrigaLangfristigaSkulderKunderLeverantorerForandringarSverigeUtlandetTuple" xlink:label="SpecifikationOvrigaLangfristigaSkulderKunderLeverantorerForandringarSverigeUtlandetTuple" xlink:title="SpecifikationOvrigaLangfristigaSkulderKunderLeverantorerForandringarSverigeUtlandetTuple"/>
    <link:label xlink:type="resource" xlink:label="label_SpecifikationOvrigaLangfristigaSkulderKunderLeverantorerForandringarSverigeUtlandetTuple" xlink:role="http://www.xbrl.org/2003/role/documentation" xlink:title="label_SpecifikationOvrigaLangfristigaSkulderKunderLeverantorerForandringarSverigeUtlandetTuple" xml:lang="sv" id="label_SpecifikationOvrigaLangfristigaSkulderKunderLeverantorerForandringarSverigeUtlandetTuple">Specifikation av övriga långfristiga skulder till kunder och leverantörer; exempelvis långfristig del i avbetalningskontrakt, depositioner från kunder eller leverantörsskulder till andra än; koncernföretag, intresseföretag, gemensamt styrda företag och övriga företag som det finns ägarintresse i; redovisat värde och periodens förändringar, i Sverige respektive i utlandet</link:label>
    <link:labelArc xlink:type="arc" xlink:arcrole="http://www.xbrl.org/2003/arcrole/concept-label" xlink:from="SpecifikationOvrigaLangfristigaSkulderKunderLeverantorerForandringarSverigeUtlandetTuple" xlink:to="label_SpecifikationOvrigaLangfristigaSkulderKunderLeverantorerForandringarSverigeUtlandetTuple" xlink:title="label: SpecifikationOvrigaLangfristigaSkulderKunderLeverantorerForandringarSverigeUtlandetTuple to label_SpecifikationOvrigaLangfristigaSkulderKunderLeverantorerForandringarSverigeUtlandetTuple"/>
    <link:loc xlink:type="locator" xlink:href="se-fekq-ext-2023-01-31.xsd#se-fekq-ext_SpecifikationForskottKunderForandringarSverigeUtlandetTuple" xlink:label="SpecifikationForskottKunderForandringarSverigeUtlandetTuple" xlink:title="SpecifikationForskottKunderForandringarSverigeUtlandetTuple"/>
    <link:label xlink:type="resource" xlink:label="label_SpecifikationForskottKunderForandringarSverigeUtlandetTuple" xlink:role="http://www.xbrl.org/2003/role/documentation" xlink:title="label_SpecifikationForskottKunderForandringarSverigeUtlandetTuple" xml:lang="sv" id="label_SpecifikationForskottKunderForandringarSverigeUtlandetTuple">Specifikation av förskott, som är kortfristiga, för betalningar från och obetalda fakturor till kunder där motprestation ännu inte lämnats; redovisat värde och periodens förändringar, i Sverige respektive i utlandet</link:label>
    <link:labelArc xlink:type="arc" xlink:arcrole="http://www.xbrl.org/2003/arcrole/concept-label" xlink:from="SpecifikationForskottKunderForandringarSverigeUtlandetTuple" xlink:to="label_SpecifikationForskottKunderForandringarSverigeUtlandetTuple" xlink:title="label: SpecifikationForskottKunderForandringarSverigeUtlandetTuple to label_SpecifikationForskottKunderForandringarSverigeUtlandetTuple"/>
    <link:loc xlink:type="locator" xlink:href="se-fekq-ext-2023-01-31.xsd#se-fekq-ext_SpecifikationKortfristigaLeverantorsskulderForandringarSverigeUtlandetTuple" xlink:label="SpecifikationKortfristigaLeverantorsskulderForandringarSverigeUtlandetTuple" xlink:title="SpecifikationKortfristigaLeverantorsskulderForandringarSverigeUtlandetTuple"/>
    <link:label xlink:type="resource" xlink:label="label_SpecifikationKortfristigaLeverantorsskulderForandringarSverigeUtlandetTuple" xlink:role="http://www.xbrl.org/2003/role/documentation" xlink:title="label_SpecifikationKortfristigaLeverantorsskulderForandringarSverigeUtlandetTuple" xml:lang="sv" id="label_SpecifikationKortfristigaLeverantorsskulderForandringarSverigeUtlandetTuple">Specifikation av leverantörsskulder, dvs. kortfristiga skulder till följd av inköp av varor eller tjänster, till andra än koncern- och intresseföretag, gemensamt styrda företag och övriga företag som det finns ett ägarintresse i; redovisat värde och periodens förändringar, i Sverige respektive i utlandet</link:label>
    <link:labelArc xlink:type="arc" xlink:arcrole="http://www.xbrl.org/2003/arcrole/concept-label" xlink:from="SpecifikationKortfristigaLeverantorsskulderForandringarSverigeUtlandetTuple" xlink:to="label_SpecifikationKortfristigaLeverantorsskulderForandringarSverigeUtlandetTuple" xlink:title="label: SpecifikationKortfristigaLeverantorsskulderForandringarSverigeUtlandetTuple to label_SpecifikationKortfristigaLeverantorsskulderForandringarSverigeUtlandetTuple"/>
    <link:loc xlink:type="locator" xlink:href="se-fekq-ext-2023-01-31.xsd#se-fekq-ext_SpecifikationkortfristigaLeverantorsskulderKoncernforetagForandringarSverigeUtlandetTuple" xlink:label="SpecifikationkortfristigaLeverantorsskulderKoncernforetagForandringarSverigeUtlandetTuple" xlink:title="SpecifikationkortfristigaLeverantorsskulderKoncernforetagForandringarSverigeUtlandetTuple"/>
    <link:label xlink:type="resource" xlink:label="label_SpecifikationkortfristigaLeverantorsskulderKoncernforetagForandringarSverigeUtlandetTuple" xlink:role="http://www.xbrl.org/2003/role/documentation" xlink:title="label_SpecifikationkortfristigaLeverantorsskulderKoncernforetagForandringarSverigeUtlandetTuple" xml:lang="sv" id="label_SpecifikationkortfristigaLeverantorsskulderKoncernforetagForandringarSverigeUtlandetTuple">Specifikation av kortfristiga skulder till följd av inköp av varor eller tjänster (leverantörsskulder) från koncernföretag; redovisat värde och periodens förändringar, i Sverige respektive i utlandet</link:label>
    <link:labelArc xlink:type="arc" xlink:arcrole="http://www.xbrl.org/2003/arcrole/concept-label" xlink:from="SpecifikationkortfristigaLeverantorsskulderKoncernforetagForandringarSverigeUtlandetTuple" xlink:to="label_SpecifikationkortfristigaLeverantorsskulderKoncernforetagForandringarSverigeUtlandetTuple" xlink:title="label: SpecifikationkortfristigaLeverantorsskulderKoncernforetagForandringarSverigeUtlandetTuple to label_SpecifikationkortfristigaLeverantorsskulderKoncernforetagForandringarSverigeUtlandetTuple"/>
    <link:loc xlink:type="locator" xlink:href="se-fekq-ext-2023-01-31.xsd#se-fekq-ext_SpecifikationLeverantorsskolderIntresseforetagGemensamtStyrdaForetagKortfristigaForandringarSverigeUtlandetTuple" xlink:label="SpecifikationLeverantorsskolderIntresseforetagGemensamtStyrdaForetagKortfristigaForandringarSverigeUtlandetTuple" xlink:title="SpecifikationLeverantorsskolderIntresseforetagGemensamtStyrdaForetagKortfristigaForandringarSverigeUtlandetTuple"/>
    <link:label xlink:type="resource" xlink:label="label_SpecifikationLeverantorsskolderIntresseforetagGemensamtStyrdaForetagKortfristigaForandringarSverigeUtlandetTuple" xlink:role="http://www.xbrl.org/2003/role/documentation" xlink:title="label_SpecifikationLeverantorsskolderIntresseforetagGemensamtStyrdaForetagKortfristigaForandringarSverigeUtlandetTuple" xml:lang="sv" id="label_SpecifikationLeverantorsskolderIntresseforetagGemensamtStyrdaForetagKortfristigaForandringarSverigeUtlandetTuple">Specifikation av kortfristiga skulder till följd av inköp av varor eller tjänster (leverantörsskulder) från intresseföretag och gemensamt styrda företag; redovisat värde och periodens förändringar, i Sverige respektive i utlandet</link:label>
    <link:labelArc xlink:type="arc" xlink:arcrole="http://www.xbrl.org/2003/arcrole/concept-label" xlink:from="SpecifikationLeverantorsskolderIntresseforetagGemensamtStyrdaForetagKortfristigaForandringarSverigeUtlandetTuple" xlink:to="label_SpecifikationLeverantorsskolderIntresseforetagGemensamtStyrdaForetagKortfristigaForandringarSverigeUtlandetTuple" xlink:title="label: SpecifikationLeverantorsskolderIntresseforetagGemensamtStyrdaForetagKortfristigaForandringarSverigeUtlandetTuple to label_SpecifikationLeverantorsskolderIntresseforetagGemensamtStyrdaForetagKortfristigaForandringarSverigeUtlandetTuple"/>
    <link:loc xlink:type="locator" xlink:href="se-fekq-ext-2023-01-31.xsd#se-fekq-ext_SpecifikationLeverantorsskulderOvrigaForetagAgarintresseKortfristigaForandringarSverigeUtlandetTuple" xlink:label="SpecifikationLeverantorsskulderOvrigaForetagAgarintresseKortfristigaForandringarSverigeUtlandetTuple" xlink:title="SpecifikationLeverantorsskulderOvrigaForetagAgarintresseKortfristigaForandringarSverigeUtlandetTuple"/>
    <link:label xlink:type="resource" xlink:label="label_SpecifikationLeverantorsskulderOvrigaForetagAgarintresseKortfristigaForandringarSverigeUtlandetTuple" xlink:role="http://www.xbrl.org/2003/role/documentation" xlink:title="label_SpecifikationLeverantorsskulderOvrigaForetagAgarintresseKortfristigaForandringarSverigeUtlandetTuple" xml:lang="sv" id="label_SpecifikationLeverantorsskulderOvrigaForetagAgarintresseKortfristigaForandringarSverigeUtlandetTuple">Specifikation av kortfristiga skulder till följd av inköp av varor eller tjänster (leverantörsskulder) från övriga företag som det finns ett ägarintresse i; redovisat värde och periodens förändringar, i Sverige respektive i utlandet</link:label>
    <link:labelArc xlink:type="arc" xlink:arcrole="http://www.xbrl.org/2003/arcrole/concept-label" xlink:from="SpecifikationLeverantorsskulderOvrigaForetagAgarintresseKortfristigaForandringarSverigeUtlandetTuple" xlink:to="label_SpecifikationLeverantorsskulderOvrigaForetagAgarintresseKortfristigaForandringarSverigeUtlandetTuple" xlink:title="label: SpecifikationLeverantorsskulderOvrigaForetagAgarintresseKortfristigaForandringarSverigeUtlandetTuple to label_SpecifikationLeverantorsskulderOvrigaForetagAgarintresseKortfristigaForandringarSverigeUtlandetTuple"/>
    <link:loc xlink:type="locator" xlink:href="se-fekq-ext-2023-01-31.xsd#se-fekq-ext_SpecifikationOvrigaKortfristigaSkulderKunderLeverantorerForandringarSverigeUtlandetTuple" xlink:label="SpecifikationOvrigaKortfristigaSkulderKunderLeverantorerForandringarSverigeUtlandetTuple" xlink:title="SpecifikationOvrigaKortfristigaSkulderKunderLeverantorerForandringarSverigeUtlandetTuple"/>
    <link:label xlink:type="resource" xlink:label="label_SpecifikationOvrigaKortfristigaSkulderKunderLeverantorerForandringarSverigeUtlandetTuple" xlink:role="http://www.xbrl.org/2003/role/documentation" xlink:title="label_SpecifikationOvrigaKortfristigaSkulderKunderLeverantorerForandringarSverigeUtlandetTuple" xml:lang="sv" id="label_SpecifikationOvrigaKortfristigaSkulderKunderLeverantorerForandringarSverigeUtlandetTuple">Specifikation av övriga skulder, som är kortfristiga, till kunder och leverantörer exempelvis redovisningsmedel; redovisat värde och periodens förändringar, i Sverige respektive i utlandet. Omfattar inte leverantörsskulder eller förskott från kunder</link:label>
    <link:labelArc xlink:type="arc" xlink:arcrole="http://www.xbrl.org/2003/arcrole/concept-label" xlink:from="SpecifikationOvrigaKortfristigaSkulderKunderLeverantorerForandringarSverigeUtlandetTuple" xlink:to="label_SpecifikationOvrigaKortfristigaSkulderKunderLeverantorerForandringarSverigeUtlandetTuple" xlink:title="label: SpecifikationOvrigaKortfristigaSkulderKunderLeverantorerForandringarSverigeUtlandetTuple to label_SpecifikationOvrigaKortfristigaSkulderKunderLeverantorerForandringarSverigeUtlandetTuple"/>
    <link:loc xlink:type="locator" xlink:href="se-fekq-ext-2023-01-31.xsd#se-fekq-ext_SpecifikationBanktillgodohavandenUpplupenRantaForandringarLandValutaTuple" xlink:label="SpecifikationBanktillgodohavandenUpplupenRantaForandringarLandValutaTuple" xlink:title="SpecifikationBanktillgodohavandenUpplupenRantaForandringarLandValutaTuple"/>
    <link:label xlink:type="resource" xlink:label="label_SpecifikationBanktillgodohavandenUpplupenRantaForandringarLandValutaTuple_2" xlink:role="http://www.xbrl.org/2003/role/documentation" xlink:title="label_SpecifikationBanktillgodohavandenUpplupenRantaForandringarLandValutaTuple" xml:lang="sv" id="label_SpecifikationBanktillgodohavandenUpplupenRantaForandringarLandValutaTuple_2">Specifikation av banktillgodohavanden; redovisat värde inklusive upplupen ränta samt periodens förändringar, per land för motpart och ursprunglig valuta (svenska kronor eller utländsk valuta)</link:label>
    <link:labelArc xlink:type="arc" xlink:arcrole="http://www.xbrl.org/2003/arcrole/concept-label" xlink:from="SpecifikationBanktillgodohavandenUpplupenRantaForandringarLandValutaTuple" xlink:to="label_SpecifikationBanktillgodohavandenUpplupenRantaForandringarLandValutaTuple_2" xlink:title="label: SpecifikationBanktillgodohavandenUpplupenRantaForandringarLandValutaTuple to label_SpecifikationBanktillgodohavandenUpplupenRantaForandringarLandValutaTuple"/>
    <link:loc xlink:type="locator" xlink:href="se-fekq-ext-2023-01-31.xsd#se-fekq-ext_SpecifikationAndelarVardepappersfonderSpecialfonderForandringarLandTuple" xlink:label="SpecifikationAndelarVardepappersfonderSpecialfonderForandringarLandTuple" xlink:title="SpecifikationAndelarVardepappersfonderSpecialfonderForandringarLandTuple"/>
    <link:label xlink:type="resource" xlink:label="label_SpecifikationAndelarVardepappersfonderSpecialfonderForandringarLandTuple_2" xlink:role="http://www.xbrl.org/2003/role/documentation" xlink:title="label_SpecifikationAndelarVardepappersfonderSpecialfonderForandringarLandTuple" xml:lang="sv" id="label_SpecifikationAndelarVardepappersfonderSpecialfonderForandringarLandTuple_2">Specifikation av andelar i värdepappersfonder och specialfonder, vilka placerar i aktier, obligationer och andra finansiella instrument; redovisat värde och periodens förändringar, i Sverige respektive i utlandet</link:label>
    <link:labelArc xlink:type="arc" xlink:arcrole="http://www.xbrl.org/2003/arcrole/concept-label" xlink:from="SpecifikationAndelarVardepappersfonderSpecialfonderForandringarLandTuple" xlink:to="label_SpecifikationAndelarVardepappersfonderSpecialfonderForandringarLandTuple_2" xlink:title="label: SpecifikationAndelarVardepappersfonderSpecialfonderForandringarLandTuple to label_SpecifikationAndelarVardepappersfonderSpecialfonderForandringarLandTuple"/>
    <link:loc xlink:type="locator" xlink:href="se-fekq-ext-2023-01-31.xsd#se-fekq-ext_SpecifikationFinansiellaDerivatTillgangForandringarLandTuple" xlink:label="SpecifikationFinansiellaDerivatTillgangForandringarLandTuple" xlink:title="SpecifikationFinansiellaDerivatTillgangForandringarLandTuple"/>
    <link:label xlink:type="resource" xlink:label="label_SpecifikationFinansiellaDerivatTillgangForandringarLandTuple_2" xlink:role="http://www.xbrl.org/2003/role/documentation" xlink:title="label_SpecifikationFinansiellaDerivatTillgangForandringarLandTuple" xml:lang="sv" id="label_SpecifikationFinansiellaDerivatTillgangForandringarLandTuple_2">Specifikation av finansiella derivat som tillgång (t.ex. valutaterminer, aktieoptioner och ränteswappar); redovisat värde och periodens förändringar, per land för motpart</link:label>
    <link:labelArc xlink:type="arc" xlink:arcrole="http://www.xbrl.org/2003/arcrole/concept-label" xlink:from="SpecifikationFinansiellaDerivatTillgangForandringarLandTuple" xlink:to="label_SpecifikationFinansiellaDerivatTillgangForandringarLandTuple_2" xlink:title="label: SpecifikationFinansiellaDerivatTillgangForandringarLandTuple to label_SpecifikationFinansiellaDerivatTillgangForandringarLandTuple"/>
    <link:loc xlink:type="locator" xlink:href="se-fekq-ext-2023-01-31.xsd#se-fekq-ext_SpecifikationCertifikatUpplupenRantaTillgangForandringarLandTuple" xlink:label="SpecifikationCertifikatUpplupenRantaTillgangForandringarLandTuple" xlink:title="SpecifikationCertifikatUpplupenRantaTillgangForandringarLandTuple"/>
    <link:label xlink:type="resource" xlink:label="label_SpecifikationCertifikatUpplupenRantaTillgangForandringarLandTuple_2" xlink:role="http://www.xbrl.org/2003/role/documentation" xlink:title="label_SpecifikationCertifikatUpplupenRantaTillgangForandringarLandTuple" xml:lang="sv" id="label_SpecifikationCertifikatUpplupenRantaTillgangForandringarLandTuple_2">Specifikation av certifikat som tillgång (diskonteringsinstrument med en ursprunglig löptid på upp till ett år, främst instrument som statsskuldväxlar och företagscertifikat men även bankcertifikat); redovisat värde inklusive upplupen ränta samt periodens förändringar, i Sverige respektive i utlandet</link:label>
    <link:labelArc xlink:type="arc" xlink:arcrole="http://www.xbrl.org/2003/arcrole/concept-label" xlink:from="SpecifikationCertifikatUpplupenRantaTillgangForandringarLandTuple" xlink:to="label_SpecifikationCertifikatUpplupenRantaTillgangForandringarLandTuple_2" xlink:title="label: SpecifikationCertifikatUpplupenRantaTillgangForandringarLandTuple to label_SpecifikationCertifikatUpplupenRantaTillgangForandringarLandTuple"/>
    <link:loc xlink:type="locator" xlink:href="se-fekq-ext-2023-01-31.xsd#se-fekq-ext_SpecifikationObligationerForlagsbevisKonvertiblerForandringarLandTuple" xlink:label="SpecifikationObligationerForlagsbevisKonvertiblerForandringarLandTuple" xlink:title="SpecifikationObligationerForlagsbevisKonvertiblerForandringarLandTuple"/>
    <link:label xlink:type="resource" xlink:label="label_SpecifikationObligationerForlagsbevisKonvertiblerForandringarLandTuple_2" xlink:role="http://www.xbrl.org/2003/role/documentation" xlink:title="label_SpecifikationObligationerForlagsbevisKonvertiblerForandringarLandTuple" xml:lang="sv" id="label_SpecifikationObligationerForlagsbevisKonvertiblerForandringarLandTuple_2">Specifikation av instrument med en ursprunglig löptid på mer än ett år (obligationer, förlagsbevis och konvertibler); redovisat värde inklusive upplupen ränta samt periodens förändringar, i Sverige respektive i utlandet</link:label>
    <link:labelArc xlink:type="arc" xlink:arcrole="http://www.xbrl.org/2003/arcrole/concept-label" xlink:from="SpecifikationObligationerForlagsbevisKonvertiblerForandringarLandTuple" xlink:to="label_SpecifikationObligationerForlagsbevisKonvertiblerForandringarLandTuple_2" xlink:title="label: SpecifikationObligationerForlagsbevisKonvertiblerForandringarLandTuple to label_SpecifikationObligationerForlagsbevisKonvertiblerForandringarLandTuple"/>
    <link:loc xlink:type="locator" xlink:href="se-fekq-ext-2023-01-31.xsd#se-fekq-ext_SpecifikationKorfristigaLanefordringarForandringarLandForetagTuple" xlink:label="SpecifikationKorfristigaLanefordringarForandringarLandForetagTuple" xlink:title="SpecifikationKorfristigaLanefordringarForandringarLandForetagTuple"/>
    <link:label xlink:type="resource" xlink:label="label_SpecifikationKorfristigaLanefordringarForandringarLandForetagTuple_2" xlink:role="http://www.xbrl.org/2003/role/documentation" xlink:title="label_SpecifikationKorfristigaLanefordringarForandringarLandForetagTuple" xml:lang="sv" id="label_SpecifikationKorfristigaLanefordringarForandringarLandForetagTuple_2">Specifikation av lånefordringar med en ursprunglig löptid på upp till ett år, på andra motparter än bank; redovisat värde inklusive upplupen ränta samt periodens förändringar, i Sverige respektive i utlandet, per typ av företag</link:label>
    <link:labelArc xlink:type="arc" xlink:arcrole="http://www.xbrl.org/2003/arcrole/concept-label" xlink:from="SpecifikationKorfristigaLanefordringarForandringarLandForetagTuple" xlink:to="label_SpecifikationKorfristigaLanefordringarForandringarLandForetagTuple_2" xlink:title="label: SpecifikationKorfristigaLanefordringarForandringarLandForetagTuple to label_SpecifikationKorfristigaLanefordringarForandringarLandForetagTuple"/>
    <link:loc xlink:type="locator" xlink:href="se-fekq-ext-2023-01-31.xsd#se-fekq-ext_SpecifikationKortfristigaLanefordringarForandringarUtlandetAgarforhallandetMotpartenUnderstiger10ProcentLandValutaTuple" xlink:label="SpecifikationKortfristigaLanefordringarForandringarUtlandetAgarforhallandetMotpartenUnderstiger10ProcentLandValutaTuple" xlink:title="SpecifikationKortfristigaLanefordringarForandringarUtlandetAgarforhallandetMotpartenUnderstiger10ProcentLandValutaTuple"/>
    <link:label xlink:type="resource" xlink:label="label_SpecifikationKortfristigaLanefordringarForandringarUtlandetAgarforhallandetMotpartenUnderstiger10ProcentLandValutaTuple_2" xlink:role="http://www.xbrl.org/2003/role/documentation" xlink:title="label_SpecifikationKortfristigaLanefordringarForandringarUtlandetAgarforhallandetMotpartenUnderstiger10ProcentLandValutaTuple" xml:lang="sv" id="label_SpecifikationKortfristigaLanefordringarForandringarUtlandetAgarforhallandetMotpartenUnderstiger10ProcentLandValutaTuple_2">Specifikation av lånefordringar mot utlandet med en ursprunglig löptid på upp till ett år, på andra motparter än bank, där ägarförhållandet till motparten utgör mindre än 10 procent; redovisat värde inklusive upplupen ränta samt periodens förändringar, per land för motpart och ursprunglig valuta (svenska kronor eller utländsk valuta)</link:label>
    <link:labelArc xlink:type="arc" xlink:arcrole="http://www.xbrl.org/2003/arcrole/concept-label" xlink:from="SpecifikationKortfristigaLanefordringarForandringarUtlandetAgarforhallandetMotpartenUnderstiger10ProcentLandValutaTuple" xlink:to="label_SpecifikationKortfristigaLanefordringarForandringarUtlandetAgarforhallandetMotpartenUnderstiger10ProcentLandValutaTuple_2" xlink:title="label: SpecifikationKortfristigaLanefordringarForandringarUtlandetAgarforhallandetMotpartenUnderstiger10ProcentLandValutaTuple to label_SpecifikationKortfristigaLanefordringarForandringarUtlandetAgarforhallandetMotpartenUnderstiger10ProcentLandValutaTuple"/>
    <link:loc xlink:type="locator" xlink:href="se-fekq-ext-2023-01-31.xsd#se-fekq-ext_SpecifikationLangfristigaLanefordringarForandringarLandForetagTuple" xlink:label="SpecifikationLangfristigaLanefordringarForandringarLandForetagTuple" xlink:title="SpecifikationLangfristigaLanefordringarForandringarLandForetagTuple"/>
    <link:label xlink:type="resource" xlink:label="label_SpecifikationLangfristigaLanefordringarForandringarLandForetagTuple_2" xlink:role="http://www.xbrl.org/2003/role/documentation" xlink:title="label_SpecifikationLangfristigaLanefordringarForandringarLandForetagTuple" xml:lang="sv" id="label_SpecifikationLangfristigaLanefordringarForandringarLandForetagTuple_2">Specifikation av lånefordringar med en ursprunglig löptid på mer än ett år, på andra motparter än bank; redovisat värde inklusive upplupen ränta samt periodens förändringar, i Sverige respektive i utlandet, per typ av företag</link:label>
    <link:labelArc xlink:type="arc" xlink:arcrole="http://www.xbrl.org/2003/arcrole/concept-label" xlink:from="SpecifikationLangfristigaLanefordringarForandringarLandForetagTuple" xlink:to="label_SpecifikationLangfristigaLanefordringarForandringarLandForetagTuple_2" xlink:title="label: SpecifikationLangfristigaLanefordringarForandringarLandForetagTuple to label_SpecifikationLangfristigaLanefordringarForandringarLandForetagTuple"/>
    <link:loc xlink:type="locator" xlink:href="se-fekq-ext-2023-01-31.xsd#se-fekq-ext_SpecifikationLangfristigaLanefordringarForandringarUtlandetAgarforhallandetMotpartenUnderstiger10ProcentLandValutaTuple" xlink:label="SpecifikationLangfristigaLanefordringarForandringarUtlandetAgarforhallandetMotpartenUnderstiger10ProcentLandValutaTuple" xlink:title="SpecifikationLangfristigaLanefordringarForandringarUtlandetAgarforhallandetMotpartenUnderstiger10ProcentLandValutaTuple"/>
    <link:label xlink:type="resource" xlink:label="label_SpecifikationLangfristigaLanefordringarForandringarUtlandetAgarforhallandetMotpartenUnderstiger10ProcentLandValutaTuple_2" xlink:role="http://www.xbrl.org/2003/role/documentation" xlink:title="label_SpecifikationLangfristigaLanefordringarForandringarUtlandetAgarforhallandetMotpartenUnderstiger10ProcentLandValutaTuple" xml:lang="sv" id="label_SpecifikationLangfristigaLanefordringarForandringarUtlandetAgarforhallandetMotpartenUnderstiger10ProcentLandValutaTuple_2">Specifikation av lånefordringar mot utlandet med en ursprunglig löptid på mer än ett år, på andra motparter än bank, där ägarförhållandet till motparten utgör mindre än 10 procent; redovisat värde inklusive upplupen ränta samt periodens förändringar, per land för motpart och ursprunglig valuta (svenska kronor eller utländsk valuta)</link:label>
    <link:labelArc xlink:type="arc" xlink:arcrole="http://www.xbrl.org/2003/arcrole/concept-label" xlink:from="SpecifikationLangfristigaLanefordringarForandringarUtlandetAgarforhallandetMotpartenUnderstiger10ProcentLandValutaTuple" xlink:to="label_SpecifikationLangfristigaLanefordringarForandringarUtlandetAgarforhallandetMotpartenUnderstiger10ProcentLandValutaTuple_2" xlink:title="label: SpecifikationLangfristigaLanefordringarForandringarUtlandetAgarforhallandetMotpartenUnderstiger10ProcentLandValutaTuple to label_SpecifikationLangfristigaLanefordringarForandringarUtlandetAgarforhallandetMotpartenUnderstiger10ProcentLandValutaTuple"/>
    <link:loc xlink:type="locator" xlink:href="se-fekq-ext-2023-01-31.xsd#se-fekq-ext_SpecifikationAktierNoteradeForetagForandringarLandTuple" xlink:label="SpecifikationAktierNoteradeForetagForandringarLandTuple" xlink:title="SpecifikationAktierNoteradeForetagForandringarLandTuple"/>
    <link:label xlink:type="resource" xlink:label="label_SpecifikationAktierNoteradeForetagForandringarLandTuple_2" xlink:role="http://www.xbrl.org/2003/role/documentation" xlink:title="label_SpecifikationAktierNoteradeForetagForandringarLandTuple" xml:lang="sv" id="label_SpecifikationAktierNoteradeForetagForandringarLandTuple_2">Specifikation aktier i företag som är noterade; aktier som är upptagna till handel på reglerad marknad eller som har en kontinuerlig notering vid marknadsmässig och allmänt tillgänglig handelsplats; redovisat värde och förändringar, i Sverige respektive i utlandet</link:label>
    <link:labelArc xlink:type="arc" xlink:arcrole="http://www.xbrl.org/2003/arcrole/concept-label" xlink:from="SpecifikationAktierNoteradeForetagForandringarLandTuple" xlink:to="label_SpecifikationAktierNoteradeForetagForandringarLandTuple_2" xlink:title="label: SpecifikationAktierNoteradeForetagForandringarLandTuple to label_SpecifikationAktierNoteradeForetagForandringarLandTuple"/>
    <link:loc xlink:type="locator" xlink:href="se-fekq-ext-2023-01-31.xsd#se-fekq-ext_SpecifikationAktierOnoteradeForetagForandringarLandForetagTuple" xlink:label="SpecifikationAktierOnoteradeForetagForandringarLandForetagTuple" xlink:title="SpecifikationAktierOnoteradeForetagForandringarLandForetagTuple"/>
    <link:label xlink:type="resource" xlink:label="label_SpecifikationAktierOnoteradeForetagForandringarLandForetagTuple_2" xlink:role="http://www.xbrl.org/2003/role/documentation" xlink:title="label_SpecifikationAktierOnoteradeForetagForandringarLandForetagTuple" xml:lang="sv" id="label_SpecifikationAktierOnoteradeForetagForandringarLandForetagTuple_2">Specifikation av aktier i företag som är onoterade; aktier som inte är upptagna till handel på reglerad marknad eller som saknar en kontinuerlig notering vid marknadsmässig och allmänt tillgänglig handelsplats; redovisat värde och förändringar, i Sverige respektive i utlandet, per typ av företag</link:label>
    <link:labelArc xlink:type="arc" xlink:arcrole="http://www.xbrl.org/2003/arcrole/concept-label" xlink:from="SpecifikationAktierOnoteradeForetagForandringarLandForetagTuple" xlink:to="label_SpecifikationAktierOnoteradeForetagForandringarLandForetagTuple_2" xlink:title="label: SpecifikationAktierOnoteradeForetagForandringarLandForetagTuple to label_SpecifikationAktierOnoteradeForetagForandringarLandForetagTuple"/>
    <link:loc xlink:type="locator" xlink:href="se-fekq-ext-2023-01-31.xsd#se-fekq-ext_SpecifikationAndraAndelarForandringarLandTuple" xlink:label="SpecifikationAndraAndelarForandringarLandTuple" xlink:title="SpecifikationAndraAndelarForandringarLandTuple"/>
    <link:label xlink:type="resource" xlink:label="label_SpecifikationAndraAndelarForandringarLandTuple_2" xlink:role="http://www.xbrl.org/2003/role/documentation" xlink:title="label_SpecifikationAndraAndelarForandringarLandTuple" xml:lang="sv" id="label_SpecifikationAndraAndelarForandringarLandTuple_2">Specifikation av andra andelar än aktier eller andelar i värdepappersfonder och specialfonder; redovisat värde och förändringar, i Sverige respektive i utlandet</link:label>
    <link:labelArc xlink:type="arc" xlink:arcrole="http://www.xbrl.org/2003/arcrole/concept-label" xlink:from="SpecifikationAndraAndelarForandringarLandTuple" xlink:to="label_SpecifikationAndraAndelarForandringarLandTuple_2" xlink:title="label: SpecifikationAndraAndelarForandringarLandTuple to label_SpecifikationAndraAndelarForandringarLandTuple"/>
    <link:loc xlink:type="locator" xlink:href="se-fekq-ext-2023-01-31.xsd#se-fekq-ext_SpecifikationFinansiellaDerivatSkuldForandringarLandTypDerivatTuple" xlink:label="SpecifikationFinansiellaDerivatSkuldForandringarLandTypDerivatTuple" xlink:title="SpecifikationFinansiellaDerivatSkuldForandringarLandTypDerivatTuple"/>
    <link:label xlink:type="resource" xlink:label="label_SpecifikationFinansiellaDerivatSkuldForandringarLandTypDerivatTuple_2" xlink:role="http://www.xbrl.org/2003/role/documentation" xlink:title="label_SpecifikationFinansiellaDerivatSkuldForandringarLandTypDerivatTuple" xml:lang="sv" id="label_SpecifikationFinansiellaDerivatSkuldForandringarLandTypDerivatTuple_2">Specifikation av finansiella derivat som skuld; redovisat värde och förändringar, per land för motpart, per typ av derivat</link:label>
    <link:labelArc xlink:type="arc" xlink:arcrole="http://www.xbrl.org/2003/arcrole/concept-label" xlink:from="SpecifikationFinansiellaDerivatSkuldForandringarLandTypDerivatTuple" xlink:to="label_SpecifikationFinansiellaDerivatSkuldForandringarLandTypDerivatTuple_2" xlink:title="label: SpecifikationFinansiellaDerivatSkuldForandringarLandTypDerivatTuple to label_SpecifikationFinansiellaDerivatSkuldForandringarLandTypDerivatTuple"/>
    <link:loc xlink:type="locator" xlink:href="se-fekq-ext-2023-01-31.xsd#se-fekq-ext_SpecifikationCheckrakningskreditForandringarLandValutaTuple" xlink:label="SpecifikationCheckrakningskreditForandringarLandValutaTuple" xlink:title="SpecifikationCheckrakningskreditForandringarLandValutaTuple"/>
    <link:label xlink:type="resource" xlink:label="label_SpecifikationCheckrakningskreditForandringarLandValutaTuple_2" xlink:role="http://www.xbrl.org/2003/role/documentation" xlink:title="label_SpecifikationCheckrakningskreditForandringarLandValutaTuple" xml:lang="sv" id="label_SpecifikationCheckrakningskreditForandringarLandValutaTuple_2">Specifikation av utnyttjat belopp av checkräkningskonto med kredit (checkräkningskredit); redovisat värde inklusive upplupen ränta samt periodens förändringar, per land för motpart och ursprunglig valuta (svenska kronor eller utländsk valuta)</link:label>
    <link:labelArc xlink:type="arc" xlink:arcrole="http://www.xbrl.org/2003/arcrole/concept-label" xlink:from="SpecifikationCheckrakningskreditForandringarLandValutaTuple" xlink:to="label_SpecifikationCheckrakningskreditForandringarLandValutaTuple_2" xlink:title="label: SpecifikationCheckrakningskreditForandringarLandValutaTuple to label_SpecifikationCheckrakningskreditForandringarLandValutaTuple"/>
    <link:loc xlink:type="locator" xlink:href="se-fekq-ext-2023-01-31.xsd#se-fekq-ext_SpecifikationKorfristigaLaneskulderForandringarLandForetagTuple" xlink:label="SpecifikationKorfristigaLaneskulderForandringarLandForetagTuple" xlink:title="SpecifikationKorfristigaLaneskulderForandringarLandForetagTuple"/>
    <link:label xlink:type="resource" xlink:label="label_SpecifikationKorfristigaLaneskulderForandringarLandForetagTuple_2" xlink:role="http://www.xbrl.org/2003/role/documentation" xlink:title="label_SpecifikationKorfristigaLaneskulderForandringarLandForetagTuple" xml:lang="sv" id="label_SpecifikationKorfristigaLaneskulderForandringarLandForetagTuple_2">Specifikation av låneskulder med en ursprunglig löptid på upp till ett år, t.ex. till bank eller koncernföretag (exklusive checkräkningskredit); redovisat värde inklusive upplupen ränta samt periodens förändringar, i Sverige respektive i utlandet, per typ av företag</link:label>
    <link:labelArc xlink:type="arc" xlink:arcrole="http://www.xbrl.org/2003/arcrole/concept-label" xlink:from="SpecifikationKorfristigaLaneskulderForandringarLandForetagTuple" xlink:to="label_SpecifikationKorfristigaLaneskulderForandringarLandForetagTuple_2" xlink:title="label: SpecifikationKorfristigaLaneskulderForandringarLandForetagTuple to label_SpecifikationKorfristigaLaneskulderForandringarLandForetagTuple"/>
    <link:loc xlink:type="locator" xlink:href="se-fekq-ext-2023-01-31.xsd#se-fekq-ext_SpecifikationKortfristigaLaneskulderForandringarUtlandetAgarforhallandetMotpartenUnderstiger10ProcentLandValutaTuple" xlink:label="SpecifikationKortfristigaLaneskulderForandringarUtlandetAgarforhallandetMotpartenUnderstiger10ProcentLandValutaTuple" xlink:title="SpecifikationKortfristigaLaneskulderForandringarUtlandetAgarforhallandetMotpartenUnderstiger10ProcentLandValutaTuple"/>
    <link:label xlink:type="resource" xlink:label="label_SpecifikationKortfristigaLaneskulderForandringarUtlandetAgarforhallandetMotpartenUnderstiger10ProcentLandValutaTuple_2" xlink:role="http://www.xbrl.org/2003/role/documentation" xlink:title="label_SpecifikationKortfristigaLaneskulderForandringarUtlandetAgarforhallandetMotpartenUnderstiger10ProcentLandValutaTuple" xml:lang="sv" id="label_SpecifikationKortfristigaLaneskulderForandringarUtlandetAgarforhallandetMotpartenUnderstiger10ProcentLandValutaTuple_2">Specifikation av låneskulder till utlandet med en ursprunglig löptid på upp till ett år, t.ex. till bank eller koncernföretag (exklusive checkräkningskredit), där ägarförhållandet till motparten understiger 10 procent; redovisat värde inklusive upplupen ränta samt periodens förändringar, per land för motpart och ursprunglig valuta (svenska kronor eller utländsk valuta)</link:label>
    <link:labelArc xlink:type="arc" xlink:arcrole="http://www.xbrl.org/2003/arcrole/concept-label" xlink:from="SpecifikationKortfristigaLaneskulderForandringarUtlandetAgarforhallandetMotpartenUnderstiger10ProcentLandValutaTuple" xlink:to="label_SpecifikationKortfristigaLaneskulderForandringarUtlandetAgarforhallandetMotpartenUnderstiger10ProcentLandValutaTuple_2" xlink:title="label: SpecifikationKortfristigaLaneskulderForandringarUtlandetAgarforhallandetMotpartenUnderstiger10ProcentLandValutaTuple to label_SpecifikationKortfristigaLaneskulderForandringarUtlandetAgarforhallandetMotpartenUnderstiger10ProcentLandValutaTuple"/>
    <link:loc xlink:type="locator" xlink:href="se-fekq-ext-2023-01-31.xsd#se-fekq-ext_SpecifikationLangfristigaLaneskulderForandringarLandForetagTuple" xlink:label="SpecifikationLangfristigaLaneskulderForandringarLandForetagTuple" xlink:title="SpecifikationLangfristigaLaneskulderForandringarLandForetagTuple"/>
    <link:label xlink:type="resource" xlink:label="label_SpecifikationLangfristigaLaneskulderForandringarLandForetagTuple_2" xlink:role="http://www.xbrl.org/2003/role/documentation" xlink:title="label_SpecifikationLangfristigaLaneskulderForandringarLandForetagTuple" xml:lang="sv" id="label_SpecifikationLangfristigaLaneskulderForandringarLandForetagTuple_2">Specifikation av låneskulder med ursprunglig löptid på mer än ett år, t.ex. till bank eller koncernföretag (exklusive checkräkningskredit); redovisat värde inklusive upplupen ränta samt periodens förändringar, i Sverige respektive i utlandet, per typ av företag</link:label>
    <link:labelArc xlink:type="arc" xlink:arcrole="http://www.xbrl.org/2003/arcrole/concept-label" xlink:from="SpecifikationLangfristigaLaneskulderForandringarLandForetagTuple" xlink:to="label_SpecifikationLangfristigaLaneskulderForandringarLandForetagTuple_2" xlink:title="label: SpecifikationLangfristigaLaneskulderForandringarLandForetagTuple to label_SpecifikationLangfristigaLaneskulderForandringarLandForetagTuple"/>
    <link:loc xlink:type="locator" xlink:href="se-fekq-ext-2023-01-31.xsd#se-fekq-ext_SpecifikationLangfristigaLaneskulderForandringarUtlandetAgarforhallandetMotpartenUnderstiger10ProcentLandValutaTuple" xlink:label="SpecifikationLangfristigaLaneskulderForandringarUtlandetAgarforhallandetMotpartenUnderstiger10ProcentLandValutaTuple" xlink:title="SpecifikationLangfristigaLaneskulderForandringarUtlandetAgarforhallandetMotpartenUnderstiger10ProcentLandValutaTuple"/>
    <link:label xlink:type="resource" xlink:label="label_SpecifikationLangfristigaLaneskulderForandringarUtlandetAgarforhallandetMotpartenUnderstiger10ProcentLandValutaTuple_2" xlink:role="http://www.xbrl.org/2003/role/documentation" xlink:title="label_SpecifikationLangfristigaLaneskulderForandringarUtlandetAgarforhallandetMotpartenUnderstiger10ProcentLandValutaTuple" xml:lang="sv" id="label_SpecifikationLangfristigaLaneskulderForandringarUtlandetAgarforhallandetMotpartenUnderstiger10ProcentLandValutaTuple_2">Specifikation av låneskulder till utlandet med en ursprunglig löptid på mer än ett år, t.ex. till bank eller koncernföretag (exklusive checkräkningskredit), där ägarförhållandet till motparten understiger 10 procent; redovisat värde inklusive upplupen ränta samt periodens förändringar, per land för motpart och ursprunglig valuta (svenska kronor eller utländsk valuta)</link:label>
    <link:labelArc xlink:type="arc" xlink:arcrole="http://www.xbrl.org/2003/arcrole/concept-label" xlink:from="SpecifikationLangfristigaLaneskulderForandringarUtlandetAgarforhallandetMotpartenUnderstiger10ProcentLandValutaTuple" xlink:to="label_SpecifikationLangfristigaLaneskulderForandringarUtlandetAgarforhallandetMotpartenUnderstiger10ProcentLandValutaTuple_2" xlink:title="label: SpecifikationLangfristigaLaneskulderForandringarUtlandetAgarforhallandetMotpartenUnderstiger10ProcentLandValutaTuple to label_SpecifikationLangfristigaLaneskulderForandringarUtlandetAgarforhallandetMotpartenUnderstiger10ProcentLandValutaTuple"/>
    <link:loc xlink:type="locator" xlink:href="se-fekq-ext-2023-01-31.xsd#se-fekq-ext_SpecifikationForskottImmateriellaAnlaggningstillgangarForandringarSverigeUtlandetTuple" xlink:label="SpecifikationForskottImmateriellaAnlaggningstillgangarForandringarSverigeUtlandetTuple" xlink:title="SpecifikationForskottImmateriellaAnlaggningstillgangarForandringarSverigeUtlandetTuple"/>
    <link:label xlink:type="resource" xlink:label="label_SpecifikationForskottImmateriellaAnlaggningstillgangarForandringarSverigeUtlandetTuple" xlink:role="http://www.xbrl.org/2003/role/documentation" xlink:title="label_SpecifikationForskottImmateriellaAnlaggningstillgangarForandringarSverigeUtlandetTuple" xml:lang="sv" id="label_SpecifikationForskottImmateriellaAnlaggningstillgangarForandringarSverigeUtlandetTuple">Specifikation av förskott till leverantörer; redovisat värde och periodens förändringar, i Sverige respektive i utlandet</link:label>
    <link:labelArc xlink:type="arc" xlink:arcrole="http://www.xbrl.org/2003/arcrole/concept-label" xlink:from="SpecifikationForskottImmateriellaAnlaggningstillgangarForandringarSverigeUtlandetTuple" xlink:to="label_SpecifikationForskottImmateriellaAnlaggningstillgangarForandringarSverigeUtlandetTuple" xlink:title="label: SpecifikationForskottImmateriellaAnlaggningstillgangarForandringarSverigeUtlandetTuple to label_SpecifikationForskottImmateriellaAnlaggningstillgangarForandringarSverigeUtlandetTuple"/>
    <link:loc xlink:type="locator" xlink:href="se-fekq-ext-2023-01-31.xsd#se-fekq-ext_SpecifikationForskottMateriellaAnlaggningstillgangarForandringarSverigeUtlandetTuple" xlink:label="SpecifikationForskottMateriellaAnlaggningstillgangarForandringarSverigeUtlandetTuple" xlink:title="SpecifikationForskottMateriellaAnlaggningstillgangarForandringarSverigeUtlandetTuple"/>
    <link:label xlink:type="resource" xlink:label="label_SpecifikationForskottMateriellaAnlaggningstillgangarForandringarSverigeUtlandetTuple" xlink:role="http://www.xbrl.org/2003/role/documentation" xlink:title="label_SpecifikationForskottMateriellaAnlaggningstillgangarForandringarSverigeUtlandetTuple" xml:lang="sv" id="label_SpecifikationForskottMateriellaAnlaggningstillgangarForandringarSverigeUtlandetTuple">Specifikation av förskott till leverantörer; redovisat värde och periodens förändringar, i Sverige respektive i utlandet</link:label>
    <link:labelArc xlink:type="arc" xlink:arcrole="http://www.xbrl.org/2003/arcrole/concept-label" xlink:from="SpecifikationForskottMateriellaAnlaggningstillgangarForandringarSverigeUtlandetTuple" xlink:to="label_SpecifikationForskottMateriellaAnlaggningstillgangarForandringarSverigeUtlandetTuple" xlink:title="label: SpecifikationForskottMateriellaAnlaggningstillgangarForandringarSverigeUtlandetTuple to label_SpecifikationForskottMateriellaAnlaggningstillgangarForandringarSverigeUtlandetTuple"/>
    <link:loc xlink:type="locator" xlink:href="se-fekq-ext-2023-01-31.xsd#se-fekq-ext_SpecifikationFaktureradEjUpparbetadIntaktForandringarSverigeUtlandetTuple" xlink:label="SpecifikationFaktureradEjUpparbetadIntaktForandringarSverigeUtlandetTuple" xlink:title="SpecifikationFaktureradEjUpparbetadIntaktForandringarSverigeUtlandetTuple"/>
    <link:label xlink:type="resource" xlink:label="label_SpecifikationFaktureradEjUpparbetadIntaktForandringarSverigeUtlandetTuple" xlink:role="http://www.xbrl.org/2003/role/documentation" xlink:title="label_SpecifikationFaktureradEjUpparbetadIntaktForandringarSverigeUtlandetTuple" xml:lang="sv" id="label_SpecifikationFaktureradEjUpparbetadIntaktForandringarSverigeUtlandetTuple">Specifikation av fakturerade men ej upparbetade intäkter för uppdrag till fast pris enligt huvudregeln, dvs. fakturerad men ej upparbetad intäkt; redovisat värde och periodens förändringar, i Sverige respektive i utlandet</link:label>
    <link:labelArc xlink:type="arc" xlink:arcrole="http://www.xbrl.org/2003/arcrole/concept-label" xlink:from="SpecifikationFaktureradEjUpparbetadIntaktForandringarSverigeUtlandetTuple" xlink:to="label_SpecifikationFaktureradEjUpparbetadIntaktForandringarSverigeUtlandetTuple" xlink:title="label: SpecifikationFaktureradEjUpparbetadIntaktForandringarSverigeUtlandetTuple to label_SpecifikationFaktureradEjUpparbetadIntaktForandringarSverigeUtlandetTuple"/>
  </link:labelLink>
</link:linkbase>
