<?xml version="1.0" encoding="UTF-8"?>
<!-- Generated by Fujitsu Interstage XWand B0245 -->
<link:linkbase xmlns:xsi="http://www.w3.org/2001/XMLSchema-instance" xsi:schemaLocation="http://www.xbrl.org/2003/linkbase http://www.xbrl.org/2003/xbrl-linkbase-2003-12-31.xsd" xmlns:se-fekq-ext="http://www.taxonomier.se/se/fr/stat/fek/fekq-ext/2023-01-31" xmlns:link="http://www.xbrl.org/2003/linkbase" xmlns:xbrli="http://www.xbrl.org/2003/instance" xmlns:xlink="http://www.w3.org/1999/xlink">
  <link:labelLink xlink:type="extended" xlink:role="http://www.xbrl.org/2003/role/link">
    <link:loc xlink:type="locator" xlink:href="../../../../../base/se-gen-base/2021-10-31/se-gen-base-2021-10-31.xsd#se-gen-base_KundfordringarKoncernforetagLangfristiga" xlink:label="KundfordringarKoncernforetagLangfristiga" xlink:title="KundfordringarKoncernforetagLangfristiga"/>
    <link:label xlink:type="resource" xlink:label="label_KundfordringarKoncernforetagLangfristiga_2" xlink:role="http://www.xbrl.org/2003/role/periodStartLabel" xlink:title="label_KundfordringarKoncernforetagLangfristiga" xml:lang="sv" id="label_KundfordringarKoncernforetagLangfristiga_2">därav Kundfodringar (ingående värde)</link:label>
    <link:labelArc xlink:type="arc" xlink:arcrole="http://www.xbrl.org/2003/arcrole/concept-label" xlink:from="KundfordringarKoncernforetagLangfristiga" xlink:to="label_KundfordringarKoncernforetagLangfristiga_2" xlink:title="label: KundfordringarKoncernforetagLangfristiga to label_KundfordringarKoncernforetagLangfristiga"/>
    <link:loc xlink:type="locator" xlink:href="../../../../../base/se-gen-base/2021-10-31/se-gen-base-2021-10-31.xsd#se-gen-base_KundfordringarKoncernforetagLangfristigaLand" xlink:label="KundfordringarKoncernforetagLangfristigaLand" xlink:title="KundfordringarKoncernforetagLangfristigaLand"/>
    <link:label xlink:type="resource" xlink:label="label_KundfordringarKoncernforetagLangfristigaLand_2" xlink:role="http://www.xbrl.org/2003/role/periodStartLabel" xlink:title="label_KundfordringarKoncernforetagLangfristigaLand" xml:lang="sv" id="label_KundfordringarKoncernforetagLangfristigaLand_2">Därav Kundfodringar (ingående värde)</link:label>
    <link:labelArc xlink:type="arc" xlink:arcrole="http://www.xbrl.org/2003/arcrole/concept-label" xlink:from="KundfordringarKoncernforetagLangfristigaLand" xlink:to="label_KundfordringarKoncernforetagLangfristigaLand_2" xlink:title="label: KundfordringarKoncernforetagLangfristigaLand to label_KundfordringarKoncernforetagLangfristigaLand"/>
    <link:loc xlink:type="locator" xlink:href="../../../../../base/se-gen-base/2021-10-31/se-gen-base-2021-10-31.xsd#se-gen-base_KundfordringarIntresseforetagGemensamtStyrdaForetagLangfristiga" xlink:label="KundfordringarIntresseforetagGemensamtStyrdaForetagLangfristiga" xlink:title="KundfordringarIntresseforetagGemensamtStyrdaForetagLangfristiga"/>
    <link:label xlink:type="resource" xlink:label="label_KundfordringarIntresseforetagGemensamtStyrdaForetagLangfristiga" xlink:role="http://www.xbrl.org/2003/role/periodStartLabel" xlink:title="label_KundfordringarIntresseforetagGemensamtStyrdaForetagLangfristiga" xml:lang="sv" id="label_KundfordringarIntresseforetagGemensamtStyrdaForetagLangfristiga">därav Kundfodringar (ingående värde)</link:label>
    <link:labelArc xlink:type="arc" xlink:arcrole="http://www.xbrl.org/2003/arcrole/concept-label" xlink:from="KundfordringarIntresseforetagGemensamtStyrdaForetagLangfristiga" xlink:to="label_KundfordringarIntresseforetagGemensamtStyrdaForetagLangfristiga" xlink:title="label: KundfordringarIntresseforetagGemensamtStyrdaForetagLangfristiga to label_KundfordringarIntresseforetagGemensamtStyrdaForetagLangfristiga"/>
    <link:loc xlink:type="locator" xlink:href="../../../../../base/se-gen-base/2021-10-31/se-gen-base-2021-10-31.xsd#se-gen-base_FordringarKoncernforetagLangfristiga" xlink:label="FordringarKoncernforetagLangfristiga" xlink:title="FordringarKoncernforetagLangfristiga"/>
    <link:label xlink:type="resource" xlink:label="label_FordringarKoncernforetagLangfristiga" xlink:role="http://www.xbrl.org/2003/role/periodStartLabel" xlink:title="label_FordringarKoncernforetagLangfristiga" xml:lang="sv" id="label_FordringarKoncernforetagLangfristiga">Fordringar hos koncernföretag (ingående värde)</link:label>
    <link:labelArc xlink:type="arc" xlink:arcrole="http://www.xbrl.org/2003/arcrole/concept-label" xlink:from="FordringarKoncernforetagLangfristiga" xlink:to="label_FordringarKoncernforetagLangfristiga" xlink:title="label: FordringarKoncernforetagLangfristiga to label_FordringarKoncernforetagLangfristiga"/>
    <link:loc xlink:type="locator" xlink:href="../../../../../base/se-gen-base/2021-10-31/se-gen-base-2021-10-31.xsd#se-gen-base_FordringarIntresseforetagGemensamtStyrdaForetagLangfristiga" xlink:label="FordringarIntresseforetagGemensamtStyrdaForetagLangfristiga" xlink:title="FordringarIntresseforetagGemensamtStyrdaForetagLangfristiga"/>
    <link:label xlink:type="resource" xlink:label="label_FordringarIntresseforetagGemensamtStyrdaForetagLangfristiga" xlink:role="http://www.xbrl.org/2003/role/periodStartLabel" xlink:title="label_FordringarIntresseforetagGemensamtStyrdaForetagLangfristiga" xml:lang="sv" id="label_FordringarIntresseforetagGemensamtStyrdaForetagLangfristiga">Fordringar hos intresseföretag och gemensamt styrda företag (ingående värde)</link:label>
    <link:labelArc xlink:type="arc" xlink:arcrole="http://www.xbrl.org/2003/arcrole/concept-label" xlink:from="FordringarIntresseforetagGemensamtStyrdaForetagLangfristiga" xlink:to="label_FordringarIntresseforetagGemensamtStyrdaForetagLangfristiga" xlink:title="label: FordringarIntresseforetagGemensamtStyrdaForetagLangfristiga to label_FordringarIntresseforetagGemensamtStyrdaForetagLangfristiga"/>
  </link:labelLink>
</link:linkbase>
