<?xml version="1.0" encoding="UTF-8"?>
<!-- Generated by Fujitsu Interstage XWand B0245 -->
<link:linkbase xmlns:xsi="http://www.w3.org/2001/XMLSchema-instance" xsi:schemaLocation="http://www.xbrl.org/2003/linkbase http://www.xbrl.org/2003/xbrl-linkbase-2003-12-31.xsd" xmlns:se-fekq-ext="http://www.taxonomier.se/se/fr/stat/fek/fekq-ext/2023-01-31" xmlns:link="http://www.xbrl.org/2003/linkbase" xmlns:xbrli="http://www.xbrl.org/2003/instance" xmlns:xlink="http://www.w3.org/1999/xlink">
  <link:labelLink xlink:type="extended" xlink:role="http://www.xbrl.org/2003/role/link">
    <link:loc xlink:type="locator" xlink:href="../../../../../base/se-gen-base/2021-10-31/se-gen-base-2021-10-31.xsd#se-gen-base_RorelseintakterLagerforandringarMm" xlink:label="RorelseintakterLagerforandringarMm" xlink:title="RorelseintakterLagerforandringarMm"/>
    <link:label xlink:type="resource" xlink:label="label_RorelseintakterLagerforandringarMm" xlink:role="http://www.xbrl.org/2003/role/totalLabel" xlink:title="label_RorelseintakterLagerforandringarMm" xml:lang="sv" id="label_RorelseintakterLagerforandringarMm">Summa rörelsens intäkter, lagerförändringar m.m.</link:label>
    <link:labelArc xlink:type="arc" xlink:arcrole="http://www.xbrl.org/2003/arcrole/concept-label" xlink:from="RorelseintakterLagerforandringarMm" xlink:to="label_RorelseintakterLagerforandringarMm" xlink:title="label: RorelseintakterLagerforandringarMm to label_RorelseintakterLagerforandringarMm"/>
    <link:loc xlink:type="locator" xlink:href="../../../../../base/se-gen-base/2021-10-31/se-gen-base-2021-10-31.xsd#se-gen-base_Rorelsekostnader" xlink:label="Rorelsekostnader" xlink:title="Rorelsekostnader"/>
    <link:label xlink:type="resource" xlink:label="label_Rorelsekostnader" xlink:role="http://www.xbrl.org/2003/role/totalLabel" xlink:title="label_Rorelsekostnader" xml:lang="sv" id="label_Rorelsekostnader">Summa rörelsens kostnader</link:label>
    <link:labelArc xlink:type="arc" xlink:arcrole="http://www.xbrl.org/2003/arcrole/concept-label" xlink:from="Rorelsekostnader" xlink:to="label_Rorelsekostnader" xlink:title="label: Rorelsekostnader to label_Rorelsekostnader"/>
    <link:loc xlink:type="locator" xlink:href="../../../../../base/se-gen-base/2021-10-31/se-gen-base-2021-10-31.xsd#se-gen-base_LagerFardigaVarorHandelsvaror" xlink:label="LagerFardigaVarorHandelsvaror" xlink:title="LagerFardigaVarorHandelsvaror"/>
    <link:label xlink:type="resource" xlink:label="label_LagerFardigaVarorHandelsvaror" xlink:role="http://www.xbrl.org/2003/role/totalLabel" xlink:title="label_LagerFardigaVarorHandelsvaror" xml:lang="sv" id="label_LagerFardigaVarorHandelsvaror">Summa färdiga varor och handelsvaror</link:label>
    <link:labelArc xlink:type="arc" xlink:arcrole="http://www.xbrl.org/2003/arcrole/concept-label" xlink:from="LagerFardigaVarorHandelsvaror" xlink:to="label_LagerFardigaVarorHandelsvaror" xlink:title="label: LagerFardigaVarorHandelsvaror to label_LagerFardigaVarorHandelsvaror"/>
    <link:loc xlink:type="locator" xlink:href="../../../../../base/se-gen-base/2021-10-31/se-gen-base-2021-10-31.xsd#se-gen-base_OvrigaLagertillgangar" xlink:label="OvrigaLagertillgangar" xlink:title="OvrigaLagertillgangar"/>
    <link:label xlink:type="resource" xlink:label="label_OvrigaLagertillgangar" xlink:role="http://www.xbrl.org/2003/role/totalLabel" xlink:title="label_OvrigaLagertillgangar" xml:lang="sv" id="label_OvrigaLagertillgangar">Summa övriga lagertillgångar</link:label>
    <link:labelArc xlink:type="arc" xlink:arcrole="http://www.xbrl.org/2003/arcrole/concept-label" xlink:from="OvrigaLagertillgangar" xlink:to="label_OvrigaLagertillgangar" xlink:title="label: OvrigaLagertillgangar to label_OvrigaLagertillgangar"/>
    <link:loc xlink:type="locator" xlink:href="../../../../../base/se-gen-base/2021-10-31/se-gen-base-2021-10-31.xsd#se-gen-base_VarulagerMm" xlink:label="VarulagerMm" xlink:title="VarulagerMm"/>
    <link:label xlink:type="resource" xlink:label="label_VarulagerMm" xlink:role="http://www.xbrl.org/2003/role/totalLabel" xlink:title="label_VarulagerMm" xml:lang="sv" id="label_VarulagerMm">Summa varulager m.m.</link:label>
    <link:labelArc xlink:type="arc" xlink:arcrole="http://www.xbrl.org/2003/arcrole/concept-label" xlink:from="VarulagerMm" xlink:to="label_VarulagerMm" xlink:title="label: VarulagerMm to label_VarulagerMm"/>
    <link:loc xlink:type="locator" xlink:href="../../../../../base/se-gen-base/2021-10-31/se-gen-base-2021-10-31.xsd#se-gen-base_ByggnaderMarkForandringAnskaffningsvardenInkop" xlink:label="ByggnaderMarkForandringAnskaffningsvardenInkop" xlink:title="ByggnaderMarkForandringAnskaffningsvardenInkop"/>
    <link:label xlink:type="resource" xlink:label="label_ByggnaderMarkForandringAnskaffningsvardenInkop" xlink:role="http://www.xbrl.org/2003/role/totalLabel" xlink:title="label_ByggnaderMarkForandringAnskaffningsvardenInkop" xml:lang="sv" id="label_ByggnaderMarkForandringAnskaffningsvardenInkop">Summa inköp</link:label>
    <link:labelArc xlink:type="arc" xlink:arcrole="http://www.xbrl.org/2003/arcrole/concept-label" xlink:from="ByggnaderMarkForandringAnskaffningsvardenInkop" xlink:to="label_ByggnaderMarkForandringAnskaffningsvardenInkop" xlink:title="label: ByggnaderMarkForandringAnskaffningsvardenInkop to label_ByggnaderMarkForandringAnskaffningsvardenInkop"/>
    <link:loc xlink:type="locator" xlink:href="../../../../../base/se-gen-base/2021-10-31/se-gen-base-2021-10-31.xsd#se-gen-base_PagaendeNyanlaggningarForskottMateriellaAnlaggningstillgangarForandringAnskaffningsvardenNedlagdaUtgifter" xlink:label="PagaendeNyanlaggningarForskottMateriellaAnlaggningstillgangarForandringAnskaffningsvardenNedlagdaUtgifter" xlink:title="PagaendeNyanlaggningarForskottMateriellaAnlaggningstillgangarForandringAnskaffningsvardenNedlagdaUtgifter"/>
    <link:label xlink:type="resource" xlink:label="label_PagaendeNyanlaggningarForskottMateriellaAnlaggningstillgangarForandringAnskaffningsvardenNedlagdaUtgifter" xlink:role="http://www.xbrl.org/2003/role/totalLabel" xlink:title="label_PagaendeNyanlaggningarForskottMateriellaAnlaggningstillgangarForandringAnskaffningsvardenNedlagdaUtgifter" xml:lang="sv" id="label_PagaendeNyanlaggningarForskottMateriellaAnlaggningstillgangarForandringAnskaffningsvardenNedlagdaUtgifter">Summa nedlagda utgifter</link:label>
    <link:labelArc xlink:type="arc" xlink:arcrole="http://www.xbrl.org/2003/arcrole/concept-label" xlink:from="PagaendeNyanlaggningarForskottMateriellaAnlaggningstillgangarForandringAnskaffningsvardenNedlagdaUtgifter" xlink:to="label_PagaendeNyanlaggningarForskottMateriellaAnlaggningstillgangarForandringAnskaffningsvardenNedlagdaUtgifter" xlink:title="label: PagaendeNyanlaggningarForskottMateriellaAnlaggningstillgangarForandringAnskaffningsvardenNedlagdaUtgifter to label_PagaendeNyanlaggningarForskottMateriellaAnlaggningstillgangarForandringAnskaffningsvardenNedlagdaUtgifter"/>
    <link:loc xlink:type="locator" xlink:href="../../../../../base/se-gen-base/2021-10-31/se-gen-base-2021-10-31.xsd#se-gen-base_PagaendeNyanlaggningarForskottMateriellaAnlaggningstillgangarForandringAnskaffningsvardenUtbetaladeForskott" xlink:label="PagaendeNyanlaggningarForskottMateriellaAnlaggningstillgangarForandringAnskaffningsvardenUtbetaladeForskott" xlink:title="PagaendeNyanlaggningarForskottMateriellaAnlaggningstillgangarForandringAnskaffningsvardenUtbetaladeForskott"/>
    <link:label xlink:type="resource" xlink:label="label_PagaendeNyanlaggningarForskottMateriellaAnlaggningstillgangarForandringAnskaffningsvardenUtbetaladeForskott" xlink:role="http://www.xbrl.org/2003/role/totalLabel" xlink:title="label_PagaendeNyanlaggningarForskottMateriellaAnlaggningstillgangarForandringAnskaffningsvardenUtbetaladeForskott" xml:lang="sv" id="label_PagaendeNyanlaggningarForskottMateriellaAnlaggningstillgangarForandringAnskaffningsvardenUtbetaladeForskott">Summa utbetalda förskott</link:label>
    <link:labelArc xlink:type="arc" xlink:arcrole="http://www.xbrl.org/2003/arcrole/concept-label" xlink:from="PagaendeNyanlaggningarForskottMateriellaAnlaggningstillgangarForandringAnskaffningsvardenUtbetaladeForskott" xlink:to="label_PagaendeNyanlaggningarForskottMateriellaAnlaggningstillgangarForandringAnskaffningsvardenUtbetaladeForskott" xlink:title="label: PagaendeNyanlaggningarForskottMateriellaAnlaggningstillgangarForandringAnskaffningsvardenUtbetaladeForskott to label_PagaendeNyanlaggningarForskottMateriellaAnlaggningstillgangarForandringAnskaffningsvardenUtbetaladeForskott"/>
    <link:loc xlink:type="locator" xlink:href="../../../../../base/se-gen-base/2021-10-31/se-gen-base-2021-10-31.xsd#se-gen-base_HandelsvarorRavarorFornodenheterKostnader" xlink:label="HandelsvarorRavarorFornodenheterKostnader" xlink:title="HandelsvarorRavarorFornodenheterKostnader"/>
    <link:label xlink:type="resource" xlink:label="label_HandelsvarorRavarorFornodenheterKostnader" xlink:role="http://www.xbrl.org/2003/role/totalLabel" xlink:title="label_HandelsvarorRavarorFornodenheterKostnader" xml:lang="sv" id="label_HandelsvarorRavarorFornodenheterKostnader">Summa kostnader för handelsvaror, råvaror och förnödenheter</link:label>
    <link:labelArc xlink:type="arc" xlink:arcrole="http://www.xbrl.org/2003/arcrole/concept-label" xlink:from="HandelsvarorRavarorFornodenheterKostnader" xlink:to="label_HandelsvarorRavarorFornodenheterKostnader" xlink:title="label: HandelsvarorRavarorFornodenheterKostnader to label_HandelsvarorRavarorFornodenheterKostnader"/>
  </link:labelLink>
</link:linkbase>
