<?xml version="1.0" encoding="UTF-8"?>
<!-- Generated by Fujitsu Interstage XWand B0251 -->
<link:linkbase xmlns:xsi="http://www.w3.org/2001/XMLSchema-instance" xsi:schemaLocation="http://www.xbrl.org/2004/ref http://www.xbrl.org/2004/ref-2004-08-10.xsd http://www.xbrl.org/2003/linkbase http://www.xbrl.org/2003/xbrl-linkbase-2003-12-31.xsd" xmlns:se-comp-base="http://www.bolagsverket.se/se/fr/comp-base/2020-12-01" xmlns:link="http://www.xbrl.org/2003/linkbase" xmlns:ref="http://www.xbrl.org/2004/ref" xmlns:xlink="http://www.w3.org/1999/xlink" xmlns:xbrli="http://www.xbrl.org/2003/instance">
  <link:roleRef roleURI="http://www.taxonomier.se/se/fr/role/reference/legislation/arl" xlink:type="simple" xlink:href="../../../shared/role/se-leg-role/2020-12-01/se-leg-role-2020-12-01.xsd#LEG_ROLE_ARL"/>
  <link:referenceLink xlink:type="extended" xlink:role="http://www.taxonomier.se/se/fr/role/reference/legislation/arl" xlink:title="Companies registration base">
    <link:loc xlink:type="locator" xlink:href="se-comp-base-2020-12-01.xsd#se-comp-base_Faststallelseintyg" xlink:label="Faststallelseintyg" xlink:title="Faststallelseintyg"/>
    <link:reference xlink:type="resource" xlink:label="reference_Faststallelseintyg" xlink:role="http://www.xbrl.org/2003/role/reference" xlink:title="reference_Faststallelseintyg" id="reference_Faststallelseintyg">
      <ref:Name>ÅRL</ref:Name>
      <ref:Number>1995:1554</ref:Number>
      <ref:Chapter>8</ref:Chapter>
      <ref:Paragraph>3</ref:Paragraph>
      <ref:Subparagraph>1</ref:Subparagraph>
    </link:reference>
    <link:referenceArc xlink:type="arc" xlink:arcrole="http://www.xbrl.org/2003/arcrole/concept-reference" xlink:from="Faststallelseintyg" xlink:to="reference_Faststallelseintyg" xlink:title="reference: Faststallelseintyg to reference_Faststallelseintyg"/>
    <link:loc xlink:type="locator" xlink:href="se-comp-base-2020-12-01.xsd#se-comp-base_Arsstamma" xlink:label="Arsstamma" xlink:title="Arsstamma"/>
    <link:reference xlink:type="resource" xlink:label="reference_Arsstamma" xlink:role="http://www.xbrl.org/2003/role/reference" xlink:title="reference_Arsstamma" id="reference_Arsstamma">
      <ref:Name>ÅRL</ref:Name>
      <ref:Number>1995:1554</ref:Number>
      <ref:Chapter>8</ref:Chapter>
      <ref:Paragraph>3</ref:Paragraph>
      <ref:Subparagraph>1</ref:Subparagraph>
    </link:reference>
    <link:referenceArc xlink:type="arc" xlink:arcrole="http://www.xbrl.org/2003/arcrole/concept-reference" xlink:from="Arsstamma" xlink:to="reference_Arsstamma" xlink:title="reference: Arsstamma to reference_Arsstamma"/>
    <link:loc xlink:type="locator" xlink:href="se-comp-base-2020-12-01.xsd#se-comp-base_ArsstammaIntygande" xlink:label="Intygande" xlink:title="Intygande"/>
    <link:reference xlink:type="resource" xlink:label="reference_Intygande" xlink:role="http://www.xbrl.org/2003/role/reference" xlink:title="reference_Intygande" id="reference_Intygande">
      <ref:Name>ÅRL</ref:Name>
      <ref:Number>1995:1554</ref:Number>
      <ref:Chapter>8</ref:Chapter>
      <ref:Paragraph>3</ref:Paragraph>
      <ref:Subparagraph>1</ref:Subparagraph>
    </link:reference>
    <link:referenceArc xlink:type="arc" xlink:arcrole="http://www.xbrl.org/2003/arcrole/concept-reference" xlink:from="Intygande" xlink:to="reference_Intygande" xlink:title="reference: Intygande to reference_Intygande"/>
    <link:loc xlink:type="locator" xlink:href="se-comp-base-2020-12-01.xsd#se-comp-base_ArsstammaResultatDisposition" xlink:label="ResultatDisposition" xlink:title="ResultatDisposition"/>
    <link:reference xlink:type="resource" xlink:label="reference_ResultatDisposition" xlink:role="http://www.xbrl.org/2003/role/reference" xlink:title="reference_ResultatDisposition" id="reference_ResultatDisposition">
      <ref:Name>ÅRL</ref:Name>
      <ref:Number>1995:1554</ref:Number>
      <ref:Chapter>8</ref:Chapter>
      <ref:Paragraph>3</ref:Paragraph>
      <ref:Subparagraph>1</ref:Subparagraph>
    </link:reference>
    <link:referenceArc xlink:type="arc" xlink:arcrole="http://www.xbrl.org/2003/arcrole/concept-reference" xlink:from="ResultatDisposition" xlink:to="reference_ResultatDisposition" xlink:title="reference: ResultatDisposition to reference_ResultatDisposition"/>
    <link:loc xlink:type="locator" xlink:href="se-comp-base-2020-12-01.xsd#se-comp-base_ArsstammaResultatDispositionInteGodkannaStyrelsensForslag" xlink:label="ResultatDispositionInteGodkannaStyrelsensForslag" xlink:title="ResultatDispositionInteGodkannaStyrelsensForslag"/>
    <link:reference xlink:type="resource" xlink:label="reference_ResultatDispositionInteGodkannaStyrelsensForslag" xlink:role="http://www.xbrl.org/2003/role/reference" xlink:title="reference_ResultatDispositionInteGodkannaStyrelsensForslag" id="reference_ResultatDispositionInteGodkannaStyrelsensForslag">
      <ref:Name>ÅRL</ref:Name>
      <ref:Number>1995:1554</ref:Number>
      <ref:Chapter>8</ref:Chapter>
      <ref:Paragraph>3</ref:Paragraph>
      <ref:Subparagraph>1</ref:Subparagraph>
    </link:reference>
    <link:referenceArc xlink:type="arc" xlink:arcrole="http://www.xbrl.org/2003/arcrole/concept-reference" xlink:from="ResultatDispositionInteGodkannaStyrelsensForslag" xlink:to="reference_ResultatDispositionInteGodkannaStyrelsensForslag" xlink:title="reference: ResultatDispositionInteGodkannaStyrelsensForslag to reference_ResultatDispositionInteGodkannaStyrelsensForslag"/>
    <link:loc xlink:type="locator" xlink:href="se-comp-base-2020-12-01.xsd#se-comp-base_ArsstammaResultatDispositionBeslutstext" xlink:label="ResultatDispositionBeslutstext" xlink:title="ResultatDispositionBeslutstext"/>
    <link:reference xlink:type="resource" xlink:label="reference_ResultatDispositionBeslutstext" xlink:role="http://www.xbrl.org/2003/role/reference" xlink:title="reference_ResultatDispositionBeslutstext" id="reference_ResultatDispositionBeslutstext">
      <ref:Name>ÅRL</ref:Name>
      <ref:Number>1995:1554</ref:Number>
      <ref:Chapter>8</ref:Chapter>
      <ref:Paragraph>3</ref:Paragraph>
      <ref:Subparagraph>1</ref:Subparagraph>
    </link:reference>
    <link:referenceArc xlink:type="arc" xlink:arcrole="http://www.xbrl.org/2003/arcrole/concept-reference" xlink:from="ResultatDispositionBeslutstext" xlink:to="reference_ResultatDispositionBeslutstext" xlink:title="reference: ResultatDispositionBeslutstext to reference_ResultatDispositionBeslutstext"/>
    <link:loc xlink:type="locator" xlink:href="se-comp-base-2020-12-01.xsd#se-comp-base_ArsstammaResultatDispositionAktieutdelning" xlink:label="ResultatDispositionAktieutdelning" xlink:title="ResultatDispositionAktieutdelning"/>
    <link:reference xlink:type="resource" xlink:label="reference_ResultatDispositionAktieutdelning" xlink:role="http://www.xbrl.org/2003/role/reference" xlink:title="reference_ResultatDispositionAktieutdelning" id="reference_ResultatDispositionAktieutdelning">
      <ref:Name>ÅRL</ref:Name>
      <ref:Number>1995:1554</ref:Number>
      <ref:Chapter>8</ref:Chapter>
      <ref:Paragraph>3</ref:Paragraph>
      <ref:Subparagraph>1</ref:Subparagraph>
    </link:reference>
    <link:referenceArc xlink:type="arc" xlink:arcrole="http://www.xbrl.org/2003/arcrole/concept-reference" xlink:from="ResultatDispositionAktieutdelning" xlink:to="reference_ResultatDispositionAktieutdelning" xlink:title="reference: ResultatDispositionAktieutdelning to reference_ResultatDispositionAktieutdelning"/>
    <link:loc xlink:type="locator" xlink:href="se-comp-base-2020-12-01.xsd#se-comp-base_ArsstammaResultatDispositionBalanserasINyRakning" xlink:label="ResultatDispositionBalanserasINyRakning" xlink:title="ResultatDispositionBalanserasINyRakning"/>
    <link:reference xlink:type="resource" xlink:label="reference_ResultatDispositionBalanserasINyRakning" xlink:role="http://www.xbrl.org/2003/role/reference" xlink:title="reference_ResultatDispositionBalanserasINyRakning" id="reference_ResultatDispositionBalanserasINyRakning">
      <ref:Name>ÅRL</ref:Name>
      <ref:Number>1995:1554</ref:Number>
      <ref:Chapter>8</ref:Chapter>
      <ref:Paragraph>3</ref:Paragraph>
      <ref:Subparagraph>1</ref:Subparagraph>
    </link:reference>
    <link:referenceArc xlink:type="arc" xlink:arcrole="http://www.xbrl.org/2003/arcrole/concept-reference" xlink:from="ResultatDispositionBalanserasINyRakning" xlink:to="reference_ResultatDispositionBalanserasINyRakning" xlink:title="reference: ResultatDispositionBalanserasINyRakning to reference_ResultatDispositionBalanserasINyRakning"/>
    <link:loc xlink:type="locator" xlink:href="se-comp-base-2020-12-01.xsd#se-comp-base_ArsstammaResultatDispositionIanspraktagandeReservfond" xlink:label="ResultatDispositionIanspraktagandeAvReservfond" xlink:title="ResultatDispositionIanspraktagandeAvReservfond"/>
    <link:reference xlink:type="resource" xlink:label="reference_ResultatDispositionIanspraktagandeAvReservfond" xlink:role="http://www.xbrl.org/2003/role/reference" xlink:title="reference_ResultatDispositionIanspraktagandeAvReservfond" id="reference_ResultatDispositionIanspraktagandeAvReservfond">
      <ref:Name>ÅRL</ref:Name>
      <ref:Number>1995:1554</ref:Number>
      <ref:Chapter>8</ref:Chapter>
      <ref:Paragraph>3</ref:Paragraph>
      <ref:Subparagraph>1</ref:Subparagraph>
    </link:reference>
    <link:referenceArc xlink:type="arc" xlink:arcrole="http://www.xbrl.org/2003/arcrole/concept-reference" xlink:from="ResultatDispositionIanspraktagandeAvReservfond" xlink:to="reference_ResultatDispositionIanspraktagandeAvReservfond" xlink:title="reference: ResultatDispositionIanspraktagandeAvReservfond to reference_ResultatDispositionIanspraktagandeAvReservfond"/>
    <link:loc xlink:type="locator" xlink:href="se-comp-base-2020-12-01.xsd#se-comp-base_ArsstammaResultatDispositionFondemission" xlink:label="ResultatDispositionFondemission" xlink:title="ResultatDispositionFondemission"/>
    <link:reference xlink:type="resource" xlink:label="reference_ResultatDispositionFondemission" xlink:role="http://www.xbrl.org/2003/role/reference" xlink:title="reference_ResultatDispositionFondemission" id="reference_ResultatDispositionFondemission">
      <ref:Name>ÅRL</ref:Name>
      <ref:Number>1995:1554</ref:Number>
      <ref:Chapter>8</ref:Chapter>
      <ref:Paragraph>3</ref:Paragraph>
      <ref:Subparagraph>1</ref:Subparagraph>
    </link:reference>
    <link:referenceArc xlink:type="arc" xlink:arcrole="http://www.xbrl.org/2003/arcrole/concept-reference" xlink:from="ResultatDispositionFondemission" xlink:to="reference_ResultatDispositionFondemission" xlink:title="reference: ResultatDispositionFondemission to reference_ResultatDispositionFondemission"/>
    <link:loc xlink:type="locator" xlink:href="se-comp-base-2020-12-01.xsd#se-comp-base_ArsstammaResultatDispositionIanspraktagandeUppskrivningsfond" xlink:label="ResultatDispositionIanspraktagandeAvUppskrivningsfond" xlink:title="ResultatDispositionIanspraktagandeAvUppskrivningsfond"/>
    <link:reference xlink:type="resource" xlink:label="reference_ResultatDispositionIanspraktagandeAvUppskrivningsfond" xlink:role="http://www.xbrl.org/2003/role/reference" xlink:title="reference_ResultatDispositionIanspraktagandeAvUppskrivningsfond" id="reference_ResultatDispositionIanspraktagandeAvUppskrivningsfond">
      <ref:Name>ÅRL</ref:Name>
      <ref:Number>1995:1554</ref:Number>
      <ref:Chapter>8</ref:Chapter>
      <ref:Paragraph>3</ref:Paragraph>
      <ref:Subparagraph>1</ref:Subparagraph>
    </link:reference>
    <link:referenceArc xlink:type="arc" xlink:arcrole="http://www.xbrl.org/2003/arcrole/concept-reference" xlink:from="ResultatDispositionIanspraktagandeAvUppskrivningsfond" xlink:to="reference_ResultatDispositionIanspraktagandeAvUppskrivningsfond" xlink:title="reference: ResultatDispositionIanspraktagandeAvUppskrivningsfond to reference_ResultatDispositionIanspraktagandeAvUppskrivningsfond"/>
    <link:loc xlink:type="locator" xlink:href="se-comp-base-2020-12-01.xsd#se-comp-base_ArsstammaResultatDispositionAvsattningReservfond" xlink:label="ResultatDispositionAvsattningReservfond" xlink:title="ResultatDispositionAvsattningReservfond"/>
    <link:reference xlink:type="resource" xlink:label="reference_ResultatDispositionAvsattningReservfond" xlink:role="http://www.xbrl.org/2003/role/reference" xlink:title="reference_ResultatDispositionAvsattningReservfond" id="reference_ResultatDispositionAvsattningReservfond">
      <ref:Name>ÅRL</ref:Name>
      <ref:Number>1995:1554</ref:Number>
      <ref:Chapter>8</ref:Chapter>
      <ref:Paragraph>3</ref:Paragraph>
      <ref:Subparagraph>1</ref:Subparagraph>
    </link:reference>
    <link:referenceArc xlink:type="arc" xlink:arcrole="http://www.xbrl.org/2003/arcrole/concept-reference" xlink:from="ResultatDispositionAvsattningReservfond" xlink:to="reference_ResultatDispositionAvsattningReservfond" xlink:title="reference: ResultatDispositionAvsattningReservfond to reference_ResultatDispositionAvsattningReservfond"/>
    <link:loc xlink:type="locator" xlink:href="se-comp-base-2020-12-01.xsd#se-comp-base_IntygandeOriginalInnehall" xlink:label="IntygandeOriginalInnehall" xlink:title="IntygandeOriginalInnehall"/>
    <link:reference xlink:type="resource" xlink:label="reference_IntygandeOriginalInnehall" xlink:role="http://www.xbrl.org/2003/role/reference" xlink:title="reference_IntygandeOriginalInnehall" id="reference_IntygandeOriginalInnehall">
      <ref:Name>ÅRL</ref:Name>
      <ref:Number>1995:1554</ref:Number>
      <ref:Chapter>8</ref:Chapter>
      <ref:Paragraph>3</ref:Paragraph>
      <ref:Subparagraph>1</ref:Subparagraph>
    </link:reference>
    <link:referenceArc xlink:type="arc" xlink:arcrole="http://www.xbrl.org/2003/arcrole/concept-reference" xlink:from="IntygandeOriginalInnehall" xlink:to="reference_IntygandeOriginalInnehall" xlink:title="reference: IntygandeOriginalInnehall to reference_IntygandeOriginalInnehall"/>
    <link:loc xlink:type="locator" xlink:href="se-comp-base-2020-12-01.xsd#se-comp-base_UnderskriftFaststallseintygForetradare" xlink:label="UnderskriftFaststallseintygForetradare" xlink:title="UnderskriftFaststallseintygForetradare"/>
    <link:reference xlink:type="resource" xlink:label="reference_UnderskriftFaststallseintygForetradare" xlink:role="http://www.xbrl.org/2003/role/reference" xlink:title="reference_UnderskriftFaststallseintygForetradare" id="reference_UnderskriftFaststallseintygForetradare">
      <ref:Name>ÅRL</ref:Name>
      <ref:Number>1995:1554</ref:Number>
      <ref:Chapter>8</ref:Chapter>
      <ref:Paragraph>3</ref:Paragraph>
      <ref:Subparagraph>1</ref:Subparagraph>
    </link:reference>
    <link:referenceArc xlink:type="arc" xlink:arcrole="http://www.xbrl.org/2003/arcrole/concept-reference" xlink:from="UnderskriftFaststallseintygForetradare" xlink:to="reference_UnderskriftFaststallseintygForetradare" xlink:title="reference: UnderskriftFaststallseintygForetradare to reference_UnderskriftFaststallseintygForetradare"/>
    <link:loc xlink:type="locator" xlink:href="se-comp-base-2020-12-01.xsd#se-comp-base_UnderskriftFastallelseintygDatum" xlink:label="UndertecknandeFastallelseIntygDatum" xlink:title="UndertecknandeFastallelseIntygDatum"/>
    <link:reference xlink:type="resource" xlink:label="reference_UndertecknandeFastallelseIntygDatum" xlink:role="http://www.xbrl.org/2003/role/reference" xlink:title="reference_UndertecknandeFastallelseIntygDatum" id="reference_UndertecknandeFastallelseIntygDatum">
      <ref:Name>ÅRL</ref:Name>
      <ref:Number>1995:1554</ref:Number>
      <ref:Chapter>8</ref:Chapter>
      <ref:Paragraph>3</ref:Paragraph>
      <ref:Subparagraph>1</ref:Subparagraph>
    </link:reference>
    <link:referenceArc xlink:type="arc" xlink:arcrole="http://www.xbrl.org/2003/arcrole/concept-reference" xlink:from="UndertecknandeFastallelseIntygDatum" xlink:to="reference_UndertecknandeFastallelseIntygDatum" xlink:title="reference: UndertecknandeFastallelseIntygDatum to reference_UndertecknandeFastallelseIntygDatum"/>
    <link:loc xlink:type="locator" xlink:href="se-comp-base-2020-12-01.xsd#se-comp-base_UnderskriftFaststallelseintygForetradareTilltalsnamn" xlink:label="UnderskriftFaststallelseintygForetradareTilltalsnamn" xlink:title="UnderskriftFaststallelseintygForetradareTilltalsnamn"/>
    <link:reference xlink:type="resource" xlink:label="reference_UnderskriftFaststallelseintygForetradareTilltalsnamn" xlink:role="http://www.xbrl.org/2003/role/reference" xlink:title="reference_UnderskriftFaststallelseintygForetradareTilltalsnamn" id="reference_UnderskriftFaststallelseintygForetradareTilltalsnamn">
      <ref:Name>ÅRL</ref:Name>
      <ref:Number>1995:1554</ref:Number>
      <ref:Chapter>8</ref:Chapter>
      <ref:Paragraph>3</ref:Paragraph>
      <ref:Subparagraph>1</ref:Subparagraph>
    </link:reference>
    <link:referenceArc xlink:type="arc" xlink:arcrole="http://www.xbrl.org/2003/arcrole/concept-reference" xlink:from="UnderskriftFaststallelseintygForetradareTilltalsnamn" xlink:to="reference_UnderskriftFaststallelseintygForetradareTilltalsnamn" xlink:title="reference: UnderskriftFaststallelseintygForetradareTilltalsnamn to reference_UnderskriftFaststallelseintygForetradareTilltalsnamn"/>
    <link:loc xlink:type="locator" xlink:href="se-comp-base-2020-12-01.xsd#se-comp-base_UnderskriftFaststallelseintygForetradareEfternamn" xlink:label="UnderskriftFaststallelseintygForetradareEfternamn" xlink:title="UnderskriftFaststallelseintygForetradareEfternamn"/>
    <link:reference xlink:type="resource" xlink:label="reference_UnderskriftFaststallelseintygForetradareEfternamn" xlink:role="http://www.xbrl.org/2003/role/reference" xlink:title="reference_UnderskriftFaststallelseintygForetradareEfternamn" id="reference_UnderskriftFaststallelseintygForetradareEfternamn">
      <ref:Name>ÅRL</ref:Name>
      <ref:Number>1995:1554</ref:Number>
      <ref:Chapter>8</ref:Chapter>
      <ref:Paragraph>3</ref:Paragraph>
      <ref:Subparagraph>1</ref:Subparagraph>
    </link:reference>
    <link:referenceArc xlink:type="arc" xlink:arcrole="http://www.xbrl.org/2003/arcrole/concept-reference" xlink:from="UnderskriftFaststallelseintygForetradareEfternamn" xlink:to="reference_UnderskriftFaststallelseintygForetradareEfternamn" xlink:title="reference: UnderskriftFaststallelseintygForetradareEfternamn to reference_UnderskriftFaststallelseintygForetradareEfternamn"/>
    <link:loc xlink:type="locator" xlink:href="se-comp-base-2020-12-01.xsd#se-comp-base_UnderskriftFaststallelseintygForetradareForetradarroll" xlink:label="UnderskriftFaststallelseintygForetradareForetradarroll" xlink:title="UnderskriftFaststallelseintygForetradareForetradarroll"/>
    <link:reference xlink:type="resource" xlink:label="reference_UnderskriftFaststallelseintygForetradareForetradarroll" xlink:role="http://www.xbrl.org/2003/role/reference" xlink:title="reference_UnderskriftFaststallelseintygForetradareForetradarroll" id="reference_UnderskriftFaststallelseintygForetradareForetradarroll">
      <ref:Name>ÅRL</ref:Name>
      <ref:Number>1995:1554</ref:Number>
      <ref:Chapter>8</ref:Chapter>
      <ref:Paragraph>3</ref:Paragraph>
      <ref:Subparagraph>1</ref:Subparagraph>
    </link:reference>
    <link:referenceArc xlink:type="arc" xlink:arcrole="http://www.xbrl.org/2003/arcrole/concept-reference" xlink:from="UnderskriftFaststallelseintygForetradareForetradarroll" xlink:to="reference_UnderskriftFaststallelseintygForetradareForetradarroll" xlink:title="reference: UnderskriftFaststallelseintygForetradareForetradarroll to reference_UnderskriftFaststallelseintygForetradareForetradarroll"/>
    <link:loc xlink:type="locator" xlink:href="se-comp-base-2020-12-01.xsd#se-comp-base_UnderskriftFaststallelseintygElektroniskt" xlink:label="ElektroniskUnderskriftFaststallelseintyget" xlink:title="ElektroniskUnderskriftFaststallelseintyget"/>
    <link:reference xlink:type="resource" xlink:label="reference_ElektroniskUnderskriftFaststallelseintyget" xlink:role="http://www.xbrl.org/2003/role/reference" xlink:title="reference_ElektroniskUnderskriftFaststallelseintyget" id="reference_ElektroniskUnderskriftFaststallelseintyget">
      <ref:Name>ÅRL</ref:Name>
      <ref:Number>1995:1554</ref:Number>
      <ref:Chapter>8</ref:Chapter>
      <ref:Paragraph>3</ref:Paragraph>
      <ref:Subparagraph>1</ref:Subparagraph>
    </link:reference>
    <link:referenceArc xlink:type="arc" xlink:arcrole="http://www.xbrl.org/2003/arcrole/concept-reference" xlink:from="ElektroniskUnderskriftFaststallelseintyget" xlink:to="reference_ElektroniskUnderskriftFaststallelseintyget" xlink:title="reference: ElektroniskUnderskriftFaststallelseintyget to reference_ElektroniskUnderskriftFaststallelseintyget"/>
    <link:loc xlink:type="locator" xlink:href="se-comp-base-2020-12-01.xsd#se-comp-base_FaststallelseResultatBalansrakning" xlink:label="FaststallelseResultatBalansrakning" xlink:title="FaststallelseResultatBalansrakning"/>
    <link:reference xlink:type="resource" xlink:label="reference_FaststallelseResultatBalansrakning" xlink:role="http://www.xbrl.org/2003/role/reference" xlink:title="reference_FaststallelseResultatBalansrakning" id="reference_FaststallelseResultatBalansrakning">
      <ref:Name>ÅRL</ref:Name>
      <ref:Number>1995:1554</ref:Number>
      <ref:Chapter>8</ref:Chapter>
      <ref:Paragraph>3</ref:Paragraph>
      <ref:Subparagraph>1</ref:Subparagraph>
    </link:reference>
    <link:referenceArc xlink:type="arc" xlink:arcrole="http://www.xbrl.org/2003/arcrole/concept-reference" xlink:from="FaststallelseResultatBalansrakning" xlink:to="reference_FaststallelseResultatBalansrakning" xlink:title="reference: FaststallelseResultatBalansrakning to reference_FaststallelseResultatBalansrakning"/>
    <link:loc xlink:type="locator" xlink:href="se-comp-base-2020-12-01.xsd#se-comp-base_ArsstammaResultatDispositionGodkannaStyrelsensForslag" xlink:label="ArsstammaResultatDispositionGodkannaStyrelsensForslag" xlink:title="ArsstammaResultatDispositionGodkannaStyrelsensForslag"/>
    <link:reference xlink:type="resource" xlink:label="reference_ArsstammaResultatDispositionGodkannaStyrelsensForslag" xlink:role="http://www.xbrl.org/2003/role/reference" xlink:title="reference_ArsstammaResultatDispositionGodkannaStyrelsensForslag" id="reference_ArsstammaResultatDispositionGodkannaStyrelsensForslag">
      <ref:Name>ÅRL</ref:Name>
      <ref:Number>1995:1554</ref:Number>
      <ref:Chapter>8</ref:Chapter>
      <ref:Paragraph>3</ref:Paragraph>
      <ref:Subparagraph>1</ref:Subparagraph>
    </link:reference>
    <link:referenceArc xlink:type="arc" xlink:arcrole="http://www.xbrl.org/2003/arcrole/concept-reference" xlink:from="ArsstammaResultatDispositionGodkannaStyrelsensForslag" xlink:to="reference_ArsstammaResultatDispositionGodkannaStyrelsensForslag" xlink:title="reference: ArsstammaResultatDispositionGodkannaStyrelsensForslag to reference_ArsstammaResultatDispositionGodkannaStyrelsensForslag"/>
    <link:loc xlink:type="locator" xlink:href="se-comp-base-2020-12-01.xsd#se-comp-base_FaststallelseResultatBalansrakningKoncern" xlink:label="FaststallelseResultatBalansrakningKoncern" xlink:title="FaststallelseResultatBalansrakningKoncern"/>
    <link:reference xlink:type="resource" xlink:label="reference_FaststallelseResultatBalansrakningKoncern" xlink:role="http://www.xbrl.org/2003/role/reference" xlink:title="reference_FaststallelseResultatBalansrakningKoncern" id="reference_FaststallelseResultatBalansrakningKoncern">
      <ref:Name>ÅRL</ref:Name>
      <ref:Number>1995:1554</ref:Number>
      <ref:Chapter>8</ref:Chapter>
      <ref:Paragraph>3</ref:Paragraph>
      <ref:Subparagraph>1</ref:Subparagraph>
    </link:reference>
    <link:referenceArc xlink:type="arc" xlink:arcrole="http://www.xbrl.org/2003/arcrole/concept-reference" xlink:from="FaststallelseResultatBalansrakningKoncern" xlink:to="reference_FaststallelseResultatBalansrakningKoncern" xlink:title="reference: FaststallelseResultatBalansrakningKoncern to reference_FaststallelseResultatBalansrakningKoncern"/>
    <link:loc xlink:type="locator" xlink:href="se-comp-base-2020-12-01.xsd#se-comp-base_ArsstammaResultatDispositionIanspraktagandeFondUtvecklingsutgifter" xlink:label="ArsstammaResultatDispositionIanspraktagandeFondUtvecklingsutgifter" xlink:title="ArsstammaResultatDispositionIanspraktagandeFondUtvecklingsutgifter"/>
    <link:reference xlink:type="resource" xlink:label="reference_ArsstammaResultatDispositionIanspraktagandeFondUtvecklingsutgifter" xlink:role="http://www.xbrl.org/2003/role/reference" xlink:title="reference_ArsstammaResultatDispositionIanspraktagandeFondUtvecklingsutgifter" id="reference_ArsstammaResultatDispositionIanspraktagandeFondUtvecklingsutgifter">
      <ref:Name>ÅRL</ref:Name>
      <ref:Number>1995:1554</ref:Number>
      <ref:Chapter>8</ref:Chapter>
      <ref:Paragraph>3</ref:Paragraph>
      <ref:Subparagraph>1</ref:Subparagraph>
    </link:reference>
    <link:referenceArc xlink:type="arc" xlink:arcrole="http://www.xbrl.org/2003/arcrole/concept-reference" xlink:from="ArsstammaResultatDispositionIanspraktagandeFondUtvecklingsutgifter" xlink:to="reference_ArsstammaResultatDispositionIanspraktagandeFondUtvecklingsutgifter" xlink:title="reference: ArsstammaResultatDispositionIanspraktagandeFondUtvecklingsutgifter to reference_ArsstammaResultatDispositionIanspraktagandeFondUtvecklingsutgifter"/>
    <link:loc xlink:type="locator" xlink:href="se-comp-base-2020-12-01.xsd#se-comp-base_FaststallelseResultatBalansrakningAbstract" xlink:label="FaststallelseResultatBalansrakningAbstract" xlink:title="FaststallelseResultatBalansrakningAbstract"/>
    <link:reference xlink:type="resource" xlink:label="reference_FaststallelseResultatBalansrakningAbstract" xlink:role="http://www.xbrl.org/2003/role/reference" xlink:title="reference_FaststallelseResultatBalansrakningAbstract" id="reference_FaststallelseResultatBalansrakningAbstract">
      <ref:Name>ÅRL</ref:Name>
      <ref:Number>1995:1554</ref:Number>
      <ref:Chapter>8</ref:Chapter>
      <ref:Paragraph>3</ref:Paragraph>
      <ref:Subparagraph>1</ref:Subparagraph>
    </link:reference>
    <link:referenceArc xlink:type="arc" xlink:arcrole="http://www.xbrl.org/2003/arcrole/concept-reference" xlink:from="FaststallelseResultatBalansrakningAbstract" xlink:to="reference_FaststallelseResultatBalansrakningAbstract" xlink:title="reference: FaststallelseResultatBalansrakningAbstract to reference_FaststallelseResultatBalansrakningAbstract"/>
    <link:loc xlink:type="locator" xlink:href="se-comp-base-2020-12-01.xsd#se-comp-base_FaststallelseResultatBalansrakningKoncernAbstract" xlink:label="FaststallelseResultatBalansrakningKoncernAbstract" xlink:title="FaststallelseResultatBalansrakningKoncernAbstract"/>
    <link:reference xlink:type="resource" xlink:label="reference_FaststallelseResultatBalansrakningKoncernAbstract" xlink:role="http://www.xbrl.org/2003/role/reference" xlink:title="reference_FaststallelseResultatBalansrakningKoncernAbstract" id="reference_FaststallelseResultatBalansrakningKoncernAbstract">
      <ref:Name>ÅRL</ref:Name>
      <ref:Number>1995:1554</ref:Number>
      <ref:Chapter>8</ref:Chapter>
      <ref:Paragraph>3</ref:Paragraph>
      <ref:Subparagraph>1</ref:Subparagraph>
    </link:reference>
    <link:referenceArc xlink:type="arc" xlink:arcrole="http://www.xbrl.org/2003/arcrole/concept-reference" xlink:from="FaststallelseResultatBalansrakningKoncernAbstract" xlink:to="reference_FaststallelseResultatBalansrakningKoncernAbstract" xlink:title="reference: FaststallelseResultatBalansrakningKoncernAbstract to reference_FaststallelseResultatBalansrakningKoncernAbstract"/>
    <link:loc xlink:type="locator" xlink:href="se-comp-base-2020-12-01.xsd#se-comp-base_FaststallelseintygAbstract" xlink:label="FaststallelseintygAbstract" xlink:title="FaststallelseintygAbstract"/>
    <link:reference xlink:type="resource" xlink:label="reference_FaststallelseintygAbstract" xlink:role="http://www.xbrl.org/2003/role/reference" xlink:title="reference_FaststallelseintygAbstract" id="reference_FaststallelseintygAbstract">
      <ref:Name>ÅRL</ref:Name>
      <ref:Number>1995:1554</ref:Number>
      <ref:Chapter>8</ref:Chapter>
      <ref:Paragraph>3</ref:Paragraph>
      <ref:Subparagraph>1</ref:Subparagraph>
    </link:reference>
    <link:referenceArc xlink:type="arc" xlink:arcrole="http://www.xbrl.org/2003/arcrole/concept-reference" xlink:from="FaststallelseintygAbstract" xlink:to="reference_FaststallelseintygAbstract" xlink:title="reference: FaststallelseintygAbstract to reference_FaststallelseintygAbstract"/>
    <link:loc xlink:type="locator" xlink:href="se-comp-base-2020-12-01.xsd#se-comp-base_ArsstammaResultatDispositionAbstract" xlink:label="ArsstammaResultatDispositionAbstract" xlink:title="ArsstammaResultatDispositionAbstract"/>
    <link:reference xlink:type="resource" xlink:label="reference_ArsstammaResultatDispositionAbstract" xlink:role="http://www.xbrl.org/2003/role/reference" xlink:title="reference_ArsstammaResultatDispositionAbstract" id="reference_ArsstammaResultatDispositionAbstract">
      <ref:Name>ÅRL</ref:Name>
      <ref:Number>1995:1554</ref:Number>
      <ref:Chapter>8</ref:Chapter>
      <ref:Paragraph>3</ref:Paragraph>
      <ref:Subparagraph>1</ref:Subparagraph>
    </link:reference>
    <link:referenceArc xlink:type="arc" xlink:arcrole="http://www.xbrl.org/2003/arcrole/concept-reference" xlink:from="ArsstammaResultatDispositionAbstract" xlink:to="reference_ArsstammaResultatDispositionAbstract" xlink:title="reference: ArsstammaResultatDispositionAbstract to reference_ArsstammaResultatDispositionAbstract"/>
    <link:loc xlink:type="locator" xlink:href="se-comp-base-2020-12-01.xsd#se-comp-base_UnderskriftFaststallseintygForetradareAbstract" xlink:label="UnderskriftFaststallseintygForetradareAbstract" xlink:title="UnderskriftFaststallseintygForetradareAbstract"/>
    <link:reference xlink:type="resource" xlink:label="reference_UnderskriftFaststallseintygForetradareAbstract" xlink:role="http://www.xbrl.org/2003/role/reference" xlink:title="reference_UnderskriftFaststallseintygForetradareAbstract" id="reference_UnderskriftFaststallseintygForetradareAbstract">
      <ref:Name>ÅRL</ref:Name>
      <ref:Number>1995:1554</ref:Number>
      <ref:Chapter>8</ref:Chapter>
      <ref:Paragraph>3</ref:Paragraph>
      <ref:Subparagraph>1</ref:Subparagraph>
    </link:reference>
    <link:referenceArc xlink:type="arc" xlink:arcrole="http://www.xbrl.org/2003/arcrole/concept-reference" xlink:from="UnderskriftFaststallseintygForetradareAbstract" xlink:to="reference_UnderskriftFaststallseintygForetradareAbstract" xlink:title="reference: UnderskriftFaststallseintygForetradareAbstract to reference_UnderskriftFaststallseintygForetradareAbstract"/>
    <link:loc xlink:type="locator" xlink:href="se-comp-base-2020-12-01.xsd#se-comp-base_ArsstammaResultatDispositionIanspraktagandeBundenOverkursfond" xlink:label="ArsstammaResultatDispositionIanspraktagandeBundenOverkursfond" xlink:title="ArsstammaResultatDispositionIanspraktagandeBundenOverkursfond"/>
    <link:reference xlink:type="resource" xlink:label="reference_ArsstammaResultatDispositionIanspraktagandeBundenOverkursfond" xlink:role="http://www.xbrl.org/2003/role/reference" xlink:title="reference_ArsstammaResultatDispositionIanspraktagandeBundenOverkursfond" id="reference_ArsstammaResultatDispositionIanspraktagandeBundenOverkursfond">
      <ref:Name>ÅRL</ref:Name>
      <ref:Number>1995:1554</ref:Number>
      <ref:Chapter>8</ref:Chapter>
      <ref:Paragraph>3</ref:Paragraph>
      <ref:Subparagraph>1</ref:Subparagraph>
    </link:reference>
    <link:referenceArc xlink:type="arc" xlink:arcrole="http://www.xbrl.org/2003/arcrole/concept-reference" xlink:from="ArsstammaResultatDispositionIanspraktagandeBundenOverkursfond" xlink:to="reference_ArsstammaResultatDispositionIanspraktagandeBundenOverkursfond" xlink:title="reference: ArsstammaResultatDispositionIanspraktagandeBundenOverkursfond to reference_ArsstammaResultatDispositionIanspraktagandeBundenOverkursfond"/>
  </link:referenceLink>
</link:linkbase>
