<?xml version="1.0" encoding="UTF-8"?>
<!-- Generated by Fujitsu Interstage XWand B0245 -->
<link:linkbase xmlns:xsi="http://www.w3.org/2001/XMLSchema-instance" xsi:schemaLocation="http://www.xbrl.org/2003/linkbase http://www.xbrl.org/2003/xbrl-linkbase-2003-12-31.xsd" xmlns:link="http://www.xbrl.org/2003/linkbase" xmlns:se-gen-base="http://www.taxonomier.se/se/fr/gen-base/2021-10-31" xmlns:xbrli="http://www.xbrl.org/2003/instance" xmlns:xlink="http://www.w3.org/1999/xlink">
  <link:labelLink xlink:type="extended" xlink:role="http://www.xbrl.org/2003/role/link">
    <link:loc xlink:type="locator" xlink:href="se-mem-base-2021-10-31.xsd#se-mem-base_BeloppsformatTusentalMember" xlink:label="lbl_se-mem-base_BeloppsformatTusentalMember_19"/>
    <link:label xlink:type="resource" xlink:label="res_se-mem-base_BeloppsformatTusentalMember_19" xlink:role="http://www.xbrl.org/2003/role/label" xml:lang="en">Unless otherwise is stated, all amounts are presented in thousands of [currency] (Value)</link:label>
    <link:labelArc xlink:type="arc" xlink:arcrole="http://www.xbrl.org/2003/arcrole/concept-label" xlink:from="lbl_se-mem-base_BeloppsformatTusentalMember_19" xlink:to="res_se-mem-base_BeloppsformatTusentalMember_19"/>
    <link:loc xlink:type="locator" xlink:href="se-mem-base-2021-10-31.xsd#se-mem-base_BeloppsformatHundratalMember" xlink:label="lbl_se-mem-base_BeloppsformatHundratalMember_12"/>
    <link:label xlink:type="resource" xlink:label="res_se-mem-base_BeloppsformatHundratalMember_12" xlink:role="http://www.xbrl.org/2003/role/label" xml:lang="en">Unless otherwise is stated, all amounts are presented in hundreds of [currency] (Value)</link:label>
    <link:labelArc xlink:type="arc" xlink:arcrole="http://www.xbrl.org/2003/arcrole/concept-label" xlink:from="lbl_se-mem-base_BeloppsformatHundratalMember_12" xlink:to="res_se-mem-base_BeloppsformatHundratalMember_12"/>
    <link:loc xlink:type="locator" xlink:href="se-mem-base-2021-10-31.xsd#se-mem-base_BeloppsformatNormalformMember" xlink:label="lbl_se-mem-base_BeloppsformatNormalformMember_5"/>
    <link:label xlink:type="resource" xlink:label="res_se-mem-base_BeloppsformatNormalformMember_5" xlink:role="http://www.xbrl.org/2003/role/label" xml:lang="en">Unless otherwise is stated, all amounts are presented in [currency] (Value)</link:label>
    <link:labelArc xlink:type="arc" xlink:arcrole="http://www.xbrl.org/2003/arcrole/concept-label" xlink:from="lbl_se-mem-base_BeloppsformatNormalformMember_5" xlink:to="res_se-mem-base_BeloppsformatNormalformMember_5"/>
    <link:loc xlink:type="locator" xlink:href="se-mem-base-2021-10-31.xsd#se-mem-base_LandSverigeMember" xlink:label="lbl_se-mem-base_LandSverigeMember_16"/>
    <link:label xlink:type="resource" xlink:label="res_se-mem-base_LandSverigeMember_16" xlink:role="http://www.xbrl.org/2003/role/label" xml:lang="en">Sweden (Value)</link:label>
    <link:labelArc xlink:type="arc" xlink:arcrole="http://www.xbrl.org/2003/arcrole/concept-label" xlink:from="lbl_se-mem-base_LandSverigeMember_16" xlink:to="res_se-mem-base_LandSverigeMember_16"/>
    <link:loc xlink:type="locator" xlink:href="se-mem-base-2021-10-31.xsd#se-mem-base_SprakSvenskaMember" xlink:label="lbl_se-mem-base_SprakSvenskaMember_1"/>
    <link:label xlink:type="resource" xlink:label="res_se-mem-base_SprakSvenskaMember_1" xlink:role="http://www.xbrl.org/2003/role/label" xml:lang="en">Swedish (Value)</link:label>
    <link:labelArc xlink:type="arc" xlink:arcrole="http://www.xbrl.org/2003/arcrole/concept-label" xlink:from="lbl_se-mem-base_SprakSvenskaMember_1" xlink:to="res_se-mem-base_SprakSvenskaMember_1"/>
    <link:loc xlink:type="locator" xlink:href="se-mem-base-2021-10-31.xsd#se-mem-base_ValutaSvenskaKronorMember" xlink:label="lbl_se-mem-base_ValutaSvenskaKronorMember_17"/>
    <link:label xlink:type="resource" xlink:label="res_se-mem-base_ValutaSvenskaKronorMember_17" xlink:role="http://www.xbrl.org/2003/role/label" xml:lang="en">Swedish kronor (Value)</link:label>
    <link:labelArc xlink:type="arc" xlink:arcrole="http://www.xbrl.org/2003/arcrole/concept-label" xlink:from="lbl_se-mem-base_ValutaSvenskaKronorMember_17" xlink:to="res_se-mem-base_ValutaSvenskaKronorMember_17"/>
    <link:loc xlink:type="locator" xlink:href="se-mem-base-2021-10-31.xsd#se-mem-base_ValutaEuroMember" xlink:label="lbl_se-mem-base_ValutaEuroMember_11"/>
    <link:label xlink:type="resource" xlink:label="res_se-mem-base_ValutaEuroMember_11" xlink:role="http://www.xbrl.org/2003/role/label" xml:lang="en">Euro (Value)</link:label>
    <link:labelArc xlink:type="arc" xlink:arcrole="http://www.xbrl.org/2003/arcrole/concept-label" xlink:from="lbl_se-mem-base_ValutaEuroMember_11" xlink:to="res_se-mem-base_ValutaEuroMember_11"/>
    <link:loc xlink:type="locator" xlink:href="se-mem-base-2021-10-31.xsd#se-mem-base_FinansiellRapportStyrelsenVerkstallandeDirektorenAvgerArsredovisningMember" xlink:label="lbl_se-mem-base_FinansiellRapportStyrelsenVerkstallandeDirektorenAvgerArsredovisningMember_10"/>
    <link:label xlink:type="resource" xlink:label="res_se-mem-base_FinansiellRapportStyrelsenVerkstallandeDirektorenAvgerArsredovisningMember_10" xlink:role="http://www.xbrl.org/2003/role/label" xml:lang="en">The Board and the chief executive officer submit the following annual account (Value)</link:label>
    <link:labelArc xlink:type="arc" xlink:arcrole="http://www.xbrl.org/2003/arcrole/concept-label" xlink:from="lbl_se-mem-base_FinansiellRapportStyrelsenVerkstallandeDirektorenAvgerArsredovisningMember_10" xlink:to="res_se-mem-base_FinansiellRapportStyrelsenVerkstallandeDirektorenAvgerArsredovisningMember_10"/>
    <link:loc xlink:type="locator" xlink:href="se-mem-base-2021-10-31.xsd#se-mem-base_FinansiellRapportStyrelsenAvgerArsredovisningMember" xlink:label="lbl_se-mem-base_FinansiellRapportStyrelsenAvgerArsredovisningMember_0"/>
    <link:label xlink:type="resource" xlink:label="res_se-mem-base_FinansiellRapportStyrelsenAvgerArsredovisningMember_0" xlink:role="http://www.xbrl.org/2003/role/label" xml:lang="en">The Board submits the following annual accounts (Value)</link:label>
    <link:labelArc xlink:type="arc" xlink:arcrole="http://www.xbrl.org/2003/arcrole/concept-label" xlink:from="lbl_se-mem-base_FinansiellRapportStyrelsenAvgerArsredovisningMember_0" xlink:to="res_se-mem-base_FinansiellRapportStyrelsenAvgerArsredovisningMember_0"/>
    <link:loc xlink:type="locator" xlink:href="se-mem-base-2021-10-31.xsd#se-mem-base_ForetagTypIntresseforetagMember" xlink:label="lbl_se-mem-base_ForetagTypIntresseforetagMember_15"/>
    <link:label xlink:type="resource" xlink:label="res_se-mem-base_ForetagTypIntresseforetagMember_15" xlink:role="http://www.xbrl.org/2003/role/label" xml:lang="en">Associated undertaking (Value)</link:label>
    <link:labelArc xlink:type="arc" xlink:arcrole="http://www.xbrl.org/2003/arcrole/concept-label" xlink:from="lbl_se-mem-base_ForetagTypIntresseforetagMember_15" xlink:to="res_se-mem-base_ForetagTypIntresseforetagMember_15"/>
    <link:loc xlink:type="locator" xlink:href="se-mem-base-2021-10-31.xsd#se-mem-base_ForetagTypGemensamtStyrtForetagMember" xlink:label="lbl_se-mem-base_ForetagTypGemensamtStyrtForetagMember_14"/>
    <link:label xlink:type="resource" xlink:label="res_se-mem-base_ForetagTypGemensamtStyrtForetagMember_14" xlink:role="http://www.xbrl.org/2003/role/label" xml:lang="en">Jointly controlled undertaking (Value)</link:label>
    <link:labelArc xlink:type="arc" xlink:arcrole="http://www.xbrl.org/2003/arcrole/concept-label" xlink:from="lbl_se-mem-base_ForetagTypGemensamtStyrtForetagMember_14" xlink:to="res_se-mem-base_ForetagTypGemensamtStyrtForetagMember_14"/>
    <link:loc xlink:type="locator" xlink:href="se-mem-base-2021-10-31.xsd#se-mem-base_RevisorerRevisionsforetagUppdragRevisionsuppdragMember" xlink:label="RevisorerRevisionsforetagUppdragRevisionsuppdragMember" xlink:title="RevisorerRevisionsforetagUppdragRevisionsuppdragMember"/>
    <link:label xlink:type="resource" xlink:label="label_RevisorerRevisionsforetagUppdragRevisionsuppdragMember" xlink:role="http://www.xbrl.org/2003/role/label" xlink:title="label_RevisorerRevisionsforetagUppdragRevisionsuppdragMember" xml:lang="en" id="label_RevisorerRevisionsforetagUppdragRevisionsuppdragMember">Audit engagement (Value)</link:label>
    <link:labelArc xlink:type="arc" xlink:arcrole="http://www.xbrl.org/2003/arcrole/concept-label" xlink:from="RevisorerRevisionsforetagUppdragRevisionsuppdragMember" xlink:to="label_RevisorerRevisionsforetagUppdragRevisionsuppdragMember" xlink:title="label: RevisorerRevisionsforetagUppdragRevisionsuppdragMember to label_RevisorerRevisionsforetagUppdragRevisionsuppdragMember"/>
    <link:loc xlink:type="locator" xlink:href="se-mem-base-2021-10-31.xsd#se-mem-base_RevisorerRevisionsforetagUppdragRevisionsuppdragMember" xlink:label="RevisorerRevisionsforetagUppdragRevisionsuppdragMember_2" xlink:title="RevisorerRevisionsforetagUppdragRevisionsuppdragMember"/>
    <link:label xlink:type="resource" xlink:label="label_RevisorerRevisionsforetagUppdragRevisionsuppdragMember_2" xlink:role="http://www.xbrl.org/2003/role/documentation" xlink:title="label_RevisorerRevisionsforetagUppdragRevisionsuppdragMember" xml:lang="en" id="label_RevisorerRevisionsforetagUppdragRevisionsuppdragMember_2">Statutory audit, i.e. the work necessary to submit an audit report, including so-called audit advisory services</link:label>
    <link:labelArc xlink:type="arc" xlink:arcrole="http://www.xbrl.org/2003/arcrole/concept-label" xlink:from="RevisorerRevisionsforetagUppdragRevisionsuppdragMember_2" xlink:to="label_RevisorerRevisionsforetagUppdragRevisionsuppdragMember_2" xlink:title="label: RevisorerRevisionsforetagUppdragRevisionsuppdragMember to label_RevisorerRevisionsforetagUppdragRevisionsuppdragMember"/>
    <link:loc xlink:type="locator" xlink:href="se-mem-base-2021-10-31.xsd#se-mem-base_RevisorerRevisionsforetagUppdragRevisionsverksamhetUtoverRevisionsuppdragetMember" xlink:label="RevisorerRevisionsforetagUppdragRevisionsverksamhetUtoverRevisionsuppdragetMember" xlink:title="RevisorerRevisionsforetagUppdragRevisionsverksamhetUtoverRevisionsuppdragetMember"/>
    <link:label xlink:type="resource" xlink:label="label_RevisorerRevisionsforetagUppdragRevisionsverksamhetUtoverRevisionsuppdragetMember" xlink:role="http://www.xbrl.org/2003/role/label" xlink:title="label_RevisorerRevisionsforetagUppdragRevisionsverksamhetUtoverRevisionsuppdragetMember" xml:lang="en" id="label_RevisorerRevisionsforetagUppdragRevisionsverksamhetUtoverRevisionsuppdragetMember">Auditing activities beyond the audit engagement (Value)</link:label>
    <link:labelArc xlink:type="arc" xlink:arcrole="http://www.xbrl.org/2003/arcrole/concept-label" xlink:from="RevisorerRevisionsforetagUppdragRevisionsverksamhetUtoverRevisionsuppdragetMember" xlink:to="label_RevisorerRevisionsforetagUppdragRevisionsverksamhetUtoverRevisionsuppdragetMember" xlink:title="label: RevisorerRevisionsforetagUppdragRevisionsverksamhetUtoverRevisionsuppdragetMember to label_RevisorerRevisionsforetagUppdragRevisionsverksamhetUtoverRevisionsuppdragetMember"/>
    <link:loc xlink:type="locator" xlink:href="se-mem-base-2021-10-31.xsd#se-mem-base_RevisorerRevisionsforetagUppdragSkatteradgivningMember" xlink:label="RevisorerRevisionsforetagUppdragSkatteradgivningMember" xlink:title="RevisorerRevisionsforetagUppdragSkatteradgivningMember"/>
    <link:label xlink:type="resource" xlink:label="label_RevisorerRevisionsforetagUppdragSkatteradgivningMember" xlink:role="http://www.xbrl.org/2003/role/label" xlink:title="label_RevisorerRevisionsforetagUppdragSkatteradgivningMember" xml:lang="en" id="label_RevisorerRevisionsforetagUppdragSkatteradgivningMember">Tax advisory services, audit firm (Value)</link:label>
    <link:labelArc xlink:type="arc" xlink:arcrole="http://www.xbrl.org/2003/arcrole/concept-label" xlink:from="RevisorerRevisionsforetagUppdragSkatteradgivningMember" xlink:to="label_RevisorerRevisionsforetagUppdragSkatteradgivningMember" xlink:title="label: RevisorerRevisionsforetagUppdragSkatteradgivningMember to label_RevisorerRevisionsforetagUppdragSkatteradgivningMember"/>
    <link:loc xlink:type="locator" xlink:href="se-mem-base-2021-10-31.xsd#se-mem-base_RevisorerRevisionsforetagOvrigaTjansterMember" xlink:label="RevisorerRevisionsforetagOvrigaTjansterMember" xlink:title="RevisorerRevisionsforetagOvrigaTjansterMember"/>
    <link:label xlink:type="resource" xlink:label="label_RevisorerRevisionsforetagOvrigaTjansterMember" xlink:role="http://www.xbrl.org/2003/role/label" xlink:title="label_RevisorerRevisionsforetagOvrigaTjansterMember" xml:lang="en" id="label_RevisorerRevisionsforetagOvrigaTjansterMember">Other services (Value)</link:label>
    <link:labelArc xlink:type="arc" xlink:arcrole="http://www.xbrl.org/2003/arcrole/concept-label" xlink:from="RevisorerRevisionsforetagOvrigaTjansterMember" xlink:to="label_RevisorerRevisionsforetagOvrigaTjansterMember" xlink:title="label: RevisorerRevisionsforetagOvrigaTjansterMember to label_RevisorerRevisionsforetagOvrigaTjansterMember"/>
    <link:loc xlink:type="locator" xlink:href="se-mem-base-2021-10-31.xsd#se-mem-base_RevisorspateckningMeningAvstyrktAttResultatrakningBalansrakningFaststallsMember" xlink:label="lbl_se-mem-base_RevisorspateckningMeningAvstyrktAttResultatrakningBalansrakningFaststallsMember_8"/>
    <link:label xlink:type="resource" xlink:label="res_se-mem-base_RevisorspateckningMeningAvstyrktAttResultatrakningBalansrakningFaststallsMember_8" xlink:role="http://www.xbrl.org/2003/role/label" xml:lang="en">I (we) have in this not recommended that the profit and loss account and the balance sheet are adopted (Value)</link:label>
    <link:labelArc xlink:type="arc" xlink:arcrole="http://www.xbrl.org/2003/arcrole/concept-label" xlink:from="lbl_se-mem-base_RevisorspateckningMeningAvstyrktAttResultatrakningBalansrakningFaststallsMember_8" xlink:to="res_se-mem-base_RevisorspateckningMeningAvstyrktAttResultatrakningBalansrakningFaststallsMember_8"/>
    <link:loc xlink:type="locator" xlink:href="se-mem-base-2021-10-31.xsd#se-mem-base_RevisorspateckningMeningAvstyrktAttResultatrakningFaststallsMember" xlink:label="lbl_se-mem-base_RevisorspateckningMeningAvstyrktAttResultatrakningFaststallsMember_13"/>
    <link:label xlink:type="resource" xlink:label="res_se-mem-base_RevisorspateckningMeningAvstyrktAttResultatrakningFaststallsMember_13" xlink:role="http://www.xbrl.org/2003/role/label" xml:lang="en">I (we) have in this not recommended that the profit and loss account is adopted (Value)</link:label>
    <link:labelArc xlink:type="arc" xlink:arcrole="http://www.xbrl.org/2003/arcrole/concept-label" xlink:from="lbl_se-mem-base_RevisorspateckningMeningAvstyrktAttResultatrakningFaststallsMember_13" xlink:to="res_se-mem-base_RevisorspateckningMeningAvstyrktAttResultatrakningFaststallsMember_13"/>
    <link:loc xlink:type="locator" xlink:href="se-mem-base-2021-10-31.xsd#se-mem-base_RevisorspateckningMeningAvstyrktAttBalansrakningFaststallsMember" xlink:label="lbl_se-mem-base_RevisorspateckningMeningAvstyrktAttBalansrakningFaststallsMember_18"/>
    <link:label xlink:type="resource" xlink:label="res_se-mem-base_RevisorspateckningMeningAvstyrktAttBalansrakningFaststallsMember_18" xlink:role="http://www.xbrl.org/2003/role/label" xml:lang="en">I (we) have in this not recommended that the balance sheet is adopted (Value)</link:label>
    <link:labelArc xlink:type="arc" xlink:arcrole="http://www.xbrl.org/2003/arcrole/concept-label" xlink:from="lbl_se-mem-base_RevisorspateckningMeningAvstyrktAttBalansrakningFaststallsMember_18" xlink:to="res_se-mem-base_RevisorspateckningMeningAvstyrktAttBalansrakningFaststallsMember_18"/>
    <link:loc xlink:type="locator" xlink:href="se-mem-base-2021-10-31.xsd#se-mem-base_RevisorspateckningMeningVarkenTillEllerAvstyrktAttResultatrakningBalansrakningFaststallsMember" xlink:label="lbl_se-mem-base_RevisorspateckningMeningVarkenTillEllerAvstyrktAttResultatrakningBalansrakningFaststallsMember_3"/>
    <link:label xlink:type="resource" xlink:label="res_se-mem-base_RevisorspateckningMeningVarkenTillEllerAvstyrktAttResultatrakningBalansrakningFaststallsMember_3" xlink:role="http://www.xbrl.org/2003/role/label" xml:lang="en">I (we) have in this neither recommended or not recommended the profit and loss account and the balance sheet to be adopted (Value)</link:label>
    <link:labelArc xlink:type="arc" xlink:arcrole="http://www.xbrl.org/2003/arcrole/concept-label" xlink:from="lbl_se-mem-base_RevisorspateckningMeningVarkenTillEllerAvstyrktAttResultatrakningBalansrakningFaststallsMember_3" xlink:to="res_se-mem-base_RevisorspateckningMeningVarkenTillEllerAvstyrktAttResultatrakningBalansrakningFaststallsMember_3"/>
    <link:loc xlink:type="locator" xlink:href="se-mem-base-2021-10-31.xsd#se-mem-base_RevisorspateckningMeningVarkenTillEllerAvstyrktAttResultatrakningFaststallsMember" xlink:label="lbl_se-mem-base_RevisorspateckningMeningVarkenTillEllerAvstyrktAttResultatrakningFaststallsMember_2"/>
    <link:label xlink:type="resource" xlink:label="res_se-mem-base_RevisorspateckningMeningVarkenTillEllerAvstyrktAttResultatrakningFaststallsMember_2" xlink:role="http://www.xbrl.org/2003/role/label" xml:lang="en">I (we) have in this neither recommended or not recommended the profit and loss account to be adopted (Value)</link:label>
    <link:labelArc xlink:type="arc" xlink:arcrole="http://www.xbrl.org/2003/arcrole/concept-label" xlink:from="lbl_se-mem-base_RevisorspateckningMeningVarkenTillEllerAvstyrktAttResultatrakningFaststallsMember_2" xlink:to="res_se-mem-base_RevisorspateckningMeningVarkenTillEllerAvstyrktAttResultatrakningFaststallsMember_2"/>
    <link:loc xlink:type="locator" xlink:href="se-mem-base-2021-10-31.xsd#se-mem-base_RevisorspateckningMeningVarkenTillEllerAvstyrktAttBalansrakningFaststallsMember" xlink:label="lbl_se-mem-base_RevisorspateckningMeningVarkenTillEllerAvstyrktAttBalansrakningFaststallsMember_9"/>
    <link:label xlink:type="resource" xlink:label="res_se-mem-base_RevisorspateckningMeningVarkenTillEllerAvstyrktAttBalansrakningFaststallsMember_9" xlink:role="http://www.xbrl.org/2003/role/label" xml:lang="en">I (we) have in this neither recommended or not recommended the balance sheet to be adopted (Value)</link:label>
    <link:labelArc xlink:type="arc" xlink:arcrole="http://www.xbrl.org/2003/arcrole/concept-label" xlink:from="lbl_se-mem-base_RevisorspateckningMeningVarkenTillEllerAvstyrktAttBalansrakningFaststallsMember_9" xlink:to="res_se-mem-base_RevisorspateckningMeningVarkenTillEllerAvstyrktAttBalansrakningFaststallsMember_9"/>
    <link:loc xlink:type="locator" xlink:href="se-mem-base-2021-10-31.xsd#se-mem-base_RevisorspateckningMeningAvstyrktAttResultatrakningVarkenTillEllerAvstyrktBalansrakningFaststallsMember" xlink:label="lbl_se-mem-base_RevisorspateckningMeningAvstyrktAttResultatrakningVarkenTillEllerAvstyrktBalansrakningFaststallsMember_6"/>
    <link:label xlink:type="resource" xlink:label="res_se-mem-base_RevisorspateckningMeningAvstyrktAttResultatrakningVarkenTillEllerAvstyrktBalansrakningFaststallsMember_6" xlink:role="http://www.xbrl.org/2003/role/label" xml:lang="en">I (we) have in this not recommended the profit and loss account and neither recommended or not recommended the balance sheet to be adopted (Value)</link:label>
    <link:labelArc xlink:type="arc" xlink:arcrole="http://www.xbrl.org/2003/arcrole/concept-label" xlink:from="lbl_se-mem-base_RevisorspateckningMeningAvstyrktAttResultatrakningVarkenTillEllerAvstyrktBalansrakningFaststallsMember_6" xlink:to="res_se-mem-base_RevisorspateckningMeningAvstyrktAttResultatrakningVarkenTillEllerAvstyrktBalansrakningFaststallsMember_6"/>
    <link:loc xlink:type="locator" xlink:href="se-mem-base-2021-10-31.xsd#se-mem-base_RevisorspateckningMeningAvstyrktAttBalanstrakningVarkenTillEllerAvstyrktResultatrakningFaststallsMember" xlink:label="lbl_se-mem-base_RevisorspateckningMeningAvstyrktAttBalanstrakningVarkenTillEllerAvstyrktResultatrakningFaststallsMember_7"/>
    <link:label xlink:type="resource" xlink:label="res_se-mem-base_RevisorspateckningMeningAvstyrktAttBalanstrakningVarkenTillEllerAvstyrktResultatrakningFaststallsMember_7" xlink:role="http://www.xbrl.org/2003/role/label" xml:lang="en">I (we) have in this not recommended the balance sheet and neither recommended or not recommended the profit or loss account to be adopted (Value)</link:label>
    <link:labelArc xlink:type="arc" xlink:arcrole="http://www.xbrl.org/2003/arcrole/concept-label" xlink:from="lbl_se-mem-base_RevisorspateckningMeningAvstyrktAttBalanstrakningVarkenTillEllerAvstyrktResultatrakningFaststallsMember_7" xlink:to="res_se-mem-base_RevisorspateckningMeningAvstyrktAttBalanstrakningVarkenTillEllerAvstyrktResultatrakningFaststallsMember_7"/>
    <link:loc xlink:type="locator" xlink:href="se-mem-base-2021-10-31.xsd#se-mem-base_FinansiellRapportLikvidatornAvgerArsredovisningMember" xlink:label="lbl_se-mem-base_FinansiellRapportLikvidatornAvgerArsredovisningMember_4"/>
    <link:label xlink:type="resource" xlink:label="res_se-mem-base_FinansiellRapportLikvidatornAvgerArsredovisningMember_4" xlink:role="http://www.xbrl.org/2003/role/label" xml:lang="en">The liquidator submits the following annual accounts (Value)</link:label>
    <link:labelArc xlink:type="arc" xlink:arcrole="http://www.xbrl.org/2003/arcrole/concept-label" xlink:from="lbl_se-mem-base_FinansiellRapportLikvidatornAvgerArsredovisningMember_4" xlink:to="res_se-mem-base_FinansiellRapportLikvidatornAvgerArsredovisningMember_4"/>
  </link:labelLink>
</link:linkbase>
