<?xml version="1.0" encoding="UTF-8"?>
<!-- Generated by Fujitsu Interstage XWand B0245 -->
<link:linkbase xmlns:xsi="http://www.w3.org/2001/XMLSchema-instance" xsi:schemaLocation="http://www.xbrl.org/2003/linkbase http://www.xbrl.org/2003/xbrl-linkbase-2003-12-31.xsd" xmlns:link="http://www.xbrl.org/2003/linkbase" xmlns:se-gen-base="http://www.taxonomier.se/se/fr/gen-base/2021-10-31" xmlns:xbrli="http://www.xbrl.org/2003/instance" xmlns:xlink="http://www.w3.org/1999/xlink">
  <link:labelLink xlink:type="extended" xlink:role="http://www.xbrl.org/2003/role/link">
    <link:loc xlink:type="locator" xlink:href="se-mem-base-2021-10-31.xsd#se-mem-base_BeloppsformatTusentalMember" xlink:label="lbl_se-mem-base_BeloppsformatTusentalMember_17"/>
    <link:label xlink:type="resource" xlink:label="res_se-mem-base_BeloppsformatTusentalMember_17" xlink:role="http://www.xbrl.org/2003/role/documentation" xml:lang="en">Amount format in thousands</link:label>
    <link:labelArc xlink:type="arc" xlink:arcrole="http://www.xbrl.org/2003/arcrole/concept-label" xlink:from="lbl_se-mem-base_BeloppsformatTusentalMember_17" xlink:to="res_se-mem-base_BeloppsformatTusentalMember_17"/>
    <link:loc xlink:type="locator" xlink:href="se-mem-base-2021-10-31.xsd#se-mem-base_BeloppsformatHundratalMember" xlink:label="lbl_se-mem-base_BeloppsformatHundratalMember_9"/>
    <link:label xlink:type="resource" xlink:label="res_se-mem-base_BeloppsformatHundratalMember_9" xlink:role="http://www.xbrl.org/2003/role/documentation" xml:lang="en">Amount format in hundreds</link:label>
    <link:labelArc xlink:type="arc" xlink:arcrole="http://www.xbrl.org/2003/arcrole/concept-label" xlink:from="lbl_se-mem-base_BeloppsformatHundratalMember_9" xlink:to="res_se-mem-base_BeloppsformatHundratalMember_9"/>
    <link:loc xlink:type="locator" xlink:href="se-mem-base-2021-10-31.xsd#se-mem-base_BeloppsformatNormalformMember" xlink:label="lbl_se-mem-base_BeloppsformatNormalformMember_15"/>
    <link:label xlink:type="resource" xlink:label="res_se-mem-base_BeloppsformatNormalformMember_15" xlink:role="http://www.xbrl.org/2003/role/documentation" xml:lang="en">Amount format in full amounts (integer)</link:label>
    <link:labelArc xlink:type="arc" xlink:arcrole="http://www.xbrl.org/2003/arcrole/concept-label" xlink:from="lbl_se-mem-base_BeloppsformatNormalformMember_15" xlink:to="res_se-mem-base_BeloppsformatNormalformMember_15"/>
    <link:loc xlink:type="locator" xlink:href="se-mem-base-2021-10-31.xsd#se-mem-base_LandSverigeMember" xlink:label="lbl_se-mem-base_LandSverigeMember_12"/>
    <link:label xlink:type="resource" xlink:label="res_se-mem-base_LandSverigeMember_12" xlink:role="http://www.xbrl.org/2003/role/documentation" xml:lang="en">The country Sweden according to ISO 3166</link:label>
    <link:labelArc xlink:type="arc" xlink:arcrole="http://www.xbrl.org/2003/arcrole/concept-label" xlink:from="lbl_se-mem-base_LandSverigeMember_12" xlink:to="res_se-mem-base_LandSverigeMember_12"/>
    <link:loc xlink:type="locator" xlink:href="se-mem-base-2021-10-31.xsd#se-mem-base_SprakSvenskaMember" xlink:label="lbl_se-mem-base_SprakSvenskaMember_6"/>
    <link:label xlink:type="resource" xlink:label="res_se-mem-base_SprakSvenskaMember_6" xlink:role="http://www.xbrl.org/2003/role/documentation" xml:lang="en">The language Swedish according to ISO 639</link:label>
    <link:labelArc xlink:type="arc" xlink:arcrole="http://www.xbrl.org/2003/arcrole/concept-label" xlink:from="lbl_se-mem-base_SprakSvenskaMember_6" xlink:to="res_se-mem-base_SprakSvenskaMember_6"/>
    <link:loc xlink:type="locator" xlink:href="se-mem-base-2021-10-31.xsd#se-mem-base_ValutaSvenskaKronorMember" xlink:label="lbl_se-mem-base_ValutaSvenskaKronorMember_14"/>
    <link:label xlink:type="resource" xlink:label="res_se-mem-base_ValutaSvenskaKronorMember_14" xlink:role="http://www.xbrl.org/2003/role/documentation" xml:lang="en">The currency Swedish kronor according to ISO 4217</link:label>
    <link:labelArc xlink:type="arc" xlink:arcrole="http://www.xbrl.org/2003/arcrole/concept-label" xlink:from="lbl_se-mem-base_ValutaSvenskaKronorMember_14" xlink:to="res_se-mem-base_ValutaSvenskaKronorMember_14"/>
    <link:loc xlink:type="locator" xlink:href="se-mem-base-2021-10-31.xsd#se-mem-base_ValutaEuroMember" xlink:label="lbl_se-mem-base_ValutaEuroMember_8"/>
    <link:label xlink:type="resource" xlink:label="res_se-mem-base_ValutaEuroMember_8" xlink:role="http://www.xbrl.org/2003/role/documentation" xml:lang="en">The currency Euro according to ISO 4217</link:label>
    <link:labelArc xlink:type="arc" xlink:arcrole="http://www.xbrl.org/2003/arcrole/concept-label" xlink:from="lbl_se-mem-base_ValutaEuroMember_8" xlink:to="res_se-mem-base_ValutaEuroMember_8"/>
    <link:loc xlink:type="locator" xlink:href="se-mem-base-2021-10-31.xsd#se-mem-base_FinansiellRapportStyrelsenVerkstallandeDirektorenAvgerArsredovisningMember" xlink:label="lbl_se-mem-base_FinansiellRapportStyrelsenVerkstallandeDirektorenAvgerArsredovisningMember_5"/>
    <link:label xlink:type="resource" xlink:label="res_se-mem-base_FinansiellRapportStyrelsenVerkstallandeDirektorenAvgerArsredovisningMember_5" xlink:role="http://www.xbrl.org/2003/role/documentation" xml:lang="en">The Board and the executive officer submit the annual accounts</link:label>
    <link:labelArc xlink:type="arc" xlink:arcrole="http://www.xbrl.org/2003/arcrole/concept-label" xlink:from="lbl_se-mem-base_FinansiellRapportStyrelsenVerkstallandeDirektorenAvgerArsredovisningMember_5" xlink:to="res_se-mem-base_FinansiellRapportStyrelsenVerkstallandeDirektorenAvgerArsredovisningMember_5"/>
    <link:loc xlink:type="locator" xlink:href="se-mem-base-2021-10-31.xsd#se-mem-base_FinansiellRapportStyrelsenAvgerArsredovisningMember" xlink:label="lbl_se-mem-base_FinansiellRapportStyrelsenAvgerArsredovisningMember_2"/>
    <link:label xlink:type="resource" xlink:label="res_se-mem-base_FinansiellRapportStyrelsenAvgerArsredovisningMember_2" xlink:role="http://www.xbrl.org/2003/role/documentation" xml:lang="en">The Board submits the annual accounts</link:label>
    <link:labelArc xlink:type="arc" xlink:arcrole="http://www.xbrl.org/2003/arcrole/concept-label" xlink:from="lbl_se-mem-base_FinansiellRapportStyrelsenAvgerArsredovisningMember_2" xlink:to="res_se-mem-base_FinansiellRapportStyrelsenAvgerArsredovisningMember_2"/>
    <link:loc xlink:type="locator" xlink:href="se-mem-base-2021-10-31.xsd#se-mem-base_RevisorerRevisionsforetagUppdragRevisionsverksamhetUtoverRevisionsuppdragetMember" xlink:label="RevisorerRevisionsforetagUppdragRevisionsverksamhetUtoverRevisionsuppdragetMember_2" xlink:title="RevisorerRevisionsforetagUppdragRevisionsverksamhetUtoverRevisionsuppdragetMember"/>
    <link:label xlink:type="resource" xlink:label="label_RevisorerRevisionsforetagUppdragRevisionsverksamhetUtoverRevisionsuppdragetMember_2" xlink:role="http://www.xbrl.org/2003/role/documentation" xlink:title="label_RevisorerRevisionsforetagUppdragRevisionsverksamhetUtoverRevisionsuppdragetMember" xml:lang="en" id="label_RevisorerRevisionsforetagUppdragRevisionsverksamhetUtoverRevisionsuppdragetMember_2">Other auditing activities than the audit engagement performed by auditor</link:label>
    <link:labelArc xlink:type="arc" xlink:arcrole="http://www.xbrl.org/2003/arcrole/concept-label" xlink:from="RevisorerRevisionsforetagUppdragRevisionsverksamhetUtoverRevisionsuppdragetMember_2" xlink:to="label_RevisorerRevisionsforetagUppdragRevisionsverksamhetUtoverRevisionsuppdragetMember_2" xlink:title="label: RevisorerRevisionsforetagUppdragRevisionsverksamhetUtoverRevisionsuppdragetMember to label_RevisorerRevisionsforetagUppdragRevisionsverksamhetUtoverRevisionsuppdragetMember"/>
    <link:loc xlink:type="locator" xlink:href="se-mem-base-2021-10-31.xsd#se-mem-base_RevisorerRevisionsforetagUppdragSkatteradgivningMember" xlink:label="RevisorerRevisionsforetagUppdragSkatteradgivningMember" xlink:title="RevisorerRevisionsforetagUppdragSkatteradgivningMember"/>
    <link:label xlink:type="resource" xlink:label="label_RevisorerRevisionsforetagUppdragSkatteradgivningMember_2" xlink:role="http://www.xbrl.org/2003/role/documentation" xlink:title="label_RevisorerRevisionsforetagUppdragSkatteradgivningMember" xml:lang="en" id="label_RevisorerRevisionsforetagUppdragSkatteradgivningMember_2">Tax advisory services performed by auditor, for example regarding income tax and value added tax</link:label>
    <link:labelArc xlink:type="arc" xlink:arcrole="http://www.xbrl.org/2003/arcrole/concept-label" xlink:from="RevisorerRevisionsforetagUppdragSkatteradgivningMember" xlink:to="label_RevisorerRevisionsforetagUppdragSkatteradgivningMember_2" xlink:title="label: RevisorerRevisionsforetagUppdragSkatteradgivningMember to label_RevisorerRevisionsforetagUppdragSkatteradgivningMember"/>
    <link:loc xlink:type="locator" xlink:href="se-mem-base-2021-10-31.xsd#se-mem-base_RevisorerRevisionsforetagOvrigaTjansterMember" xlink:label="RevisorerRevisionsforetagOvrigaTjansterMember_2" xlink:title="RevisorerRevisionsforetagOvrigaTjansterMember"/>
    <link:label xlink:type="resource" xlink:label="label_RevisorerRevisionsforetagOvrigaTjansterMember_2" xlink:role="http://www.xbrl.org/2003/role/documentation" xlink:title="label_RevisorerRevisionsforetagOvrigaTjansterMember" xml:lang="en" id="label_RevisorerRevisionsforetagOvrigaTjansterMember_2">Services other than audit engagements, other auditing activities or tax advisory services and performed by auditor, for example advisory services in connection with acquisitions</link:label>
    <link:labelArc xlink:type="arc" xlink:arcrole="http://www.xbrl.org/2003/arcrole/concept-label" xlink:from="RevisorerRevisionsforetagOvrigaTjansterMember_2" xlink:to="label_RevisorerRevisionsforetagOvrigaTjansterMember_2" xlink:title="label: RevisorerRevisionsforetagOvrigaTjansterMember to label_RevisorerRevisionsforetagOvrigaTjansterMember"/>
    <link:loc xlink:type="locator" xlink:href="se-mem-base-2021-10-31.xsd#se-mem-base_RevisorspateckningMeningAvstyrktAttResultatrakningBalansrakningFaststallsMember" xlink:label="lbl_se-mem-base_RevisorspateckningMeningAvstyrktAttResultatrakningBalansrakningFaststallsMember_3"/>
    <link:label xlink:type="resource" xlink:label="res_se-mem-base_RevisorspateckningMeningAvstyrktAttResultatrakningBalansrakningFaststallsMember_3" xlink:role="http://www.xbrl.org/2003/role/documentation" xml:lang="en">Auditor does not recommend that the profit and loss account and the balance sheet are adopted</link:label>
    <link:labelArc xlink:type="arc" xlink:arcrole="http://www.xbrl.org/2003/arcrole/concept-label" xlink:from="lbl_se-mem-base_RevisorspateckningMeningAvstyrktAttResultatrakningBalansrakningFaststallsMember_3" xlink:to="res_se-mem-base_RevisorspateckningMeningAvstyrktAttResultatrakningBalansrakningFaststallsMember_3"/>
    <link:loc xlink:type="locator" xlink:href="se-mem-base-2021-10-31.xsd#se-mem-base_RevisorspateckningMeningAvstyrktAttResultatrakningFaststallsMember" xlink:label="lbl_se-mem-base_RevisorspateckningMeningAvstyrktAttResultatrakningFaststallsMember_10"/>
    <link:label xlink:type="resource" xlink:label="res_se-mem-base_RevisorspateckningMeningAvstyrktAttResultatrakningFaststallsMember_10" xlink:role="http://www.xbrl.org/2003/role/documentation" xml:lang="en">Auditor does not recommend that the profit and loss account is adopted</link:label>
    <link:labelArc xlink:type="arc" xlink:arcrole="http://www.xbrl.org/2003/arcrole/concept-label" xlink:from="lbl_se-mem-base_RevisorspateckningMeningAvstyrktAttResultatrakningFaststallsMember_10" xlink:to="res_se-mem-base_RevisorspateckningMeningAvstyrktAttResultatrakningFaststallsMember_10"/>
    <link:loc xlink:type="locator" xlink:href="se-mem-base-2021-10-31.xsd#se-mem-base_RevisorspateckningMeningAvstyrktAttBalansrakningFaststallsMember" xlink:label="lbl_se-mem-base_RevisorspateckningMeningAvstyrktAttBalansrakningFaststallsMember_16"/>
    <link:label xlink:type="resource" xlink:label="res_se-mem-base_RevisorspateckningMeningAvstyrktAttBalansrakningFaststallsMember_16" xlink:role="http://www.xbrl.org/2003/role/documentation" xml:lang="en">Auditor does not recommend that the balance sheet is adopted</link:label>
    <link:labelArc xlink:type="arc" xlink:arcrole="http://www.xbrl.org/2003/arcrole/concept-label" xlink:from="lbl_se-mem-base_RevisorspateckningMeningAvstyrktAttBalansrakningFaststallsMember_16" xlink:to="res_se-mem-base_RevisorspateckningMeningAvstyrktAttBalansrakningFaststallsMember_16"/>
    <link:loc xlink:type="locator" xlink:href="se-mem-base-2021-10-31.xsd#se-mem-base_RevisorspateckningMeningVarkenTillEllerAvstyrktAttResultatrakningBalansrakningFaststallsMember" xlink:label="lbl_se-mem-base_RevisorspateckningMeningVarkenTillEllerAvstyrktAttResultatrakningBalansrakningFaststallsMember_11"/>
    <link:label xlink:type="resource" xlink:label="res_se-mem-base_RevisorspateckningMeningVarkenTillEllerAvstyrktAttResultatrakningBalansrakningFaststallsMember_11" xlink:role="http://www.xbrl.org/2003/role/documentation" xml:lang="en">Auditor neither recommends or does not recommend the profit and loss account and the balance sheet to be adopted</link:label>
    <link:labelArc xlink:type="arc" xlink:arcrole="http://www.xbrl.org/2003/arcrole/concept-label" xlink:from="lbl_se-mem-base_RevisorspateckningMeningVarkenTillEllerAvstyrktAttResultatrakningBalansrakningFaststallsMember_11" xlink:to="res_se-mem-base_RevisorspateckningMeningVarkenTillEllerAvstyrktAttResultatrakningBalansrakningFaststallsMember_11"/>
    <link:loc xlink:type="locator" xlink:href="se-mem-base-2021-10-31.xsd#se-mem-base_RevisorspateckningMeningVarkenTillEllerAvstyrktAttResultatrakningFaststallsMember" xlink:label="lbl_se-mem-base_RevisorspateckningMeningVarkenTillEllerAvstyrktAttResultatrakningFaststallsMember_7"/>
    <link:label xlink:type="resource" xlink:label="res_se-mem-base_RevisorspateckningMeningVarkenTillEllerAvstyrktAttResultatrakningFaststallsMember_7" xlink:role="http://www.xbrl.org/2003/role/documentation" xml:lang="en">Auditor neither recommends or does not recommend the profit and loss account to be adopted</link:label>
    <link:labelArc xlink:type="arc" xlink:arcrole="http://www.xbrl.org/2003/arcrole/concept-label" xlink:from="lbl_se-mem-base_RevisorspateckningMeningVarkenTillEllerAvstyrktAttResultatrakningFaststallsMember_7" xlink:to="res_se-mem-base_RevisorspateckningMeningVarkenTillEllerAvstyrktAttResultatrakningFaststallsMember_7"/>
    <link:loc xlink:type="locator" xlink:href="se-mem-base-2021-10-31.xsd#se-mem-base_RevisorspateckningMeningVarkenTillEllerAvstyrktAttBalansrakningFaststallsMember" xlink:label="lbl_se-mem-base_RevisorspateckningMeningVarkenTillEllerAvstyrktAttBalansrakningFaststallsMember_4"/>
    <link:label xlink:type="resource" xlink:label="res_se-mem-base_RevisorspateckningMeningVarkenTillEllerAvstyrktAttBalansrakningFaststallsMember_4" xlink:role="http://www.xbrl.org/2003/role/documentation" xml:lang="en">Auditor neither recommends or does not recommend the profit and loss account to be adopted</link:label>
    <link:labelArc xlink:type="arc" xlink:arcrole="http://www.xbrl.org/2003/arcrole/concept-label" xlink:from="lbl_se-mem-base_RevisorspateckningMeningVarkenTillEllerAvstyrktAttBalansrakningFaststallsMember_4" xlink:to="res_se-mem-base_RevisorspateckningMeningVarkenTillEllerAvstyrktAttBalansrakningFaststallsMember_4"/>
    <link:loc xlink:type="locator" xlink:href="se-mem-base-2021-10-31.xsd#se-mem-base_RevisorspateckningMeningAvstyrktAttResultatrakningVarkenTillEllerAvstyrktBalansrakningFaststallsMember" xlink:label="lbl_se-mem-base_RevisorspateckningMeningAvstyrktAttResultatrakningVarkenTillEllerAvstyrktBalansrakningFaststallsMember_0"/>
    <link:label xlink:type="resource" xlink:label="res_se-mem-base_RevisorspateckningMeningAvstyrktAttResultatrakningVarkenTillEllerAvstyrktBalansrakningFaststallsMember_0" xlink:role="http://www.xbrl.org/2003/role/documentation" xml:lang="en">Auditor does not recommend the profit and loss account and neither recommends or does not recommend the balance sheet to be adopted</link:label>
    <link:labelArc xlink:type="arc" xlink:arcrole="http://www.xbrl.org/2003/arcrole/concept-label" xlink:from="lbl_se-mem-base_RevisorspateckningMeningAvstyrktAttResultatrakningVarkenTillEllerAvstyrktBalansrakningFaststallsMember_0" xlink:to="res_se-mem-base_RevisorspateckningMeningAvstyrktAttResultatrakningVarkenTillEllerAvstyrktBalansrakningFaststallsMember_0"/>
    <link:loc xlink:type="locator" xlink:href="se-mem-base-2021-10-31.xsd#se-mem-base_RevisorspateckningMeningAvstyrktAttBalanstrakningVarkenTillEllerAvstyrktResultatrakningFaststallsMember" xlink:label="lbl_se-mem-base_RevisorspateckningMeningAvstyrktAttBalanstrakningVarkenTillEllerAvstyrktResultatrakningFaststallsMember_1"/>
    <link:label xlink:type="resource" xlink:label="res_se-mem-base_RevisorspateckningMeningAvstyrktAttBalanstrakningVarkenTillEllerAvstyrktResultatrakningFaststallsMember_1" xlink:role="http://www.xbrl.org/2003/role/documentation" xml:lang="en">Auditor does not recommend the balance sheet and neither recommends or does not recommend the profit and loss account to be adopted</link:label>
    <link:labelArc xlink:type="arc" xlink:arcrole="http://www.xbrl.org/2003/arcrole/concept-label" xlink:from="lbl_se-mem-base_RevisorspateckningMeningAvstyrktAttBalanstrakningVarkenTillEllerAvstyrktResultatrakningFaststallsMember_1" xlink:to="res_se-mem-base_RevisorspateckningMeningAvstyrktAttBalanstrakningVarkenTillEllerAvstyrktResultatrakningFaststallsMember_1"/>
    <link:loc xlink:type="locator" xlink:href="se-mem-base-2021-10-31.xsd#se-mem-base_FinansiellRapportLikvidatornAvgerArsredovisningMember" xlink:label="lbl_se-mem-base_FinansiellRapportLikvidatornAvgerArsredovisningMember_13"/>
    <link:label xlink:type="resource" xlink:label="res_se-mem-base_FinansiellRapportLikvidatornAvgerArsredovisningMember_13" xlink:role="http://www.xbrl.org/2003/role/documentation" xml:lang="en">The liquidator submits the following annual accounts</link:label>
    <link:labelArc xlink:type="arc" xlink:arcrole="http://www.xbrl.org/2003/arcrole/concept-label" xlink:from="lbl_se-mem-base_FinansiellRapportLikvidatornAvgerArsredovisningMember_13" xlink:to="res_se-mem-base_FinansiellRapportLikvidatornAvgerArsredovisningMember_13"/>
  </link:labelLink>
</link:linkbase>
