<?xml version="1.0" encoding="UTF-8"?>
<!-- Generated by Fujitsu Interstage XWand B0245 -->
<link:linkbase xmlns:xsi="http://www.w3.org/2001/XMLSchema-instance" xsi:schemaLocation="http://www.xbrl.org/2004/ref http://www.xbrl.org/2004/ref-2004-08-10.xsd http://www.xbrl.org/2003/linkbase http://www.xbrl.org/2003/xbrl-linkbase-2003-12-31.xsd" xmlns:link="http://www.xbrl.org/2003/linkbase" xmlns:ref="http://www.xbrl.org/2004/ref" xmlns:xlink="http://www.w3.org/1999/xlink" xmlns:xbrli="http://www.xbrl.org/2003/instance">
  <link:roleRef roleURI="http://www.taxonomier.se/se/fr/role/reference/legislation/sfl" xlink:type="simple" xlink:href="../../../shared/role/se-leg-role/2021-10-31/se-leg-role-2021-10-31.xsd#LEG_ROLE_SFL"/>
  <link:referenceLink xlink:type="extended" xlink:role="http://www.taxonomier.se/se/fr/role/reference/legislation/sfl">
    <link:loc xlink:type="locator" xlink:href="se-mem-base-2021-10-31.xsd#se-mem-base_IdrottMember" xlink:label="IdrottMember" xlink:title="IdrottMember"/>
    <link:reference xlink:type="resource" xlink:label="reference_IdrottMember" xlink:role="http://www.xbrl.org/2003/role/reference" xlink:title="reference_IdrottMember" id="reference_IdrottMember_2">
      <ref:Name>SFL</ref:Name>
      <ref:Number>2011:1244</ref:Number>
      <ref:Chapter>33</ref:Chapter>
      <ref:Paragraph>3</ref:Paragraph>
      <ref:Section>1</ref:Section>
      <ref:Subparagraph>3</ref:Subparagraph>
    </link:reference>
    <link:referenceArc xlink:type="arc" xlink:arcrole="http://www.xbrl.org/2003/arcrole/concept-reference" xlink:from="IdrottMember" xlink:to="reference_IdrottMember" xlink:title="reference: IdrottMember to reference_IdrottMember"/>
    <link:loc xlink:type="locator" xlink:href="se-mem-base-2021-10-31.xsd#se-mem-base_KulturMember" xlink:label="KulturMember" xlink:title="KulturMember"/>
    <link:reference xlink:type="resource" xlink:label="reference_KulturMember" xlink:role="http://www.xbrl.org/2003/role/reference" xlink:title="reference_KulturMember" id="reference_KulturMember_2">
      <ref:Name>SFL</ref:Name>
      <ref:Number>2011:1244</ref:Number>
      <ref:Chapter>33</ref:Chapter>
      <ref:Paragraph>3</ref:Paragraph>
      <ref:Section>1</ref:Section>
      <ref:Subparagraph>3</ref:Subparagraph>
    </link:reference>
    <link:referenceArc xlink:type="arc" xlink:arcrole="http://www.xbrl.org/2003/arcrole/concept-reference" xlink:from="KulturMember" xlink:to="reference_KulturMember" xlink:title="reference: KulturMember to reference_KulturMember"/>
    <link:loc xlink:type="locator" xlink:href="se-mem-base-2021-10-31.xsd#se-mem-base_MiljovardMember" xlink:label="MiljovardMember" xlink:title="MiljovardMember"/>
    <link:reference xlink:type="resource" xlink:label="reference_MiljovardMember" xlink:role="http://www.xbrl.org/2003/role/reference" xlink:title="reference_MiljovardMember" id="reference_MiljovardMember_2">
      <ref:Name>SFL</ref:Name>
      <ref:Number>2011:1244</ref:Number>
      <ref:Chapter>33</ref:Chapter>
      <ref:Paragraph>3</ref:Paragraph>
      <ref:Section>1</ref:Section>
      <ref:Subparagraph>3</ref:Subparagraph>
    </link:reference>
    <link:referenceArc xlink:type="arc" xlink:arcrole="http://www.xbrl.org/2003/arcrole/concept-reference" xlink:from="MiljovardMember" xlink:to="reference_MiljovardMember" xlink:title="reference: MiljovardMember to reference_MiljovardMember"/>
    <link:loc xlink:type="locator" xlink:href="se-mem-base-2021-10-31.xsd#se-mem-base_OmsorgBarnUngdomMember" xlink:label="OmsorgBarnUngdomMember" xlink:title="OmsorgBarnUngdomMember"/>
    <link:reference xlink:type="resource" xlink:label="reference_OmsorgBarnUngdomMember" xlink:role="http://www.xbrl.org/2003/role/reference" xlink:title="reference_OmsorgBarnUngdomMember" id="reference_OmsorgBarnUngdomMember_2">
      <ref:Name>SFL</ref:Name>
      <ref:Number>2011:1244</ref:Number>
      <ref:Chapter>33</ref:Chapter>
      <ref:Paragraph>3</ref:Paragraph>
      <ref:Section>1</ref:Section>
      <ref:Subparagraph>3</ref:Subparagraph>
    </link:reference>
    <link:referenceArc xlink:type="arc" xlink:arcrole="http://www.xbrl.org/2003/arcrole/concept-reference" xlink:from="OmsorgBarnUngdomMember" xlink:to="reference_OmsorgBarnUngdomMember" xlink:title="reference: OmsorgBarnUngdomMember to reference_OmsorgBarnUngdomMember"/>
    <link:loc xlink:type="locator" xlink:href="se-mem-base-2021-10-31.xsd#se-mem-base_PolitiskVerksamhetMember" xlink:label="PolitiskVerksamhetMember" xlink:title="PolitiskVerksamhetMember"/>
    <link:reference xlink:type="resource" xlink:label="reference_PolitiskVerksamhetMember" xlink:role="http://www.xbrl.org/2003/role/reference" xlink:title="reference_PolitiskVerksamhetMember" id="reference_PolitiskVerksamhetMember_2">
      <ref:Name>SFL</ref:Name>
      <ref:Number>2011:1244</ref:Number>
      <ref:Chapter>33</ref:Chapter>
      <ref:Paragraph>3</ref:Paragraph>
      <ref:Section>1</ref:Section>
      <ref:Subparagraph>3</ref:Subparagraph>
    </link:reference>
    <link:referenceArc xlink:type="arc" xlink:arcrole="http://www.xbrl.org/2003/arcrole/concept-reference" xlink:from="PolitiskVerksamhetMember" xlink:to="reference_PolitiskVerksamhetMember" xlink:title="reference: PolitiskVerksamhetMember to reference_PolitiskVerksamhetMember"/>
    <link:loc xlink:type="locator" xlink:href="se-mem-base-2021-10-31.xsd#se-mem-base_ReligiosVerksamhetMember" xlink:label="ReligiosVerksamhetMember" xlink:title="ReligiosVerksamhetMember"/>
    <link:reference xlink:type="resource" xlink:label="reference_ReligiosVerksamhetMember" xlink:role="http://www.xbrl.org/2003/role/reference" xlink:title="reference_ReligiosVerksamhetMember" id="reference_ReligiosVerksamhetMember_2">
      <ref:Name>SFL</ref:Name>
      <ref:Number>2011:1244</ref:Number>
      <ref:Chapter>33</ref:Chapter>
      <ref:Paragraph>3</ref:Paragraph>
      <ref:Section>1</ref:Section>
      <ref:Subparagraph>3</ref:Subparagraph>
    </link:reference>
    <link:referenceArc xlink:type="arc" xlink:arcrole="http://www.xbrl.org/2003/arcrole/concept-reference" xlink:from="ReligiosVerksamhetMember" xlink:to="reference_ReligiosVerksamhetMember" xlink:title="reference: ReligiosVerksamhetMember to reference_ReligiosVerksamhetMember"/>
    <link:loc xlink:type="locator" xlink:href="se-mem-base-2021-10-31.xsd#se-mem-base_SjukvardMember" xlink:label="SjukvardMember" xlink:title="SjukvardMember"/>
    <link:reference xlink:type="resource" xlink:label="reference_SjukvardMember" xlink:role="http://www.xbrl.org/2003/role/reference" xlink:title="reference_SjukvardMember" id="reference_SjukvardMember_2">
      <ref:Name>SFL</ref:Name>
      <ref:Number>2011:1244</ref:Number>
      <ref:Chapter>33</ref:Chapter>
      <ref:Paragraph>3</ref:Paragraph>
      <ref:Section>1</ref:Section>
      <ref:Subparagraph>3</ref:Subparagraph>
    </link:reference>
    <link:referenceArc xlink:type="arc" xlink:arcrole="http://www.xbrl.org/2003/arcrole/concept-reference" xlink:from="SjukvardMember" xlink:to="reference_SjukvardMember" xlink:title="reference: SjukvardMember to reference_SjukvardMember"/>
    <link:loc xlink:type="locator" xlink:href="se-mem-base-2021-10-31.xsd#se-mem-base_SocialHjalpverksamhetMember" xlink:label="SocialHjalpverksamhetMember" xlink:title="SocialHjalpverksamhetMember"/>
    <link:reference xlink:type="resource" xlink:label="reference_SocialHjalpverksamhetMember" xlink:role="http://www.xbrl.org/2003/role/reference" xlink:title="reference_SocialHjalpverksamhetMember" id="reference_SocialHjalpverksamhetMember_2">
      <ref:Name>SFL</ref:Name>
      <ref:Number>2011:1244</ref:Number>
      <ref:Chapter>33</ref:Chapter>
      <ref:Paragraph>3</ref:Paragraph>
      <ref:Section>1</ref:Section>
      <ref:Subparagraph>3</ref:Subparagraph>
    </link:reference>
    <link:referenceArc xlink:type="arc" xlink:arcrole="http://www.xbrl.org/2003/arcrole/concept-reference" xlink:from="SocialHjalpverksamhetMember" xlink:to="reference_SocialHjalpverksamhetMember" xlink:title="reference: SocialHjalpverksamhetMember to reference_SocialHjalpverksamhetMember"/>
    <link:loc xlink:type="locator" xlink:href="se-mem-base-2021-10-31.xsd#se-mem-base_SverigesForsvarKrisberedskapSamverkanMyndighetMember" xlink:label="SverigesForsvarKrisberedskapSamverkanMyndighetMember" xlink:title="SverigesForsvarKrisberedskapSamverkanMyndighetMember"/>
    <link:reference xlink:type="resource" xlink:label="reference_SverigesForsvarKrisberedskapSamverkanMyndighetMember" xlink:role="http://www.xbrl.org/2003/role/reference" xlink:title="reference_SverigesForsvarKrisberedskapSamverkanMyndighetMember" id="reference_SverigesForsvarKrisberedskapSamverkanMyndighetMember_2">
      <ref:Name>SFL</ref:Name>
      <ref:Number>2011:1244</ref:Number>
      <ref:Chapter>33</ref:Chapter>
      <ref:Paragraph>3</ref:Paragraph>
      <ref:Section>1</ref:Section>
      <ref:Subparagraph>3</ref:Subparagraph>
    </link:reference>
    <link:referenceArc xlink:type="arc" xlink:arcrole="http://www.xbrl.org/2003/arcrole/concept-reference" xlink:from="SverigesForsvarKrisberedskapSamverkanMyndighetMember" xlink:to="reference_SverigesForsvarKrisberedskapSamverkanMyndighetMember" xlink:title="reference: SverigesForsvarKrisberedskapSamverkanMyndighetMember to reference_SverigesForsvarKrisberedskapSamverkanMyndighetMember"/>
    <link:loc xlink:type="locator" xlink:href="se-mem-base-2021-10-31.xsd#se-mem-base_UtbildningsverksamhetMember" xlink:label="UtbildningsverksamhetMember" xlink:title="UtbildningsverksamhetMember"/>
    <link:reference xlink:type="resource" xlink:label="reference_UtbildningsverksamhetMember" xlink:role="http://www.xbrl.org/2003/role/reference" xlink:title="reference_UtbildningsverksamhetMember" id="reference_UtbildningsverksamhetMember_2">
      <ref:Name>SFL</ref:Name>
      <ref:Number>2011:1244</ref:Number>
      <ref:Chapter>33</ref:Chapter>
      <ref:Paragraph>3</ref:Paragraph>
      <ref:Section>1</ref:Section>
      <ref:Subparagraph>3</ref:Subparagraph>
    </link:reference>
    <link:referenceArc xlink:type="arc" xlink:arcrole="http://www.xbrl.org/2003/arcrole/concept-reference" xlink:from="UtbildningsverksamhetMember" xlink:to="reference_UtbildningsverksamhetMember" xlink:title="reference: UtbildningsverksamhetMember to reference_UtbildningsverksamhetMember"/>
    <link:loc xlink:type="locator" xlink:href="se-mem-base-2021-10-31.xsd#se-mem-base_VetenskapligForskningMember" xlink:label="VetenskapligForskningMember" xlink:title="VetenskapligForskningMember"/>
    <link:reference xlink:type="resource" xlink:label="reference_VetenskapligForskningMember" xlink:role="http://www.xbrl.org/2003/role/reference" xlink:title="reference_VetenskapligForskningMember" id="reference_VetenskapligForskningMember_2">
      <ref:Name>SFL</ref:Name>
      <ref:Number>2011:1244</ref:Number>
      <ref:Chapter>33</ref:Chapter>
      <ref:Paragraph>3</ref:Paragraph>
      <ref:Section>1</ref:Section>
      <ref:Subparagraph>3</ref:Subparagraph>
    </link:reference>
    <link:referenceArc xlink:type="arc" xlink:arcrole="http://www.xbrl.org/2003/arcrole/concept-reference" xlink:from="VetenskapligForskningMember" xlink:to="reference_VetenskapligForskningMember" xlink:title="reference: VetenskapligForskningMember to reference_VetenskapligForskningMember"/>
    <link:loc xlink:type="locator" xlink:href="se-mem-base-2021-10-31.xsd#se-mem-base_AnnanLikvardigVerksamhetMember" xlink:label="AnnanLikvardigVerksamhetMember" xlink:title="AnnanLikvardigVerksamhetMember"/>
    <link:reference xlink:type="resource" xlink:label="reference_AnnanLikvardigVerksamhetMember" xlink:role="http://www.xbrl.org/2003/role/reference" xlink:title="reference_AnnanLikvardigVerksamhetMember" id="reference_AnnanLikvardigVerksamhetMember_2">
      <ref:Name>SFL</ref:Name>
      <ref:Number>2011:1244</ref:Number>
      <ref:Chapter>33</ref:Chapter>
      <ref:Paragraph>3</ref:Paragraph>
      <ref:Section>1</ref:Section>
      <ref:Subparagraph>3</ref:Subparagraph>
    </link:reference>
    <link:referenceArc xlink:type="arc" xlink:arcrole="http://www.xbrl.org/2003/arcrole/concept-reference" xlink:from="AnnanLikvardigVerksamhetMember" xlink:to="reference_AnnanLikvardigVerksamhetMember" xlink:title="reference: AnnanLikvardigVerksamhetMember to reference_AnnanLikvardigVerksamhetMember"/>
  </link:referenceLink>
</link:linkbase>
