<?xml version="1.0" encoding="UTF-8"?><!--Versionsdatum/revision: 2024-09-12/2025-02-11_14:50:52--><!--Infil   : file:///O:/xmlstr/TaxSam/Inkomstdeklaration 2/2024-09-12 FINAL/Iteration 84 - FINAL LEV 2024-06-12 - FULL INK3 INK4 N3B/2025-02-11_13.19.41_10_KontrolleraOchGenerera_v2.08.xsl.xml--><!--XSLT-fil: file:///O:/xmlstr/TaxSam/Inkomstdeklaration 2/2024-09-12 FINAL/Iteration 84 - FINAL LEV 2024-06-12 - FULL INK3 INK4 N3B/30_UtokaAnpassadeBasskiktet_v2.14.xsl--><!--XSLT-fil: file:///O:/xmlstr/TaxSam/Inkomstdeklaration 2/2024-09-12 FINAL/Iteration 84 - FINAL LEV 2024-06-12 - FULL INK3 INK4 N3B/XSLTallmanKod_v1.05.xsl--><link:linkbase xmlns:xsi="http://www.w3.org/2001/XMLSchema-instance" xmlns:link="http://www.xbrl.org/2003/linkbase" xmlns:xlink="http://www.w3.org/1999/xlink" xsi:schemaLocation="http://www.xbrl.org/2003/linkbase http://www.xbrl.org/2003/xbrl-linkbase-2003-12-31.xsd">
	<link:labelLink xlink:type="extended" xlink:role="http://www.xbrl.org/2003/role/link">
		<link:loc xlink:type="locator" xlink:href="../../../../base/se-tax-base/2022-09-12/se-tax-base-2022-09-12.xsd#se-tax-base_BilagaN3BAndelIHandelsbolagAbstract" xlink:label="extBeskrivning_locator_BilagaN3BAndelIHandelsbolagAbstract" xlink:title="extBeskrivning_locator_BilagaN3BAndelIHandelsbolagAbstract"/>
		<link:label xlink:type="resource" xlink:label="extBeskrivning_resource_BilagaN3BAndelIHandelsbolagAbstract_967_definitionGuidance" xlink:role="http://www.xbrl.org/2003/role/definitionGuidance" xlink:title="extBeskrivning_resource_BilagaN3BAndelIHandelsbolagAbstract_967_definitionGuidance" xml:lang="sv">Rapportdel N3B Andel i handelsbolag</link:label>
		<link:labelArc xlink:type="arc" xlink:arcrole="http://www.xbrl.org/2003/arcrole/concept-label" xlink:from="extBeskrivning_locator_BilagaN3BAndelIHandelsbolagAbstract" xlink:to="extBeskrivning_resource_BilagaN3BAndelIHandelsbolagAbstract_967_definitionGuidance" xlink:title="reference: extBeskrivning_locator_BilagaN3BAndelIHandelsbolagAbstract to extBeskrivning_resource_BilagaN3BAndelIHandelsbolagAbstract_967_definitionGuidance"/>
		<link:loc xlink:type="locator" xlink:href="../../../../base/se-cd-base/2021-10-31/se-cd-base-2021-10-31.xsd#se-cd-base_RakenskapsarForstaDag" xlink:label="extBeskrivning_locator_RakenskapsarForstaDag" xlink:title="extBeskrivning_locator_RakenskapsarForstaDag"/>
		<link:label xlink:type="resource" xlink:label="extBeskrivning_resource_RakenskapsarForstaDag_976_definitionGuidance" xlink:role="http://www.xbrl.org/2003/role/definitionGuidance" xlink:title="extBeskrivning_resource_RakenskapsarForstaDag_976_definitionGuidance" xml:lang="sv">Avser delägaren i handelsbolaget</link:label>
		<link:labelArc xlink:type="arc" xlink:arcrole="http://www.xbrl.org/2003/arcrole/concept-label" xlink:from="extBeskrivning_locator_RakenskapsarForstaDag" xlink:to="extBeskrivning_resource_RakenskapsarForstaDag_976_definitionGuidance" xlink:title="reference: extBeskrivning_locator_RakenskapsarForstaDag to extBeskrivning_resource_RakenskapsarForstaDag_976_definitionGuidance"/>
		<link:loc xlink:type="locator" xlink:href="../../../../base/se-cd-base/2021-10-31/se-cd-base-2021-10-31.xsd#se-cd-base_RakenskapsarSistaDag" xlink:label="extBeskrivning_locator_RakenskapsarSistaDag" xlink:title="extBeskrivning_locator_RakenskapsarSistaDag"/>
		<link:label xlink:type="resource" xlink:label="extBeskrivning_resource_RakenskapsarSistaDag_979_definitionGuidance" xlink:role="http://www.xbrl.org/2003/role/definitionGuidance" xlink:title="extBeskrivning_resource_RakenskapsarSistaDag_979_definitionGuidance" xml:lang="sv">Avser delägaren i handelsbolaget</link:label>
		<link:labelArc xlink:type="arc" xlink:arcrole="http://www.xbrl.org/2003/arcrole/concept-label" xlink:from="extBeskrivning_locator_RakenskapsarSistaDag" xlink:to="extBeskrivning_resource_RakenskapsarSistaDag_979_definitionGuidance" xlink:title="reference: extBeskrivning_locator_RakenskapsarSistaDag to extBeskrivning_resource_RakenskapsarSistaDag_979_definitionGuidance"/>
		<link:loc xlink:type="locator" xlink:href="../../../../base/se-cd-base/2021-10-31/se-cd-base-2021-10-31.xsd#se-cd-base_Organisationsnummer" xlink:label="extBeskrivning_locator_Organisationsnummer" xlink:title="extBeskrivning_locator_Organisationsnummer"/>
		<link:label xlink:type="resource" xlink:label="extBeskrivning_resource_Organisationsnummer_983_definitionGuidance" xlink:role="http://www.xbrl.org/2003/role/definitionGuidance" xlink:title="extBeskrivning_resource_Organisationsnummer_983_definitionGuidance" xml:lang="sv">Avser delägaren i handelsbolaget</link:label>
		<link:labelArc xlink:type="arc" xlink:arcrole="http://www.xbrl.org/2003/arcrole/concept-label" xlink:from="extBeskrivning_locator_Organisationsnummer" xlink:to="extBeskrivning_resource_Organisationsnummer_983_definitionGuidance" xlink:title="reference: extBeskrivning_locator_Organisationsnummer to extBeskrivning_resource_Organisationsnummer_983_definitionGuidance"/>
		<link:loc xlink:type="locator" xlink:href="../../../../base/se-cd-base/2021-10-31/se-cd-base-2021-10-31.xsd#se-cd-base_UtlandsktForetag" xlink:label="extBeskrivning_locator_UtlandsktForetag" xlink:title="extBeskrivning_locator_UtlandsktForetag"/>
		<link:label xlink:type="resource" xlink:label="extBeskrivning_resource_UtlandsktForetag_990_definitionGuidance" xlink:role="http://www.xbrl.org/2003/role/definitionGuidance" xlink:title="extBeskrivning_resource_UtlandsktForetag_990_definitionGuidance" xml:lang="sv">Handelsbolaget är ett utländskt bolag varför identitetsbeteckningen skiljer sig från ett svenskt organisationsnummer</link:label>
		<link:labelArc xlink:type="arc" xlink:arcrole="http://www.xbrl.org/2003/arcrole/concept-label" xlink:from="extBeskrivning_locator_UtlandsktForetag" xlink:to="extBeskrivning_resource_UtlandsktForetag_990_definitionGuidance" xlink:title="reference: extBeskrivning_locator_UtlandsktForetag to extBeskrivning_resource_UtlandsktForetag_990_definitionGuidance"/>
		<link:loc xlink:type="locator" xlink:href="../../../../base/se-cd-base/2021-10-31/se-cd-base-2021-10-31.xsd#se-cd-base_OrganisationsnummerDelagtForetag" xlink:label="extBeskrivning_locator_OrganisationsnummerDelagtForetag" xlink:title="extBeskrivning_locator_OrganisationsnummerDelagtForetag"/>
		<link:label xlink:type="resource" xlink:label="extBeskrivning_resource_OrganisationsnummerDelagtForetag_991_definitionGuidance" xlink:role="http://www.xbrl.org/2003/role/definitionGuidance" xlink:title="extBeskrivning_resource_OrganisationsnummerDelagtForetag_991_definitionGuidance" xml:lang="sv">Avser det delägda handelsbolaget</link:label>
		<link:labelArc xlink:type="arc" xlink:arcrole="http://www.xbrl.org/2003/arcrole/concept-label" xlink:from="extBeskrivning_locator_OrganisationsnummerDelagtForetag" xlink:to="extBeskrivning_resource_OrganisationsnummerDelagtForetag_991_definitionGuidance" xlink:title="reference: extBeskrivning_locator_OrganisationsnummerDelagtForetag to extBeskrivning_resource_OrganisationsnummerDelagtForetag_991_definitionGuidance"/>
		<link:loc xlink:type="locator" xlink:href="../../../../base/se-cd-base/2021-10-31/se-cd-base-2021-10-31.xsd#se-cd-base_RakenskapsarForstaDagDelagtForetag" xlink:label="extBeskrivning_locator_RakenskapsarForstaDagDelagtForetag" xlink:title="extBeskrivning_locator_RakenskapsarForstaDagDelagtForetag"/>
		<link:label xlink:type="resource" xlink:label="extBeskrivning_resource_RakenskapsarForstaDagDelagtForetag_1001_definitionGuidance" xlink:role="http://www.xbrl.org/2003/role/definitionGuidance" xlink:title="extBeskrivning_resource_RakenskapsarForstaDagDelagtForetag_1001_definitionGuidance" xml:lang="sv">Avser det delägda handelsbolaget</link:label>
		<link:labelArc xlink:type="arc" xlink:arcrole="http://www.xbrl.org/2003/arcrole/concept-label" xlink:from="extBeskrivning_locator_RakenskapsarForstaDagDelagtForetag" xlink:to="extBeskrivning_resource_RakenskapsarForstaDagDelagtForetag_1001_definitionGuidance" xlink:title="reference: extBeskrivning_locator_RakenskapsarForstaDagDelagtForetag to extBeskrivning_resource_RakenskapsarForstaDagDelagtForetag_1001_definitionGuidance"/>
		<link:loc xlink:type="locator" xlink:href="../../../../base/se-cd-base/2021-10-31/se-cd-base-2021-10-31.xsd#se-cd-base_RakenskapsarSistaDagDelagtForetag" xlink:label="extBeskrivning_locator_RakenskapsarSistaDagDelagtForetag" xlink:title="extBeskrivning_locator_RakenskapsarSistaDagDelagtForetag"/>
		<link:label xlink:type="resource" xlink:label="extBeskrivning_resource_RakenskapsarSistaDagDelagtForetag_1004_definitionGuidance" xlink:role="http://www.xbrl.org/2003/role/definitionGuidance" xlink:title="extBeskrivning_resource_RakenskapsarSistaDagDelagtForetag_1004_definitionGuidance" xml:lang="sv">Avser det delägda handelsbolaget</link:label>
		<link:labelArc xlink:type="arc" xlink:arcrole="http://www.xbrl.org/2003/arcrole/concept-label" xlink:from="extBeskrivning_locator_RakenskapsarSistaDagDelagtForetag" xlink:to="extBeskrivning_resource_RakenskapsarSistaDagDelagtForetag_1004_definitionGuidance" xlink:title="reference: extBeskrivning_locator_RakenskapsarSistaDagDelagtForetag to extBeskrivning_resource_RakenskapsarSistaDagDelagtForetag_1004_definitionGuidance"/>
		<link:loc xlink:type="locator" xlink:href="../../../../base/se-tax-base/2022-09-12/se-tax-base-2022-09-12.xsd#se-tax-base_BerakningAvAnskaffningsutgiftForEttHandelsbolagAbstract" xlink:label="extBeskrivning_locator_BerakningAvAnskaffningsutgiftForEttHandelsbolagAbstract" xlink:title="extBeskrivning_locator_BerakningAvAnskaffningsutgiftForEttHandelsbolagAbstract"/>
		<link:label xlink:type="resource" xlink:label="extBeskrivning_resource_BerakningAvAnskaffningsutgiftForEttHandelsbolagAbstract_1094_definitionGuidance" xlink:role="http://www.xbrl.org/2003/role/definitionGuidance" xlink:title="extBeskrivning_resource_BerakningAvAnskaffningsutgiftForEttHandelsbolagAbstract_1094_definitionGuidance" xml:lang="sv">Endast för handelsbolag som äger andel i handelsbolag</link:label>
		<link:labelArc xlink:type="arc" xlink:arcrole="http://www.xbrl.org/2003/arcrole/concept-label" xlink:from="extBeskrivning_locator_BerakningAvAnskaffningsutgiftForEttHandelsbolagAbstract" xlink:to="extBeskrivning_resource_BerakningAvAnskaffningsutgiftForEttHandelsbolagAbstract_1094_definitionGuidance" xlink:title="reference: extBeskrivning_locator_BerakningAvAnskaffningsutgiftForEttHandelsbolagAbstract to extBeskrivning_resource_BerakningAvAnskaffningsutgiftForEttHandelsbolagAbstract_1094_definitionGuidance"/>
		<link:loc xlink:type="locator" xlink:href="../../../../base/se-gen-base/2021-10-31/se-gen-base-2021-10-31.xsd#se-gen-base_DelagareTillskottHandelsbolag" xlink:label="extBeskrivning_locator_DelagareTillskottHandelsbolag" xlink:title="extBeskrivning_locator_DelagareTillskottHandelsbolag"/>
		<link:label xlink:type="resource" xlink:label="extBeskrivning_resource_DelagareTillskottHandelsbolag_1098_definitionGuidance" xlink:role="http://www.xbrl.org/2003/role/definitionGuidance" xlink:title="extBeskrivning_resource_DelagareTillskottHandelsbolag_1098_definitionGuidance" xml:lang="sv">Delägarens tillskott till handelsbolaget under handelsbolagets räkenskapsår vid beräkning av justerad anskaffningsutgift för ägd andel i ett handelsbolag</link:label>
		<link:labelArc xlink:type="arc" xlink:arcrole="http://www.xbrl.org/2003/arcrole/concept-label" xlink:from="extBeskrivning_locator_DelagareTillskottHandelsbolag" xlink:to="extBeskrivning_resource_DelagareTillskottHandelsbolag_1098_definitionGuidance" xlink:title="reference: extBeskrivning_locator_DelagareTillskottHandelsbolag to extBeskrivning_resource_DelagareTillskottHandelsbolag_1098_definitionGuidance"/>
		<link:loc xlink:type="locator" xlink:href="../../../../base/se-gen-base/2021-10-31/se-gen-base-2021-10-31.xsd#se-gen-base_DelagareUttagHandelsbolag" xlink:label="extBeskrivning_locator_DelagareUttagHandelsbolag" xlink:title="extBeskrivning_locator_DelagareUttagHandelsbolag"/>
		<link:label xlink:type="resource" xlink:label="extBeskrivning_resource_DelagareUttagHandelsbolag_1100_definitionGuidance" xlink:role="http://www.xbrl.org/2003/role/definitionGuidance" xlink:title="extBeskrivning_resource_DelagareUttagHandelsbolag_1100_definitionGuidance" xml:lang="sv">Delägarens uttag från handelsbolaget under handelsbolagets räkenskapsår vid beräkning av justerad anskaffningsutgift för ägd andel i ett handelsbolag</link:label>
		<link:labelArc xlink:type="arc" xlink:arcrole="http://www.xbrl.org/2003/arcrole/concept-label" xlink:from="extBeskrivning_locator_DelagareUttagHandelsbolag" xlink:to="extBeskrivning_resource_DelagareUttagHandelsbolag_1100_definitionGuidance" xlink:title="reference: extBeskrivning_locator_DelagareUttagHandelsbolag to extBeskrivning_resource_DelagareUttagHandelsbolag_1100_definitionGuidance"/>
	</link:labelLink>
</link:linkbase>