<?xml version="1.0" encoding="UTF-8"?>
<!-- Generated by Fujitsu Interstage XWand B0255 -->
<link:linkbase xmlns:xsi="http://www.w3.org/2001/XMLSchema-instance" xsi:schemaLocation="http://www.xbrl.org/2004/ref http://www.xbrl.org/2004/ref-2004-08-10.xsd http://www.xbrl.org/2003/linkbase http://www.xbrl.org/2003/xbrl-linkbase-2003-12-31.xsd" xmlns:se-gaap-ext="http://www.taxonomier.se/se/fr/gaap/gaap-ext/2021-10-31" xmlns:link="http://www.xbrl.org/2003/linkbase" xmlns:ref="http://www.xbrl.org/2004/ref" xmlns:xlink="http://www.w3.org/1999/xlink" xmlns:xbrli="http://www.xbrl.org/2003/instance">
  <link:roleRef roleURI="http://www.taxonomier.se/se/fr/role/reference/legislation/arl" xlink:type="simple" xlink:href="../../../../../../shared/role/se-leg-role/2021-10-31/se-leg-role-2021-10-31.xsd#LEG_ROLE_ARL"/>
  <link:referenceLink xlink:type="extended" xlink:role="http://www.taxonomier.se/se/fr/role/reference/legislation/arl">
    <link:loc xlink:type="locator" xlink:href="se-gaap-ext-2021-10-31.xsd#se-gaap-ext_UppgiftModerforetagTuple" xlink:label="UppgiftModerforetagTuple" xlink:title="UppgiftModerforetagTuple"/>
    <link:reference xlink:type="resource" xlink:label="reference_UppgiftModerforetagTuple" xlink:role="http://www.xbrl.org/2003/role/reference" xlink:title="reference_UppgiftModerforetagTuple" id="reference_UppgiftModerforetagTuple">
      <ref:Name>ÅRL</ref:Name>
      <ref:Number>1995:1554</ref:Number>
      <ref:Chapter>5</ref:Chapter>
      <ref:Paragraph>21</ref:Paragraph>
    </link:reference>
    <link:referenceArc xlink:type="arc" xlink:arcrole="http://www.xbrl.org/2003/arcrole/concept-reference" xlink:from="UppgiftModerforetagTuple" xlink:to="reference_UppgiftModerforetagTuple" xlink:title="reference: UppgiftModerforetagTuple to reference_UppgiftModerforetagTuple"/>
    <link:reference xlink:type="resource" xlink:label="reference_UppgiftModerforetagTuple_2" xlink:role="http://www.xbrl.org/2003/role/reference" xlink:title="reference_UppgiftModerforetagTuple" id="reference_UppgiftModerforetagTuple_2">
      <ref:Name>ÅRL</ref:Name>
      <ref:Number>1995:1554</ref:Number>
      <ref:Chapter>5</ref:Chapter>
      <ref:Paragraph>45</ref:Paragraph>
    </link:reference>
    <link:referenceArc xlink:type="arc" xlink:arcrole="http://www.xbrl.org/2003/arcrole/concept-reference" xlink:from="UppgiftModerforetagTuple" xlink:to="reference_UppgiftModerforetagTuple_2" xlink:title="reference: UppgiftModerforetagTuple to reference_UppgiftModerforetagTuple"/>
    <link:loc xlink:type="locator" xlink:href="se-gaap-ext-2021-10-31.xsd#se-gaap-ext_AndraOvrigaAvsattningarSpecifikationTuple" xlink:label="AndraOvrigaAvsattningarSpecifikationTuple" xlink:title="AndraOvrigaAvsattningarSpecifikationTuple"/>
    <link:reference xlink:type="resource" xlink:label="reference_AndraOvrigaAvsattningarSpecifikationTuple" xlink:role="http://www.xbrl.org/2003/role/reference" xlink:title="reference_AndraOvrigaAvsattningarSpecifikationTuple" id="reference_AndraOvrigaAvsattningarSpecifikationTuple">
      <ref:Name>ÅRL</ref:Name>
      <ref:Number>1995:1554</ref:Number>
      <ref:Chapter>3</ref:Chapter>
      <ref:Paragraph>10</ref:Paragraph>
    </link:reference>
    <link:referenceArc xlink:type="arc" xlink:arcrole="http://www.xbrl.org/2003/arcrole/concept-reference" xlink:from="AndraOvrigaAvsattningarSpecifikationTuple" xlink:to="reference_AndraOvrigaAvsattningarSpecifikationTuple" xlink:title="reference: AndraOvrigaAvsattningarSpecifikationTuple to reference_AndraOvrigaAvsattningarSpecifikationTuple"/>
    <link:reference xlink:type="resource" xlink:label="reference_AndraOvrigaAvsattningarSpecifikationTuple_2" xlink:role="http://www.xbrl.org/2003/role/reference" xlink:title="reference_AndraOvrigaAvsattningarSpecifikationTuple" id="reference_AndraOvrigaAvsattningarSpecifikationTuple_2">
      <ref:Name>ÅRL</ref:Name>
      <ref:Number>1995:1554</ref:Number>
      <ref:Chapter>Bilaga 1</ref:Chapter>
    </link:reference>
    <link:referenceArc xlink:type="arc" xlink:arcrole="http://www.xbrl.org/2003/arcrole/concept-reference" xlink:from="AndraOvrigaAvsattningarSpecifikationTuple" xlink:to="reference_AndraOvrigaAvsattningarSpecifikationTuple_2" xlink:title="reference: AndraOvrigaAvsattningarSpecifikationTuple to reference_AndraOvrigaAvsattningarSpecifikationTuple"/>
    <link:loc xlink:type="locator" xlink:href="se-gaap-ext-2021-10-31.xsd#se-gaap-ext_InnehavAndelarKoncernforetagInklusiveUppgiftForetagTuple" xlink:label="InnehavAndelarKoncernforetagInklusiveUppgiftForetagTuple" xlink:title="InnehavAndelarKoncernforetagInklusiveUppgiftForetagTuple"/>
    <link:reference xlink:type="resource" xlink:label="reference_InnehavAndelarKoncernforetagInklusiveUppgiftForetagTuple" xlink:role="http://www.xbrl.org/2003/role/reference" xlink:title="reference_InnehavAndelarKoncernforetagInklusiveUppgiftForetagTuple" id="reference_InnehavAndelarKoncernforetagInklusiveUppgiftForetagTuple">
      <ref:Name>ÅRL</ref:Name>
      <ref:Number>1995:1554</ref:Number>
      <ref:Chapter>5</ref:Chapter>
      <ref:Paragraph>29</ref:Paragraph>
    </link:reference>
    <link:referenceArc xlink:type="arc" xlink:arcrole="http://www.xbrl.org/2003/arcrole/concept-reference" xlink:from="InnehavAndelarKoncernforetagInklusiveUppgiftForetagTuple" xlink:to="reference_InnehavAndelarKoncernforetagInklusiveUppgiftForetagTuple" xlink:title="reference: InnehavAndelarKoncernforetagInklusiveUppgiftForetagTuple to reference_InnehavAndelarKoncernforetagInklusiveUppgiftForetagTuple"/>
    <link:loc xlink:type="locator" xlink:href="se-gaap-ext-2021-10-31.xsd#se-gaap-ext_PerioderingsfonderSpecifikationTuple" xlink:label="PerioderingsfonderSpecifikationTuple" xlink:title="PerioderingsfonderSpecifikationTuple"/>
    <link:reference xlink:type="resource" xlink:label="reference_PerioderingsfonderSpecifikationTuple" xlink:role="http://www.xbrl.org/2003/role/reference" xlink:title="reference_PerioderingsfonderSpecifikationTuple" id="reference_PerioderingsfonderSpecifikationTuple">
      <ref:Name>ÅRL</ref:Name>
      <ref:Number>1995:1554</ref:Number>
      <ref:Chapter>Bilaga 1</ref:Chapter>
    </link:reference>
    <link:referenceArc xlink:type="arc" xlink:arcrole="http://www.xbrl.org/2003/arcrole/concept-reference" xlink:from="PerioderingsfonderSpecifikationTuple" xlink:to="reference_PerioderingsfonderSpecifikationTuple" xlink:title="reference: PerioderingsfonderSpecifikationTuple to reference_PerioderingsfonderSpecifikationTuple"/>
    <link:loc xlink:type="locator" xlink:href="se-gaap-ext-2021-10-31.xsd#se-gaap-ext_ErsattningsfonderTuple" xlink:label="ErsattningsfonderTuple" xlink:title="ErsattningsfonderTuple"/>
    <link:reference xlink:type="resource" xlink:label="reference_ErsattningsfonderTuple" xlink:role="http://www.xbrl.org/2003/role/reference" xlink:title="reference_ErsattningsfonderTuple" id="reference_ErsattningsfonderTuple_2">
      <ref:Name>ÅRL</ref:Name>
      <ref:Number>1995:1554</ref:Number>
      <ref:Chapter>Bilaga 1</ref:Chapter>
    </link:reference>
    <link:referenceArc xlink:type="arc" xlink:arcrole="http://www.xbrl.org/2003/arcrole/concept-reference" xlink:from="ErsattningsfonderTuple" xlink:to="reference_ErsattningsfonderTuple" xlink:title="reference: ErsattningsfonderTuple to reference_ErsattningsfonderTuple"/>
    <link:loc xlink:type="locator" xlink:href="se-gaap-ext-2021-10-31.xsd#se-gaap-ext_AndraObeskattadeReserverTuple" xlink:label="AndraObeskattadeReserverTuple" xlink:title="AndraObeskattadeReserverTuple"/>
    <link:reference xlink:type="resource" xlink:label="reference_AndraObeskattadeReserverTuple" xlink:role="http://www.xbrl.org/2003/role/reference" xlink:title="reference_AndraObeskattadeReserverTuple" id="reference_AndraObeskattadeReserverTuple">
      <ref:Name>ÅRL</ref:Name>
      <ref:Number>1995:1554</ref:Number>
      <ref:Chapter>Bilaga 1</ref:Chapter>
    </link:reference>
    <link:referenceArc xlink:type="arc" xlink:arcrole="http://www.xbrl.org/2003/arcrole/concept-reference" xlink:from="AndraObeskattadeReserverTuple" xlink:to="reference_AndraObeskattadeReserverTuple" xlink:title="reference: AndraObeskattadeReserverTuple to reference_AndraObeskattadeReserverTuple"/>
    <link:loc xlink:type="locator" xlink:href="se-gaap-ext-2021-10-31.xsd#se-gaap-ext_FusionBolagTuple" xlink:label="FusionBolagTuple" xlink:title="FusionBolagTuple"/>
    <link:reference xlink:type="resource" xlink:label="reference_FusionBolagTuple" xlink:role="http://www.xbrl.org/2003/role/reference" xlink:title="reference_FusionBolagTuple" id="reference_FusionBolagTuple">
      <ref:Name>ÅRL</ref:Name>
      <ref:Number>1995:1554</ref:Number>
      <ref:Chapter>2</ref:Chapter>
      <ref:Paragraph>2</ref:Paragraph>
    </link:reference>
    <link:referenceArc xlink:type="arc" xlink:arcrole="http://www.xbrl.org/2003/arcrole/concept-reference" xlink:from="FusionBolagTuple" xlink:to="reference_FusionBolagTuple" xlink:title="reference: FusionBolagTuple to reference_FusionBolagTuple"/>
    <link:loc xlink:type="locator" xlink:href="se-gaap-ext-2021-10-31.xsd#se-gaap-ext_FusionOverlatandeForetagBalansrakningTuple" xlink:label="FusionOverlatandeForetagBalansrakningTuple" xlink:title="FusionOverlatandeForetagBalansrakningTuple"/>
    <link:reference xlink:type="resource" xlink:label="reference_FusionOverlatandeForetagBalansrakningTuple" xlink:role="http://www.xbrl.org/2003/role/reference" xlink:title="reference_FusionOverlatandeForetagBalansrakningTuple" id="reference_FusionOverlatandeForetagBalansrakningTuple">
      <ref:Name>ÅRL</ref:Name>
      <ref:Number>1995:1554</ref:Number>
      <ref:Chapter>2</ref:Chapter>
      <ref:Paragraph>2</ref:Paragraph>
    </link:reference>
    <link:referenceArc xlink:type="arc" xlink:arcrole="http://www.xbrl.org/2003/arcrole/concept-reference" xlink:from="FusionOverlatandeForetagBalansrakningTuple" xlink:to="reference_FusionOverlatandeForetagBalansrakningTuple" xlink:title="reference: FusionOverlatandeForetagBalansrakningTuple to reference_FusionOverlatandeForetagBalansrakningTuple"/>
    <link:loc xlink:type="locator" xlink:href="se-gaap-ext-2021-10-31.xsd#se-gaap-ext_UppgiftNarmasteModerforetagTuple" xlink:label="UppgiftEndastModerforetagTuple" xlink:title="UppgiftEndastModerforetagTuple"/>
    <link:reference xlink:type="resource" xlink:label="reference_UppgiftEndastModerforetagTuple" xlink:role="http://www.xbrl.org/2003/role/reference" xlink:title="reference_UppgiftEndastModerforetagTuple" id="reference_UppgiftEndastModerforetagTuple">
      <ref:Name>ÅRL</ref:Name>
      <ref:Number>1995:1554</ref:Number>
      <ref:Chapter>5</ref:Chapter>
      <ref:Paragraph>21</ref:Paragraph>
    </link:reference>
    <link:referenceArc xlink:type="arc" xlink:arcrole="http://www.xbrl.org/2003/arcrole/concept-reference" xlink:from="UppgiftEndastModerforetagTuple" xlink:to="reference_UppgiftEndastModerforetagTuple" xlink:title="reference: UppgiftEndastModerforetagTuple to reference_UppgiftEndastModerforetagTuple"/>
    <link:reference xlink:type="resource" xlink:label="reference_UppgiftEndastModerforetagTuple_2" xlink:role="http://www.xbrl.org/2003/role/reference" xlink:title="reference_UppgiftEndastModerforetagTuple" id="reference_UppgiftEndastModerforetagTuple_2">
      <ref:Name>ÅRL</ref:Name>
      <ref:Number>1995:1554</ref:Number>
      <ref:Chapter>5</ref:Chapter>
      <ref:Paragraph>45</ref:Paragraph>
    </link:reference>
    <link:referenceArc xlink:type="arc" xlink:arcrole="http://www.xbrl.org/2003/arcrole/concept-reference" xlink:from="UppgiftEndastModerforetagTuple" xlink:to="reference_UppgiftEndastModerforetagTuple_2" xlink:title="reference: UppgiftEndastModerforetagTuple to reference_UppgiftEndastModerforetagTuple"/>
  </link:referenceLink>
  <link:referenceLink xlink:type="extended" xlink:role="http://www.taxonomier.se/se/fr/role/reference/legislation/arl">
    <link:loc xlink:type="locator" xlink:href="se-gaap-ext-2021-10-31.xsd#se-gaap-ext_FinansiellaInstrumentVarderadeVerkligtVardeTuple" xlink:label="label_FinansiellaInstrumentVarderadeVerkligtVardeTuple_0" xlink:title="label_FinansiellaInstrumentVarderadeVerkligtVardeTuple_0"/>
    <link:reference xlink:type="resource" xlink:label="res_FinansiellaInstrumentVarderadeVerkligtVardeTuple_0" xlink:role="http://www.xbrl.org/2003/role/reference" xlink:title="res_FinansiellaInstrumentVarderadeVerkligtVardeTuple_0" id="res_FinansiellaInstrumentVarderadeVerkligtVardeTuple_0">
      <ref:Name>ÅRL</ref:Name>
      <ref:Number>1995:1554</ref:Number>
      <ref:Chapter>5</ref:Chapter>
      <ref:Paragraph>10</ref:Paragraph>
      <ref:Section>1</ref:Section>
    </link:reference>
    <link:referenceArc xlink:type="arc" xlink:arcrole="http://www.xbrl.org/2003/arcrole/concept-reference" xlink:from="label_FinansiellaInstrumentVarderadeVerkligtVardeTuple_0" xlink:to="res_FinansiellaInstrumentVarderadeVerkligtVardeTuple_0" xlink:title="reference: label_FinansiellaInstrumentVarderadeVerkligtVardeTuple_0 to res_FinansiellaInstrumentVarderadeVerkligtVardeTuple_0"/>
    <link:loc xlink:type="locator" xlink:href="se-gaap-ext-2021-10-31.xsd#se-gaap-ext_UppskjutenSkattSkillnaderSkattefordranTuple" xlink:label="label_UppskjutenSkattSkillnaderSkattefordranTuple_1" xlink:title="label_UppskjutenSkattSkillnaderSkattefordranTuple_1"/>
    <link:reference xlink:type="resource" xlink:label="res_UppskjutenSkattSkillnaderSkattefordranTuple_1" xlink:role="http://www.xbrl.org/2003/role/reference" xlink:title="res_UppskjutenSkattSkillnaderSkattefordranTuple_1" id="res_UppskjutenSkattSkillnaderSkattefordranTuple_1">
      <ref:Name>ÅRL</ref:Name>
      <ref:Number>1995:1554</ref:Number>
      <ref:Chapter>5</ref:Chapter>
      <ref:Paragraph>36</ref:Paragraph>
    </link:reference>
    <link:referenceArc xlink:type="arc" xlink:arcrole="http://www.xbrl.org/2003/arcrole/concept-reference" xlink:from="label_UppskjutenSkattSkillnaderSkattefordranTuple_1" xlink:to="res_UppskjutenSkattSkillnaderSkattefordranTuple_1" xlink:title="reference: label_UppskjutenSkattSkillnaderSkattefordranTuple_1 to res_UppskjutenSkattSkillnaderSkattefordranTuple_1"/>
    <link:loc xlink:type="locator" xlink:href="se-gaap-ext-2021-10-31.xsd#se-gaap-ext_OvrigaRorelseintakterIntaktsslagTuple" xlink:label="label_OvrigaRorelseintakterIntaktsslagTuple_2" xlink:title="label_OvrigaRorelseintakterIntaktsslagTuple_2"/>
    <link:reference xlink:type="resource" xlink:label="res_OvrigaRorelseintakterIntaktsslagTuple_2" xlink:role="http://www.xbrl.org/2003/role/reference" xlink:title="res_OvrigaRorelseintakterIntaktsslagTuple_2" id="res_OvrigaRorelseintakterIntaktsslagTuple_2">
      <ref:Name>ÅRL</ref:Name>
      <ref:Number>1995:1554</ref:Number>
      <ref:Chapter>5</ref:Chapter>
      <ref:Paragraph>3</ref:Paragraph>
    </link:reference>
    <link:referenceArc xlink:type="arc" xlink:arcrole="http://www.xbrl.org/2003/arcrole/concept-reference" xlink:from="label_OvrigaRorelseintakterIntaktsslagTuple_2" xlink:to="res_OvrigaRorelseintakterIntaktsslagTuple_2" xlink:title="reference: label_OvrigaRorelseintakterIntaktsslagTuple_2 to res_OvrigaRorelseintakterIntaktsslagTuple_2"/>
    <link:loc xlink:type="locator" xlink:href="se-gaap-ext-2021-10-31.xsd#se-gaap-ext_OvrigaRorelseintakterIntaktsslagTuple" xlink:label="label_OvrigaRorelseintakterIntaktsslagTuple_3" xlink:title="label_OvrigaRorelseintakterIntaktsslagTuple_3"/>
    <link:reference xlink:type="resource" xlink:label="res_OvrigaRorelseintakterIntaktsslagTuple_3" xlink:role="http://www.xbrl.org/2003/role/reference" xlink:title="res_OvrigaRorelseintakterIntaktsslagTuple_3" id="res_OvrigaRorelseintakterIntaktsslagTuple_3">
      <ref:Name>ÅRL</ref:Name>
      <ref:Number>1995:1554</ref:Number>
      <ref:Chapter>Bilaga 2</ref:Chapter>
    </link:reference>
    <link:referenceArc xlink:type="arc" xlink:arcrole="http://www.xbrl.org/2003/arcrole/concept-reference" xlink:from="label_OvrigaRorelseintakterIntaktsslagTuple_3" xlink:to="res_OvrigaRorelseintakterIntaktsslagTuple_3" xlink:title="reference: label_OvrigaRorelseintakterIntaktsslagTuple_3 to res_OvrigaRorelseintakterIntaktsslagTuple_3"/>
    <link:loc xlink:type="locator" xlink:href="se-gaap-ext-2021-10-31.xsd#se-gaap-ext_OvrigaRorelseintakterIntaktsslagTuple" xlink:label="label_OvrigaRorelseintakterIntaktsslagTuple_4" xlink:title="label_OvrigaRorelseintakterIntaktsslagTuple_4"/>
    <link:reference xlink:type="resource" xlink:label="res_OvrigaRorelseintakterIntaktsslagTuple_4" xlink:role="http://www.xbrl.org/2003/role/reference" xlink:title="res_OvrigaRorelseintakterIntaktsslagTuple_4" id="res_OvrigaRorelseintakterIntaktsslagTuple_4">
      <ref:Name>ÅRL</ref:Name>
      <ref:Number>1995:1554</ref:Number>
      <ref:Chapter>Bilaga 3</ref:Chapter>
    </link:reference>
    <link:referenceArc xlink:type="arc" xlink:arcrole="http://www.xbrl.org/2003/arcrole/concept-reference" xlink:from="label_OvrigaRorelseintakterIntaktsslagTuple_4" xlink:to="res_OvrigaRorelseintakterIntaktsslagTuple_4" xlink:title="reference: label_OvrigaRorelseintakterIntaktsslagTuple_4 to res_OvrigaRorelseintakterIntaktsslagTuple_4"/>
    <link:loc xlink:type="locator" xlink:href="se-gaap-ext-2021-10-31.xsd#se-gaap-ext_UnderskriftArsredovisningForetradareTuple" xlink:label="label_UnderskriftArsredovisningForetradareTuple_5" xlink:title="label_UnderskriftArsredovisningForetradareTuple_5"/>
    <link:reference xlink:type="resource" xlink:label="res_UnderskriftArsredovisningForetradareTuple_5" xlink:role="http://www.xbrl.org/2003/role/reference" xlink:title="res_UnderskriftArsredovisningForetradareTuple_5" id="res_UnderskriftArsredovisningForetradareTuple_5">
      <ref:Name>ÅRL</ref:Name>
      <ref:Number>1995:1554</ref:Number>
      <ref:Chapter>2</ref:Chapter>
      <ref:Paragraph>7</ref:Paragraph>
    </link:reference>
    <link:referenceArc xlink:type="arc" xlink:arcrole="http://www.xbrl.org/2003/arcrole/concept-reference" xlink:from="label_UnderskriftArsredovisningForetradareTuple_5" xlink:to="res_UnderskriftArsredovisningForetradareTuple_5" xlink:title="reference: label_UnderskriftArsredovisningForetradareTuple_5 to res_UnderskriftArsredovisningForetradareTuple_5"/>
    <link:loc xlink:type="locator" xlink:href="se-gaap-ext-2021-10-31.xsd#se-gaap-ext_TillgangarAvsattningarSkulderTuple" xlink:label="label_TillgangarAvsattningarSkulderTuple_6" xlink:title="label_TillgangarAvsattningarSkulderTuple_6"/>
    <link:reference xlink:type="resource" xlink:label="res_TillgangarAvsattningarSkulderTuple_6" xlink:role="http://www.xbrl.org/2003/role/reference" xlink:title="res_TillgangarAvsattningarSkulderTuple_6" id="res_TillgangarAvsattningarSkulderTuple_6">
      <ref:Name>ÅRL</ref:Name>
      <ref:Number>1995:1554</ref:Number>
      <ref:Chapter>3</ref:Chapter>
      <ref:Paragraph>4</ref:Paragraph>
      <ref:Section>1</ref:Section>
    </link:reference>
    <link:referenceArc xlink:type="arc" xlink:arcrole="http://www.xbrl.org/2003/arcrole/concept-reference" xlink:from="label_TillgangarAvsattningarSkulderTuple_6" xlink:to="res_TillgangarAvsattningarSkulderTuple_6" xlink:title="reference: label_TillgangarAvsattningarSkulderTuple_6 to res_TillgangarAvsattningarSkulderTuple_6"/>
    <link:loc xlink:type="locator" xlink:href="se-gaap-ext-2021-10-31.xsd#se-gaap-ext_TillgangarAvsattningarSkulderTuple" xlink:label="label_TillgangarAvsattningarSkulderTuple_7" xlink:title="label_TillgangarAvsattningarSkulderTuple_7"/>
    <link:reference xlink:type="resource" xlink:label="res_TillgangarAvsattningarSkulderTuple_7" xlink:role="http://www.xbrl.org/2003/role/reference" xlink:title="res_TillgangarAvsattningarSkulderTuple_7" id="res_TillgangarAvsattningarSkulderTuple_7">
      <ref:Name>ÅRL</ref:Name>
      <ref:Number>1995:1554</ref:Number>
      <ref:Chapter>Bilaga 1</ref:Chapter>
    </link:reference>
    <link:referenceArc xlink:type="arc" xlink:arcrole="http://www.xbrl.org/2003/arcrole/concept-reference" xlink:from="label_TillgangarAvsattningarSkulderTuple_7" xlink:to="res_TillgangarAvsattningarSkulderTuple_7" xlink:title="reference: label_TillgangarAvsattningarSkulderTuple_7 to res_TillgangarAvsattningarSkulderTuple_7"/>
    <link:loc xlink:type="locator" xlink:href="se-gaap-ext-2021-10-31.xsd#se-gaap-ext_FinansiellaTillgangarInteTagitsBortBalansrakningenTuple" xlink:label="label_FinansiellaTillgangarInteTagitsBortBalansrakningenTuple_8" xlink:title="label_FinansiellaTillgangarInteTagitsBortBalansrakningenTuple_8"/>
    <link:reference xlink:type="resource" xlink:label="res_FinansiellaTillgangarInteTagitsBortBalansrakningenTuple_8" xlink:role="http://www.xbrl.org/2003/role/reference" xlink:title="res_FinansiellaTillgangarInteTagitsBortBalansrakningenTuple_8" id="res_FinansiellaTillgangarInteTagitsBortBalansrakningenTuple_8">
      <ref:Name>ÅRL</ref:Name>
      <ref:Number>1995:1554</ref:Number>
      <ref:Chapter>5</ref:Chapter>
      <ref:Paragraph>10</ref:Paragraph>
    </link:reference>
    <link:referenceArc xlink:type="arc" xlink:arcrole="http://www.xbrl.org/2003/arcrole/concept-reference" xlink:from="label_FinansiellaTillgangarInteTagitsBortBalansrakningenTuple_8" xlink:to="res_FinansiellaTillgangarInteTagitsBortBalansrakningenTuple_8" xlink:title="reference: label_FinansiellaTillgangarInteTagitsBortBalansrakningenTuple_8 to res_FinansiellaTillgangarInteTagitsBortBalansrakningenTuple_8"/>
    <link:loc xlink:type="locator" xlink:href="se-gaap-ext-2021-10-31.xsd#se-gaap-ext_FinansiellaTillgangarInteTagitsBortBalansrakningenTuple" xlink:label="label_FinansiellaTillgangarInteTagitsBortBalansrakningenTuple_9" xlink:title="label_FinansiellaTillgangarInteTagitsBortBalansrakningenTuple_9"/>
    <link:reference xlink:type="resource" xlink:label="res_FinansiellaTillgangarInteTagitsBortBalansrakningenTuple_9" xlink:role="http://www.xbrl.org/2003/role/reference" xlink:title="res_FinansiellaTillgangarInteTagitsBortBalansrakningenTuple_9" id="res_FinansiellaTillgangarInteTagitsBortBalansrakningenTuple_9">
      <ref:Name>ÅRL</ref:Name>
      <ref:Number>1995:1554</ref:Number>
      <ref:Chapter>5</ref:Chapter>
      <ref:Paragraph>27</ref:Paragraph>
    </link:reference>
    <link:referenceArc xlink:type="arc" xlink:arcrole="http://www.xbrl.org/2003/arcrole/concept-reference" xlink:from="label_FinansiellaTillgangarInteTagitsBortBalansrakningenTuple_9" xlink:to="res_FinansiellaTillgangarInteTagitsBortBalansrakningenTuple_9" xlink:title="reference: label_FinansiellaTillgangarInteTagitsBortBalansrakningenTuple_9 to res_FinansiellaTillgangarInteTagitsBortBalansrakningenTuple_9"/>
    <link:loc xlink:type="locator" xlink:href="se-gaap-ext-2021-10-31.xsd#se-gaap-ext_OvrigaUpplupnaKostnaderForutbetaldaIntakterTuple" xlink:label="label_OvrigaUpplupnaKostnaderForutbetaldaIntakterTuple_10" xlink:title="label_OvrigaUpplupnaKostnaderForutbetaldaIntakterTuple_10"/>
    <link:reference xlink:type="resource" xlink:label="res_OvrigaUpplupnaKostnaderForutbetaldaIntakterTuple_10" xlink:role="http://www.xbrl.org/2003/role/reference" xlink:title="res_OvrigaUpplupnaKostnaderForutbetaldaIntakterTuple_10" id="res_OvrigaUpplupnaKostnaderForutbetaldaIntakterTuple_10">
      <ref:Name>ÅRL</ref:Name>
      <ref:Number>1995:1554</ref:Number>
      <ref:Chapter>3</ref:Chapter>
      <ref:Paragraph>8</ref:Paragraph>
    </link:reference>
    <link:referenceArc xlink:type="arc" xlink:arcrole="http://www.xbrl.org/2003/arcrole/concept-reference" xlink:from="label_OvrigaUpplupnaKostnaderForutbetaldaIntakterTuple_10" xlink:to="res_OvrigaUpplupnaKostnaderForutbetaldaIntakterTuple_10" xlink:title="reference: label_OvrigaUpplupnaKostnaderForutbetaldaIntakterTuple_10 to res_OvrigaUpplupnaKostnaderForutbetaldaIntakterTuple_10"/>
    <link:loc xlink:type="locator" xlink:href="se-gaap-ext-2021-10-31.xsd#se-gaap-ext_OvrigaUpplupnaKostnaderForutbetaldaIntakterTuple" xlink:label="label_OvrigaUpplupnaKostnaderForutbetaldaIntakterTuple_11" xlink:title="label_OvrigaUpplupnaKostnaderForutbetaldaIntakterTuple_11"/>
    <link:reference xlink:type="resource" xlink:label="res_OvrigaUpplupnaKostnaderForutbetaldaIntakterTuple_11" xlink:role="http://www.xbrl.org/2003/role/reference" xlink:title="res_OvrigaUpplupnaKostnaderForutbetaldaIntakterTuple_11" id="res_OvrigaUpplupnaKostnaderForutbetaldaIntakterTuple_11">
      <ref:Name>ÅRL</ref:Name>
      <ref:Number>1995:1554</ref:Number>
      <ref:Chapter>Bilaga 1</ref:Chapter>
    </link:reference>
    <link:referenceArc xlink:type="arc" xlink:arcrole="http://www.xbrl.org/2003/arcrole/concept-reference" xlink:from="label_OvrigaUpplupnaKostnaderForutbetaldaIntakterTuple_11" xlink:to="res_OvrigaUpplupnaKostnaderForutbetaldaIntakterTuple_11" xlink:title="reference: label_OvrigaUpplupnaKostnaderForutbetaldaIntakterTuple_11 to res_OvrigaUpplupnaKostnaderForutbetaldaIntakterTuple_11"/>
    <link:loc xlink:type="locator" xlink:href="se-gaap-ext-2021-10-31.xsd#se-gaap-ext_AvskrivningsprincipImmateriellaAnlaggningstillgangarHyresratterLiknandeRattigheterTuple" xlink:label="label_AvskrivningsprincipImmateriellaAnlaggningstillgangarHyresratterLiknandeRattigheterTuple_12" xlink:title="label_AvskrivningsprincipImmateriellaAnlaggningstillgangarHyresratterLiknandeRattigheterTuple_12"/>
    <link:reference xlink:type="resource" xlink:label="res_AvskrivningsprincipImmateriellaAnlaggningstillgangarHyresratterLiknandeRattigheterTuple_12" xlink:role="http://www.xbrl.org/2003/role/reference" xlink:title="res_AvskrivningsprincipImmateriellaAnlaggningstillgangarHyresratterLiknandeRattigheterTuple_12" id="res_AvskrivningsprincipImmateriellaAnlaggningstillgangarHyresratterLiknandeRattigheterTuple_12">
      <ref:Name>ÅRL</ref:Name>
      <ref:Number>1995:1554</ref:Number>
      <ref:Chapter>5</ref:Chapter>
      <ref:Paragraph>8</ref:Paragraph>
      <ref:Section>2</ref:Section>
    </link:reference>
    <link:referenceArc xlink:type="arc" xlink:arcrole="http://www.xbrl.org/2003/arcrole/concept-reference" xlink:from="label_AvskrivningsprincipImmateriellaAnlaggningstillgangarHyresratterLiknandeRattigheterTuple_12" xlink:to="res_AvskrivningsprincipImmateriellaAnlaggningstillgangarHyresratterLiknandeRattigheterTuple_12" xlink:title="reference: label_AvskrivningsprincipImmateriellaAnlaggningstillgangarHyresratterLiknandeRattigheterTuple_12 to res_AvskrivningsprincipImmateriellaAnlaggningstillgangarHyresratterLiknandeRattigheterTuple_12"/>
    <link:loc xlink:type="locator" xlink:href="se-gaap-ext-2021-10-31.xsd#se-gaap-ext_DerivatinstrumentTuple" xlink:label="label_DerivatinstrumentTuple_13" xlink:title="label_DerivatinstrumentTuple_13"/>
    <link:reference xlink:type="resource" xlink:label="res_DerivatinstrumentTuple_13" xlink:role="http://www.xbrl.org/2003/role/reference" xlink:title="res_DerivatinstrumentTuple_13" id="res_DerivatinstrumentTuple_13">
      <ref:Name>ÅRL</ref:Name>
      <ref:Number>1995:1554</ref:Number>
      <ref:Chapter>5</ref:Chapter>
      <ref:Paragraph>10</ref:Paragraph>
    </link:reference>
    <link:referenceArc xlink:type="arc" xlink:arcrole="http://www.xbrl.org/2003/arcrole/concept-reference" xlink:from="label_DerivatinstrumentTuple_13" xlink:to="res_DerivatinstrumentTuple_13" xlink:title="reference: label_DerivatinstrumentTuple_13 to res_DerivatinstrumentTuple_13"/>
    <link:loc xlink:type="locator" xlink:href="se-gaap-ext-2021-10-31.xsd#se-gaap-ext_DerivatinstrumentTuple" xlink:label="label_DerivatinstrumentTuple_14" xlink:title="label_DerivatinstrumentTuple_14"/>
    <link:reference xlink:type="resource" xlink:label="res_DerivatinstrumentTuple_14" xlink:role="http://www.xbrl.org/2003/role/reference" xlink:title="res_DerivatinstrumentTuple_14" id="res_DerivatinstrumentTuple_14">
      <ref:Name>ÅRL</ref:Name>
      <ref:Number>1995:1554</ref:Number>
      <ref:Chapter>5</ref:Chapter>
      <ref:Paragraph>27</ref:Paragraph>
    </link:reference>
    <link:referenceArc xlink:type="arc" xlink:arcrole="http://www.xbrl.org/2003/arcrole/concept-reference" xlink:from="label_DerivatinstrumentTuple_14" xlink:to="res_DerivatinstrumentTuple_14" xlink:title="reference: label_DerivatinstrumentTuple_14 to res_DerivatinstrumentTuple_14"/>
    <link:loc xlink:type="locator" xlink:href="se-gaap-ext-2021-10-31.xsd#se-gaap-ext_OvrigaForutbetaldaKostnaderUpplupnaIntakterTuple" xlink:label="label_OvrigaForutbetaldaKostnaderUpplupnaIntakterTuple_15" xlink:title="label_OvrigaForutbetaldaKostnaderUpplupnaIntakterTuple_15"/>
    <link:reference xlink:type="resource" xlink:label="res_OvrigaForutbetaldaKostnaderUpplupnaIntakterTuple_15" xlink:role="http://www.xbrl.org/2003/role/reference" xlink:title="res_OvrigaForutbetaldaKostnaderUpplupnaIntakterTuple_15" id="res_OvrigaForutbetaldaKostnaderUpplupnaIntakterTuple_15">
      <ref:Name>ÅRL</ref:Name>
      <ref:Number>1995:1554</ref:Number>
      <ref:Chapter>3</ref:Chapter>
      <ref:Paragraph>8</ref:Paragraph>
    </link:reference>
    <link:referenceArc xlink:type="arc" xlink:arcrole="http://www.xbrl.org/2003/arcrole/concept-reference" xlink:from="label_OvrigaForutbetaldaKostnaderUpplupnaIntakterTuple_15" xlink:to="res_OvrigaForutbetaldaKostnaderUpplupnaIntakterTuple_15" xlink:title="reference: label_OvrigaForutbetaldaKostnaderUpplupnaIntakterTuple_15 to res_OvrigaForutbetaldaKostnaderUpplupnaIntakterTuple_15"/>
    <link:loc xlink:type="locator" xlink:href="se-gaap-ext-2021-10-31.xsd#se-gaap-ext_UppskjutenSkattSkillnaderSkatteskuldTuple" xlink:label="label_UppskjutenSkattSkillnaderSkatteskuldTuple_16" xlink:title="label_UppskjutenSkattSkillnaderSkatteskuldTuple_16"/>
    <link:reference xlink:type="resource" xlink:label="res_UppskjutenSkattSkillnaderSkatteskuldTuple_16" xlink:role="http://www.xbrl.org/2003/role/reference" xlink:title="res_UppskjutenSkattSkillnaderSkatteskuldTuple_16" id="res_UppskjutenSkattSkillnaderSkatteskuldTuple_16">
      <ref:Name>ÅRL</ref:Name>
      <ref:Number>1995:1554</ref:Number>
      <ref:Chapter>5</ref:Chapter>
      <ref:Paragraph>36</ref:Paragraph>
    </link:reference>
    <link:referenceArc xlink:type="arc" xlink:arcrole="http://www.xbrl.org/2003/arcrole/concept-reference" xlink:from="label_UppskjutenSkattSkillnaderSkatteskuldTuple_16" xlink:to="res_UppskjutenSkattSkillnaderSkatteskuldTuple_16" xlink:title="reference: label_UppskjutenSkattSkillnaderSkatteskuldTuple_16 to res_UppskjutenSkattSkillnaderSkatteskuldTuple_16"/>
    <link:loc xlink:type="locator" xlink:href="se-gaap-ext-2021-10-31.xsd#se-gaap-ext_EventualForpliktelserTuple" xlink:label="label_EventualForpliktelserTuple_17" xlink:title="label_EventualForpliktelserTuple_17"/>
    <link:reference xlink:type="resource" xlink:label="res_EventualForpliktelserTuple_17" xlink:role="http://www.xbrl.org/2003/role/reference" xlink:title="res_EventualForpliktelserTuple_17" id="res_EventualForpliktelserTuple_17">
      <ref:Name>ÅRL</ref:Name>
      <ref:Number>1995:1554</ref:Number>
      <ref:Chapter>5</ref:Chapter>
      <ref:Paragraph>15</ref:Paragraph>
    </link:reference>
    <link:referenceArc xlink:type="arc" xlink:arcrole="http://www.xbrl.org/2003/arcrole/concept-reference" xlink:from="label_EventualForpliktelserTuple_17" xlink:to="res_EventualForpliktelserTuple_17" xlink:title="reference: label_EventualForpliktelserTuple_17 to res_EventualForpliktelserTuple_17"/>
    <link:loc xlink:type="locator" xlink:href="se-gaap-ext-2021-10-31.xsd#se-gaap-ext_ErsattningRevisorerTuple" xlink:label="label_ErsattningRevisorerTuple_18" xlink:title="label_ErsattningRevisorerTuple_18"/>
    <link:reference xlink:type="resource" xlink:label="res_ErsattningRevisorerTuple_18" xlink:role="http://www.xbrl.org/2003/role/reference" xlink:title="res_ErsattningRevisorerTuple_18" id="res_ErsattningRevisorerTuple_18">
      <ref:Name>ÅRL</ref:Name>
      <ref:Number>1995:1554</ref:Number>
      <ref:Chapter>5</ref:Chapter>
      <ref:Paragraph>48</ref:Paragraph>
    </link:reference>
    <link:referenceArc xlink:type="arc" xlink:arcrole="http://www.xbrl.org/2003/arcrole/concept-reference" xlink:from="label_ErsattningRevisorerTuple_18" xlink:to="res_ErsattningRevisorerTuple_18" xlink:title="reference: label_ErsattningRevisorerTuple_18 to res_ErsattningRevisorerTuple_18"/>
    <link:loc xlink:type="locator" xlink:href="se-gaap-ext-2021-10-31.xsd#se-gaap-ext_InnehavAndelarIntresseforetagGemensamtStyrdaForetagInklusiveUppgiftForetagTuple" xlink:label="label_InnehavAndelarIntresseforetagGemensamtStyrdaForetagInklusiveUppgiftForetagTuple_19" xlink:title="label_InnehavAndelarIntresseforetagGemensamtStyrdaForetagInklusiveUppgiftForetagTuple_19"/>
    <link:reference xlink:type="resource" xlink:label="res_InnehavAndelarIntresseforetagGemensamtStyrdaForetagInklusiveUppgiftForetagTuple_19" xlink:role="http://www.xbrl.org/2003/role/reference" xlink:title="res_InnehavAndelarIntresseforetagGemensamtStyrdaForetagInklusiveUppgiftForetagTuple_19" id="res_InnehavAndelarIntresseforetagGemensamtStyrdaForetagInklusiveUppgiftForetagTuple_19">
      <ref:Name>ÅRL</ref:Name>
      <ref:Number>1995:1554</ref:Number>
      <ref:Chapter>5</ref:Chapter>
      <ref:Paragraph>29</ref:Paragraph>
    </link:reference>
    <link:referenceArc xlink:type="arc" xlink:arcrole="http://www.xbrl.org/2003/arcrole/concept-reference" xlink:from="label_InnehavAndelarIntresseforetagGemensamtStyrdaForetagInklusiveUppgiftForetagTuple_19" xlink:to="res_InnehavAndelarIntresseforetagGemensamtStyrdaForetagInklusiveUppgiftForetagTuple_19" xlink:title="reference: label_InnehavAndelarIntresseforetagGemensamtStyrdaForetagInklusiveUppgiftForetagTuple_19 to res_InnehavAndelarIntresseforetagGemensamtStyrdaForetagInklusiveUppgiftForetagTuple_19"/>
    <link:loc xlink:type="locator" xlink:href="se-gaap-ext-2021-10-31.xsd#se-gaap-ext_OvrigaAvsattningarSpecifikationTuple" xlink:label="label_OvrigaAvsattningarSpecifikationTuple_20" xlink:title="label_OvrigaAvsattningarSpecifikationTuple_20"/>
    <link:reference xlink:type="resource" xlink:label="res_OvrigaAvsattningarSpecifikationTuple_20" xlink:role="http://www.xbrl.org/2003/role/reference" xlink:title="res_OvrigaAvsattningarSpecifikationTuple_20" id="res_OvrigaAvsattningarSpecifikationTuple_20">
      <ref:Name>ÅRL</ref:Name>
      <ref:Number>1995:1554</ref:Number>
      <ref:Chapter>3</ref:Chapter>
      <ref:Paragraph>10</ref:Paragraph>
    </link:reference>
    <link:referenceArc xlink:type="arc" xlink:arcrole="http://www.xbrl.org/2003/arcrole/concept-reference" xlink:from="label_OvrigaAvsattningarSpecifikationTuple_20" xlink:to="res_OvrigaAvsattningarSpecifikationTuple_20" xlink:title="reference: label_OvrigaAvsattningarSpecifikationTuple_20 to res_OvrigaAvsattningarSpecifikationTuple_20"/>
    <link:loc xlink:type="locator" xlink:href="se-gaap-ext-2021-10-31.xsd#se-gaap-ext_OvrigaAvsattningarSpecifikationTuple" xlink:label="label_OvrigaAvsattningarSpecifikationTuple_21" xlink:title="label_OvrigaAvsattningarSpecifikationTuple_21"/>
    <link:reference xlink:type="resource" xlink:label="res_OvrigaAvsattningarSpecifikationTuple_21" xlink:role="http://www.xbrl.org/2003/role/reference" xlink:title="res_OvrigaAvsattningarSpecifikationTuple_21" id="res_OvrigaAvsattningarSpecifikationTuple_21">
      <ref:Name>ÅRL</ref:Name>
      <ref:Number>1995:1554</ref:Number>
      <ref:Chapter>Bilaga 1</ref:Chapter>
    </link:reference>
    <link:referenceArc xlink:type="arc" xlink:arcrole="http://www.xbrl.org/2003/arcrole/concept-reference" xlink:from="label_OvrigaAvsattningarSpecifikationTuple_21" xlink:to="res_OvrigaAvsattningarSpecifikationTuple_21" xlink:title="reference: label_OvrigaAvsattningarSpecifikationTuple_21 to res_OvrigaAvsattningarSpecifikationTuple_21"/>
    <link:loc xlink:type="locator" xlink:href="se-gaap-ext-2021-10-31.xsd#se-gaap-ext_StalldaSakerheterEgnaSkulderAvsattningarTuple" xlink:label="label_StalldaSakerheterEgnaSkulderAvsattningarTuple_22" xlink:title="label_StalldaSakerheterEgnaSkulderAvsattningarTuple_22"/>
    <link:reference xlink:type="resource" xlink:label="res_StalldaSakerheterEgnaSkulderAvsattningarTuple_22" xlink:role="http://www.xbrl.org/2003/role/reference" xlink:title="res_StalldaSakerheterEgnaSkulderAvsattningarTuple_22" id="res_StalldaSakerheterEgnaSkulderAvsattningarTuple_22">
      <ref:Name>ÅRL</ref:Name>
      <ref:Number>1995:1554</ref:Number>
      <ref:Chapter>5</ref:Chapter>
      <ref:Paragraph>14</ref:Paragraph>
    </link:reference>
    <link:referenceArc xlink:type="arc" xlink:arcrole="http://www.xbrl.org/2003/arcrole/concept-reference" xlink:from="label_StalldaSakerheterEgnaSkulderAvsattningarTuple_22" xlink:to="res_StalldaSakerheterEgnaSkulderAvsattningarTuple_22" xlink:title="reference: label_StalldaSakerheterEgnaSkulderAvsattningarTuple_22 to res_StalldaSakerheterEgnaSkulderAvsattningarTuple_22"/>
    <link:loc xlink:type="locator" xlink:href="se-gaap-ext-2021-10-31.xsd#se-gaap-ext_StalldaSakerheterEgnaSkulderAvsattningarTuple" xlink:label="label_StalldaSakerheterEgnaSkulderAvsattningarTuple_23" xlink:title="label_StalldaSakerheterEgnaSkulderAvsattningarTuple_23"/>
    <link:reference xlink:type="resource" xlink:label="res_StalldaSakerheterEgnaSkulderAvsattningarTuple_23" xlink:role="http://www.xbrl.org/2003/role/reference" xlink:title="res_StalldaSakerheterEgnaSkulderAvsattningarTuple_23" id="res_StalldaSakerheterEgnaSkulderAvsattningarTuple_23">
      <ref:Name>ÅRL</ref:Name>
      <ref:Number>1995:1554</ref:Number>
      <ref:Chapter>5</ref:Chapter>
      <ref:Paragraph>46</ref:Paragraph>
    </link:reference>
    <link:referenceArc xlink:type="arc" xlink:arcrole="http://www.xbrl.org/2003/arcrole/concept-reference" xlink:from="label_StalldaSakerheterEgnaSkulderAvsattningarTuple_23" xlink:to="res_StalldaSakerheterEgnaSkulderAvsattningarTuple_23" xlink:title="reference: label_StalldaSakerheterEgnaSkulderAvsattningarTuple_23 to res_StalldaSakerheterEgnaSkulderAvsattningarTuple_23"/>
    <link:loc xlink:type="locator" xlink:href="se-gaap-ext-2021-10-31.xsd#se-gaap-ext_LonerAndraErsattningarPubliktAktiebolagTuple" xlink:label="label_LonerAndraErsattningarPubliktAktiebolagTuple_24" xlink:title="label_LonerAndraErsattningarPubliktAktiebolagTuple_24"/>
    <link:reference xlink:type="resource" xlink:label="res_LonerAndraErsattningarPubliktAktiebolagTuple_24" xlink:role="http://www.xbrl.org/2003/role/reference" xlink:title="res_LonerAndraErsattningarPubliktAktiebolagTuple_24" id="res_LonerAndraErsattningarPubliktAktiebolagTuple_24">
      <ref:Name>ÅRL</ref:Name>
      <ref:Number>1995:1554</ref:Number>
      <ref:Chapter>5</ref:Chapter>
      <ref:Paragraph>40</ref:Paragraph>
      <ref:Section>3</ref:Section>
    </link:reference>
    <link:referenceArc xlink:type="arc" xlink:arcrole="http://www.xbrl.org/2003/arcrole/concept-reference" xlink:from="label_LonerAndraErsattningarPubliktAktiebolagTuple_24" xlink:to="res_LonerAndraErsattningarPubliktAktiebolagTuple_24" xlink:title="reference: label_LonerAndraErsattningarPubliktAktiebolagTuple_24 to res_LonerAndraErsattningarPubliktAktiebolagTuple_24"/>
    <link:loc xlink:type="locator" xlink:href="se-gaap-ext-2021-10-31.xsd#se-gaap-ext_LonerAndraErsattningarPubliktAktiebolagTuple" xlink:label="label_LonerAndraErsattningarPubliktAktiebolagTuple_25" xlink:title="label_LonerAndraErsattningarPubliktAktiebolagTuple_25"/>
    <link:reference xlink:type="resource" xlink:label="res_LonerAndraErsattningarPubliktAktiebolagTuple_25" xlink:role="http://www.xbrl.org/2003/role/reference" xlink:title="res_LonerAndraErsattningarPubliktAktiebolagTuple_25" id="res_LonerAndraErsattningarPubliktAktiebolagTuple_25">
      <ref:Name>ÅRL</ref:Name>
      <ref:Number>1995:1554</ref:Number>
      <ref:Chapter>5</ref:Chapter>
      <ref:Paragraph>41</ref:Paragraph>
      <ref:Section>2</ref:Section>
    </link:reference>
    <link:referenceArc xlink:type="arc" xlink:arcrole="http://www.xbrl.org/2003/arcrole/concept-reference" xlink:from="label_LonerAndraErsattningarPubliktAktiebolagTuple_25" xlink:to="res_LonerAndraErsattningarPubliktAktiebolagTuple_25" xlink:title="reference: label_LonerAndraErsattningarPubliktAktiebolagTuple_25 to res_LonerAndraErsattningarPubliktAktiebolagTuple_25"/>
    <link:loc xlink:type="locator" xlink:href="se-gaap-ext-2021-10-31.xsd#se-gaap-ext_LonerAndraErsattningarPubliktAktiebolagTuple" xlink:label="label_LonerAndraErsattningarPubliktAktiebolagTuple_26" xlink:title="label_LonerAndraErsattningarPubliktAktiebolagTuple_26"/>
    <link:reference xlink:type="resource" xlink:label="res_LonerAndraErsattningarPubliktAktiebolagTuple_26" xlink:role="http://www.xbrl.org/2003/role/reference" xlink:title="res_LonerAndraErsattningarPubliktAktiebolagTuple_26" id="res_LonerAndraErsattningarPubliktAktiebolagTuple_26">
      <ref:Name>ÅRL</ref:Name>
      <ref:Number>1995:1554</ref:Number>
      <ref:Chapter>5</ref:Chapter>
      <ref:Paragraph>42-43</ref:Paragraph>
    </link:reference>
    <link:referenceArc xlink:type="arc" xlink:arcrole="http://www.xbrl.org/2003/arcrole/concept-reference" xlink:from="label_LonerAndraErsattningarPubliktAktiebolagTuple_26" xlink:to="res_LonerAndraErsattningarPubliktAktiebolagTuple_26" xlink:title="reference: label_LonerAndraErsattningarPubliktAktiebolagTuple_26 to res_LonerAndraErsattningarPubliktAktiebolagTuple_26"/>
    <link:loc xlink:type="locator" xlink:href="se-gaap-ext-2021-10-31.xsd#se-gaap-ext_AktuariellaIntakterKostnaderAndraPosterRedovisasMotEgetKapitalEnligtIASTuple" xlink:label="label_AktuariellaIntakterKostnaderAndraPosterRedovisasMotEgetKapitalEnligtIASTuple_27" xlink:title="label_AktuariellaIntakterKostnaderAndraPosterRedovisasMotEgetKapitalEnligtIASTuple_27"/>
    <link:reference xlink:type="resource" xlink:label="res_AktuariellaIntakterKostnaderAndraPosterRedovisasMotEgetKapitalEnligtIASTuple_27" xlink:role="http://www.xbrl.org/2003/role/reference" xlink:title="res_AktuariellaIntakterKostnaderAndraPosterRedovisasMotEgetKapitalEnligtIASTuple_27" id="res_AktuariellaIntakterKostnaderAndraPosterRedovisasMotEgetKapitalEnligtIASTuple_27">
      <ref:Name>ÅRL</ref:Name>
      <ref:Number>1995:1554</ref:Number>
      <ref:Chapter>Bilaga 1</ref:Chapter>
    </link:reference>
    <link:referenceArc xlink:type="arc" xlink:arcrole="http://www.xbrl.org/2003/arcrole/concept-reference" xlink:from="label_AktuariellaIntakterKostnaderAndraPosterRedovisasMotEgetKapitalEnligtIASTuple_27" xlink:to="res_AktuariellaIntakterKostnaderAndraPosterRedovisasMotEgetKapitalEnligtIASTuple_27" xlink:title="reference: label_AktuariellaIntakterKostnaderAndraPosterRedovisasMotEgetKapitalEnligtIASTuple_27 to res_AktuariellaIntakterKostnaderAndraPosterRedovisasMotEgetKapitalEnligtIASTuple_27"/>
    <link:loc xlink:type="locator" xlink:href="se-gaap-ext-2021-10-31.xsd#se-gaap-ext_StalldaSakerheterFormanKoncernIntresseGemensamtStyrdaForetagTuple" xlink:label="label_StalldaSakerheterFormanKoncernIntresseGemensamtStyrdaForetagTuple_28" xlink:title="label_StalldaSakerheterFormanKoncernIntresseGemensamtStyrdaForetagTuple_28"/>
    <link:reference xlink:type="resource" xlink:label="res_StalldaSakerheterFormanKoncernIntresseGemensamtStyrdaForetagTuple_28" xlink:role="http://www.xbrl.org/2003/role/reference" xlink:title="res_StalldaSakerheterFormanKoncernIntresseGemensamtStyrdaForetagTuple_28" id="res_StalldaSakerheterFormanKoncernIntresseGemensamtStyrdaForetagTuple_28">
      <ref:Name>ÅRL</ref:Name>
      <ref:Number>1995:1554</ref:Number>
      <ref:Chapter>5</ref:Chapter>
      <ref:Paragraph>14</ref:Paragraph>
    </link:reference>
    <link:referenceArc xlink:type="arc" xlink:arcrole="http://www.xbrl.org/2003/arcrole/concept-reference" xlink:from="label_StalldaSakerheterFormanKoncernIntresseGemensamtStyrdaForetagTuple_28" xlink:to="res_StalldaSakerheterFormanKoncernIntresseGemensamtStyrdaForetagTuple_28" xlink:title="reference: label_StalldaSakerheterFormanKoncernIntresseGemensamtStyrdaForetagTuple_28 to res_StalldaSakerheterFormanKoncernIntresseGemensamtStyrdaForetagTuple_28"/>
    <link:loc xlink:type="locator" xlink:href="se-gaap-ext-2021-10-31.xsd#se-gaap-ext_StalldaSakerheterFormanKoncernIntresseGemensamtStyrdaForetagTuple" xlink:label="label_StalldaSakerheterFormanKoncernIntresseGemensamtStyrdaForetagTuple_29" xlink:title="label_StalldaSakerheterFormanKoncernIntresseGemensamtStyrdaForetagTuple_29"/>
    <link:reference xlink:type="resource" xlink:label="res_StalldaSakerheterFormanKoncernIntresseGemensamtStyrdaForetagTuple_29" xlink:role="http://www.xbrl.org/2003/role/reference" xlink:title="res_StalldaSakerheterFormanKoncernIntresseGemensamtStyrdaForetagTuple_29" id="res_StalldaSakerheterFormanKoncernIntresseGemensamtStyrdaForetagTuple_29">
      <ref:Name>ÅRL</ref:Name>
      <ref:Number>1995:1554</ref:Number>
      <ref:Chapter>5</ref:Chapter>
      <ref:Paragraph>16</ref:Paragraph>
    </link:reference>
    <link:referenceArc xlink:type="arc" xlink:arcrole="http://www.xbrl.org/2003/arcrole/concept-reference" xlink:from="label_StalldaSakerheterFormanKoncernIntresseGemensamtStyrdaForetagTuple_29" xlink:to="res_StalldaSakerheterFormanKoncernIntresseGemensamtStyrdaForetagTuple_29" xlink:title="reference: label_StalldaSakerheterFormanKoncernIntresseGemensamtStyrdaForetagTuple_29 to res_StalldaSakerheterFormanKoncernIntresseGemensamtStyrdaForetagTuple_29"/>
    <link:loc xlink:type="locator" xlink:href="se-gaap-ext-2021-10-31.xsd#se-gaap-ext_AvskrivningsprincipMateriellaAnlaggningstillgangarByggnaderTuple" xlink:label="label_AvskrivningsprincipMateriellaAnlaggningstillgangarByggnaderTuple_30" xlink:title="label_AvskrivningsprincipMateriellaAnlaggningstillgangarByggnaderTuple_30"/>
    <link:reference xlink:type="resource" xlink:label="res_AvskrivningsprincipMateriellaAnlaggningstillgangarByggnaderTuple_30" xlink:role="http://www.xbrl.org/2003/role/reference" xlink:title="res_AvskrivningsprincipMateriellaAnlaggningstillgangarByggnaderTuple_30" id="res_AvskrivningsprincipMateriellaAnlaggningstillgangarByggnaderTuple_30">
      <ref:Name>ÅRL</ref:Name>
      <ref:Number>1995:1554</ref:Number>
      <ref:Chapter>5</ref:Chapter>
      <ref:Paragraph>8</ref:Paragraph>
      <ref:Section>2</ref:Section>
    </link:reference>
    <link:referenceArc xlink:type="arc" xlink:arcrole="http://www.xbrl.org/2003/arcrole/concept-reference" xlink:from="label_AvskrivningsprincipMateriellaAnlaggningstillgangarByggnaderTuple_30" xlink:to="res_AvskrivningsprincipMateriellaAnlaggningstillgangarByggnaderTuple_30" xlink:title="reference: label_AvskrivningsprincipMateriellaAnlaggningstillgangarByggnaderTuple_30 to res_AvskrivningsprincipMateriellaAnlaggningstillgangarByggnaderTuple_30"/>
    <link:loc xlink:type="locator" xlink:href="se-gaap-ext-2021-10-31.xsd#se-gaap-ext_RedovisadPensionskostnadEnligtIASTuple" xlink:label="label_RedovisadPensionskostnadEnligtIASTuple_31" xlink:title="label_RedovisadPensionskostnadEnligtIASTuple_31"/>
    <link:reference xlink:type="resource" xlink:label="res_RedovisadPensionskostnadEnligtIASTuple_31" xlink:role="http://www.xbrl.org/2003/role/reference" xlink:title="res_RedovisadPensionskostnadEnligtIASTuple_31" id="res_RedovisadPensionskostnadEnligtIASTuple_31">
      <ref:Name>ÅRL</ref:Name>
      <ref:Number>1995:1554</ref:Number>
      <ref:Chapter>5</ref:Chapter>
      <ref:Paragraph>39</ref:Paragraph>
    </link:reference>
    <link:referenceArc xlink:type="arc" xlink:arcrole="http://www.xbrl.org/2003/arcrole/concept-reference" xlink:from="label_RedovisadPensionskostnadEnligtIASTuple_31" xlink:to="res_RedovisadPensionskostnadEnligtIASTuple_31" xlink:title="reference: label_RedovisadPensionskostnadEnligtIASTuple_31 to res_RedovisadPensionskostnadEnligtIASTuple_31"/>
    <link:loc xlink:type="locator" xlink:href="se-gaap-ext-2021-10-31.xsd#se-gaap-ext_RedovisadPensionskostnadEnligtIASTuple" xlink:label="label_RedovisadPensionskostnadEnligtIASTuple_32" xlink:title="label_RedovisadPensionskostnadEnligtIASTuple_32"/>
    <link:reference xlink:type="resource" xlink:label="res_RedovisadPensionskostnadEnligtIASTuple_32" xlink:role="http://www.xbrl.org/2003/role/reference" xlink:title="res_RedovisadPensionskostnadEnligtIASTuple_32" id="res_RedovisadPensionskostnadEnligtIASTuple_32">
      <ref:Name>ÅRL</ref:Name>
      <ref:Number>1995:1554</ref:Number>
      <ref:Chapter>Bilaga 2</ref:Chapter>
    </link:reference>
    <link:referenceArc xlink:type="arc" xlink:arcrole="http://www.xbrl.org/2003/arcrole/concept-reference" xlink:from="label_RedovisadPensionskostnadEnligtIASTuple_32" xlink:to="res_RedovisadPensionskostnadEnligtIASTuple_32" xlink:title="reference: label_RedovisadPensionskostnadEnligtIASTuple_32 to res_RedovisadPensionskostnadEnligtIASTuple_32"/>
    <link:loc xlink:type="locator" xlink:href="se-gaap-ext-2021-10-31.xsd#se-gaap-ext_RedovisadPensionskostnadEnligtIASTuple" xlink:label="label_RedovisadPensionskostnadEnligtIASTuple_33" xlink:title="label_RedovisadPensionskostnadEnligtIASTuple_33"/>
    <link:reference xlink:type="resource" xlink:label="res_RedovisadPensionskostnadEnligtIASTuple_33" xlink:role="http://www.xbrl.org/2003/role/reference" xlink:title="res_RedovisadPensionskostnadEnligtIASTuple_33" id="res_RedovisadPensionskostnadEnligtIASTuple_33">
      <ref:Name>ÅRL</ref:Name>
      <ref:Number>1995:1554</ref:Number>
      <ref:Chapter>Bilaga 3</ref:Chapter>
    </link:reference>
    <link:referenceArc xlink:type="arc" xlink:arcrole="http://www.xbrl.org/2003/arcrole/concept-reference" xlink:from="label_RedovisadPensionskostnadEnligtIASTuple_33" xlink:to="res_RedovisadPensionskostnadEnligtIASTuple_33" xlink:title="reference: label_RedovisadPensionskostnadEnligtIASTuple_33 to res_RedovisadPensionskostnadEnligtIASTuple_33"/>
    <link:loc xlink:type="locator" xlink:href="se-gaap-ext-2021-10-31.xsd#se-gaap-ext_AvskrivningsprincipMateriellaAnlaggningstillgangarForbattringsutgifterAnnansFastighetTuple" xlink:label="label_AvskrivningsprincipMateriellaAnlaggningstillgangarForbattringsutgifterAnnansFastighetTuple_34" xlink:title="label_AvskrivningsprincipMateriellaAnlaggningstillgangarForbattringsutgifterAnnansFastighetTuple_34"/>
    <link:reference xlink:type="resource" xlink:label="res_AvskrivningsprincipMateriellaAnlaggningstillgangarForbattringsutgifterAnnansFastighetTuple_34" xlink:role="http://www.xbrl.org/2003/role/reference" xlink:title="res_AvskrivningsprincipMateriellaAnlaggningstillgangarForbattringsutgifterAnnansFastighetTuple_34" id="res_AvskrivningsprincipMateriellaAnlaggningstillgangarForbattringsutgifterAnnansFastighetTuple_34">
      <ref:Name>ÅRL</ref:Name>
      <ref:Number>1995:1554</ref:Number>
      <ref:Chapter>5</ref:Chapter>
      <ref:Paragraph>8</ref:Paragraph>
      <ref:Section>2</ref:Section>
    </link:reference>
    <link:referenceArc xlink:type="arc" xlink:arcrole="http://www.xbrl.org/2003/arcrole/concept-reference" xlink:from="label_AvskrivningsprincipMateriellaAnlaggningstillgangarForbattringsutgifterAnnansFastighetTuple_34" xlink:to="res_AvskrivningsprincipMateriellaAnlaggningstillgangarForbattringsutgifterAnnansFastighetTuple_34" xlink:title="reference: label_AvskrivningsprincipMateriellaAnlaggningstillgangarForbattringsutgifterAnnansFastighetTuple_34 to res_AvskrivningsprincipMateriellaAnlaggningstillgangarForbattringsutgifterAnnansFastighetTuple_34"/>
    <link:loc xlink:type="locator" xlink:href="se-gaap-ext-2021-10-31.xsd#se-gaap-ext_AvskrivningsprincipMateriellaAnlaggningstillgangarInventarierVerktygInstallationerTuple" xlink:label="label_AvskrivningsprincipMateriellaAnlaggningstillgangarInventarierVerktygInstallationerTuple_35" xlink:title="label_AvskrivningsprincipMateriellaAnlaggningstillgangarInventarierVerktygInstallationerTuple_35"/>
    <link:reference xlink:type="resource" xlink:label="res_AvskrivningsprincipMateriellaAnlaggningstillgangarInventarierVerktygInstallationerTuple_35" xlink:role="http://www.xbrl.org/2003/role/reference" xlink:title="res_AvskrivningsprincipMateriellaAnlaggningstillgangarInventarierVerktygInstallationerTuple_35" id="res_AvskrivningsprincipMateriellaAnlaggningstillgangarInventarierVerktygInstallationerTuple_35">
      <ref:Name>ÅRL</ref:Name>
      <ref:Number>1995:1554</ref:Number>
      <ref:Chapter>5</ref:Chapter>
      <ref:Paragraph>8</ref:Paragraph>
      <ref:Section>2</ref:Section>
    </link:reference>
    <link:referenceArc xlink:type="arc" xlink:arcrole="http://www.xbrl.org/2003/arcrole/concept-reference" xlink:from="label_AvskrivningsprincipMateriellaAnlaggningstillgangarInventarierVerktygInstallationerTuple_35" xlink:to="res_AvskrivningsprincipMateriellaAnlaggningstillgangarInventarierVerktygInstallationerTuple_35" xlink:title="reference: label_AvskrivningsprincipMateriellaAnlaggningstillgangarInventarierVerktygInstallationerTuple_35 to res_AvskrivningsprincipMateriellaAnlaggningstillgangarInventarierVerktygInstallationerTuple_35"/>
    <link:loc xlink:type="locator" xlink:href="se-gaap-ext-2021-10-31.xsd#se-gaap-ext_OvrigaRorelsekostnaderTuple" xlink:label="label_OvrigaRorelsekostnaderTuple_36" xlink:title="label_OvrigaRorelsekostnaderTuple_36"/>
    <link:reference xlink:type="resource" xlink:label="res_OvrigaRorelsekostnaderTuple_36" xlink:role="http://www.xbrl.org/2003/role/reference" xlink:title="res_OvrigaRorelsekostnaderTuple_36" id="res_OvrigaRorelsekostnaderTuple_36">
      <ref:Name>ÅRL</ref:Name>
      <ref:Number>1995:1554</ref:Number>
      <ref:Chapter>Bilaga 2</ref:Chapter>
    </link:reference>
    <link:referenceArc xlink:type="arc" xlink:arcrole="http://www.xbrl.org/2003/arcrole/concept-reference" xlink:from="label_OvrigaRorelsekostnaderTuple_36" xlink:to="res_OvrigaRorelsekostnaderTuple_36" xlink:title="reference: label_OvrigaRorelsekostnaderTuple_36 to res_OvrigaRorelsekostnaderTuple_36"/>
    <link:loc xlink:type="locator" xlink:href="se-gaap-ext-2021-10-31.xsd#se-gaap-ext_OvrigaRorelsekostnaderTuple" xlink:label="label_OvrigaRorelsekostnaderTuple_37" xlink:title="label_OvrigaRorelsekostnaderTuple_37"/>
    <link:reference xlink:type="resource" xlink:label="res_OvrigaRorelsekostnaderTuple_37" xlink:role="http://www.xbrl.org/2003/role/reference" xlink:title="res_OvrigaRorelsekostnaderTuple_37" id="res_OvrigaRorelsekostnaderTuple_37">
      <ref:Name>ÅRL</ref:Name>
      <ref:Number>1995:1554</ref:Number>
      <ref:Chapter>Bilaga 3</ref:Chapter>
    </link:reference>
    <link:referenceArc xlink:type="arc" xlink:arcrole="http://www.xbrl.org/2003/arcrole/concept-reference" xlink:from="label_OvrigaRorelsekostnaderTuple_37" xlink:to="res_OvrigaRorelsekostnaderTuple_37" xlink:title="reference: label_OvrigaRorelsekostnaderTuple_37 to res_OvrigaRorelsekostnaderTuple_37"/>
    <link:loc xlink:type="locator" xlink:href="se-gaap-ext-2021-10-31.xsd#se-gaap-ext_OvrigaPosterInteIngarKassaflodetTuple" xlink:label="label_OvrigaPosterInteIngarKassaflodetTuple_38" xlink:title="label_OvrigaPosterInteIngarKassaflodetTuple_38"/>
    <link:reference xlink:type="resource" xlink:label="res_OvrigaPosterInteIngarKassaflodetTuple_38" xlink:role="http://www.xbrl.org/2003/role/reference" xlink:title="res_OvrigaPosterInteIngarKassaflodetTuple_38" id="res_OvrigaPosterInteIngarKassaflodetTuple_38">
      <ref:Name>ÅRL</ref:Name>
      <ref:Number>1995:1554</ref:Number>
      <ref:Chapter>6</ref:Chapter>
      <ref:Paragraph>5</ref:Paragraph>
    </link:reference>
    <link:referenceArc xlink:type="arc" xlink:arcrole="http://www.xbrl.org/2003/arcrole/concept-reference" xlink:from="label_OvrigaPosterInteIngarKassaflodetTuple_38" xlink:to="res_OvrigaPosterInteIngarKassaflodetTuple_38" xlink:title="reference: label_OvrigaPosterInteIngarKassaflodetTuple_38 to res_OvrigaPosterInteIngarKassaflodetTuple_38"/>
    <link:loc xlink:type="locator" xlink:href="se-gaap-ext-2021-10-31.xsd#se-gaap-ext_AvskrivningsprincipMateriellaAnlaggningstillgangarMaskinerAndraTekniskaAnlaggningarTuple" xlink:label="label_AvskrivningsprincipMateriellaAnlaggningstillgangarMaskinerAndraTekniskaAnlaggningarTuple_39" xlink:title="label_AvskrivningsprincipMateriellaAnlaggningstillgangarMaskinerAndraTekniskaAnlaggningarTuple_39"/>
    <link:reference xlink:type="resource" xlink:label="res_AvskrivningsprincipMateriellaAnlaggningstillgangarMaskinerAndraTekniskaAnlaggningarTuple_39" xlink:role="http://www.xbrl.org/2003/role/reference" xlink:title="res_AvskrivningsprincipMateriellaAnlaggningstillgangarMaskinerAndraTekniskaAnlaggningarTuple_39" id="res_AvskrivningsprincipMateriellaAnlaggningstillgangarMaskinerAndraTekniskaAnlaggningarTuple_39">
      <ref:Name>ÅRL</ref:Name>
      <ref:Number>1995:1554</ref:Number>
      <ref:Chapter>5</ref:Chapter>
      <ref:Paragraph>8</ref:Paragraph>
      <ref:Section>2</ref:Section>
    </link:reference>
    <link:referenceArc xlink:type="arc" xlink:arcrole="http://www.xbrl.org/2003/arcrole/concept-reference" xlink:from="label_AvskrivningsprincipMateriellaAnlaggningstillgangarMaskinerAndraTekniskaAnlaggningarTuple_39" xlink:to="res_AvskrivningsprincipMateriellaAnlaggningstillgangarMaskinerAndraTekniskaAnlaggningarTuple_39" xlink:title="reference: label_AvskrivningsprincipMateriellaAnlaggningstillgangarMaskinerAndraTekniskaAnlaggningarTuple_39 to res_AvskrivningsprincipMateriellaAnlaggningstillgangarMaskinerAndraTekniskaAnlaggningarTuple_39"/>
    <link:loc xlink:type="locator" xlink:href="se-gaap-ext-2021-10-31.xsd#se-gaap-ext_AvskrivningsprincipImmateriellaAnlaggningstillgangarGoodwillTuple" xlink:label="label_AvskrivningsprincipImmateriellaAnlaggningstillgangarGoodwillTuple_40" xlink:title="label_AvskrivningsprincipImmateriellaAnlaggningstillgangarGoodwillTuple_40"/>
    <link:reference xlink:type="resource" xlink:label="res_AvskrivningsprincipImmateriellaAnlaggningstillgangarGoodwillTuple_40" xlink:role="http://www.xbrl.org/2003/role/reference" xlink:title="res_AvskrivningsprincipImmateriellaAnlaggningstillgangarGoodwillTuple_40" id="res_AvskrivningsprincipImmateriellaAnlaggningstillgangarGoodwillTuple_40">
      <ref:Name>ÅRL</ref:Name>
      <ref:Number>1995:1554</ref:Number>
      <ref:Chapter>5</ref:Chapter>
      <ref:Paragraph>8</ref:Paragraph>
      <ref:Section>2</ref:Section>
    </link:reference>
    <link:referenceArc xlink:type="arc" xlink:arcrole="http://www.xbrl.org/2003/arcrole/concept-reference" xlink:from="label_AvskrivningsprincipImmateriellaAnlaggningstillgangarGoodwillTuple_40" xlink:to="res_AvskrivningsprincipImmateriellaAnlaggningstillgangarGoodwillTuple_40" xlink:title="reference: label_AvskrivningsprincipImmateriellaAnlaggningstillgangarGoodwillTuple_40 to res_AvskrivningsprincipImmateriellaAnlaggningstillgangarGoodwillTuple_40"/>
    <link:loc xlink:type="locator" xlink:href="se-gaap-ext-2021-10-31.xsd#se-gaap-ext_LanderfordelningMedelantaletAnstalldaTuple" xlink:label="label_LanderfordelningMedelantaletAnstalldaTuple_41" xlink:title="label_LanderfordelningMedelantaletAnstalldaTuple_41"/>
    <link:reference xlink:type="resource" xlink:label="res_LanderfordelningMedelantaletAnstalldaTuple_41" xlink:role="http://www.xbrl.org/2003/role/reference" xlink:title="res_LanderfordelningMedelantaletAnstalldaTuple_41" id="res_LanderfordelningMedelantaletAnstalldaTuple_41">
      <ref:Name>ÅRL</ref:Name>
      <ref:Number>1995:1554</ref:Number>
      <ref:Chapter>5</ref:Chapter>
      <ref:Paragraph>37</ref:Paragraph>
      <ref:Subparagraph>2</ref:Subparagraph>
    </link:reference>
    <link:referenceArc xlink:type="arc" xlink:arcrole="http://www.xbrl.org/2003/arcrole/concept-reference" xlink:from="label_LanderfordelningMedelantaletAnstalldaTuple_41" xlink:to="res_LanderfordelningMedelantaletAnstalldaTuple_41" xlink:title="reference: label_LanderfordelningMedelantaletAnstalldaTuple_41 to res_LanderfordelningMedelantaletAnstalldaTuple_41"/>
    <link:loc xlink:type="locator" xlink:href="se-gaap-ext-2021-10-31.xsd#se-gaap-ext_NettoomsattningGeografiskMarknadTuple" xlink:label="label_NettoomsattningGeografiskMarknadTuple_42" xlink:title="label_NettoomsattningGeografiskMarknadTuple_42"/>
    <link:reference xlink:type="resource" xlink:label="res_NettoomsattningGeografiskMarknadTuple_42" xlink:role="http://www.xbrl.org/2003/role/reference" xlink:title="res_NettoomsattningGeografiskMarknadTuple_42" id="res_NettoomsattningGeografiskMarknadTuple_42">
      <ref:Name>ÅRL</ref:Name>
      <ref:Number>1995:1554</ref:Number>
      <ref:Chapter>5</ref:Chapter>
      <ref:Paragraph>47</ref:Paragraph>
    </link:reference>
    <link:referenceArc xlink:type="arc" xlink:arcrole="http://www.xbrl.org/2003/arcrole/concept-reference" xlink:from="label_NettoomsattningGeografiskMarknadTuple_42" xlink:to="res_NettoomsattningGeografiskMarknadTuple_42" xlink:title="reference: label_NettoomsattningGeografiskMarknadTuple_42 to res_NettoomsattningGeografiskMarknadTuple_42"/>
    <link:loc xlink:type="locator" xlink:href="se-gaap-ext-2021-10-31.xsd#se-gaap-ext_NettoomsattningVerksamhetsgrenTuple" xlink:label="label_NettoomsattningVerksamhetsgrenTuple_43" xlink:title="label_NettoomsattningVerksamhetsgrenTuple_43"/>
    <link:reference xlink:type="resource" xlink:label="res_NettoomsattningVerksamhetsgrenTuple_43" xlink:role="http://www.xbrl.org/2003/role/reference" xlink:title="res_NettoomsattningVerksamhetsgrenTuple_43" id="res_NettoomsattningVerksamhetsgrenTuple_43">
      <ref:Name>ÅRL</ref:Name>
      <ref:Number>1995:1554</ref:Number>
      <ref:Chapter>5</ref:Chapter>
      <ref:Paragraph>47</ref:Paragraph>
    </link:reference>
    <link:referenceArc xlink:type="arc" xlink:arcrole="http://www.xbrl.org/2003/arcrole/concept-reference" xlink:from="label_NettoomsattningVerksamhetsgrenTuple_43" xlink:to="res_NettoomsattningVerksamhetsgrenTuple_43" xlink:title="reference: label_NettoomsattningVerksamhetsgrenTuple_43 to res_NettoomsattningVerksamhetsgrenTuple_43"/>
    <link:loc xlink:type="locator" xlink:href="se-gaap-ext-2021-10-31.xsd#se-gaap-ext_AvstamningEffktivSkattVasentligPostTuple" xlink:label="label_AvstamningEffktivSkattVasentligPostTuple_44" xlink:title="label_AvstamningEffktivSkattVasentligPostTuple_44"/>
    <link:reference xlink:type="resource" xlink:label="res_AvstamningEffktivSkattVasentligPostTuple_44" xlink:role="http://www.xbrl.org/2003/role/reference" xlink:title="res_AvstamningEffktivSkattVasentligPostTuple_44" id="res_AvstamningEffktivSkattVasentligPostTuple_44">
      <ref:Name>ÅRL</ref:Name>
      <ref:Number>1995:1554</ref:Number>
      <ref:Chapter>Bilaga 2</ref:Chapter>
    </link:reference>
    <link:referenceArc xlink:type="arc" xlink:arcrole="http://www.xbrl.org/2003/arcrole/concept-reference" xlink:from="label_AvstamningEffktivSkattVasentligPostTuple_44" xlink:to="res_AvstamningEffktivSkattVasentligPostTuple_44" xlink:title="reference: label_AvstamningEffktivSkattVasentligPostTuple_44 to res_AvstamningEffktivSkattVasentligPostTuple_44"/>
    <link:loc xlink:type="locator" xlink:href="se-gaap-ext-2021-10-31.xsd#se-gaap-ext_AvstamningEffktivSkattVasentligPostTuple" xlink:label="label_AvstamningEffktivSkattVasentligPostTuple_45" xlink:title="label_AvstamningEffktivSkattVasentligPostTuple_45"/>
    <link:reference xlink:type="resource" xlink:label="res_AvstamningEffktivSkattVasentligPostTuple_45" xlink:role="http://www.xbrl.org/2003/role/reference" xlink:title="res_AvstamningEffktivSkattVasentligPostTuple_45" id="res_AvstamningEffktivSkattVasentligPostTuple_45">
      <ref:Name>ÅRL</ref:Name>
      <ref:Number>1995:1554</ref:Number>
      <ref:Chapter>Bilaga 3</ref:Chapter>
    </link:reference>
    <link:referenceArc xlink:type="arc" xlink:arcrole="http://www.xbrl.org/2003/arcrole/concept-reference" xlink:from="label_AvstamningEffktivSkattVasentligPostTuple_45" xlink:to="res_AvstamningEffktivSkattVasentligPostTuple_45" xlink:title="reference: label_AvstamningEffktivSkattVasentligPostTuple_45 to res_AvstamningEffktivSkattVasentligPostTuple_45"/>
    <link:loc xlink:type="locator" xlink:href="se-gaap-ext-2021-10-31.xsd#se-gaap-ext_AvskrivningsprincipImmateriellaAnlaggningstillgangarBalanseradeUtgifterUtvecklingsarbetenLiknandeArbetenTuple" xlink:label="label_AvskrivningsprincipImmateriellaAnlaggningstillgangarBalanseradeUtgifterUtvecklingsarbetenLiknandeArbetenTuple_46" xlink:title="label_AvskrivningsprincipImmateriellaAnlaggningstillgangarBalanseradeUtgifterUtvecklingsarbetenLiknandeArbetenTuple_46"/>
    <link:reference xlink:type="resource" xlink:label="res_AvskrivningsprincipImmateriellaAnlaggningstillgangarBalanseradeUtgifterUtvecklingsarbetenLiknandeArbetenTuple_46" xlink:role="http://www.xbrl.org/2003/role/reference" xlink:title="res_AvskrivningsprincipImmateriellaAnlaggningstillgangarBalanseradeUtgifterUtvecklingsarbetenLiknandeArbetenTuple_46" id="res_AvskrivningsprincipImmateriellaAnlaggningstillgangarBalanseradeUtgifterUtvecklingsarbetenLiknandeArbetenTuple_46">
      <ref:Name>ÅRL</ref:Name>
      <ref:Number>1995:1554</ref:Number>
      <ref:Chapter>5</ref:Chapter>
      <ref:Paragraph>8</ref:Paragraph>
      <ref:Section>2</ref:Section>
    </link:reference>
    <link:referenceArc xlink:type="arc" xlink:arcrole="http://www.xbrl.org/2003/arcrole/concept-reference" xlink:from="label_AvskrivningsprincipImmateriellaAnlaggningstillgangarBalanseradeUtgifterUtvecklingsarbetenLiknandeArbetenTuple_46" xlink:to="res_AvskrivningsprincipImmateriellaAnlaggningstillgangarBalanseradeUtgifterUtvecklingsarbetenLiknandeArbetenTuple_46" xlink:title="reference: label_AvskrivningsprincipImmateriellaAnlaggningstillgangarBalanseradeUtgifterUtvecklingsarbetenLiknandeArbetenTuple_46 to res_AvskrivningsprincipImmateriellaAnlaggningstillgangarBalanseradeUtgifterUtvecklingsarbetenLiknandeArbetenTuple_46"/>
    <link:loc xlink:type="locator" xlink:href="se-gaap-ext-2021-10-31.xsd#se-gaap-ext_OvrigaStalldaSakerheterEgnaSkulderAvsattningarTuple" xlink:label="label_OvrigaStalldaSakerheterEgnaSkulderAvsattningarTuple_47" xlink:title="label_OvrigaStalldaSakerheterEgnaSkulderAvsattningarTuple_47"/>
    <link:reference xlink:type="resource" xlink:label="res_OvrigaStalldaSakerheterEgnaSkulderAvsattningarTuple_47" xlink:role="http://www.xbrl.org/2003/role/reference" xlink:title="res_OvrigaStalldaSakerheterEgnaSkulderAvsattningarTuple_47" id="res_OvrigaStalldaSakerheterEgnaSkulderAvsattningarTuple_47">
      <ref:Name>ÅRL</ref:Name>
      <ref:Number>1995:1554</ref:Number>
      <ref:Chapter>5</ref:Chapter>
      <ref:Paragraph>14</ref:Paragraph>
    </link:reference>
    <link:referenceArc xlink:type="arc" xlink:arcrole="http://www.xbrl.org/2003/arcrole/concept-reference" xlink:from="label_OvrigaStalldaSakerheterEgnaSkulderAvsattningarTuple_47" xlink:to="res_OvrigaStalldaSakerheterEgnaSkulderAvsattningarTuple_47" xlink:title="reference: label_OvrigaStalldaSakerheterEgnaSkulderAvsattningarTuple_47 to res_OvrigaStalldaSakerheterEgnaSkulderAvsattningarTuple_47"/>
    <link:loc xlink:type="locator" xlink:href="se-gaap-ext-2021-10-31.xsd#se-gaap-ext_OvrigaStalldaSakerheterEgnaSkulderAvsattningarTuple" xlink:label="label_OvrigaStalldaSakerheterEgnaSkulderAvsattningarTuple_48" xlink:title="label_OvrigaStalldaSakerheterEgnaSkulderAvsattningarTuple_48"/>
    <link:reference xlink:type="resource" xlink:label="res_OvrigaStalldaSakerheterEgnaSkulderAvsattningarTuple_48" xlink:role="http://www.xbrl.org/2003/role/reference" xlink:title="res_OvrigaStalldaSakerheterEgnaSkulderAvsattningarTuple_48" id="res_OvrigaStalldaSakerheterEgnaSkulderAvsattningarTuple_48">
      <ref:Name>ÅRL</ref:Name>
      <ref:Number>1995:1554</ref:Number>
      <ref:Chapter>5</ref:Chapter>
      <ref:Paragraph>46</ref:Paragraph>
    </link:reference>
    <link:referenceArc xlink:type="arc" xlink:arcrole="http://www.xbrl.org/2003/arcrole/concept-reference" xlink:from="label_OvrigaStalldaSakerheterEgnaSkulderAvsattningarTuple_48" xlink:to="res_OvrigaStalldaSakerheterEgnaSkulderAvsattningarTuple_48" xlink:title="reference: label_OvrigaStalldaSakerheterEgnaSkulderAvsattningarTuple_48 to res_OvrigaStalldaSakerheterEgnaSkulderAvsattningarTuple_48"/>
    <link:loc xlink:type="locator" xlink:href="se-gaap-ext-2021-10-31.xsd#se-gaap-ext_ExceptionellaKostnaderTuple" xlink:label="label_ExceptionellaKostnaderTuple_49" xlink:title="label_ExceptionellaKostnaderTuple_49"/>
    <link:reference xlink:type="resource" xlink:label="res_ExceptionellaKostnaderTuple_49" xlink:role="http://www.xbrl.org/2003/role/reference" xlink:title="res_ExceptionellaKostnaderTuple_49" id="res_ExceptionellaKostnaderTuple_49">
      <ref:Name>ÅRL</ref:Name>
      <ref:Number>1995:1554</ref:Number>
      <ref:Chapter>5</ref:Chapter>
      <ref:Paragraph>19</ref:Paragraph>
    </link:reference>
    <link:referenceArc xlink:type="arc" xlink:arcrole="http://www.xbrl.org/2003/arcrole/concept-reference" xlink:from="label_ExceptionellaKostnaderTuple_49" xlink:to="res_ExceptionellaKostnaderTuple_49" xlink:title="reference: label_ExceptionellaKostnaderTuple_49 to res_ExceptionellaKostnaderTuple_49"/>
    <link:loc xlink:type="locator" xlink:href="se-gaap-ext-2021-10-31.xsd#se-gaap-ext_ExceptionellaKostnaderTuple" xlink:label="label_ExceptionellaKostnaderTuple_50" xlink:title="label_ExceptionellaKostnaderTuple_50"/>
    <link:reference xlink:type="resource" xlink:label="res_ExceptionellaKostnaderTuple_50" xlink:role="http://www.xbrl.org/2003/role/reference" xlink:title="res_ExceptionellaKostnaderTuple_50" id="res_ExceptionellaKostnaderTuple_50">
      <ref:Name>ÅRL</ref:Name>
      <ref:Number>1995:1554</ref:Number>
      <ref:Chapter>Bilaga 2</ref:Chapter>
    </link:reference>
    <link:referenceArc xlink:type="arc" xlink:arcrole="http://www.xbrl.org/2003/arcrole/concept-reference" xlink:from="label_ExceptionellaKostnaderTuple_50" xlink:to="res_ExceptionellaKostnaderTuple_50" xlink:title="reference: label_ExceptionellaKostnaderTuple_50 to res_ExceptionellaKostnaderTuple_50"/>
    <link:loc xlink:type="locator" xlink:href="se-gaap-ext-2021-10-31.xsd#se-gaap-ext_ExceptionellaKostnaderTuple" xlink:label="label_ExceptionellaKostnaderTuple_51" xlink:title="label_ExceptionellaKostnaderTuple_51"/>
    <link:reference xlink:type="resource" xlink:label="res_ExceptionellaKostnaderTuple_51" xlink:role="http://www.xbrl.org/2003/role/reference" xlink:title="res_ExceptionellaKostnaderTuple_51" id="res_ExceptionellaKostnaderTuple_51">
      <ref:Name>ÅRL</ref:Name>
      <ref:Number>1995:1554</ref:Number>
      <ref:Chapter>Bilaga 3</ref:Chapter>
    </link:reference>
    <link:referenceArc xlink:type="arc" xlink:arcrole="http://www.xbrl.org/2003/arcrole/concept-reference" xlink:from="label_ExceptionellaKostnaderTuple_51" xlink:to="res_ExceptionellaKostnaderTuple_51" xlink:title="reference: label_ExceptionellaKostnaderTuple_51 to res_ExceptionellaKostnaderTuple_51"/>
    <link:loc xlink:type="locator" xlink:href="se-gaap-ext-2021-10-31.xsd#se-gaap-ext_LangfristigaSkulderForfallerTuple" xlink:label="label_LangfristigaSkulderForfallerTuple_52" xlink:title="label_LangfristigaSkulderForfallerTuple_52"/>
    <link:reference xlink:type="resource" xlink:label="res_LangfristigaSkulderForfallerTuple_52" xlink:role="http://www.xbrl.org/2003/role/reference" xlink:title="res_LangfristigaSkulderForfallerTuple_52" id="res_LangfristigaSkulderForfallerTuple_52">
      <ref:Name>ÅRL</ref:Name>
      <ref:Number>1995:1554</ref:Number>
      <ref:Chapter>5</ref:Chapter>
      <ref:Paragraph>13</ref:Paragraph>
    </link:reference>
    <link:referenceArc xlink:type="arc" xlink:arcrole="http://www.xbrl.org/2003/arcrole/concept-reference" xlink:from="label_LangfristigaSkulderForfallerTuple_52" xlink:to="res_LangfristigaSkulderForfallerTuple_52" xlink:title="reference: label_LangfristigaSkulderForfallerTuple_52 to res_LangfristigaSkulderForfallerTuple_52"/>
    <link:loc xlink:type="locator" xlink:href="se-gaap-ext-2021-10-31.xsd#se-gaap-ext_LangfristigaSkulderForfallerTuple" xlink:label="label_LangfristigaSkulderForfallerTuple_53" xlink:title="label_LangfristigaSkulderForfallerTuple_53"/>
    <link:reference xlink:type="resource" xlink:label="res_LangfristigaSkulderForfallerTuple_53" xlink:role="http://www.xbrl.org/2003/role/reference" xlink:title="res_LangfristigaSkulderForfallerTuple_53" id="res_LangfristigaSkulderForfallerTuple_53">
      <ref:Name>ÅRL</ref:Name>
      <ref:Number>1995:1554</ref:Number>
      <ref:Chapter>5</ref:Chapter>
      <ref:Paragraph>31</ref:Paragraph>
    </link:reference>
    <link:referenceArc xlink:type="arc" xlink:arcrole="http://www.xbrl.org/2003/arcrole/concept-reference" xlink:from="label_LangfristigaSkulderForfallerTuple_53" xlink:to="res_LangfristigaSkulderForfallerTuple_53" xlink:title="reference: label_LangfristigaSkulderForfallerTuple_53 to res_LangfristigaSkulderForfallerTuple_53"/>
    <link:loc xlink:type="locator" xlink:href="se-gaap-ext-2021-10-31.xsd#se-gaap-ext_LangfristigaSkulderForfallerTuple" xlink:label="label_LangfristigaSkulderForfallerTuple_54" xlink:title="label_LangfristigaSkulderForfallerTuple_54"/>
    <link:reference xlink:type="resource" xlink:label="res_LangfristigaSkulderForfallerTuple_54" xlink:role="http://www.xbrl.org/2003/role/reference" xlink:title="res_LangfristigaSkulderForfallerTuple_54" id="res_LangfristigaSkulderForfallerTuple_54">
      <ref:Name>ÅRL</ref:Name>
      <ref:Number>1995:1554</ref:Number>
      <ref:Chapter>Bilaga 1</ref:Chapter>
    </link:reference>
    <link:referenceArc xlink:type="arc" xlink:arcrole="http://www.xbrl.org/2003/arcrole/concept-reference" xlink:from="label_LangfristigaSkulderForfallerTuple_54" xlink:to="res_LangfristigaSkulderForfallerTuple_54" xlink:title="reference: label_LangfristigaSkulderForfallerTuple_54 to res_LangfristigaSkulderForfallerTuple_54"/>
    <link:loc xlink:type="locator" xlink:href="se-gaap-ext-2021-10-31.xsd#se-gaap-ext_AvskrivningsprincipImmateriellaAnlaggningstillgangarKoncessionerPatentLicenserVarumarkenLiknandeRattigheterTuple" xlink:label="label_AvskrivningsprincipImmateriellaAnlaggningstillgangarKoncessionerPatentLicenserVarumarkenLiknandeRattigheterTuple_55" xlink:title="label_AvskrivningsprincipImmateriellaAnlaggningstillgangarKoncessionerPatentLicenserVarumarkenLiknandeRattigheterTuple_55"/>
    <link:reference xlink:type="resource" xlink:label="res_AvskrivningsprincipImmateriellaAnlaggningstillgangarKoncessionerPatentLicenserVarumarkenLiknandeRattigheterTuple_55" xlink:role="http://www.xbrl.org/2003/role/reference" xlink:title="res_AvskrivningsprincipImmateriellaAnlaggningstillgangarKoncessionerPatentLicenserVarumarkenLiknandeRattigheterTuple_55" id="res_AvskrivningsprincipImmateriellaAnlaggningstillgangarKoncessionerPatentLicenserVarumarkenLiknandeRattigheterTuple_55">
      <ref:Name>ÅRL</ref:Name>
      <ref:Number>1995:1554</ref:Number>
      <ref:Chapter>5</ref:Chapter>
      <ref:Paragraph>8</ref:Paragraph>
      <ref:Section>2</ref:Section>
    </link:reference>
    <link:referenceArc xlink:type="arc" xlink:arcrole="http://www.xbrl.org/2003/arcrole/concept-reference" xlink:from="label_AvskrivningsprincipImmateriellaAnlaggningstillgangarKoncessionerPatentLicenserVarumarkenLiknandeRattigheterTuple_55" xlink:to="res_AvskrivningsprincipImmateriellaAnlaggningstillgangarKoncessionerPatentLicenserVarumarkenLiknandeRattigheterTuple_55" xlink:title="reference: label_AvskrivningsprincipImmateriellaAnlaggningstillgangarKoncessionerPatentLicenserVarumarkenLiknandeRattigheterTuple_55 to res_AvskrivningsprincipImmateriellaAnlaggningstillgangarKoncessionerPatentLicenserVarumarkenLiknandeRattigheterTuple_55"/>
    <link:loc xlink:type="locator" xlink:href="se-gaap-ext-2021-10-31.xsd#se-gaap-ext_ExceptionellaIntakterTuple" xlink:label="label_ExceptionellaIntakterTuple_56" xlink:title="label_ExceptionellaIntakterTuple_56"/>
    <link:reference xlink:type="resource" xlink:label="res_ExceptionellaIntakterTuple_56" xlink:role="http://www.xbrl.org/2003/role/reference" xlink:title="res_ExceptionellaIntakterTuple_56" id="res_ExceptionellaIntakterTuple_56">
      <ref:Name>ÅRL</ref:Name>
      <ref:Number>1995:1554</ref:Number>
      <ref:Chapter>5</ref:Chapter>
      <ref:Paragraph>19</ref:Paragraph>
    </link:reference>
    <link:referenceArc xlink:type="arc" xlink:arcrole="http://www.xbrl.org/2003/arcrole/concept-reference" xlink:from="label_ExceptionellaIntakterTuple_56" xlink:to="res_ExceptionellaIntakterTuple_56" xlink:title="reference: label_ExceptionellaIntakterTuple_56 to res_ExceptionellaIntakterTuple_56"/>
    <link:loc xlink:type="locator" xlink:href="se-gaap-ext-2021-10-31.xsd#se-gaap-ext_ExceptionellaIntakterTuple" xlink:label="label_ExceptionellaIntakterTuple_57" xlink:title="label_ExceptionellaIntakterTuple_57"/>
    <link:reference xlink:type="resource" xlink:label="res_ExceptionellaIntakterTuple_57" xlink:role="http://www.xbrl.org/2003/role/reference" xlink:title="res_ExceptionellaIntakterTuple_57" id="res_ExceptionellaIntakterTuple_57">
      <ref:Name>ÅRL</ref:Name>
      <ref:Number>1995:1554</ref:Number>
      <ref:Chapter>Bilaga 2</ref:Chapter>
    </link:reference>
    <link:referenceArc xlink:type="arc" xlink:arcrole="http://www.xbrl.org/2003/arcrole/concept-reference" xlink:from="label_ExceptionellaIntakterTuple_57" xlink:to="res_ExceptionellaIntakterTuple_57" xlink:title="reference: label_ExceptionellaIntakterTuple_57 to res_ExceptionellaIntakterTuple_57"/>
    <link:loc xlink:type="locator" xlink:href="se-gaap-ext-2021-10-31.xsd#se-gaap-ext_ExceptionellaIntakterTuple" xlink:label="label_ExceptionellaIntakterTuple_58" xlink:title="label_ExceptionellaIntakterTuple_58"/>
    <link:reference xlink:type="resource" xlink:label="res_ExceptionellaIntakterTuple_58" xlink:role="http://www.xbrl.org/2003/role/reference" xlink:title="res_ExceptionellaIntakterTuple_58" id="res_ExceptionellaIntakterTuple_58">
      <ref:Name>ÅRL</ref:Name>
      <ref:Number>1995:1554</ref:Number>
      <ref:Chapter>Bilaga 3</ref:Chapter>
    </link:reference>
    <link:referenceArc xlink:type="arc" xlink:arcrole="http://www.xbrl.org/2003/arcrole/concept-reference" xlink:from="label_ExceptionellaIntakterTuple_58" xlink:to="res_ExceptionellaIntakterTuple_58" xlink:title="reference: label_ExceptionellaIntakterTuple_58 to res_ExceptionellaIntakterTuple_58"/>
    <link:loc xlink:type="locator" xlink:href="se-gaap-ext-2021-10-31.xsd#se-gaap-ext_InnehavAndelarAgarintressenOvrigaForetagInklusiveUppgiftForetagTuple" xlink:label="label_InnehavAndelarAgarintressenOvrigaForetagInklusiveUppgiftForetagTuple_59" xlink:title="label_InnehavAndelarAgarintressenOvrigaForetagInklusiveUppgiftForetagTuple_59"/>
    <link:reference xlink:type="resource" xlink:label="res_InnehavAndelarAgarintressenOvrigaForetagInklusiveUppgiftForetagTuple_59" xlink:role="http://www.xbrl.org/2003/role/reference" xlink:title="res_InnehavAndelarAgarintressenOvrigaForetagInklusiveUppgiftForetagTuple_59" id="res_InnehavAndelarAgarintressenOvrigaForetagInklusiveUppgiftForetagTuple_59">
      <ref:Name>ÅRL</ref:Name>
      <ref:Number>1995:1554</ref:Number>
      <ref:Chapter>5</ref:Chapter>
      <ref:Paragraph>29</ref:Paragraph>
    </link:reference>
    <link:referenceArc xlink:type="arc" xlink:arcrole="http://www.xbrl.org/2003/arcrole/concept-reference" xlink:from="label_InnehavAndelarAgarintressenOvrigaForetagInklusiveUppgiftForetagTuple_59" xlink:to="res_InnehavAndelarAgarintressenOvrigaForetagInklusiveUppgiftForetagTuple_59" xlink:title="reference: label_InnehavAndelarAgarintressenOvrigaForetagInklusiveUppgiftForetagTuple_59 to res_InnehavAndelarAgarintressenOvrigaForetagInklusiveUppgiftForetagTuple_59"/>
    <link:loc xlink:type="locator" xlink:href="se-gaap-ext-2021-10-31.xsd#se-gaap-ext_SpecifikationRattelseFelTuple" xlink:label="label_SpecifikationRattelseFelTuple_60" xlink:title="label_SpecifikationRattelseFelTuple_60"/>
    <link:reference xlink:type="resource" xlink:label="res_SpecifikationRattelseFelTuple_60" xlink:role="http://www.xbrl.org/2003/role/reference" xlink:title="res_SpecifikationRattelseFelTuple_60" id="res_SpecifikationRattelseFelTuple_60">
      <ref:Name>ÅRL</ref:Name>
      <ref:Number>1995:1554</ref:Number>
      <ref:Chapter>2</ref:Chapter>
      <ref:Paragraph>2</ref:Paragraph>
    </link:reference>
    <link:referenceArc xlink:type="arc" xlink:arcrole="http://www.xbrl.org/2003/arcrole/concept-reference" xlink:from="label_SpecifikationRattelseFelTuple_60" xlink:to="res_SpecifikationRattelseFelTuple_60" xlink:title="reference: label_SpecifikationRattelseFelTuple_60 to res_SpecifikationRattelseFelTuple_60"/>
    <link:loc xlink:type="locator" xlink:href="se-gaap-ext-2021-10-31.xsd#se-gaap-ext_SpecifikationRattelseFelTuple" xlink:label="label_SpecifikationRattelseFelTuple_61" xlink:title="label_SpecifikationRattelseFelTuple_61"/>
    <link:reference xlink:type="resource" xlink:label="res_SpecifikationRattelseFelTuple_61" xlink:role="http://www.xbrl.org/2003/role/reference" xlink:title="res_SpecifikationRattelseFelTuple_61" id="res_SpecifikationRattelseFelTuple_61">
      <ref:Name>ÅRL</ref:Name>
      <ref:Number>1995:1554</ref:Number>
      <ref:Chapter>2</ref:Chapter>
      <ref:Paragraph>3</ref:Paragraph>
    </link:reference>
    <link:referenceArc xlink:type="arc" xlink:arcrole="http://www.xbrl.org/2003/arcrole/concept-reference" xlink:from="label_SpecifikationRattelseFelTuple_61" xlink:to="res_SpecifikationRattelseFelTuple_61" xlink:title="reference: label_SpecifikationRattelseFelTuple_61 to res_SpecifikationRattelseFelTuple_61"/>
    <link:loc xlink:type="locator" xlink:href="se-gaap-ext-2021-10-31.xsd#se-gaap-ext_StalldaSakerheterFormanAndraTuple" xlink:label="label_StalldaSakerheterFormanAndraTuple_62" xlink:title="label_StalldaSakerheterFormanAndraTuple_62"/>
    <link:reference xlink:type="resource" xlink:label="res_StalldaSakerheterFormanAndraTuple_62" xlink:role="http://www.xbrl.org/2003/role/reference" xlink:title="res_StalldaSakerheterFormanAndraTuple_62" id="res_StalldaSakerheterFormanAndraTuple_62">
      <ref:Name>ÅRL</ref:Name>
      <ref:Number>1995:1554</ref:Number>
      <ref:Chapter>5</ref:Chapter>
      <ref:Paragraph>14</ref:Paragraph>
    </link:reference>
    <link:referenceArc xlink:type="arc" xlink:arcrole="http://www.xbrl.org/2003/arcrole/concept-reference" xlink:from="label_StalldaSakerheterFormanAndraTuple_62" xlink:to="res_StalldaSakerheterFormanAndraTuple_62" xlink:title="reference: label_StalldaSakerheterFormanAndraTuple_62 to res_StalldaSakerheterFormanAndraTuple_62"/>
    <link:loc xlink:type="locator" xlink:href="se-gaap-ext-2021-10-31.xsd#se-gaap-ext_StalldaSakerheterFormanAndraTuple" xlink:label="label_StalldaSakerheterFormanAndraTuple_63" xlink:title="label_StalldaSakerheterFormanAndraTuple_63"/>
    <link:reference xlink:type="resource" xlink:label="res_StalldaSakerheterFormanAndraTuple_63" xlink:role="http://www.xbrl.org/2003/role/reference" xlink:title="res_StalldaSakerheterFormanAndraTuple_63" id="res_StalldaSakerheterFormanAndraTuple_63">
      <ref:Name>ÅRL</ref:Name>
      <ref:Number>1995:1554</ref:Number>
      <ref:Chapter>5</ref:Chapter>
      <ref:Paragraph>16</ref:Paragraph>
    </link:reference>
    <link:referenceArc xlink:type="arc" xlink:arcrole="http://www.xbrl.org/2003/arcrole/concept-reference" xlink:from="label_StalldaSakerheterFormanAndraTuple_63" xlink:to="res_StalldaSakerheterFormanAndraTuple_63" xlink:title="reference: label_StalldaSakerheterFormanAndraTuple_63 to res_StalldaSakerheterFormanAndraTuple_63"/>
    <link:loc xlink:type="locator" xlink:href="se-gaap-ext-2021-10-31.xsd#se-gaap-ext_StalldaSakerheterFormanAndraTuple" xlink:label="label_StalldaSakerheterFormanAndraTuple_64" xlink:title="label_StalldaSakerheterFormanAndraTuple_64"/>
    <link:reference xlink:type="resource" xlink:label="res_StalldaSakerheterFormanAndraTuple_64" xlink:role="http://www.xbrl.org/2003/role/reference" xlink:title="res_StalldaSakerheterFormanAndraTuple_64" id="res_StalldaSakerheterFormanAndraTuple_64">
      <ref:Name>ÅRL</ref:Name>
      <ref:Number>1995:1554</ref:Number>
      <ref:Chapter>5</ref:Chapter>
      <ref:Paragraph>46</ref:Paragraph>
    </link:reference>
    <link:referenceArc xlink:type="arc" xlink:arcrole="http://www.xbrl.org/2003/arcrole/concept-reference" xlink:from="label_StalldaSakerheterFormanAndraTuple_64" xlink:to="res_StalldaSakerheterFormanAndraTuple_64" xlink:title="reference: label_StalldaSakerheterFormanAndraTuple_64 to res_StalldaSakerheterFormanAndraTuple_64"/>
    <link:loc xlink:type="locator" xlink:href="se-gaap-ext-2021-10-31.xsd#se-gaap-ext_UpplysningAktiekapitalTuple" xlink:label="label_UpplysningAktiekapitalTuple_65" xlink:title="label_UpplysningAktiekapitalTuple_65"/>
    <link:reference xlink:type="resource" xlink:label="res_UpplysningAktiekapitalTuple_65" xlink:role="http://www.xbrl.org/2003/role/reference" xlink:title="res_UpplysningAktiekapitalTuple_65" id="res_UpplysningAktiekapitalTuple_65">
      <ref:Name>ÅRL</ref:Name>
      <ref:Number>1995:1554</ref:Number>
      <ref:Chapter>5</ref:Chapter>
      <ref:Paragraph>34</ref:Paragraph>
    </link:reference>
    <link:referenceArc xlink:type="arc" xlink:arcrole="http://www.xbrl.org/2003/arcrole/concept-reference" xlink:from="label_UpplysningAktiekapitalTuple_65" xlink:to="res_UpplysningAktiekapitalTuple_65" xlink:title="reference: label_UpplysningAktiekapitalTuple_65 to res_UpplysningAktiekapitalTuple_65"/>
    <link:loc xlink:type="locator" xlink:href="se-gaap-ext-2021-10-31.xsd#se-gaap-ext_AvskrivningsprincipMateriellaAnlaggningstillgangarOvrigaMateriellaAnlaggningstillgangarTuple" xlink:label="label_AvskrivningsprincipMateriellaAnlaggningstillgangarOvrigaMateriellaAnlaggningstillgangarTuple_66" xlink:title="label_AvskrivningsprincipMateriellaAnlaggningstillgangarOvrigaMateriellaAnlaggningstillgangarTuple_66"/>
    <link:reference xlink:type="resource" xlink:label="res_AvskrivningsprincipMateriellaAnlaggningstillgangarOvrigaMateriellaAnlaggningstillgangarTuple_66" xlink:role="http://www.xbrl.org/2003/role/reference" xlink:title="res_AvskrivningsprincipMateriellaAnlaggningstillgangarOvrigaMateriellaAnlaggningstillgangarTuple_66" id="res_AvskrivningsprincipMateriellaAnlaggningstillgangarOvrigaMateriellaAnlaggningstillgangarTuple_66">
      <ref:Name>ÅRL</ref:Name>
      <ref:Number>1995:1554</ref:Number>
      <ref:Chapter>5</ref:Chapter>
      <ref:Paragraph>8</ref:Paragraph>
      <ref:Section>2</ref:Section>
    </link:reference>
    <link:referenceArc xlink:type="arc" xlink:arcrole="http://www.xbrl.org/2003/arcrole/concept-reference" xlink:from="label_AvskrivningsprincipMateriellaAnlaggningstillgangarOvrigaMateriellaAnlaggningstillgangarTuple_66" xlink:to="res_AvskrivningsprincipMateriellaAnlaggningstillgangarOvrigaMateriellaAnlaggningstillgangarTuple_66" xlink:title="reference: label_AvskrivningsprincipMateriellaAnlaggningstillgangarOvrigaMateriellaAnlaggningstillgangarTuple_66 to res_AvskrivningsprincipMateriellaAnlaggningstillgangarOvrigaMateriellaAnlaggningstillgangarTuple_66"/>
    <link:loc xlink:type="locator" xlink:href="se-gaap-ext-2021-10-31.xsd#se-gaap-ext_OvrigaRorelseintakterOffentligaBidragTuple" xlink:label="OvrigaRorelseintakterOffentligaBidragTuple" xlink:title="OvrigaRorelseintakterOffentligaBidragTuple"/>
    <link:reference xlink:type="resource" xlink:label="reference_OvrigaRorelseintakterOffentligaBidragTuple" xlink:role="http://www.xbrl.org/2003/role/reference" xlink:title="reference_OvrigaRorelseintakterOffentligaBidragTuple" id="reference_OvrigaRorelseintakterOffentligaBidragTuple">
      <ref:Name>ÅRL</ref:Name>
      <ref:Number>1995:1554</ref:Number>
      <ref:Chapter>5</ref:Chapter>
      <ref:Paragraph>3</ref:Paragraph>
    </link:reference>
    <link:referenceArc xlink:type="arc" xlink:arcrole="http://www.xbrl.org/2003/arcrole/concept-reference" xlink:from="OvrigaRorelseintakterOffentligaBidragTuple" xlink:to="reference_OvrigaRorelseintakterOffentligaBidragTuple" xlink:title="reference: OvrigaRorelseintakterOffentligaBidragTuple to reference_OvrigaRorelseintakterOffentligaBidragTuple"/>
    <link:reference xlink:type="resource" xlink:label="reference_OvrigaRorelseintakterOffentligaBidragTuple_3" xlink:role="http://www.xbrl.org/2003/role/reference" xlink:title="reference_OvrigaRorelseintakterOffentligaBidragTuple" id="reference_OvrigaRorelseintakterOffentligaBidragTuple_3">
      <ref:Name>ÅRL</ref:Name>
      <ref:Number>1995:1554</ref:Number>
      <ref:Chapter>Bilaga 2</ref:Chapter>
    </link:reference>
    <link:referenceArc xlink:type="arc" xlink:arcrole="http://www.xbrl.org/2003/arcrole/concept-reference" xlink:from="OvrigaRorelseintakterOffentligaBidragTuple" xlink:to="reference_OvrigaRorelseintakterOffentligaBidragTuple_3" xlink:title="reference: OvrigaRorelseintakterOffentligaBidragTuple to reference_OvrigaRorelseintakterOffentligaBidragTuple"/>
    <link:reference xlink:type="resource" xlink:label="reference_OvrigaRorelseintakterOffentligaBidragTuple_4" xlink:role="http://www.xbrl.org/2003/role/reference" xlink:title="reference_OvrigaRorelseintakterOffentligaBidragTuple" id="reference_OvrigaRorelseintakterOffentligaBidragTuple_4">
      <ref:Name>ÅRL</ref:Name>
      <ref:Number>1995:1554</ref:Number>
      <ref:Chapter>Bilaga 3</ref:Chapter>
    </link:reference>
    <link:referenceArc xlink:type="arc" xlink:arcrole="http://www.xbrl.org/2003/arcrole/concept-reference" xlink:from="OvrigaRorelseintakterOffentligaBidragTuple" xlink:to="reference_OvrigaRorelseintakterOffentligaBidragTuple_4" xlink:title="reference: OvrigaRorelseintakterOffentligaBidragTuple to reference_OvrigaRorelseintakterOffentligaBidragTuple"/>
  </link:referenceLink>
</link:linkbase>
