<?xml version="1.0" encoding="UTF-8"?>
<!-- Generated by Fujitsu Interstage XWand B0255 -->
<link:linkbase xmlns:xsi="http://www.w3.org/2001/XMLSchema-instance" xsi:schemaLocation="http://www.xbrl.org/2004/ref http://www.xbrl.org/2004/ref-2004-08-10.xsd http://www.xbrl.org/2003/linkbase http://www.xbrl.org/2003/xbrl-linkbase-2003-12-31.xsd" xmlns:se-gaap-ext="http://www.taxonomier.se/se/fr/gaap/gaap-ext/2021-10-31" xmlns:link="http://www.xbrl.org/2003/linkbase" xmlns:ref="http://www.xbrl.org/2004/ref" xmlns:xlink="http://www.w3.org/1999/xlink" xmlns:xbrli="http://www.xbrl.org/2003/instance">
  <link:roleRef roleURI="http://www.taxonomier.se/se/fr/role/reference/legislation/arl/koncern" xlink:type="simple" xlink:href="../../../../../../shared/role/se-leg-role/2021-10-31/se-leg-role-2021-10-31.xsd#LEG_ROLE_ARLK"/>
  <link:referenceLink xlink:type="extended" xlink:role="http://www.taxonomier.se/se/fr/role/reference/legislation/arl/koncern">
    <link:loc xlink:type="locator" xlink:href="se-gaap-ext-2021-10-31.xsd#se-gaap-ext_UppgiftModerforetagTuple" xlink:label="UppgiftModerforetagTuple" xlink:title="UppgiftModerforetagTuple"/>
    <link:reference xlink:type="resource" xlink:label="reference_UppgiftModerforetagTuple" xlink:role="http://www.xbrl.org/2003/role/reference" xlink:title="reference_UppgiftModerforetagTuple" id="reference_UppgiftModerforetagTuple_5">
      <ref:Name>ÅRL</ref:Name>
      <ref:Number>1995:1554</ref:Number>
      <ref:Chapter>7</ref:Chapter>
      <ref:Paragraph>14</ref:Paragraph>
    </link:reference>
    <link:referenceArc xlink:type="arc" xlink:arcrole="http://www.xbrl.org/2003/arcrole/concept-reference" xlink:from="UppgiftModerforetagTuple" xlink:to="reference_UppgiftModerforetagTuple" xlink:title="reference: UppgiftModerforetagTuple to reference_UppgiftModerforetagTuple"/>
    <link:loc xlink:type="locator" xlink:href="se-gaap-ext-2021-10-31.xsd#se-gaap-ext_AndraOvrigaAvsattningarSpecifikationTuple" xlink:label="AndraOvrigaAvsattningarSpecifikationTuple" xlink:title="AndraOvrigaAvsattningarSpecifikationTuple"/>
    <link:reference xlink:type="resource" xlink:label="reference_AndraOvrigaAvsattningarSpecifikationTuple" xlink:role="http://www.xbrl.org/2003/role/reference" xlink:title="reference_AndraOvrigaAvsattningarSpecifikationTuple" id="reference_AndraOvrigaAvsattningarSpecifikationTuple_3">
      <ref:Name>ÅRL</ref:Name>
      <ref:Number>1995:1554</ref:Number>
      <ref:Chapter>7</ref:Chapter>
      <ref:Paragraph>8</ref:Paragraph>
    </link:reference>
    <link:referenceArc xlink:type="arc" xlink:arcrole="http://www.xbrl.org/2003/arcrole/concept-reference" xlink:from="AndraOvrigaAvsattningarSpecifikationTuple" xlink:to="reference_AndraOvrigaAvsattningarSpecifikationTuple" xlink:title="reference: AndraOvrigaAvsattningarSpecifikationTuple to reference_AndraOvrigaAvsattningarSpecifikationTuple"/>
    <link:loc xlink:type="locator" xlink:href="se-gaap-ext-2021-10-31.xsd#se-gaap-ext_FinansiellaInstrumentVarderadeVerkligtVardeTuple" xlink:label="label_FinansiellaInstrumentVarderadeVerkligtVardeTuple_0" xlink:title="label_FinansiellaInstrumentVarderadeVerkligtVardeTuple_0"/>
    <link:reference xlink:type="resource" xlink:label="res_FinansiellaInstrumentVarderadeVerkligtVardeTuple_0" xlink:role="http://www.xbrl.org/2003/role/reference" xlink:title="res_FinansiellaInstrumentVarderadeVerkligtVardeTuple_0" id="res_FinansiellaInstrumentVarderadeVerkligtVardeTuple_0">
      <ref:Name>ÅRL</ref:Name>
      <ref:Number>1995:1554</ref:Number>
      <ref:Chapter>7</ref:Chapter>
      <ref:Paragraph>14</ref:Paragraph>
    </link:reference>
    <link:referenceArc xlink:type="arc" xlink:arcrole="http://www.xbrl.org/2003/arcrole/concept-reference" xlink:from="label_FinansiellaInstrumentVarderadeVerkligtVardeTuple_0" xlink:to="res_FinansiellaInstrumentVarderadeVerkligtVardeTuple_0" xlink:title="reference: label_FinansiellaInstrumentVarderadeVerkligtVardeTuple_0 to res_FinansiellaInstrumentVarderadeVerkligtVardeTuple_0"/>
    <link:loc xlink:type="locator" xlink:href="se-gaap-ext-2021-10-31.xsd#se-gaap-ext_UppskjutenSkattSkillnaderSkattefordranTuple" xlink:label="label_UppskjutenSkattSkillnaderSkattefordranTuple_1" xlink:title="label_UppskjutenSkattSkillnaderSkattefordranTuple_1"/>
    <link:reference xlink:type="resource" xlink:label="res_UppskjutenSkattSkillnaderSkattefordranTuple_1" xlink:role="http://www.xbrl.org/2003/role/reference" xlink:title="res_UppskjutenSkattSkillnaderSkattefordranTuple_1" id="res_UppskjutenSkattSkillnaderSkattefordranTuple_1">
      <ref:Name>ÅRL</ref:Name>
      <ref:Number>1995:1554</ref:Number>
      <ref:Chapter>7</ref:Chapter>
      <ref:Paragraph>14</ref:Paragraph>
    </link:reference>
    <link:referenceArc xlink:type="arc" xlink:arcrole="http://www.xbrl.org/2003/arcrole/concept-reference" xlink:from="label_UppskjutenSkattSkillnaderSkattefordranTuple_1" xlink:to="res_UppskjutenSkattSkillnaderSkattefordranTuple_1" xlink:title="reference: label_UppskjutenSkattSkillnaderSkattefordranTuple_1 to res_UppskjutenSkattSkillnaderSkattefordranTuple_1"/>
    <link:loc xlink:type="locator" xlink:href="se-gaap-ext-2021-10-31.xsd#se-gaap-ext_OvrigaRorelseintakterIntaktsslagTuple" xlink:label="label_OvrigaRorelseintakterIntaktsslagTuple_2" xlink:title="label_OvrigaRorelseintakterIntaktsslagTuple_2"/>
    <link:reference xlink:type="resource" xlink:label="res_OvrigaRorelseintakterIntaktsslagTuple_2" xlink:role="http://www.xbrl.org/2003/role/reference" xlink:title="res_OvrigaRorelseintakterIntaktsslagTuple_2" id="res_OvrigaRorelseintakterIntaktsslagTuple_2">
      <ref:Name>ÅRL</ref:Name>
      <ref:Number>1995:1554</ref:Number>
      <ref:Chapter>7</ref:Chapter>
      <ref:Paragraph>14</ref:Paragraph>
    </link:reference>
    <link:referenceArc xlink:type="arc" xlink:arcrole="http://www.xbrl.org/2003/arcrole/concept-reference" xlink:from="label_OvrigaRorelseintakterIntaktsslagTuple_2" xlink:to="res_OvrigaRorelseintakterIntaktsslagTuple_2" xlink:title="reference: label_OvrigaRorelseintakterIntaktsslagTuple_2 to res_OvrigaRorelseintakterIntaktsslagTuple_2"/>
    <link:loc xlink:type="locator" xlink:href="se-gaap-ext-2021-10-31.xsd#se-gaap-ext_TillgangarAvsattningarSkulderTuple" xlink:label="label_TillgangarAvsattningarSkulderTuple_4" xlink:title="label_TillgangarAvsattningarSkulderTuple_4"/>
    <link:reference xlink:type="resource" xlink:label="res_TillgangarAvsattningarSkulderTuple_4" xlink:role="http://www.xbrl.org/2003/role/reference" xlink:title="res_TillgangarAvsattningarSkulderTuple_4" id="res_TillgangarAvsattningarSkulderTuple_4">
      <ref:Name>ÅRL</ref:Name>
      <ref:Number>1995:1554</ref:Number>
      <ref:Chapter>7</ref:Chapter>
      <ref:Paragraph>8</ref:Paragraph>
    </link:reference>
    <link:referenceArc xlink:type="arc" xlink:arcrole="http://www.xbrl.org/2003/arcrole/concept-reference" xlink:from="label_TillgangarAvsattningarSkulderTuple_4" xlink:to="res_TillgangarAvsattningarSkulderTuple_4" xlink:title="reference: label_TillgangarAvsattningarSkulderTuple_4 to res_TillgangarAvsattningarSkulderTuple_4"/>
    <link:loc xlink:type="locator" xlink:href="se-gaap-ext-2021-10-31.xsd#se-gaap-ext_FinansiellaTillgangarInteTagitsBortBalansrakningenTuple" xlink:label="label_FinansiellaTillgangarInteTagitsBortBalansrakningenTuple_5" xlink:title="label_FinansiellaTillgangarInteTagitsBortBalansrakningenTuple_5"/>
    <link:reference xlink:type="resource" xlink:label="res_FinansiellaTillgangarInteTagitsBortBalansrakningenTuple_5" xlink:role="http://www.xbrl.org/2003/role/reference" xlink:title="res_FinansiellaTillgangarInteTagitsBortBalansrakningenTuple_5" id="res_FinansiellaTillgangarInteTagitsBortBalansrakningenTuple_5">
      <ref:Name>ÅRL</ref:Name>
      <ref:Number>1995:1554</ref:Number>
      <ref:Chapter>7</ref:Chapter>
      <ref:Paragraph>14</ref:Paragraph>
    </link:reference>
    <link:referenceArc xlink:type="arc" xlink:arcrole="http://www.xbrl.org/2003/arcrole/concept-reference" xlink:from="label_FinansiellaTillgangarInteTagitsBortBalansrakningenTuple_5" xlink:to="res_FinansiellaTillgangarInteTagitsBortBalansrakningenTuple_5" xlink:title="reference: label_FinansiellaTillgangarInteTagitsBortBalansrakningenTuple_5 to res_FinansiellaTillgangarInteTagitsBortBalansrakningenTuple_5"/>
    <link:loc xlink:type="locator" xlink:href="se-gaap-ext-2021-10-31.xsd#se-gaap-ext_OvrigaUpplupnaKostnaderForutbetaldaIntakterTuple" xlink:label="label_OvrigaUpplupnaKostnaderForutbetaldaIntakterTuple_6" xlink:title="label_OvrigaUpplupnaKostnaderForutbetaldaIntakterTuple_6"/>
    <link:reference xlink:type="resource" xlink:label="res_OvrigaUpplupnaKostnaderForutbetaldaIntakterTuple_6" xlink:role="http://www.xbrl.org/2003/role/reference" xlink:title="res_OvrigaUpplupnaKostnaderForutbetaldaIntakterTuple_6" id="res_OvrigaUpplupnaKostnaderForutbetaldaIntakterTuple_6">
      <ref:Name>ÅRL</ref:Name>
      <ref:Number>1995:1554</ref:Number>
      <ref:Chapter>7</ref:Chapter>
      <ref:Paragraph>8</ref:Paragraph>
    </link:reference>
    <link:referenceArc xlink:type="arc" xlink:arcrole="http://www.xbrl.org/2003/arcrole/concept-reference" xlink:from="label_OvrigaUpplupnaKostnaderForutbetaldaIntakterTuple_6" xlink:to="res_OvrigaUpplupnaKostnaderForutbetaldaIntakterTuple_6" xlink:title="reference: label_OvrigaUpplupnaKostnaderForutbetaldaIntakterTuple_6 to res_OvrigaUpplupnaKostnaderForutbetaldaIntakterTuple_6"/>
    <link:loc xlink:type="locator" xlink:href="se-gaap-ext-2021-10-31.xsd#se-gaap-ext_AvskrivningsprincipImmateriellaAnlaggningstillgangarHyresratterLiknandeRattigheterTuple" xlink:label="label_AvskrivningsprincipImmateriellaAnlaggningstillgangarHyresratterLiknandeRattigheterTuple_7" xlink:title="label_AvskrivningsprincipImmateriellaAnlaggningstillgangarHyresratterLiknandeRattigheterTuple_7"/>
    <link:reference xlink:type="resource" xlink:label="res_AvskrivningsprincipImmateriellaAnlaggningstillgangarHyresratterLiknandeRattigheterTuple_7" xlink:role="http://www.xbrl.org/2003/role/reference" xlink:title="res_AvskrivningsprincipImmateriellaAnlaggningstillgangarHyresratterLiknandeRattigheterTuple_7" id="res_AvskrivningsprincipImmateriellaAnlaggningstillgangarHyresratterLiknandeRattigheterTuple_7">
      <ref:Name>ÅRL</ref:Name>
      <ref:Number>1995:1554</ref:Number>
      <ref:Chapter>7</ref:Chapter>
      <ref:Paragraph>14</ref:Paragraph>
    </link:reference>
    <link:referenceArc xlink:type="arc" xlink:arcrole="http://www.xbrl.org/2003/arcrole/concept-reference" xlink:from="label_AvskrivningsprincipImmateriellaAnlaggningstillgangarHyresratterLiknandeRattigheterTuple_7" xlink:to="res_AvskrivningsprincipImmateriellaAnlaggningstillgangarHyresratterLiknandeRattigheterTuple_7" xlink:title="reference: label_AvskrivningsprincipImmateriellaAnlaggningstillgangarHyresratterLiknandeRattigheterTuple_7 to res_AvskrivningsprincipImmateriellaAnlaggningstillgangarHyresratterLiknandeRattigheterTuple_7"/>
    <link:loc xlink:type="locator" xlink:href="se-gaap-ext-2021-10-31.xsd#se-gaap-ext_DerivatinstrumentTuple" xlink:label="label_DerivatinstrumentTuple_8" xlink:title="label_DerivatinstrumentTuple_8"/>
    <link:reference xlink:type="resource" xlink:label="res_DerivatinstrumentTuple_8" xlink:role="http://www.xbrl.org/2003/role/reference" xlink:title="res_DerivatinstrumentTuple_8" id="res_DerivatinstrumentTuple_8">
      <ref:Name>ÅRL</ref:Name>
      <ref:Number>1995:1554</ref:Number>
      <ref:Chapter>7</ref:Chapter>
      <ref:Paragraph>14</ref:Paragraph>
    </link:reference>
    <link:referenceArc xlink:type="arc" xlink:arcrole="http://www.xbrl.org/2003/arcrole/concept-reference" xlink:from="label_DerivatinstrumentTuple_8" xlink:to="res_DerivatinstrumentTuple_8" xlink:title="reference: label_DerivatinstrumentTuple_8 to res_DerivatinstrumentTuple_8"/>
    <link:loc xlink:type="locator" xlink:href="se-gaap-ext-2021-10-31.xsd#se-gaap-ext_OvrigaForutbetaldaKostnaderUpplupnaIntakterTuple" xlink:label="label_OvrigaForutbetaldaKostnaderUpplupnaIntakterTuple_9" xlink:title="label_OvrigaForutbetaldaKostnaderUpplupnaIntakterTuple_9"/>
    <link:reference xlink:type="resource" xlink:label="res_OvrigaForutbetaldaKostnaderUpplupnaIntakterTuple_9" xlink:role="http://www.xbrl.org/2003/role/reference" xlink:title="res_OvrigaForutbetaldaKostnaderUpplupnaIntakterTuple_9" id="res_OvrigaForutbetaldaKostnaderUpplupnaIntakterTuple_9">
      <ref:Name>ÅRL</ref:Name>
      <ref:Number>1995:1554</ref:Number>
      <ref:Chapter>7</ref:Chapter>
      <ref:Paragraph>8</ref:Paragraph>
    </link:reference>
    <link:referenceArc xlink:type="arc" xlink:arcrole="http://www.xbrl.org/2003/arcrole/concept-reference" xlink:from="label_OvrigaForutbetaldaKostnaderUpplupnaIntakterTuple_9" xlink:to="res_OvrigaForutbetaldaKostnaderUpplupnaIntakterTuple_9" xlink:title="reference: label_OvrigaForutbetaldaKostnaderUpplupnaIntakterTuple_9 to res_OvrigaForutbetaldaKostnaderUpplupnaIntakterTuple_9"/>
    <link:loc xlink:type="locator" xlink:href="se-gaap-ext-2021-10-31.xsd#se-gaap-ext_UppskjutenSkattSkillnaderSkatteskuldTuple" xlink:label="label_UppskjutenSkattSkillnaderSkatteskuldTuple_10" xlink:title="label_UppskjutenSkattSkillnaderSkatteskuldTuple_10"/>
    <link:reference xlink:type="resource" xlink:label="res_UppskjutenSkattSkillnaderSkatteskuldTuple_10" xlink:role="http://www.xbrl.org/2003/role/reference" xlink:title="res_UppskjutenSkattSkillnaderSkatteskuldTuple_10" id="res_UppskjutenSkattSkillnaderSkatteskuldTuple_10">
      <ref:Name>ÅRL</ref:Name>
      <ref:Number>1995:1554</ref:Number>
      <ref:Chapter>7</ref:Chapter>
      <ref:Paragraph>14</ref:Paragraph>
    </link:reference>
    <link:referenceArc xlink:type="arc" xlink:arcrole="http://www.xbrl.org/2003/arcrole/concept-reference" xlink:from="label_UppskjutenSkattSkillnaderSkatteskuldTuple_10" xlink:to="res_UppskjutenSkattSkillnaderSkatteskuldTuple_10" xlink:title="reference: label_UppskjutenSkattSkillnaderSkatteskuldTuple_10 to res_UppskjutenSkattSkillnaderSkatteskuldTuple_10"/>
    <link:loc xlink:type="locator" xlink:href="se-gaap-ext-2021-10-31.xsd#se-gaap-ext_EventualForpliktelserTuple" xlink:label="label_EventualForpliktelserTuple_11" xlink:title="label_EventualForpliktelserTuple_11"/>
    <link:reference xlink:type="resource" xlink:label="res_EventualForpliktelserTuple_11" xlink:role="http://www.xbrl.org/2003/role/reference" xlink:title="res_EventualForpliktelserTuple_11" id="res_EventualForpliktelserTuple_11">
      <ref:Name>ÅRL</ref:Name>
      <ref:Number>1995:1554</ref:Number>
      <ref:Chapter>7</ref:Chapter>
      <ref:Paragraph>14</ref:Paragraph>
    </link:reference>
    <link:referenceArc xlink:type="arc" xlink:arcrole="http://www.xbrl.org/2003/arcrole/concept-reference" xlink:from="label_EventualForpliktelserTuple_11" xlink:to="res_EventualForpliktelserTuple_11" xlink:title="reference: label_EventualForpliktelserTuple_11 to res_EventualForpliktelserTuple_11"/>
    <link:loc xlink:type="locator" xlink:href="se-gaap-ext-2021-10-31.xsd#se-gaap-ext_ErsattningRevisorerTuple" xlink:label="label_ErsattningRevisorerTuple_12" xlink:title="label_ErsattningRevisorerTuple_12"/>
    <link:reference xlink:type="resource" xlink:label="res_ErsattningRevisorerTuple_12" xlink:role="http://www.xbrl.org/2003/role/reference" xlink:title="res_ErsattningRevisorerTuple_12" id="res_ErsattningRevisorerTuple_12">
      <ref:Name>ÅRL</ref:Name>
      <ref:Number>1995:1554</ref:Number>
      <ref:Chapter>7</ref:Chapter>
      <ref:Paragraph>14</ref:Paragraph>
    </link:reference>
    <link:referenceArc xlink:type="arc" xlink:arcrole="http://www.xbrl.org/2003/arcrole/concept-reference" xlink:from="label_ErsattningRevisorerTuple_12" xlink:to="res_ErsattningRevisorerTuple_12" xlink:title="reference: label_ErsattningRevisorerTuple_12 to res_ErsattningRevisorerTuple_12"/>
    <link:loc xlink:type="locator" xlink:href="se-gaap-ext-2021-10-31.xsd#se-gaap-ext_InnehavAndelarIntresseforetagGemensamtStyrdaForetagInklusiveUppgiftForetagTuple" xlink:label="label_InnehavAndelarIntresseforetagGemensamtStyrdaForetagInklusiveUppgiftForetagTuple_13" xlink:title="label_InnehavAndelarIntresseforetagGemensamtStyrdaForetagInklusiveUppgiftForetagTuple_13"/>
    <link:reference xlink:type="resource" xlink:label="res_InnehavAndelarIntresseforetagGemensamtStyrdaForetagInklusiveUppgiftForetagTuple_13" xlink:role="http://www.xbrl.org/2003/role/reference" xlink:title="res_InnehavAndelarIntresseforetagGemensamtStyrdaForetagInklusiveUppgiftForetagTuple_13" id="res_InnehavAndelarIntresseforetagGemensamtStyrdaForetagInklusiveUppgiftForetagTuple_13">
      <ref:Name>ÅRL</ref:Name>
      <ref:Number>1995:1554</ref:Number>
      <ref:Chapter>7</ref:Chapter>
      <ref:Paragraph>16</ref:Paragraph>
    </link:reference>
    <link:referenceArc xlink:type="arc" xlink:arcrole="http://www.xbrl.org/2003/arcrole/concept-reference" xlink:from="label_InnehavAndelarIntresseforetagGemensamtStyrdaForetagInklusiveUppgiftForetagTuple_13" xlink:to="res_InnehavAndelarIntresseforetagGemensamtStyrdaForetagInklusiveUppgiftForetagTuple_13" xlink:title="reference: label_InnehavAndelarIntresseforetagGemensamtStyrdaForetagInklusiveUppgiftForetagTuple_13 to res_InnehavAndelarIntresseforetagGemensamtStyrdaForetagInklusiveUppgiftForetagTuple_13"/>
    <link:loc xlink:type="locator" xlink:href="se-gaap-ext-2021-10-31.xsd#se-gaap-ext_InnehavAndelarIntresseforetagGemensamtStyrdaForetagInklusiveUppgiftForetagTuple" xlink:label="label_InnehavAndelarIntresseforetagGemensamtStyrdaForetagInklusiveUppgiftForetagTuple_14" xlink:title="label_InnehavAndelarIntresseforetagGemensamtStyrdaForetagInklusiveUppgiftForetagTuple_14"/>
    <link:reference xlink:type="resource" xlink:label="res_InnehavAndelarIntresseforetagGemensamtStyrdaForetagInklusiveUppgiftForetagTuple_14" xlink:role="http://www.xbrl.org/2003/role/reference" xlink:title="res_InnehavAndelarIntresseforetagGemensamtStyrdaForetagInklusiveUppgiftForetagTuple_14" id="res_InnehavAndelarIntresseforetagGemensamtStyrdaForetagInklusiveUppgiftForetagTuple_14">
      <ref:Name>ÅRL</ref:Name>
      <ref:Number>1995:1554</ref:Number>
      <ref:Chapter>7</ref:Chapter>
      <ref:Paragraph>17</ref:Paragraph>
    </link:reference>
    <link:referenceArc xlink:type="arc" xlink:arcrole="http://www.xbrl.org/2003/arcrole/concept-reference" xlink:from="label_InnehavAndelarIntresseforetagGemensamtStyrdaForetagInklusiveUppgiftForetagTuple_14" xlink:to="res_InnehavAndelarIntresseforetagGemensamtStyrdaForetagInklusiveUppgiftForetagTuple_14" xlink:title="reference: label_InnehavAndelarIntresseforetagGemensamtStyrdaForetagInklusiveUppgiftForetagTuple_14 to res_InnehavAndelarIntresseforetagGemensamtStyrdaForetagInklusiveUppgiftForetagTuple_14"/>
    <link:loc xlink:type="locator" xlink:href="se-gaap-ext-2021-10-31.xsd#se-gaap-ext_OvrigaAvsattningarSpecifikationTuple" xlink:label="label_OvrigaAvsattningarSpecifikationTuple_15" xlink:title="label_OvrigaAvsattningarSpecifikationTuple_15"/>
    <link:reference xlink:type="resource" xlink:label="res_OvrigaAvsattningarSpecifikationTuple_15" xlink:role="http://www.xbrl.org/2003/role/reference" xlink:title="res_OvrigaAvsattningarSpecifikationTuple_15" id="res_OvrigaAvsattningarSpecifikationTuple_15">
      <ref:Name>ÅRL</ref:Name>
      <ref:Number>1995:1554</ref:Number>
      <ref:Chapter>7</ref:Chapter>
      <ref:Paragraph>8</ref:Paragraph>
    </link:reference>
    <link:referenceArc xlink:type="arc" xlink:arcrole="http://www.xbrl.org/2003/arcrole/concept-reference" xlink:from="label_OvrigaAvsattningarSpecifikationTuple_15" xlink:to="res_OvrigaAvsattningarSpecifikationTuple_15" xlink:title="reference: label_OvrigaAvsattningarSpecifikationTuple_15 to res_OvrigaAvsattningarSpecifikationTuple_15"/>
    <link:loc xlink:type="locator" xlink:href="se-gaap-ext-2021-10-31.xsd#se-gaap-ext_StalldaSakerheterEgnaSkulderAvsattningarTuple" xlink:label="label_StalldaSakerheterEgnaSkulderAvsattningarTuple_16" xlink:title="label_StalldaSakerheterEgnaSkulderAvsattningarTuple_16"/>
    <link:reference xlink:type="resource" xlink:label="res_StalldaSakerheterEgnaSkulderAvsattningarTuple_16" xlink:role="http://www.xbrl.org/2003/role/reference" xlink:title="res_StalldaSakerheterEgnaSkulderAvsattningarTuple_16" id="res_StalldaSakerheterEgnaSkulderAvsattningarTuple_16">
      <ref:Name>ÅRL</ref:Name>
      <ref:Number>1995:1554</ref:Number>
      <ref:Chapter>7</ref:Chapter>
      <ref:Paragraph>14</ref:Paragraph>
    </link:reference>
    <link:referenceArc xlink:type="arc" xlink:arcrole="http://www.xbrl.org/2003/arcrole/concept-reference" xlink:from="label_StalldaSakerheterEgnaSkulderAvsattningarTuple_16" xlink:to="res_StalldaSakerheterEgnaSkulderAvsattningarTuple_16" xlink:title="reference: label_StalldaSakerheterEgnaSkulderAvsattningarTuple_16 to res_StalldaSakerheterEgnaSkulderAvsattningarTuple_16"/>
    <link:loc xlink:type="locator" xlink:href="se-gaap-ext-2021-10-31.xsd#se-gaap-ext_LonerAndraErsattningarPubliktAktiebolagTuple" xlink:label="label_LonerAndraErsattningarPubliktAktiebolagTuple_17" xlink:title="label_LonerAndraErsattningarPubliktAktiebolagTuple_17"/>
    <link:reference xlink:type="resource" xlink:label="res_LonerAndraErsattningarPubliktAktiebolagTuple_17" xlink:role="http://www.xbrl.org/2003/role/reference" xlink:title="res_LonerAndraErsattningarPubliktAktiebolagTuple_17" id="res_LonerAndraErsattningarPubliktAktiebolagTuple_17">
      <ref:Name>ÅRL</ref:Name>
      <ref:Number>1995:1554</ref:Number>
      <ref:Chapter>7</ref:Chapter>
      <ref:Paragraph>14</ref:Paragraph>
    </link:reference>
    <link:referenceArc xlink:type="arc" xlink:arcrole="http://www.xbrl.org/2003/arcrole/concept-reference" xlink:from="label_LonerAndraErsattningarPubliktAktiebolagTuple_17" xlink:to="res_LonerAndraErsattningarPubliktAktiebolagTuple_17" xlink:title="reference: label_LonerAndraErsattningarPubliktAktiebolagTuple_17 to res_LonerAndraErsattningarPubliktAktiebolagTuple_17"/>
    <link:loc xlink:type="locator" xlink:href="se-gaap-ext-2021-10-31.xsd#se-gaap-ext_StalldaSakerheterFormanKoncernIntresseGemensamtStyrdaForetagTuple" xlink:label="label_StalldaSakerheterFormanKoncernIntresseGemensamtStyrdaForetagTuple_18" xlink:title="label_StalldaSakerheterFormanKoncernIntresseGemensamtStyrdaForetagTuple_18"/>
    <link:reference xlink:type="resource" xlink:label="res_StalldaSakerheterFormanKoncernIntresseGemensamtStyrdaForetagTuple_18" xlink:role="http://www.xbrl.org/2003/role/reference" xlink:title="res_StalldaSakerheterFormanKoncernIntresseGemensamtStyrdaForetagTuple_18" id="res_StalldaSakerheterFormanKoncernIntresseGemensamtStyrdaForetagTuple_18">
      <ref:Name>ÅRL</ref:Name>
      <ref:Number>1995:1554</ref:Number>
      <ref:Chapter>7</ref:Chapter>
      <ref:Paragraph>14</ref:Paragraph>
    </link:reference>
    <link:referenceArc xlink:type="arc" xlink:arcrole="http://www.xbrl.org/2003/arcrole/concept-reference" xlink:from="label_StalldaSakerheterFormanKoncernIntresseGemensamtStyrdaForetagTuple_18" xlink:to="res_StalldaSakerheterFormanKoncernIntresseGemensamtStyrdaForetagTuple_18" xlink:title="reference: label_StalldaSakerheterFormanKoncernIntresseGemensamtStyrdaForetagTuple_18 to res_StalldaSakerheterFormanKoncernIntresseGemensamtStyrdaForetagTuple_18"/>
    <link:loc xlink:type="locator" xlink:href="se-gaap-ext-2021-10-31.xsd#se-gaap-ext_AvskrivningsprincipMateriellaAnlaggningstillgangarByggnaderTuple" xlink:label="label_AvskrivningsprincipMateriellaAnlaggningstillgangarByggnaderTuple_19" xlink:title="label_AvskrivningsprincipMateriellaAnlaggningstillgangarByggnaderTuple_19"/>
    <link:reference xlink:type="resource" xlink:label="res_AvskrivningsprincipMateriellaAnlaggningstillgangarByggnaderTuple_19" xlink:role="http://www.xbrl.org/2003/role/reference" xlink:title="res_AvskrivningsprincipMateriellaAnlaggningstillgangarByggnaderTuple_19" id="res_AvskrivningsprincipMateriellaAnlaggningstillgangarByggnaderTuple_19">
      <ref:Name>ÅRL</ref:Name>
      <ref:Number>1995:1554</ref:Number>
      <ref:Chapter>7</ref:Chapter>
      <ref:Paragraph>14</ref:Paragraph>
    </link:reference>
    <link:referenceArc xlink:type="arc" xlink:arcrole="http://www.xbrl.org/2003/arcrole/concept-reference" xlink:from="label_AvskrivningsprincipMateriellaAnlaggningstillgangarByggnaderTuple_19" xlink:to="res_AvskrivningsprincipMateriellaAnlaggningstillgangarByggnaderTuple_19" xlink:title="reference: label_AvskrivningsprincipMateriellaAnlaggningstillgangarByggnaderTuple_19 to res_AvskrivningsprincipMateriellaAnlaggningstillgangarByggnaderTuple_19"/>
    <link:loc xlink:type="locator" xlink:href="se-gaap-ext-2021-10-31.xsd#se-gaap-ext_RedovisadPensionskostnadEnligtIASTuple" xlink:label="label_RedovisadPensionskostnadEnligtIASTuple_20" xlink:title="label_RedovisadPensionskostnadEnligtIASTuple_20"/>
    <link:reference xlink:type="resource" xlink:label="res_RedovisadPensionskostnadEnligtIASTuple_20" xlink:role="http://www.xbrl.org/2003/role/reference" xlink:title="res_RedovisadPensionskostnadEnligtIASTuple_20" id="res_RedovisadPensionskostnadEnligtIASTuple_20">
      <ref:Name>ÅRL</ref:Name>
      <ref:Number>1995:1554</ref:Number>
      <ref:Chapter>7</ref:Chapter>
      <ref:Paragraph>14</ref:Paragraph>
    </link:reference>
    <link:referenceArc xlink:type="arc" xlink:arcrole="http://www.xbrl.org/2003/arcrole/concept-reference" xlink:from="label_RedovisadPensionskostnadEnligtIASTuple_20" xlink:to="res_RedovisadPensionskostnadEnligtIASTuple_20" xlink:title="reference: label_RedovisadPensionskostnadEnligtIASTuple_20 to res_RedovisadPensionskostnadEnligtIASTuple_20"/>
    <link:loc xlink:type="locator" xlink:href="se-gaap-ext-2021-10-31.xsd#se-gaap-ext_AvskrivningsprincipMateriellaAnlaggningstillgangarForbattringsutgifterAnnansFastighetTuple" xlink:label="label_AvskrivningsprincipMateriellaAnlaggningstillgangarForbattringsutgifterAnnansFastighetTuple_21" xlink:title="label_AvskrivningsprincipMateriellaAnlaggningstillgangarForbattringsutgifterAnnansFastighetTuple_21"/>
    <link:reference xlink:type="resource" xlink:label="res_AvskrivningsprincipMateriellaAnlaggningstillgangarForbattringsutgifterAnnansFastighetTuple_21" xlink:role="http://www.xbrl.org/2003/role/reference" xlink:title="res_AvskrivningsprincipMateriellaAnlaggningstillgangarForbattringsutgifterAnnansFastighetTuple_21" id="res_AvskrivningsprincipMateriellaAnlaggningstillgangarForbattringsutgifterAnnansFastighetTuple_21">
      <ref:Name>ÅRL</ref:Name>
      <ref:Number>1995:1554</ref:Number>
      <ref:Chapter>7</ref:Chapter>
      <ref:Paragraph>14</ref:Paragraph>
    </link:reference>
    <link:referenceArc xlink:type="arc" xlink:arcrole="http://www.xbrl.org/2003/arcrole/concept-reference" xlink:from="label_AvskrivningsprincipMateriellaAnlaggningstillgangarForbattringsutgifterAnnansFastighetTuple_21" xlink:to="res_AvskrivningsprincipMateriellaAnlaggningstillgangarForbattringsutgifterAnnansFastighetTuple_21" xlink:title="reference: label_AvskrivningsprincipMateriellaAnlaggningstillgangarForbattringsutgifterAnnansFastighetTuple_21 to res_AvskrivningsprincipMateriellaAnlaggningstillgangarForbattringsutgifterAnnansFastighetTuple_21"/>
    <link:loc xlink:type="locator" xlink:href="se-gaap-ext-2021-10-31.xsd#se-gaap-ext_AvskrivningsprincipMateriellaAnlaggningstillgangarInventarierVerktygInstallationerTuple" xlink:label="label_AvskrivningsprincipMateriellaAnlaggningstillgangarInventarierVerktygInstallationerTuple_22" xlink:title="label_AvskrivningsprincipMateriellaAnlaggningstillgangarInventarierVerktygInstallationerTuple_22"/>
    <link:reference xlink:type="resource" xlink:label="res_AvskrivningsprincipMateriellaAnlaggningstillgangarInventarierVerktygInstallationerTuple_22" xlink:role="http://www.xbrl.org/2003/role/reference" xlink:title="res_AvskrivningsprincipMateriellaAnlaggningstillgangarInventarierVerktygInstallationerTuple_22" id="res_AvskrivningsprincipMateriellaAnlaggningstillgangarInventarierVerktygInstallationerTuple_22">
      <ref:Name>ÅRL</ref:Name>
      <ref:Number>1995:1554</ref:Number>
      <ref:Chapter>7</ref:Chapter>
      <ref:Paragraph>14</ref:Paragraph>
    </link:reference>
    <link:referenceArc xlink:type="arc" xlink:arcrole="http://www.xbrl.org/2003/arcrole/concept-reference" xlink:from="label_AvskrivningsprincipMateriellaAnlaggningstillgangarInventarierVerktygInstallationerTuple_22" xlink:to="res_AvskrivningsprincipMateriellaAnlaggningstillgangarInventarierVerktygInstallationerTuple_22" xlink:title="reference: label_AvskrivningsprincipMateriellaAnlaggningstillgangarInventarierVerktygInstallationerTuple_22 to res_AvskrivningsprincipMateriellaAnlaggningstillgangarInventarierVerktygInstallationerTuple_22"/>
    <link:loc xlink:type="locator" xlink:href="se-gaap-ext-2021-10-31.xsd#se-gaap-ext_OvrigaPosterInteIngarKassaflodetTuple" xlink:label="label_OvrigaPosterInteIngarKassaflodetTuple_23" xlink:title="label_OvrigaPosterInteIngarKassaflodetTuple_23"/>
    <link:reference xlink:type="resource" xlink:label="res_OvrigaPosterInteIngarKassaflodetTuple_23" xlink:role="http://www.xbrl.org/2003/role/reference" xlink:title="res_OvrigaPosterInteIngarKassaflodetTuple_23" id="res_OvrigaPosterInteIngarKassaflodetTuple_23">
      <ref:Name>ÅRL</ref:Name>
      <ref:Number>1995:1554</ref:Number>
      <ref:Chapter>7</ref:Chapter>
      <ref:Paragraph>31</ref:Paragraph>
      <ref:Section>1</ref:Section>
    </link:reference>
    <link:referenceArc xlink:type="arc" xlink:arcrole="http://www.xbrl.org/2003/arcrole/concept-reference" xlink:from="label_OvrigaPosterInteIngarKassaflodetTuple_23" xlink:to="res_OvrigaPosterInteIngarKassaflodetTuple_23" xlink:title="reference: label_OvrigaPosterInteIngarKassaflodetTuple_23 to res_OvrigaPosterInteIngarKassaflodetTuple_23"/>
    <link:loc xlink:type="locator" xlink:href="se-gaap-ext-2021-10-31.xsd#se-gaap-ext_AvskrivningsprincipMateriellaAnlaggningstillgangarMaskinerAndraTekniskaAnlaggningarTuple" xlink:label="label_AvskrivningsprincipMateriellaAnlaggningstillgangarMaskinerAndraTekniskaAnlaggningarTuple_24" xlink:title="label_AvskrivningsprincipMateriellaAnlaggningstillgangarMaskinerAndraTekniskaAnlaggningarTuple_24"/>
    <link:reference xlink:type="resource" xlink:label="res_AvskrivningsprincipMateriellaAnlaggningstillgangarMaskinerAndraTekniskaAnlaggningarTuple_24" xlink:role="http://www.xbrl.org/2003/role/reference" xlink:title="res_AvskrivningsprincipMateriellaAnlaggningstillgangarMaskinerAndraTekniskaAnlaggningarTuple_24" id="res_AvskrivningsprincipMateriellaAnlaggningstillgangarMaskinerAndraTekniskaAnlaggningarTuple_24">
      <ref:Name>ÅRL</ref:Name>
      <ref:Number>1995:1554</ref:Number>
      <ref:Chapter>7</ref:Chapter>
      <ref:Paragraph>14</ref:Paragraph>
    </link:reference>
    <link:referenceArc xlink:type="arc" xlink:arcrole="http://www.xbrl.org/2003/arcrole/concept-reference" xlink:from="label_AvskrivningsprincipMateriellaAnlaggningstillgangarMaskinerAndraTekniskaAnlaggningarTuple_24" xlink:to="res_AvskrivningsprincipMateriellaAnlaggningstillgangarMaskinerAndraTekniskaAnlaggningarTuple_24" xlink:title="reference: label_AvskrivningsprincipMateriellaAnlaggningstillgangarMaskinerAndraTekniskaAnlaggningarTuple_24 to res_AvskrivningsprincipMateriellaAnlaggningstillgangarMaskinerAndraTekniskaAnlaggningarTuple_24"/>
    <link:loc xlink:type="locator" xlink:href="se-gaap-ext-2021-10-31.xsd#se-gaap-ext_AvskrivningsprincipImmateriellaAnlaggningstillgangarGoodwillTuple" xlink:label="label_AvskrivningsprincipImmateriellaAnlaggningstillgangarGoodwillTuple_25" xlink:title="label_AvskrivningsprincipImmateriellaAnlaggningstillgangarGoodwillTuple_25"/>
    <link:reference xlink:type="resource" xlink:label="res_AvskrivningsprincipImmateriellaAnlaggningstillgangarGoodwillTuple_25" xlink:role="http://www.xbrl.org/2003/role/reference" xlink:title="res_AvskrivningsprincipImmateriellaAnlaggningstillgangarGoodwillTuple_25" id="res_AvskrivningsprincipImmateriellaAnlaggningstillgangarGoodwillTuple_25">
      <ref:Name>ÅRL</ref:Name>
      <ref:Number>1995:1554</ref:Number>
      <ref:Chapter>7</ref:Chapter>
      <ref:Paragraph>14</ref:Paragraph>
    </link:reference>
    <link:referenceArc xlink:type="arc" xlink:arcrole="http://www.xbrl.org/2003/arcrole/concept-reference" xlink:from="label_AvskrivningsprincipImmateriellaAnlaggningstillgangarGoodwillTuple_25" xlink:to="res_AvskrivningsprincipImmateriellaAnlaggningstillgangarGoodwillTuple_25" xlink:title="reference: label_AvskrivningsprincipImmateriellaAnlaggningstillgangarGoodwillTuple_25 to res_AvskrivningsprincipImmateriellaAnlaggningstillgangarGoodwillTuple_25"/>
    <link:loc xlink:type="locator" xlink:href="se-gaap-ext-2021-10-31.xsd#se-gaap-ext_LanderfordelningMedelantaletAnstalldaTuple" xlink:label="label_LanderfordelningMedelantaletAnstalldaTuple_26" xlink:title="label_LanderfordelningMedelantaletAnstalldaTuple_26"/>
    <link:reference xlink:type="resource" xlink:label="res_LanderfordelningMedelantaletAnstalldaTuple_26" xlink:role="http://www.xbrl.org/2003/role/reference" xlink:title="res_LanderfordelningMedelantaletAnstalldaTuple_26" id="res_LanderfordelningMedelantaletAnstalldaTuple_26">
      <ref:Name>ÅRL</ref:Name>
      <ref:Number>1995:1554</ref:Number>
      <ref:Chapter>7</ref:Chapter>
      <ref:Paragraph>14</ref:Paragraph>
    </link:reference>
    <link:referenceArc xlink:type="arc" xlink:arcrole="http://www.xbrl.org/2003/arcrole/concept-reference" xlink:from="label_LanderfordelningMedelantaletAnstalldaTuple_26" xlink:to="res_LanderfordelningMedelantaletAnstalldaTuple_26" xlink:title="reference: label_LanderfordelningMedelantaletAnstalldaTuple_26 to res_LanderfordelningMedelantaletAnstalldaTuple_26"/>
    <link:loc xlink:type="locator" xlink:href="se-gaap-ext-2021-10-31.xsd#se-gaap-ext_NettoomsattningGeografiskMarknadTuple" xlink:label="label_NettoomsattningGeografiskMarknadTuple_27" xlink:title="label_NettoomsattningGeografiskMarknadTuple_27"/>
    <link:reference xlink:type="resource" xlink:label="res_NettoomsattningGeografiskMarknadTuple_27" xlink:role="http://www.xbrl.org/2003/role/reference" xlink:title="res_NettoomsattningGeografiskMarknadTuple_27" id="res_NettoomsattningGeografiskMarknadTuple_27">
      <ref:Name>ÅRL</ref:Name>
      <ref:Number>1995:1554</ref:Number>
      <ref:Chapter>7</ref:Chapter>
      <ref:Paragraph>14</ref:Paragraph>
    </link:reference>
    <link:referenceArc xlink:type="arc" xlink:arcrole="http://www.xbrl.org/2003/arcrole/concept-reference" xlink:from="label_NettoomsattningGeografiskMarknadTuple_27" xlink:to="res_NettoomsattningGeografiskMarknadTuple_27" xlink:title="reference: label_NettoomsattningGeografiskMarknadTuple_27 to res_NettoomsattningGeografiskMarknadTuple_27"/>
    <link:loc xlink:type="locator" xlink:href="se-gaap-ext-2021-10-31.xsd#se-gaap-ext_NettoomsattningVerksamhetsgrenTuple" xlink:label="label_NettoomsattningVerksamhetsgrenTuple_28" xlink:title="label_NettoomsattningVerksamhetsgrenTuple_28"/>
    <link:reference xlink:type="resource" xlink:label="res_NettoomsattningVerksamhetsgrenTuple_28" xlink:role="http://www.xbrl.org/2003/role/reference" xlink:title="res_NettoomsattningVerksamhetsgrenTuple_28" id="res_NettoomsattningVerksamhetsgrenTuple_28">
      <ref:Name>ÅRL</ref:Name>
      <ref:Number>1995:1554</ref:Number>
      <ref:Chapter>7</ref:Chapter>
      <ref:Paragraph>14</ref:Paragraph>
    </link:reference>
    <link:referenceArc xlink:type="arc" xlink:arcrole="http://www.xbrl.org/2003/arcrole/concept-reference" xlink:from="label_NettoomsattningVerksamhetsgrenTuple_28" xlink:to="res_NettoomsattningVerksamhetsgrenTuple_28" xlink:title="reference: label_NettoomsattningVerksamhetsgrenTuple_28 to res_NettoomsattningVerksamhetsgrenTuple_28"/>
    <link:loc xlink:type="locator" xlink:href="se-gaap-ext-2021-10-31.xsd#se-gaap-ext_AvskrivningsprincipImmateriellaAnlaggningstillgangarBalanseradeUtgifterUtvecklingsarbetenLiknandeArbetenTuple" xlink:label="label_AvskrivningsprincipImmateriellaAnlaggningstillgangarBalanseradeUtgifterUtvecklingsarbetenLiknandeArbetenTuple_29" xlink:title="label_AvskrivningsprincipImmateriellaAnlaggningstillgangarBalanseradeUtgifterUtvecklingsarbetenLiknandeArbetenTuple_29"/>
    <link:reference xlink:type="resource" xlink:label="res_AvskrivningsprincipImmateriellaAnlaggningstillgangarBalanseradeUtgifterUtvecklingsarbetenLiknandeArbetenTuple_29" xlink:role="http://www.xbrl.org/2003/role/reference" xlink:title="res_AvskrivningsprincipImmateriellaAnlaggningstillgangarBalanseradeUtgifterUtvecklingsarbetenLiknandeArbetenTuple_29" id="res_AvskrivningsprincipImmateriellaAnlaggningstillgangarBalanseradeUtgifterUtvecklingsarbetenLiknandeArbetenTuple_29">
      <ref:Name>ÅRL</ref:Name>
      <ref:Number>1995:1554</ref:Number>
      <ref:Chapter>7</ref:Chapter>
      <ref:Paragraph>14</ref:Paragraph>
    </link:reference>
    <link:referenceArc xlink:type="arc" xlink:arcrole="http://www.xbrl.org/2003/arcrole/concept-reference" xlink:from="label_AvskrivningsprincipImmateriellaAnlaggningstillgangarBalanseradeUtgifterUtvecklingsarbetenLiknandeArbetenTuple_29" xlink:to="res_AvskrivningsprincipImmateriellaAnlaggningstillgangarBalanseradeUtgifterUtvecklingsarbetenLiknandeArbetenTuple_29" xlink:title="reference: label_AvskrivningsprincipImmateriellaAnlaggningstillgangarBalanseradeUtgifterUtvecklingsarbetenLiknandeArbetenTuple_29 to res_AvskrivningsprincipImmateriellaAnlaggningstillgangarBalanseradeUtgifterUtvecklingsarbetenLiknandeArbetenTuple_29"/>
    <link:loc xlink:type="locator" xlink:href="se-gaap-ext-2021-10-31.xsd#se-gaap-ext_OvrigaStalldaSakerheterEgnaSkulderAvsattningarTuple" xlink:label="label_OvrigaStalldaSakerheterEgnaSkulderAvsattningarTuple_30" xlink:title="label_OvrigaStalldaSakerheterEgnaSkulderAvsattningarTuple_30"/>
    <link:reference xlink:type="resource" xlink:label="res_OvrigaStalldaSakerheterEgnaSkulderAvsattningarTuple_30" xlink:role="http://www.xbrl.org/2003/role/reference" xlink:title="res_OvrigaStalldaSakerheterEgnaSkulderAvsattningarTuple_30" id="res_OvrigaStalldaSakerheterEgnaSkulderAvsattningarTuple_30">
      <ref:Name>ÅRL</ref:Name>
      <ref:Number>1995:1554</ref:Number>
      <ref:Chapter>7</ref:Chapter>
      <ref:Paragraph>14</ref:Paragraph>
    </link:reference>
    <link:referenceArc xlink:type="arc" xlink:arcrole="http://www.xbrl.org/2003/arcrole/concept-reference" xlink:from="label_OvrigaStalldaSakerheterEgnaSkulderAvsattningarTuple_30" xlink:to="res_OvrigaStalldaSakerheterEgnaSkulderAvsattningarTuple_30" xlink:title="reference: label_OvrigaStalldaSakerheterEgnaSkulderAvsattningarTuple_30 to res_OvrigaStalldaSakerheterEgnaSkulderAvsattningarTuple_30"/>
    <link:loc xlink:type="locator" xlink:href="se-gaap-ext-2021-10-31.xsd#se-gaap-ext_ExceptionellaKostnaderTuple" xlink:label="label_ExceptionellaKostnaderTuple_31" xlink:title="label_ExceptionellaKostnaderTuple_31"/>
    <link:reference xlink:type="resource" xlink:label="res_ExceptionellaKostnaderTuple_31" xlink:role="http://www.xbrl.org/2003/role/reference" xlink:title="res_ExceptionellaKostnaderTuple_31" id="res_ExceptionellaKostnaderTuple_31">
      <ref:Name>ÅRL</ref:Name>
      <ref:Number>1995:1554</ref:Number>
      <ref:Chapter>7</ref:Chapter>
      <ref:Paragraph>14</ref:Paragraph>
    </link:reference>
    <link:referenceArc xlink:type="arc" xlink:arcrole="http://www.xbrl.org/2003/arcrole/concept-reference" xlink:from="label_ExceptionellaKostnaderTuple_31" xlink:to="res_ExceptionellaKostnaderTuple_31" xlink:title="reference: label_ExceptionellaKostnaderTuple_31 to res_ExceptionellaKostnaderTuple_31"/>
    <link:loc xlink:type="locator" xlink:href="se-gaap-ext-2021-10-31.xsd#se-gaap-ext_LangfristigaSkulderForfallerTuple" xlink:label="label_LangfristigaSkulderForfallerTuple_32" xlink:title="label_LangfristigaSkulderForfallerTuple_32"/>
    <link:reference xlink:type="resource" xlink:label="res_LangfristigaSkulderForfallerTuple_32" xlink:role="http://www.xbrl.org/2003/role/reference" xlink:title="res_LangfristigaSkulderForfallerTuple_32" id="res_LangfristigaSkulderForfallerTuple_32">
      <ref:Name>ÅRL</ref:Name>
      <ref:Number>1995:1554</ref:Number>
      <ref:Chapter>7</ref:Chapter>
      <ref:Paragraph>14</ref:Paragraph>
    </link:reference>
    <link:referenceArc xlink:type="arc" xlink:arcrole="http://www.xbrl.org/2003/arcrole/concept-reference" xlink:from="label_LangfristigaSkulderForfallerTuple_32" xlink:to="res_LangfristigaSkulderForfallerTuple_32" xlink:title="reference: label_LangfristigaSkulderForfallerTuple_32 to res_LangfristigaSkulderForfallerTuple_32"/>
    <link:loc xlink:type="locator" xlink:href="se-gaap-ext-2021-10-31.xsd#se-gaap-ext_AvskrivningsprincipImmateriellaAnlaggningstillgangarKoncessionerPatentLicenserVarumarkenLiknandeRattigheterTuple" xlink:label="label_AvskrivningsprincipImmateriellaAnlaggningstillgangarKoncessionerPatentLicenserVarumarkenLiknandeRattigheterTuple_33" xlink:title="label_AvskrivningsprincipImmateriellaAnlaggningstillgangarKoncessionerPatentLicenserVarumarkenLiknandeRattigheterTuple_33"/>
    <link:reference xlink:type="resource" xlink:label="res_AvskrivningsprincipImmateriellaAnlaggningstillgangarKoncessionerPatentLicenserVarumarkenLiknandeRattigheterTuple_33" xlink:role="http://www.xbrl.org/2003/role/reference" xlink:title="res_AvskrivningsprincipImmateriellaAnlaggningstillgangarKoncessionerPatentLicenserVarumarkenLiknandeRattigheterTuple_33" id="res_AvskrivningsprincipImmateriellaAnlaggningstillgangarKoncessionerPatentLicenserVarumarkenLiknandeRattigheterTuple_33">
      <ref:Name>ÅRL</ref:Name>
      <ref:Number>1995:1554</ref:Number>
      <ref:Chapter>7</ref:Chapter>
      <ref:Paragraph>14</ref:Paragraph>
    </link:reference>
    <link:referenceArc xlink:type="arc" xlink:arcrole="http://www.xbrl.org/2003/arcrole/concept-reference" xlink:from="label_AvskrivningsprincipImmateriellaAnlaggningstillgangarKoncessionerPatentLicenserVarumarkenLiknandeRattigheterTuple_33" xlink:to="res_AvskrivningsprincipImmateriellaAnlaggningstillgangarKoncessionerPatentLicenserVarumarkenLiknandeRattigheterTuple_33" xlink:title="reference: label_AvskrivningsprincipImmateriellaAnlaggningstillgangarKoncessionerPatentLicenserVarumarkenLiknandeRattigheterTuple_33 to res_AvskrivningsprincipImmateriellaAnlaggningstillgangarKoncessionerPatentLicenserVarumarkenLiknandeRattigheterTuple_33"/>
    <link:loc xlink:type="locator" xlink:href="se-gaap-ext-2021-10-31.xsd#se-gaap-ext_ExceptionellaIntakterTuple" xlink:label="label_ExceptionellaIntakterTuple_34" xlink:title="label_ExceptionellaIntakterTuple_34"/>
    <link:reference xlink:type="resource" xlink:label="res_ExceptionellaIntakterTuple_34" xlink:role="http://www.xbrl.org/2003/role/reference" xlink:title="res_ExceptionellaIntakterTuple_34" id="res_ExceptionellaIntakterTuple_34">
      <ref:Name>ÅRL</ref:Name>
      <ref:Number>1995:1554</ref:Number>
      <ref:Chapter>7</ref:Chapter>
      <ref:Paragraph>14</ref:Paragraph>
    </link:reference>
    <link:referenceArc xlink:type="arc" xlink:arcrole="http://www.xbrl.org/2003/arcrole/concept-reference" xlink:from="label_ExceptionellaIntakterTuple_34" xlink:to="res_ExceptionellaIntakterTuple_34" xlink:title="reference: label_ExceptionellaIntakterTuple_34 to res_ExceptionellaIntakterTuple_34"/>
    <link:loc xlink:type="locator" xlink:href="se-gaap-ext-2021-10-31.xsd#se-gaap-ext_InnehavAndelarAgarintressenOvrigaForetagInklusiveUppgiftForetagTuple" xlink:label="label_InnehavAndelarAgarintressenOvrigaForetagInklusiveUppgiftForetagTuple_35" xlink:title="label_InnehavAndelarAgarintressenOvrigaForetagInklusiveUppgiftForetagTuple_35"/>
    <link:reference xlink:type="resource" xlink:label="res_InnehavAndelarAgarintressenOvrigaForetagInklusiveUppgiftForetagTuple_35" xlink:role="http://www.xbrl.org/2003/role/reference" xlink:title="res_InnehavAndelarAgarintressenOvrigaForetagInklusiveUppgiftForetagTuple_35" id="res_InnehavAndelarAgarintressenOvrigaForetagInklusiveUppgiftForetagTuple_35">
      <ref:Name>ÅRL</ref:Name>
      <ref:Number>1995:1554</ref:Number>
      <ref:Chapter>7</ref:Chapter>
      <ref:Paragraph>16</ref:Paragraph>
    </link:reference>
    <link:referenceArc xlink:type="arc" xlink:arcrole="http://www.xbrl.org/2003/arcrole/concept-reference" xlink:from="label_InnehavAndelarAgarintressenOvrigaForetagInklusiveUppgiftForetagTuple_35" xlink:to="res_InnehavAndelarAgarintressenOvrigaForetagInklusiveUppgiftForetagTuple_35" xlink:title="reference: label_InnehavAndelarAgarintressenOvrigaForetagInklusiveUppgiftForetagTuple_35 to res_InnehavAndelarAgarintressenOvrigaForetagInklusiveUppgiftForetagTuple_35"/>
    <link:loc xlink:type="locator" xlink:href="se-gaap-ext-2021-10-31.xsd#se-gaap-ext_InnehavAndelarAgarintressenOvrigaForetagInklusiveUppgiftForetagTuple" xlink:label="label_InnehavAndelarAgarintressenOvrigaForetagInklusiveUppgiftForetagTuple_36" xlink:title="label_InnehavAndelarAgarintressenOvrigaForetagInklusiveUppgiftForetagTuple_36"/>
    <link:reference xlink:type="resource" xlink:label="res_InnehavAndelarAgarintressenOvrigaForetagInklusiveUppgiftForetagTuple_36" xlink:role="http://www.xbrl.org/2003/role/reference" xlink:title="res_InnehavAndelarAgarintressenOvrigaForetagInklusiveUppgiftForetagTuple_36" id="res_InnehavAndelarAgarintressenOvrigaForetagInklusiveUppgiftForetagTuple_36">
      <ref:Name>ÅRL</ref:Name>
      <ref:Number>1995:1554</ref:Number>
      <ref:Chapter>7</ref:Chapter>
      <ref:Paragraph>17</ref:Paragraph>
    </link:reference>
    <link:referenceArc xlink:type="arc" xlink:arcrole="http://www.xbrl.org/2003/arcrole/concept-reference" xlink:from="label_InnehavAndelarAgarintressenOvrigaForetagInklusiveUppgiftForetagTuple_36" xlink:to="res_InnehavAndelarAgarintressenOvrigaForetagInklusiveUppgiftForetagTuple_36" xlink:title="reference: label_InnehavAndelarAgarintressenOvrigaForetagInklusiveUppgiftForetagTuple_36 to res_InnehavAndelarAgarintressenOvrigaForetagInklusiveUppgiftForetagTuple_36"/>
    <link:loc xlink:type="locator" xlink:href="se-gaap-ext-2021-10-31.xsd#se-gaap-ext_StalldaSakerheterFormanAndraTuple" xlink:label="label_StalldaSakerheterFormanAndraTuple_37" xlink:title="label_StalldaSakerheterFormanAndraTuple_37"/>
    <link:reference xlink:type="resource" xlink:label="res_StalldaSakerheterFormanAndraTuple_37" xlink:role="http://www.xbrl.org/2003/role/reference" xlink:title="res_StalldaSakerheterFormanAndraTuple_37" id="res_StalldaSakerheterFormanAndraTuple_37">
      <ref:Name>ÅRL</ref:Name>
      <ref:Number>1995:1554</ref:Number>
      <ref:Chapter>7</ref:Chapter>
      <ref:Paragraph>14</ref:Paragraph>
    </link:reference>
    <link:referenceArc xlink:type="arc" xlink:arcrole="http://www.xbrl.org/2003/arcrole/concept-reference" xlink:from="label_StalldaSakerheterFormanAndraTuple_37" xlink:to="res_StalldaSakerheterFormanAndraTuple_37" xlink:title="reference: label_StalldaSakerheterFormanAndraTuple_37 to res_StalldaSakerheterFormanAndraTuple_37"/>
    <link:loc xlink:type="locator" xlink:href="se-gaap-ext-2021-10-31.xsd#se-gaap-ext_UpplysningAktiekapitalTuple" xlink:label="label_UpplysningAktiekapitalTuple_38" xlink:title="label_UpplysningAktiekapitalTuple_38"/>
    <link:reference xlink:type="resource" xlink:label="res_UpplysningAktiekapitalTuple_38" xlink:role="http://www.xbrl.org/2003/role/reference" xlink:title="res_UpplysningAktiekapitalTuple_38" id="res_UpplysningAktiekapitalTuple_38">
      <ref:Name>ÅRL</ref:Name>
      <ref:Number>1995:1554</ref:Number>
      <ref:Chapter>7</ref:Chapter>
      <ref:Paragraph>14</ref:Paragraph>
    </link:reference>
    <link:referenceArc xlink:type="arc" xlink:arcrole="http://www.xbrl.org/2003/arcrole/concept-reference" xlink:from="label_UpplysningAktiekapitalTuple_38" xlink:to="res_UpplysningAktiekapitalTuple_38" xlink:title="reference: label_UpplysningAktiekapitalTuple_38 to res_UpplysningAktiekapitalTuple_38"/>
    <link:loc xlink:type="locator" xlink:href="se-gaap-ext-2021-10-31.xsd#se-gaap-ext_AvskrivningsprincipMateriellaAnlaggningstillgangarOvrigaMateriellaAnlaggningstillgangarTuple" xlink:label="label_AvskrivningsprincipMateriellaAnlaggningstillgangarOvrigaMateriellaAnlaggningstillgangarTuple_39" xlink:title="label_AvskrivningsprincipMateriellaAnlaggningstillgangarOvrigaMateriellaAnlaggningstillgangarTuple_39"/>
    <link:reference xlink:type="resource" xlink:label="res_AvskrivningsprincipMateriellaAnlaggningstillgangarOvrigaMateriellaAnlaggningstillgangarTuple_39" xlink:role="http://www.xbrl.org/2003/role/reference" xlink:title="res_AvskrivningsprincipMateriellaAnlaggningstillgangarOvrigaMateriellaAnlaggningstillgangarTuple_39" id="res_AvskrivningsprincipMateriellaAnlaggningstillgangarOvrigaMateriellaAnlaggningstillgangarTuple_39">
      <ref:Name>ÅRL</ref:Name>
      <ref:Number>1995:1554</ref:Number>
      <ref:Chapter>7</ref:Chapter>
      <ref:Paragraph>14</ref:Paragraph>
    </link:reference>
    <link:referenceArc xlink:type="arc" xlink:arcrole="http://www.xbrl.org/2003/arcrole/concept-reference" xlink:from="label_AvskrivningsprincipMateriellaAnlaggningstillgangarOvrigaMateriellaAnlaggningstillgangarTuple_39" xlink:to="res_AvskrivningsprincipMateriellaAnlaggningstillgangarOvrigaMateriellaAnlaggningstillgangarTuple_39" xlink:title="reference: label_AvskrivningsprincipMateriellaAnlaggningstillgangarOvrigaMateriellaAnlaggningstillgangarTuple_39 to res_AvskrivningsprincipMateriellaAnlaggningstillgangarOvrigaMateriellaAnlaggningstillgangarTuple_39"/>
    <link:loc xlink:type="locator" xlink:href="se-gaap-ext-2021-10-31.xsd#se-gaap-ext_OvrigaRorelseintakterOffentligaBidragTuple" xlink:label="OvrigaRorelseintakterOffentligaBidragTuple" xlink:title="OvrigaRorelseintakterOffentligaBidragTuple"/>
    <link:reference xlink:type="resource" xlink:label="reference_OvrigaRorelseintakterOffentligaBidragTuple" xlink:role="http://www.xbrl.org/2003/role/reference" xlink:title="reference_OvrigaRorelseintakterOffentligaBidragTuple" id="reference_OvrigaRorelseintakterOffentligaBidragTuple_5">
      <ref:Name>ÅRL</ref:Name>
      <ref:Number>1995:1554</ref:Number>
      <ref:Chapter>7</ref:Chapter>
      <ref:Paragraph>14</ref:Paragraph>
    </link:reference>
    <link:referenceArc xlink:type="arc" xlink:arcrole="http://www.xbrl.org/2003/arcrole/concept-reference" xlink:from="OvrigaRorelseintakterOffentligaBidragTuple" xlink:to="reference_OvrigaRorelseintakterOffentligaBidragTuple" xlink:title="reference: OvrigaRorelseintakterOffentligaBidragTuple to reference_OvrigaRorelseintakterOffentligaBidragTuple"/>
  </link:referenceLink>
</link:linkbase>
