<?xml version="1.0" encoding="UTF-8"?><!--Versionsdatum/revision: 2023-06-01/2023-05-12_12:07:34--><!--Infil   : file:///O:/xmlstr/TaxSam/Inkomstdeklaration 2/2023-06-01 FINAL/Iteration 57 - FINAL LEV 2023-05-12 - bilagor/2023-05-12_12.01.40_10_KontrolleraOchGenerera_v2.00.xsl.xml--><!--XSLT-fil: file:///O:/xmlstr/TaxSam/Inkomstdeklaration 2/2023-06-01 FINAL/Iteration 57 - FINAL LEV 2023-05-12 - bilagor/30_UtokaAnpassadeBasskiktet_v2.00.xsl--><!--XSLT-fil: file:///O:/xmlstr/TaxSam/Inkomstdeklaration 2/2023-06-01 FINAL/Iteration 57 - FINAL LEV 2023-05-12 - bilagor/XSLTallmanKod_v1.05.xsl--><link:linkbase xmlns:xsi="http://www.w3.org/2001/XMLSchema-instance" xmlns:link="http://www.xbrl.org/2003/linkbase" xmlns:xlink="http://www.w3.org/1999/xlink" xsi:schemaLocation="http://www.xbrl.org/2003/linkbase http://www.xbrl.org/2003/xbrl-linkbase-2003-12-31.xsd">
	<link:labelLink xlink:type="extended" xlink:role="http://www.xbrl.org/2003/role/link">
		<link:loc xlink:type="locator" xlink:href="../../../../base/se-cd-base/2021-10-31/se-cd-base-2021-10-31.xsd#se-cd-base_AllmanInformationForetagetAbstract" xlink:label="extRubrik_locator_AllmanInformationForetagetAbstract" xlink:title="extRubrik_locator_AllmanInformationForetagetAbstract"/>
		<link:label xlink:type="resource" xlink:label="extRubrik_resource_AllmanInformationForetagetAbstract_959_terseLabel" xlink:role="http://www.xbrl.org/2003/role/terseLabel" xlink:title="extRubrik_resource_AllmanInformationForetagetAbstract_959_terseLabel" xml:lang="sv">Allmän information om företaget</link:label>
		<link:labelArc xlink:type="arc" xlink:arcrole="http://www.xbrl.org/2003/arcrole/concept-label" xlink:from="extRubrik_locator_AllmanInformationForetagetAbstract" xlink:to="extRubrik_resource_AllmanInformationForetagetAbstract_959_terseLabel" xlink:title="reference: extRubrik_locator_AllmanInformationForetagetAbstract to extRubrik_resource_AllmanInformationForetagetAbstract_959_terseLabel"/>
		<link:loc xlink:type="locator" xlink:href="../../../../base/se-cd-base/2021-10-31/se-cd-base-2021-10-31.xsd#se-cd-base_AllmanInformationDelagdaForetagAbstract" xlink:label="extRubrik_locator_AllmanInformationDelagdaForetagAbstract" xlink:title="extRubrik_locator_AllmanInformationDelagdaForetagAbstract"/>
		<link:label xlink:type="resource" xlink:label="extRubrik_resource_AllmanInformationDelagdaForetagAbstract_977_terseLabel" xlink:role="http://www.xbrl.org/2003/role/terseLabel" xlink:title="extRubrik_resource_AllmanInformationDelagdaForetagAbstract_977_terseLabel" xml:lang="sv">Allmän information om handelsbolaget</link:label>
		<link:labelArc xlink:type="arc" xlink:arcrole="http://www.xbrl.org/2003/arcrole/concept-label" xlink:from="extRubrik_locator_AllmanInformationDelagdaForetagAbstract" xlink:to="extRubrik_resource_AllmanInformationDelagdaForetagAbstract_977_terseLabel" xlink:title="reference: extRubrik_locator_AllmanInformationDelagdaForetagAbstract to extRubrik_resource_AllmanInformationDelagdaForetagAbstract_977_terseLabel"/>
		<link:loc xlink:type="locator" xlink:href="../../../../base/se-cd-base/2021-10-31/se-cd-base-2021-10-31.xsd#se-cd-base_OrganisationsnummerDelagtForetag" xlink:label="extRubrik_locator_OrganisationsnummerDelagtForetag" xlink:title="extRubrik_locator_OrganisationsnummerDelagtForetag"/>
		<link:label xlink:type="resource" xlink:label="extRubrik_resource_OrganisationsnummerDelagtForetag_979_terseLabel" xlink:role="http://www.xbrl.org/2003/role/terseLabel" xlink:title="extRubrik_resource_OrganisationsnummerDelagtForetag_979_terseLabel" xml:lang="sv">Handelsbolagets organisationsnummer</link:label>
		<link:labelArc xlink:type="arc" xlink:arcrole="http://www.xbrl.org/2003/arcrole/concept-label" xlink:from="extRubrik_locator_OrganisationsnummerDelagtForetag" xlink:to="extRubrik_resource_OrganisationsnummerDelagtForetag_979_terseLabel" xlink:title="reference: extRubrik_locator_OrganisationsnummerDelagtForetag to extRubrik_resource_OrganisationsnummerDelagtForetag_979_terseLabel"/>
		<link:loc xlink:type="locator" xlink:href="../../../../base/se-cd-base/2021-10-31/se-cd-base-2021-10-31.xsd#se-cd-base_RakenskapsarDelagtForetagAbstract" xlink:label="extRubrik_locator_RakenskapsarDelagtForetagAbstract" xlink:title="extRubrik_locator_RakenskapsarDelagtForetagAbstract"/>
		<link:label xlink:type="resource" xlink:label="extRubrik_resource_RakenskapsarDelagtForetagAbstract_985_terseLabel" xlink:role="http://www.xbrl.org/2003/role/terseLabel" xlink:title="extRubrik_resource_RakenskapsarDelagtForetagAbstract_985_terseLabel" xml:lang="sv">Handelsbolagets räkenskapsår</link:label>
		<link:labelArc xlink:type="arc" xlink:arcrole="http://www.xbrl.org/2003/arcrole/concept-label" xlink:from="extRubrik_locator_RakenskapsarDelagtForetagAbstract" xlink:to="extRubrik_resource_RakenskapsarDelagtForetagAbstract_985_terseLabel" xlink:title="reference: extRubrik_locator_RakenskapsarDelagtForetagAbstract to extRubrik_resource_RakenskapsarDelagtForetagAbstract_985_terseLabel"/>
		<link:loc xlink:type="locator" xlink:href="../../../../base/se-cd-base/2021-10-31/se-cd-base-2021-10-31.xsd#se-cd-base_RakenskapsarForstaDagDelagtForetag" xlink:label="extRubrik_locator_RakenskapsarForstaDagDelagtForetag" xlink:title="extRubrik_locator_RakenskapsarForstaDagDelagtForetag"/>
		<link:label xlink:type="resource" xlink:label="extRubrik_resource_RakenskapsarForstaDagDelagtForetag_989_terseLabel" xlink:role="http://www.xbrl.org/2003/role/terseLabel" xlink:title="extRubrik_resource_RakenskapsarForstaDagDelagtForetag_989_terseLabel" xml:lang="sv">Räkenskapsårets första dag</link:label>
		<link:labelArc xlink:type="arc" xlink:arcrole="http://www.xbrl.org/2003/arcrole/concept-label" xlink:from="extRubrik_locator_RakenskapsarForstaDagDelagtForetag" xlink:to="extRubrik_resource_RakenskapsarForstaDagDelagtForetag_989_terseLabel" xlink:title="reference: extRubrik_locator_RakenskapsarForstaDagDelagtForetag to extRubrik_resource_RakenskapsarForstaDagDelagtForetag_989_terseLabel"/>
		<link:loc xlink:type="locator" xlink:href="../../../../base/se-cd-base/2021-10-31/se-cd-base-2021-10-31.xsd#se-cd-base_RakenskapsarSistaDagDelagtForetag" xlink:label="extRubrik_locator_RakenskapsarSistaDagDelagtForetag" xlink:title="extRubrik_locator_RakenskapsarSistaDagDelagtForetag"/>
		<link:label xlink:type="resource" xlink:label="extRubrik_resource_RakenskapsarSistaDagDelagtForetag_992_terseLabel" xlink:role="http://www.xbrl.org/2003/role/terseLabel" xlink:title="extRubrik_resource_RakenskapsarSistaDagDelagtForetag_992_terseLabel" xml:lang="sv">Räkenskapsårets sista dag</link:label>
		<link:labelArc xlink:type="arc" xlink:arcrole="http://www.xbrl.org/2003/arcrole/concept-label" xlink:from="extRubrik_locator_RakenskapsarSistaDagDelagtForetag" xlink:to="extRubrik_resource_RakenskapsarSistaDagDelagtForetag_992_terseLabel" xlink:title="reference: extRubrik_locator_RakenskapsarSistaDagDelagtForetag to extRubrik_resource_RakenskapsarSistaDagDelagtForetag_992_terseLabel"/>
		<link:loc xlink:type="locator" xlink:href="../../../../base/se-tax-base/2022-09-12/se-tax-base-2022-09-12.xsd#se-tax-base_BerakningAvResultatAbstract" xlink:label="extRubrik_locator_BerakningAvResultatAbstract" xlink:title="extRubrik_locator_BerakningAvResultatAbstract"/>
		<link:label xlink:type="resource" xlink:label="extRubrik_resource_BerakningAvResultatAbstract_996_terseLabel" xlink:role="http://www.xbrl.org/2003/role/terseLabel" xlink:title="extRubrik_resource_BerakningAvResultatAbstract_996_terseLabel" xml:lang="sv">Beräkning av resultat</link:label>
		<link:labelArc xlink:type="arc" xlink:arcrole="http://www.xbrl.org/2003/arcrole/concept-label" xlink:from="extRubrik_locator_BerakningAvResultatAbstract" xlink:to="extRubrik_resource_BerakningAvResultatAbstract_996_terseLabel" xlink:title="reference: extRubrik_locator_BerakningAvResultatAbstract to extRubrik_resource_BerakningAvResultatAbstract_996_terseLabel"/>
		<link:loc xlink:type="locator" xlink:href="../../../../base/se-tax-base/2022-09-12/se-tax-base-2022-09-12.xsd#se-tax-base_DelagarensAndelAvHandelsbolagetsOverskottEllerUnderskott" xlink:label="extRubrik_locator_DelagarensAndelAvHandelsbolagetsOverskottEllerUnderskott" xlink:title="extRubrik_locator_DelagarensAndelAvHandelsbolagetsOverskottEllerUnderskott"/>
		<link:label xlink:type="resource" xlink:label="extRubrik_resource_DelagarensAndelAvHandelsbolagetsOverskottEllerUnderskott_999_terseLabel" xlink:role="http://www.xbrl.org/2003/role/terseLabel" xlink:title="extRubrik_resource_DelagarensAndelAvHandelsbolagetsOverskottEllerUnderskott_999_terseLabel" xml:lang="sv">Min andel av bolagets överskott eller underskott</link:label>
		<link:labelArc xlink:type="arc" xlink:arcrole="http://www.xbrl.org/2003/arcrole/concept-label" xlink:from="extRubrik_locator_DelagarensAndelAvHandelsbolagetsOverskottEllerUnderskott" xlink:to="extRubrik_resource_DelagarensAndelAvHandelsbolagetsOverskottEllerUnderskott_999_terseLabel" xlink:title="reference: extRubrik_locator_DelagarensAndelAvHandelsbolagetsOverskottEllerUnderskott to extRubrik_resource_DelagarensAndelAvHandelsbolagetsOverskottEllerUnderskott_999_terseLabel"/>
		<link:loc xlink:type="locator" xlink:href="../../../../base/se-tax-base/2022-09-12/se-tax-base-2022-09-12.xsd#se-tax-base_AvyttringAvFastighetEllerBostadsrattAbstract" xlink:label="extRubrik_locator_AvyttringAvFastighetEllerBostadsrattAbstract" xlink:title="extRubrik_locator_AvyttringAvFastighetEllerBostadsrattAbstract"/>
		<link:label xlink:type="resource" xlink:label="extRubrik_resource_AvyttringAvFastighetEllerBostadsrattAbstract_1002_terseLabel" xlink:role="http://www.xbrl.org/2003/role/terseLabel" xlink:title="extRubrik_resource_AvyttringAvFastighetEllerBostadsrattAbstract_1002_terseLabel" xml:lang="sv">Avyttring av fastighet/bostadsrätt</link:label>
		<link:labelArc xlink:type="arc" xlink:arcrole="http://www.xbrl.org/2003/arcrole/concept-label" xlink:from="extRubrik_locator_AvyttringAvFastighetEllerBostadsrattAbstract" xlink:to="extRubrik_resource_AvyttringAvFastighetEllerBostadsrattAbstract_1002_terseLabel" xlink:title="reference: extRubrik_locator_AvyttringAvFastighetEllerBostadsrattAbstract to extRubrik_resource_AvyttringAvFastighetEllerBostadsrattAbstract_1002_terseLabel"/>
		<link:loc xlink:type="locator" xlink:href="../../../../base/se-tax-base/2022-09-12/se-tax-base-2022-09-12.xsd#se-tax-base_OkningAvSkattemassigtResultatForAndelAvKapitalvinstVidAvyttringAvFastighetEllerBostadsratt" xlink:label="extRubrik_locator_OkningAvSkattemassigtResultatForAndelAvKapitalvinstVidAvyttringAvFastighetEllerBostadsratt" xlink:title="extRubrik_locator_OkningAvSkattemassigtResultatForAndelAvKapitalvinstVidAvyttringAvFastighetEllerBostadsratt"/>
		<link:label xlink:type="resource" xlink:label="extRubrik_resource_OkningAvSkattemassigtResultatForAndelAvKapitalvinstVidAvyttringAvFastighetEllerBostadsratt_1011_terseLabel" xlink:role="http://www.xbrl.org/2003/role/terseLabel" xlink:title="extRubrik_resource_OkningAvSkattemassigtResultatForAndelAvKapitalvinstVidAvyttringAvFastighetEllerBostadsratt_1011_terseLabel" xml:lang="sv">Andel av kapitalvinst som ska tas upp till beskattning</link:label>
		<link:labelArc xlink:type="arc" xlink:arcrole="http://www.xbrl.org/2003/arcrole/concept-label" xlink:from="extRubrik_locator_OkningAvSkattemassigtResultatForAndelAvKapitalvinstVidAvyttringAvFastighetEllerBostadsratt" xlink:to="extRubrik_resource_OkningAvSkattemassigtResultatForAndelAvKapitalvinstVidAvyttringAvFastighetEllerBostadsratt_1011_terseLabel" xlink:title="reference: extRubrik_locator_OkningAvSkattemassigtResultatForAndelAvKapitalvinstVidAvyttringAvFastighetEllerBostadsratt to extRubrik_resource_OkningAvSkattemassigtResultatForAndelAvKapitalvinstVidAvyttringAvFastighetEllerBostadsratt_1011_terseLabel"/>
		<link:loc xlink:type="locator" xlink:href="../../../../base/se-tax-base/2022-09-12/se-tax-base-2022-09-12.xsd#se-tax-base_MinskningAvSkattemassigtResultatForAndelAvKapitalforlustVidAvyttringAvFastighetEllerBostadsratt" xlink:label="extRubrik_locator_MinskningAvSkattemassigtResultatForAndelAvKapitalforlustVidAvyttringAvFastighetEllerBostadsratt" xlink:title="extRubrik_locator_MinskningAvSkattemassigtResultatForAndelAvKapitalforlustVidAvyttringAvFastighetEllerBostadsratt"/>
		<link:label xlink:type="resource" xlink:label="extRubrik_resource_MinskningAvSkattemassigtResultatForAndelAvKapitalforlustVidAvyttringAvFastighetEllerBostadsratt_1020_terseLabel" xlink:role="http://www.xbrl.org/2003/role/terseLabel" xlink:title="extRubrik_resource_MinskningAvSkattemassigtResultatForAndelAvKapitalforlustVidAvyttringAvFastighetEllerBostadsratt_1020_terseLabel" xml:lang="sv">Andel av kapitalförlust som ska dras av</link:label>
		<link:labelArc xlink:type="arc" xlink:arcrole="http://www.xbrl.org/2003/arcrole/concept-label" xlink:from="extRubrik_locator_MinskningAvSkattemassigtResultatForAndelAvKapitalforlustVidAvyttringAvFastighetEllerBostadsratt" xlink:to="extRubrik_resource_MinskningAvSkattemassigtResultatForAndelAvKapitalforlustVidAvyttringAvFastighetEllerBostadsratt_1020_terseLabel" xlink:title="reference: extRubrik_locator_MinskningAvSkattemassigtResultatForAndelAvKapitalforlustVidAvyttringAvFastighetEllerBostadsratt to extRubrik_resource_MinskningAvSkattemassigtResultatForAndelAvKapitalforlustVidAvyttringAvFastighetEllerBostadsratt_1020_terseLabel"/>
		<link:loc xlink:type="locator" xlink:href="../../../../base/se-tax-base/2022-09-12/se-tax-base-2022-09-12.xsd#se-tax-base_AvyttringAvVardepapperAbstract" xlink:label="extRubrik_locator_AvyttringAvVardepapperAbstract" xlink:title="extRubrik_locator_AvyttringAvVardepapperAbstract"/>
		<link:label xlink:type="resource" xlink:label="extRubrik_resource_AvyttringAvVardepapperAbstract_1029_terseLabel" xlink:role="http://www.xbrl.org/2003/role/terseLabel" xlink:title="extRubrik_resource_AvyttringAvVardepapperAbstract_1029_terseLabel" xml:lang="sv">Avyttring av värdepapper</link:label>
		<link:labelArc xlink:type="arc" xlink:arcrole="http://www.xbrl.org/2003/arcrole/concept-label" xlink:from="extRubrik_locator_AvyttringAvVardepapperAbstract" xlink:to="extRubrik_resource_AvyttringAvVardepapperAbstract_1029_terseLabel" xlink:title="reference: extRubrik_locator_AvyttringAvVardepapperAbstract to extRubrik_resource_AvyttringAvVardepapperAbstract_1029_terseLabel"/>
		<link:loc xlink:type="locator" xlink:href="../../../../base/se-tax-base/2022-09-12/se-tax-base-2022-09-12.xsd#se-tax-base_OkningAvSkattemassigtResultatForAndelAvKapitalvinstVidAvyttringAvVardepapper" xlink:label="extRubrik_locator_OkningAvSkattemassigtResultatForAndelAvKapitalvinstVidAvyttringAvVardepapper" xlink:title="extRubrik_locator_OkningAvSkattemassigtResultatForAndelAvKapitalvinstVidAvyttringAvVardepapper"/>
		<link:label xlink:type="resource" xlink:label="extRubrik_resource_OkningAvSkattemassigtResultatForAndelAvKapitalvinstVidAvyttringAvVardepapper_1036_terseLabel" xlink:role="http://www.xbrl.org/2003/role/terseLabel" xlink:title="extRubrik_resource_OkningAvSkattemassigtResultatForAndelAvKapitalvinstVidAvyttringAvVardepapper_1036_terseLabel" xml:lang="sv">Andel av kapitalvinst som ska tas upp till beskattning</link:label>
		<link:labelArc xlink:type="arc" xlink:arcrole="http://www.xbrl.org/2003/arcrole/concept-label" xlink:from="extRubrik_locator_OkningAvSkattemassigtResultatForAndelAvKapitalvinstVidAvyttringAvVardepapper" xlink:to="extRubrik_resource_OkningAvSkattemassigtResultatForAndelAvKapitalvinstVidAvyttringAvVardepapper_1036_terseLabel" xlink:title="reference: extRubrik_locator_OkningAvSkattemassigtResultatForAndelAvKapitalvinstVidAvyttringAvVardepapper to extRubrik_resource_OkningAvSkattemassigtResultatForAndelAvKapitalvinstVidAvyttringAvVardepapper_1036_terseLabel"/>
		<link:loc xlink:type="locator" xlink:href="../../../../base/se-tax-base/2022-09-12/se-tax-base-2022-09-12.xsd#se-tax-base_MinskningAvSkattemassigtResultatForAndelAvKapitalforlustVidAvyttringAvVardepapper" xlink:label="extRubrik_locator_MinskningAvSkattemassigtResultatForAndelAvKapitalforlustVidAvyttringAvVardepapper" xlink:title="extRubrik_locator_MinskningAvSkattemassigtResultatForAndelAvKapitalforlustVidAvyttringAvVardepapper"/>
		<link:label xlink:type="resource" xlink:label="extRubrik_resource_MinskningAvSkattemassigtResultatForAndelAvKapitalforlustVidAvyttringAvVardepapper_1043_terseLabel" xlink:role="http://www.xbrl.org/2003/role/terseLabel" xlink:title="extRubrik_resource_MinskningAvSkattemassigtResultatForAndelAvKapitalforlustVidAvyttringAvVardepapper_1043_terseLabel" xml:lang="sv">Andel av kapitalförlust som ska dras av</link:label>
		<link:labelArc xlink:type="arc" xlink:arcrole="http://www.xbrl.org/2003/arcrole/concept-label" xlink:from="extRubrik_locator_MinskningAvSkattemassigtResultatForAndelAvKapitalforlustVidAvyttringAvVardepapper" xlink:to="extRubrik_resource_MinskningAvSkattemassigtResultatForAndelAvKapitalforlustVidAvyttringAvVardepapper_1043_terseLabel" xlink:title="reference: extRubrik_locator_MinskningAvSkattemassigtResultatForAndelAvKapitalforlustVidAvyttringAvVardepapper to extRubrik_resource_MinskningAvSkattemassigtResultatForAndelAvKapitalforlustVidAvyttringAvVardepapper_1043_terseLabel"/>
		<link:loc xlink:type="locator" xlink:href="../../../../base/se-tax-base/2022-09-12/se-tax-base-2022-09-12.xsd#se-tax-base_OvrigaJusteringarAvRedovisatResultatAbstract" xlink:label="extRubrik_locator_OvrigaJusteringarAvRedovisatResultatAbstract" xlink:title="extRubrik_locator_OvrigaJusteringarAvRedovisatResultatAbstract"/>
		<link:label xlink:type="resource" xlink:label="extRubrik_resource_OvrigaJusteringarAvRedovisatResultatAbstract_1050_terseLabel" xlink:role="http://www.xbrl.org/2003/role/terseLabel" xlink:title="extRubrik_resource_OvrigaJusteringarAvRedovisatResultatAbstract_1050_terseLabel" xml:lang="sv">Övriga justeringar av redovisat resultat</link:label>
		<link:labelArc xlink:type="arc" xlink:arcrole="http://www.xbrl.org/2003/arcrole/concept-label" xlink:from="extRubrik_locator_OvrigaJusteringarAvRedovisatResultatAbstract" xlink:to="extRubrik_resource_OvrigaJusteringarAvRedovisatResultatAbstract_1050_terseLabel" xlink:title="reference: extRubrik_locator_OvrigaJusteringarAvRedovisatResultatAbstract to extRubrik_resource_OvrigaJusteringarAvRedovisatResultatAbstract_1050_terseLabel"/>
		<link:loc xlink:type="locator" xlink:href="../../../../base/se-tax-base/2022-09-12/se-tax-base-2022-09-12.xsd#se-tax-base_OkningAvSkattemassigtResultatForOvrigaJusteringarIFormAvIntaktsposter" xlink:label="extRubrik_locator_OkningAvSkattemassigtResultatForOvrigaJusteringarIFormAvIntaktsposter" xlink:title="extRubrik_locator_OkningAvSkattemassigtResultatForOvrigaJusteringarIFormAvIntaktsposter"/>
		<link:label xlink:type="resource" xlink:label="extRubrik_resource_OkningAvSkattemassigtResultatForOvrigaJusteringarIFormAvIntaktsposter_1053_terseLabel" xlink:role="http://www.xbrl.org/2003/role/terseLabel" xlink:title="extRubrik_resource_OkningAvSkattemassigtResultatForOvrigaJusteringarIFormAvIntaktsposter_1053_terseLabel" xml:lang="sv">Intäktsposter, t.ex. uttagsbeskattat belopp</link:label>
		<link:labelArc xlink:type="arc" xlink:arcrole="http://www.xbrl.org/2003/arcrole/concept-label" xlink:from="extRubrik_locator_OkningAvSkattemassigtResultatForOvrigaJusteringarIFormAvIntaktsposter" xlink:to="extRubrik_resource_OkningAvSkattemassigtResultatForOvrigaJusteringarIFormAvIntaktsposter_1053_terseLabel" xlink:title="reference: extRubrik_locator_OkningAvSkattemassigtResultatForOvrigaJusteringarIFormAvIntaktsposter to extRubrik_resource_OkningAvSkattemassigtResultatForOvrigaJusteringarIFormAvIntaktsposter_1053_terseLabel"/>
		<link:loc xlink:type="locator" xlink:href="../../../../base/se-tax-base/2022-09-12/se-tax-base-2022-09-12.xsd#se-tax-base_MinskningAvSkattemassigtResultatForOvrigaJusteringarIFormAvKostnadsposter" xlink:label="extRubrik_locator_MinskningAvSkattemassigtResultatForOvrigaJusteringarIFormAvKostnadsposter" xlink:title="extRubrik_locator_MinskningAvSkattemassigtResultatForOvrigaJusteringarIFormAvKostnadsposter"/>
		<link:label xlink:type="resource" xlink:label="extRubrik_resource_MinskningAvSkattemassigtResultatForOvrigaJusteringarIFormAvKostnadsposter_1055_terseLabel" xlink:role="http://www.xbrl.org/2003/role/terseLabel" xlink:title="extRubrik_resource_MinskningAvSkattemassigtResultatForOvrigaJusteringarIFormAvKostnadsposter_1055_terseLabel" xml:lang="sv">Kostnadsposter, t.ex. skattefri utdelning</link:label>
		<link:labelArc xlink:type="arc" xlink:arcrole="http://www.xbrl.org/2003/arcrole/concept-label" xlink:from="extRubrik_locator_MinskningAvSkattemassigtResultatForOvrigaJusteringarIFormAvKostnadsposter" xlink:to="extRubrik_resource_MinskningAvSkattemassigtResultatForOvrigaJusteringarIFormAvKostnadsposter_1055_terseLabel" xlink:title="reference: extRubrik_locator_MinskningAvSkattemassigtResultatForOvrigaJusteringarIFormAvKostnadsposter to extRubrik_resource_MinskningAvSkattemassigtResultatForOvrigaJusteringarIFormAvKostnadsposter_1055_terseLabel"/>
		<link:loc xlink:type="locator" xlink:href="../../../../base/se-tax-base/2022-09-12/se-tax-base-2022-09-12.xsd#se-tax-base_MinskningAvSkattemassigtResultatMedAnledningAvUppskovMedKapitalvinst" xlink:label="extRubrik_locator_MinskningAvSkattemassigtResultatMedAnledningAvUppskovMedKapitalvinst" xlink:title="extRubrik_locator_MinskningAvSkattemassigtResultatMedAnledningAvUppskovMedKapitalvinst"/>
		<link:label xlink:type="resource" xlink:label="extRubrik_resource_MinskningAvSkattemassigtResultatMedAnledningAvUppskovMedKapitalvinst_1057_terseLabel" xlink:role="http://www.xbrl.org/2003/role/terseLabel" xlink:title="extRubrik_resource_MinskningAvSkattemassigtResultatMedAnledningAvUppskovMedKapitalvinst_1057_terseLabel" xml:lang="sv">Uppskov med vinst enligt blankett N4</link:label>
		<link:labelArc xlink:type="arc" xlink:arcrole="http://www.xbrl.org/2003/arcrole/concept-label" xlink:from="extRubrik_locator_MinskningAvSkattemassigtResultatMedAnledningAvUppskovMedKapitalvinst" xlink:to="extRubrik_resource_MinskningAvSkattemassigtResultatMedAnledningAvUppskovMedKapitalvinst_1057_terseLabel" xlink:title="reference: extRubrik_locator_MinskningAvSkattemassigtResultatMedAnledningAvUppskovMedKapitalvinst to extRubrik_resource_MinskningAvSkattemassigtResultatMedAnledningAvUppskovMedKapitalvinst_1057_terseLabel"/>
		<link:loc xlink:type="locator" xlink:href="../../../../base/se-tax-base/2022-09-12/se-tax-base-2022-09-12.xsd#se-tax-base_OkningAvSkattemassigtResultatMedAnledningAvAterfortUppskovAvKapitalvinst" xlink:label="extRubrik_locator_OkningAvSkattemassigtResultatMedAnledningAvAterfortUppskovAvKapitalvinst" xlink:title="extRubrik_locator_OkningAvSkattemassigtResultatMedAnledningAvAterfortUppskovAvKapitalvinst"/>
		<link:label xlink:type="resource" xlink:label="extRubrik_resource_OkningAvSkattemassigtResultatMedAnledningAvAterfortUppskovAvKapitalvinst_1065_terseLabel" xlink:role="http://www.xbrl.org/2003/role/terseLabel" xlink:title="extRubrik_resource_OkningAvSkattemassigtResultatMedAnledningAvAterfortUppskovAvKapitalvinst_1065_terseLabel" xml:lang="sv">Återfört uppskov av vinst enligt blankett N4</link:label>
		<link:labelArc xlink:type="arc" xlink:arcrole="http://www.xbrl.org/2003/arcrole/concept-label" xlink:from="extRubrik_locator_OkningAvSkattemassigtResultatMedAnledningAvAterfortUppskovAvKapitalvinst" xlink:to="extRubrik_resource_OkningAvSkattemassigtResultatMedAnledningAvAterfortUppskovAvKapitalvinst_1065_terseLabel" xlink:title="reference: extRubrik_locator_OkningAvSkattemassigtResultatMedAnledningAvAterfortUppskovAvKapitalvinst to extRubrik_resource_OkningAvSkattemassigtResultatMedAnledningAvAterfortUppskovAvKapitalvinst_1065_terseLabel"/>
		<link:loc xlink:type="locator" xlink:href="../../../../base/se-tax-base/2022-09-12/se-tax-base-2022-09-12.xsd#se-tax-base_MinskningAvSkattemassigtResultatForOutnyttjatUnderskottFranForegaendeAr" xlink:label="extRubrik_locator_MinskningAvSkattemassigtResultatForOutnyttjatUnderskottFranForegaendeAr" xlink:title="extRubrik_locator_MinskningAvSkattemassigtResultatForOutnyttjatUnderskottFranForegaendeAr"/>
		<link:label xlink:type="resource" xlink:label="extRubrik_resource_MinskningAvSkattemassigtResultatForOutnyttjatUnderskottFranForegaendeAr_1073_terseLabel" xlink:role="http://www.xbrl.org/2003/role/terseLabel" xlink:title="extRubrik_resource_MinskningAvSkattemassigtResultatForOutnyttjatUnderskottFranForegaendeAr_1073_terseLabel" xml:lang="sv">Ej utnyttjat underskott från föregående år</link:label>
		<link:labelArc xlink:type="arc" xlink:arcrole="http://www.xbrl.org/2003/arcrole/concept-label" xlink:from="extRubrik_locator_MinskningAvSkattemassigtResultatForOutnyttjatUnderskottFranForegaendeAr" xlink:to="extRubrik_resource_MinskningAvSkattemassigtResultatForOutnyttjatUnderskottFranForegaendeAr_1073_terseLabel" xlink:title="reference: extRubrik_locator_MinskningAvSkattemassigtResultatForOutnyttjatUnderskottFranForegaendeAr to extRubrik_resource_MinskningAvSkattemassigtResultatForOutnyttjatUnderskottFranForegaendeAr_1073_terseLabel"/>
		<link:loc xlink:type="locator" xlink:href="../../../../base/se-tax-base/2022-09-12/se-tax-base-2022-09-12.xsd#se-tax-base_OkningAvSkattemassigtResultatForUnderskottSomInteSkaDrasAv" xlink:label="extRubrik_locator_OkningAvSkattemassigtResultatForUnderskottSomInteSkaDrasAv" xlink:title="extRubrik_locator_OkningAvSkattemassigtResultatForUnderskottSomInteSkaDrasAv"/>
		<link:label xlink:type="resource" xlink:label="extRubrik_resource_OkningAvSkattemassigtResultatForUnderskottSomInteSkaDrasAv_1075_terseLabel" xlink:role="http://www.xbrl.org/2003/role/terseLabel" xlink:title="extRubrik_resource_OkningAvSkattemassigtResultatForUnderskottSomInteSkaDrasAv_1075_terseLabel" xml:lang="sv">Underskott som inte ska dras av (sparas till efterföljande år)</link:label>
		<link:labelArc xlink:type="arc" xlink:arcrole="http://www.xbrl.org/2003/arcrole/concept-label" xlink:from="extRubrik_locator_OkningAvSkattemassigtResultatForUnderskottSomInteSkaDrasAv" xlink:to="extRubrik_resource_OkningAvSkattemassigtResultatForUnderskottSomInteSkaDrasAv_1075_terseLabel" xlink:title="reference: extRubrik_locator_OkningAvSkattemassigtResultatForUnderskottSomInteSkaDrasAv to extRubrik_resource_OkningAvSkattemassigtResultatForUnderskottSomInteSkaDrasAv_1075_terseLabel"/>
		<link:loc xlink:type="locator" xlink:href="../../../../base/se-tax-base/2022-09-12/se-tax-base-2022-09-12.xsd#se-tax-base_OverskottEllerUnderskottHanforligtTillHandelsbolagsandelen" xlink:label="extRubrik_locator_OverskottEllerUnderskottHanforligtTillHandelsbolagsandelen" xlink:title="extRubrik_locator_OverskottEllerUnderskottHanforligtTillHandelsbolagsandelen"/>
		<link:label xlink:type="resource" xlink:label="extRubrik_resource_OverskottEllerUnderskottHanforligtTillHandelsbolagsandelen_1077_terseLabel" xlink:role="http://www.xbrl.org/2003/role/terseLabel" xlink:title="extRubrik_resource_OverskottEllerUnderskottHanforligtTillHandelsbolagsandelen_1077_terseLabel" xml:lang="sv">Överskott eller Underskott</link:label>
		<link:labelArc xlink:type="arc" xlink:arcrole="http://www.xbrl.org/2003/arcrole/concept-label" xlink:from="extRubrik_locator_OverskottEllerUnderskottHanforligtTillHandelsbolagsandelen" xlink:to="extRubrik_resource_OverskottEllerUnderskottHanforligtTillHandelsbolagsandelen_1077_terseLabel" xlink:title="reference: extRubrik_locator_OverskottEllerUnderskottHanforligtTillHandelsbolagsandelen to extRubrik_resource_OverskottEllerUnderskottHanforligtTillHandelsbolagsandelen_1077_terseLabel"/>
		<link:loc xlink:type="locator" xlink:href="../../../../base/se-tax-base/2022-09-12/se-tax-base-2022-09-12.xsd#se-tax-base_BegransatAnsvarAbstract" xlink:label="extRubrik_locator_BegransatAnsvarAbstract" xlink:title="extRubrik_locator_BegransatAnsvarAbstract"/>
		<link:label xlink:type="resource" xlink:label="extRubrik_resource_BegransatAnsvarAbstract_1080_terseLabel" xlink:role="http://www.xbrl.org/2003/role/terseLabel" xlink:title="extRubrik_resource_BegransatAnsvarAbstract_1080_terseLabel" xml:lang="sv">Begränsat ansvar</link:label>
		<link:labelArc xlink:type="arc" xlink:arcrole="http://www.xbrl.org/2003/arcrole/concept-label" xlink:from="extRubrik_locator_BegransatAnsvarAbstract" xlink:to="extRubrik_resource_BegransatAnsvarAbstract_1080_terseLabel" xlink:title="reference: extRubrik_locator_BegransatAnsvarAbstract to extRubrik_resource_BegransatAnsvarAbstract_1080_terseLabel"/>
	</link:labelLink>
</link:linkbase>