<?xml version="1.0" encoding="UTF-8"?><!--Versionsdatum/revision: 2023-06-01/2023-05-12_12:07:34--><!--Infil   : file:///O:/xmlstr/TaxSam/Inkomstdeklaration 2/2023-06-01 FINAL/Iteration 57 - FINAL LEV 2023-05-12 - bilagor/2023-05-12_12.01.40_10_KontrolleraOchGenerera_v2.00.xsl.xml--><!--XSLT-fil: file:///O:/xmlstr/TaxSam/Inkomstdeklaration 2/2023-06-01 FINAL/Iteration 57 - FINAL LEV 2023-05-12 - bilagor/30_UtokaAnpassadeBasskiktet_v2.00.xsl--><!--XSLT-fil: file:///O:/xmlstr/TaxSam/Inkomstdeklaration 2/2023-06-01 FINAL/Iteration 57 - FINAL LEV 2023-05-12 - bilagor/XSLTallmanKod_v1.05.xsl--><link:linkbase xmlns:xsi="http://www.w3.org/2001/XMLSchema-instance" xmlns:link="http://www.xbrl.org/2003/linkbase" xmlns:xlink="http://www.w3.org/1999/xlink" xsi:schemaLocation="http://www.xbrl.org/2003/linkbase http://www.xbrl.org/2003/xbrl-linkbase-2003-12-31.xsd">
	<link:labelLink xlink:type="extended" xlink:role="http://www.xbrl.org/2003/role/link">
		<link:loc xlink:type="locator" xlink:href="../../../../base/se-cd-base/2021-10-31/se-cd-base-2021-10-31.xsd#se-cd-base_RakenskapsarAbstract" xlink:label="extRubrik_locator_RakenskapsarAbstract" xlink:title="extRubrik_locator_RakenskapsarAbstract"/>
		<link:label xlink:type="resource" xlink:label="extRubrik_resource_RakenskapsarAbstract_960_verboseLabel" xlink:role="http://www.xbrl.org/2003/role/verboseLabel" xlink:title="extRubrik_resource_RakenskapsarAbstract_960_verboseLabel" xml:lang="sv">Delägarens räkenskapsår</link:label>
		<link:labelArc xlink:type="arc" xlink:arcrole="http://www.xbrl.org/2003/arcrole/concept-label" xlink:from="extRubrik_locator_RakenskapsarAbstract" xlink:to="extRubrik_resource_RakenskapsarAbstract_960_verboseLabel" xlink:title="reference: extRubrik_locator_RakenskapsarAbstract to extRubrik_resource_RakenskapsarAbstract_960_verboseLabel"/>
		<link:loc xlink:type="locator" xlink:href="../../../../base/se-cd-base/2021-10-31/se-cd-base-2021-10-31.xsd#se-cd-base_Organisationsnummer" xlink:label="extRubrik_locator_Organisationsnummer" xlink:title="extRubrik_locator_Organisationsnummer"/>
		<link:label xlink:type="resource" xlink:label="extRubrik_resource_Organisationsnummer_971_verboseLabel" xlink:role="http://www.xbrl.org/2003/role/verboseLabel" xlink:title="extRubrik_resource_Organisationsnummer_971_verboseLabel" xml:lang="sv">Delägarens organisationsnummer</link:label>
		<link:labelArc xlink:type="arc" xlink:arcrole="http://www.xbrl.org/2003/arcrole/concept-label" xlink:from="extRubrik_locator_Organisationsnummer" xlink:to="extRubrik_resource_Organisationsnummer_971_verboseLabel" xlink:title="reference: extRubrik_locator_Organisationsnummer to extRubrik_resource_Organisationsnummer_971_verboseLabel"/>
		<link:loc xlink:type="locator" xlink:href="../../../../base/se-cd-base/2021-10-31/se-cd-base-2021-10-31.xsd#se-cd-base_UtlandsktForetag" xlink:label="extRubrik_locator_UtlandsktForetag" xlink:title="extRubrik_locator_UtlandsktForetag"/>
		<link:label xlink:type="resource" xlink:label="extRubrik_resource_UtlandsktForetag_978_verboseLabel" xlink:role="http://www.xbrl.org/2003/role/verboseLabel" xlink:title="extRubrik_resource_UtlandsktForetag_978_verboseLabel" xml:lang="sv">Handelsbolaget är ett utländskt bolag</link:label>
		<link:labelArc xlink:type="arc" xlink:arcrole="http://www.xbrl.org/2003/arcrole/concept-label" xlink:from="extRubrik_locator_UtlandsktForetag" xlink:to="extRubrik_resource_UtlandsktForetag_978_verboseLabel" xlink:title="reference: extRubrik_locator_UtlandsktForetag to extRubrik_resource_UtlandsktForetag_978_verboseLabel"/>
		<link:loc xlink:type="locator" xlink:href="../../../../base/se-tax-base/2022-09-12/se-tax-base-2022-09-12.xsd#se-tax-base_DelagarensBegransadeAnsvarTillVisstBelopp" xlink:label="extRubrik_locator_DelagarensBegransadeAnsvarTillVisstBelopp" xlink:title="extRubrik_locator_DelagarensBegransadeAnsvarTillVisstBelopp"/>
		<link:label xlink:type="resource" xlink:label="extRubrik_resource_DelagarensBegransadeAnsvarTillVisstBelopp_1082_verboseLabel" xlink:role="http://www.xbrl.org/2003/role/verboseLabel" xlink:title="extRubrik_resource_DelagarensBegransadeAnsvarTillVisstBelopp_1082_verboseLabel" xml:lang="sv">Är delägaren kommanditdelägare anges det belopp som delägaren satt in eller åtagit sig att sätta in. Delägare i svenskt handelsbolag som i förhållande till övriga delägare har förbehållit sig ett begränsat ansvar för handelsbolagets förpliktelser anger till vilket belopp ansvaret är begränsat</link:label>
		<link:labelArc xlink:type="arc" xlink:arcrole="http://www.xbrl.org/2003/arcrole/concept-label" xlink:from="extRubrik_locator_DelagarensBegransadeAnsvarTillVisstBelopp" xlink:to="extRubrik_resource_DelagarensBegransadeAnsvarTillVisstBelopp_1082_verboseLabel" xlink:title="reference: extRubrik_locator_DelagarensBegransadeAnsvarTillVisstBelopp to extRubrik_resource_DelagarensBegransadeAnsvarTillVisstBelopp_1082_verboseLabel"/>
	</link:labelLink>
</link:linkbase>