<?xml version="1.0" encoding="UTF-8"?><!--Versionsdatum/revision: 2023-06-01/2023-05-12_12:07:34--><!--Infil   : file:///O:/xmlstr/TaxSam/Inkomstdeklaration 2/2023-06-01 FINAL/Iteration 57 - FINAL LEV 2023-05-12 - bilagor/2023-05-12_12.01.40_10_KontrolleraOchGenerera_v2.00.xsl.xml--><!--XSLT-fil: file:///O:/xmlstr/TaxSam/Inkomstdeklaration 2/2023-06-01 FINAL/Iteration 57 - FINAL LEV 2023-05-12 - bilagor/30_UtokaAnpassadeBasskiktet_v2.00.xsl--><!--XSLT-fil: file:///O:/xmlstr/TaxSam/Inkomstdeklaration 2/2023-06-01 FINAL/Iteration 57 - FINAL LEV 2023-05-12 - bilagor/XSLTallmanKod_v1.05.xsl--><link:linkbase xmlns:xsi="http://www.w3.org/2001/XMLSchema-instance" xmlns:link="http://www.xbrl.org/2003/linkbase" xmlns:xlink="http://www.w3.org/1999/xlink" xsi:schemaLocation="http://www.xbrl.org/2003/linkbase http://www.xbrl.org/2003/xbrl-linkbase-2003-12-31.xsd">
	<link:labelLink xlink:type="extended" xlink:role="http://www.xbrl.org/2003/role/link">
		<link:loc xlink:type="locator" xlink:href="../../../../base/se-cd-base/2021-10-31/se-cd-base-2021-10-31.xsd#se-cd-base_Organisationsnummer" xlink:label="extRubrik_locator_Organisationsnummer" xlink:title="extRubrik_locator_Organisationsnummer"/>
		<link:label xlink:type="resource" xlink:label="extRubrik_resource_Organisationsnummer_1203_verboseLabel" xlink:role="http://www.xbrl.org/2003/role/verboseLabel" xlink:title="extRubrik_resource_Organisationsnummer_1203_verboseLabel" xml:lang="sv">Övertagarens organisationsnummer</link:label>
		<link:labelArc xlink:type="arc" xlink:arcrole="http://www.xbrl.org/2003/arcrole/concept-label" xlink:from="extRubrik_locator_Organisationsnummer" xlink:to="extRubrik_resource_Organisationsnummer_1203_verboseLabel" xlink:title="reference: extRubrik_locator_Organisationsnummer to extRubrik_resource_Organisationsnummer_1203_verboseLabel"/>
		<link:loc xlink:type="locator" xlink:href="../../../../base/se-cd-base/2021-10-31/se-cd-base-2021-10-31.xsd#se-cd-base_PersonnummerEllerOrganisationsnummer" xlink:label="extRubrik_locator_PersonnummerEllerOrganisationsnummer" xlink:title="extRubrik_locator_PersonnummerEllerOrganisationsnummer"/>
		<link:label xlink:type="resource" xlink:label="extRubrik_resource_PersonnummerEllerOrganisationsnummer_1209_verboseLabel" xlink:role="http://www.xbrl.org/2003/role/verboseLabel" xlink:title="extRubrik_resource_PersonnummerEllerOrganisationsnummer_1209_verboseLabel" xml:lang="sv">Överlåtarens person- eller organisationsnummer</link:label>
		<link:labelArc xlink:type="arc" xlink:arcrole="http://www.xbrl.org/2003/arcrole/concept-label" xlink:from="extRubrik_locator_PersonnummerEllerOrganisationsnummer" xlink:to="extRubrik_resource_PersonnummerEllerOrganisationsnummer_1209_verboseLabel" xlink:title="reference: extRubrik_locator_PersonnummerEllerOrganisationsnummer to extRubrik_resource_PersonnummerEllerOrganisationsnummer_1209_verboseLabel"/>
		<link:loc xlink:type="locator" xlink:href="../../../../base/se-cd-base/2021-10-31/se-cd-base-2021-10-31.xsd#se-cd-base_Transaktionsdatum" xlink:label="extRubrik_locator_Transaktionsdatum" xlink:title="extRubrik_locator_Transaktionsdatum"/>
		<link:label xlink:type="resource" xlink:label="extRubrik_resource_Transaktionsdatum_1216_verboseLabel" xlink:role="http://www.xbrl.org/2003/role/verboseLabel" xlink:title="extRubrik_resource_Transaktionsdatum_1216_verboseLabel" xml:lang="sv">Datum då överlåtelsen skett</link:label>
		<link:labelArc xlink:type="arc" xlink:arcrole="http://www.xbrl.org/2003/arcrole/concept-label" xlink:from="extRubrik_locator_Transaktionsdatum" xlink:to="extRubrik_resource_Transaktionsdatum_1216_verboseLabel" xlink:title="reference: extRubrik_locator_Transaktionsdatum to extRubrik_resource_Transaktionsdatum_1216_verboseLabel"/>
	</link:labelLink>
</link:linkbase>