<?xml version="1.0" encoding="UTF-8"?><!--Versionsdatum/revision: 2023-06-01/2023-05-12_12:07:34--><!--Infil   : file:///O:/xmlstr/TaxSam/Inkomstdeklaration 2/2023-06-01 FINAL/Iteration 57 - FINAL LEV 2023-05-12 - bilagor/2023-05-12_12.01.40_10_KontrolleraOchGenerera_v2.00.xsl.xml--><!--XSLT-fil: file:///O:/xmlstr/TaxSam/Inkomstdeklaration 2/2023-06-01 FINAL/Iteration 57 - FINAL LEV 2023-05-12 - bilagor/30_UtokaAnpassadeBasskiktet_v2.00.xsl--><!--XSLT-fil: file:///O:/xmlstr/TaxSam/Inkomstdeklaration 2/2023-06-01 FINAL/Iteration 57 - FINAL LEV 2023-05-12 - bilagor/XSLTallmanKod_v1.05.xsl--><link:linkbase xmlns:xsi="http://www.w3.org/2001/XMLSchema-instance" xmlns:link="http://www.xbrl.org/2003/linkbase" xmlns:xlink="http://www.w3.org/1999/xlink" xsi:schemaLocation="http://www.xbrl.org/2003/linkbase http://www.xbrl.org/2003/xbrl-linkbase-2003-12-31.xsd">
	<link:labelLink xlink:type="extended" xlink:role="http://www.xbrl.org/2003/role/link">
		<link:loc xlink:type="locator" xlink:href="../../../../base/se-cd-base/2021-10-31/se-cd-base-2021-10-31.xsd#se-cd-base_AllmanInformationForetagetAbstract" xlink:label="extRubrik_locator_AllmanInformationForetagetAbstract" xlink:title="extRubrik_locator_AllmanInformationForetagetAbstract"/>
		<link:label xlink:type="resource" xlink:label="extRubrik_resource_AllmanInformationForetagetAbstract_1190_terseLabel" xlink:role="http://www.xbrl.org/2003/role/terseLabel" xlink:title="extRubrik_resource_AllmanInformationForetagetAbstract_1190_terseLabel" xml:lang="sv">Allmän information</link:label>
		<link:labelArc xlink:type="arc" xlink:arcrole="http://www.xbrl.org/2003/arcrole/concept-label" xlink:from="extRubrik_locator_AllmanInformationForetagetAbstract" xlink:to="extRubrik_resource_AllmanInformationForetagetAbstract_1190_terseLabel" xlink:title="reference: extRubrik_locator_AllmanInformationForetagetAbstract to extRubrik_resource_AllmanInformationForetagetAbstract_1190_terseLabel"/>
		<link:loc xlink:type="locator" xlink:href="../../../../base/se-cd-base/2021-10-31/se-cd-base-2021-10-31.xsd#se-cd-base_RakenskapsarAbstract" xlink:label="extRubrik_locator_RakenskapsarAbstract" xlink:title="extRubrik_locator_RakenskapsarAbstract"/>
		<link:label xlink:type="resource" xlink:label="extRubrik_resource_RakenskapsarAbstract_1191_terseLabel" xlink:role="http://www.xbrl.org/2003/role/terseLabel" xlink:title="extRubrik_resource_RakenskapsarAbstract_1191_terseLabel" xml:lang="sv">Räkenskapsår</link:label>
		<link:labelArc xlink:type="arc" xlink:arcrole="http://www.xbrl.org/2003/arcrole/concept-label" xlink:from="extRubrik_locator_RakenskapsarAbstract" xlink:to="extRubrik_resource_RakenskapsarAbstract_1191_terseLabel" xlink:title="reference: extRubrik_locator_RakenskapsarAbstract to extRubrik_resource_RakenskapsarAbstract_1191_terseLabel"/>
		<link:loc xlink:type="locator" xlink:href="../../../../base/se-tax-base/2022-09-12/se-tax-base-2022-09-12.xsd#se-tax-base_UppgifterOmOvertagareOchOverlatareMMVidOvertagandeAvFonderAbstract" xlink:label="extRubrik_locator_UppgifterOmOvertagareOchOverlatareMMVidOvertagandeAvFonderAbstract" xlink:title="extRubrik_locator_UppgifterOmOvertagareOchOverlatareMMVidOvertagandeAvFonderAbstract"/>
		<link:label xlink:type="resource" xlink:label="extRubrik_resource_UppgifterOmOvertagareOchOverlatareMMVidOvertagandeAvFonderAbstract_1202_terseLabel" xlink:role="http://www.xbrl.org/2003/role/terseLabel" xlink:title="extRubrik_resource_UppgifterOmOvertagareOchOverlatareMMVidOvertagandeAvFonderAbstract_1202_terseLabel" xml:lang="sv">Uppgifter om övertagare och överlåtare m.m.</link:label>
		<link:labelArc xlink:type="arc" xlink:arcrole="http://www.xbrl.org/2003/arcrole/concept-label" xlink:from="extRubrik_locator_UppgifterOmOvertagareOchOverlatareMMVidOvertagandeAvFonderAbstract" xlink:to="extRubrik_resource_UppgifterOmOvertagareOchOverlatareMMVidOvertagandeAvFonderAbstract_1202_terseLabel" xlink:title="reference: extRubrik_locator_UppgifterOmOvertagareOchOverlatareMMVidOvertagandeAvFonderAbstract to extRubrik_resource_UppgifterOmOvertagareOchOverlatareMMVidOvertagandeAvFonderAbstract_1202_terseLabel"/>
		<link:loc xlink:type="locator" xlink:href="../../../../base/se-tax-base/2022-09-12/se-tax-base-2022-09-12.xsd#se-tax-base_FoljandeFonderHarOvertagitsAbstract" xlink:label="extRubrik_locator_FoljandeFonderHarOvertagitsAbstract" xlink:title="extRubrik_locator_FoljandeFonderHarOvertagitsAbstract"/>
		<link:label xlink:type="resource" xlink:label="extRubrik_resource_FoljandeFonderHarOvertagitsAbstract_1217_terseLabel" xlink:role="http://www.xbrl.org/2003/role/terseLabel" xlink:title="extRubrik_resource_FoljandeFonderHarOvertagitsAbstract_1217_terseLabel" xml:lang="sv">Följande fonder har övertagits</link:label>
		<link:labelArc xlink:type="arc" xlink:arcrole="http://www.xbrl.org/2003/arcrole/concept-label" xlink:from="extRubrik_locator_FoljandeFonderHarOvertagitsAbstract" xlink:to="extRubrik_resource_FoljandeFonderHarOvertagitsAbstract_1217_terseLabel" xlink:title="reference: extRubrik_locator_FoljandeFonderHarOvertagitsAbstract to extRubrik_resource_FoljandeFonderHarOvertagitsAbstract_1217_terseLabel"/>
		<link:loc xlink:type="locator" xlink:href="../../../../base/se-gen-base/2021-10-31/se-gen-base-2021-10-31.xsd#se-gen-base_PeriodiseringsfonderAbstract" xlink:label="extRubrik_locator_PeriodiseringsfonderAbstract" xlink:title="extRubrik_locator_PeriodiseringsfonderAbstract"/>
		<link:label xlink:type="resource" xlink:label="extRubrik_resource_PeriodiseringsfonderAbstract_1222_terseLabel" xlink:role="http://www.xbrl.org/2003/role/terseLabel" xlink:title="extRubrik_resource_PeriodiseringsfonderAbstract_1222_terseLabel" xml:lang="sv">Periodiseringsfonder</link:label>
		<link:labelArc xlink:type="arc" xlink:arcrole="http://www.xbrl.org/2003/arcrole/concept-label" xlink:from="extRubrik_locator_PeriodiseringsfonderAbstract" xlink:to="extRubrik_resource_PeriodiseringsfonderAbstract_1222_terseLabel" xlink:title="reference: extRubrik_locator_PeriodiseringsfonderAbstract to extRubrik_resource_PeriodiseringsfonderAbstract_1222_terseLabel"/>
		<link:loc xlink:type="locator" xlink:href="../../../../base/se-tax-base/2022-09-12/se-tax-base-2022-09-12.xsd#se-tax-base_OvertagandeAvAvsattningTillPeriodiseringsfondSjatteAretForeBeskattningsaret" xlink:label="extRubrik_locator_OvertagandeAvAvsattningTillPeriodiseringsfondSjatteAretForeBeskattningsaret" xlink:title="extRubrik_locator_OvertagandeAvAvsattningTillPeriodiseringsfondSjatteAretForeBeskattningsaret"/>
		<link:label xlink:type="resource" xlink:label="extRubrik_resource_OvertagandeAvAvsattningTillPeriodiseringsfondSjatteAretForeBeskattningsaret_1224_terseLabel" xlink:role="http://www.xbrl.org/2003/role/terseLabel" xlink:title="extRubrik_resource_OvertagandeAvAvsattningTillPeriodiseringsfondSjatteAretForeBeskattningsaret_1224_terseLabel" xml:lang="sv">Avsättning sjätte året före beskattningsåret</link:label>
		<link:labelArc xlink:type="arc" xlink:arcrole="http://www.xbrl.org/2003/arcrole/concept-label" xlink:from="extRubrik_locator_OvertagandeAvAvsattningTillPeriodiseringsfondSjatteAretForeBeskattningsaret" xlink:to="extRubrik_resource_OvertagandeAvAvsattningTillPeriodiseringsfondSjatteAretForeBeskattningsaret_1224_terseLabel" xlink:title="reference: extRubrik_locator_OvertagandeAvAvsattningTillPeriodiseringsfondSjatteAretForeBeskattningsaret to extRubrik_resource_OvertagandeAvAvsattningTillPeriodiseringsfondSjatteAretForeBeskattningsaret_1224_terseLabel"/>
		<link:loc xlink:type="locator" xlink:href="../../../../base/se-tax-base/2022-09-12/se-tax-base-2022-09-12.xsd#se-tax-base_OvertagandeAvAvsattningTillPeriodiseringsfondFemteAretForeBeskattningsaret" xlink:label="extRubrik_locator_OvertagandeAvAvsattningTillPeriodiseringsfondFemteAretForeBeskattningsaret" xlink:title="extRubrik_locator_OvertagandeAvAvsattningTillPeriodiseringsfondFemteAretForeBeskattningsaret"/>
		<link:label xlink:type="resource" xlink:label="extRubrik_resource_OvertagandeAvAvsattningTillPeriodiseringsfondFemteAretForeBeskattningsaret_1227_terseLabel" xlink:role="http://www.xbrl.org/2003/role/terseLabel" xlink:title="extRubrik_resource_OvertagandeAvAvsattningTillPeriodiseringsfondFemteAretForeBeskattningsaret_1227_terseLabel" xml:lang="sv">Avsättning femte året före beskattningsåret</link:label>
		<link:labelArc xlink:type="arc" xlink:arcrole="http://www.xbrl.org/2003/arcrole/concept-label" xlink:from="extRubrik_locator_OvertagandeAvAvsattningTillPeriodiseringsfondFemteAretForeBeskattningsaret" xlink:to="extRubrik_resource_OvertagandeAvAvsattningTillPeriodiseringsfondFemteAretForeBeskattningsaret_1227_terseLabel" xlink:title="reference: extRubrik_locator_OvertagandeAvAvsattningTillPeriodiseringsfondFemteAretForeBeskattningsaret to extRubrik_resource_OvertagandeAvAvsattningTillPeriodiseringsfondFemteAretForeBeskattningsaret_1227_terseLabel"/>
		<link:loc xlink:type="locator" xlink:href="../../../../base/se-tax-base/2022-09-12/se-tax-base-2022-09-12.xsd#se-tax-base_OvertagandeAvAvsattningTillPeriodiseringsfondFjardeAretForeBeskattningsaret" xlink:label="extRubrik_locator_OvertagandeAvAvsattningTillPeriodiseringsfondFjardeAretForeBeskattningsaret" xlink:title="extRubrik_locator_OvertagandeAvAvsattningTillPeriodiseringsfondFjardeAretForeBeskattningsaret"/>
		<link:label xlink:type="resource" xlink:label="extRubrik_resource_OvertagandeAvAvsattningTillPeriodiseringsfondFjardeAretForeBeskattningsaret_1230_terseLabel" xlink:role="http://www.xbrl.org/2003/role/terseLabel" xlink:title="extRubrik_resource_OvertagandeAvAvsattningTillPeriodiseringsfondFjardeAretForeBeskattningsaret_1230_terseLabel" xml:lang="sv">Avsättning fjärde året före beskattningsåret</link:label>
		<link:labelArc xlink:type="arc" xlink:arcrole="http://www.xbrl.org/2003/arcrole/concept-label" xlink:from="extRubrik_locator_OvertagandeAvAvsattningTillPeriodiseringsfondFjardeAretForeBeskattningsaret" xlink:to="extRubrik_resource_OvertagandeAvAvsattningTillPeriodiseringsfondFjardeAretForeBeskattningsaret_1230_terseLabel" xlink:title="reference: extRubrik_locator_OvertagandeAvAvsattningTillPeriodiseringsfondFjardeAretForeBeskattningsaret to extRubrik_resource_OvertagandeAvAvsattningTillPeriodiseringsfondFjardeAretForeBeskattningsaret_1230_terseLabel"/>
		<link:loc xlink:type="locator" xlink:href="../../../../base/se-tax-base/2022-09-12/se-tax-base-2022-09-12.xsd#se-tax-base_OvertagandeAvAvsattningTillPeriodiseringsfondTredjeAretForeBeskattningsaret" xlink:label="extRubrik_locator_OvertagandeAvAvsattningTillPeriodiseringsfondTredjeAretForeBeskattningsaret" xlink:title="extRubrik_locator_OvertagandeAvAvsattningTillPeriodiseringsfondTredjeAretForeBeskattningsaret"/>
		<link:label xlink:type="resource" xlink:label="extRubrik_resource_OvertagandeAvAvsattningTillPeriodiseringsfondTredjeAretForeBeskattningsaret_1233_terseLabel" xlink:role="http://www.xbrl.org/2003/role/terseLabel" xlink:title="extRubrik_resource_OvertagandeAvAvsattningTillPeriodiseringsfondTredjeAretForeBeskattningsaret_1233_terseLabel" xml:lang="sv">Avsättning tredje året före beskattningsåret</link:label>
		<link:labelArc xlink:type="arc" xlink:arcrole="http://www.xbrl.org/2003/arcrole/concept-label" xlink:from="extRubrik_locator_OvertagandeAvAvsattningTillPeriodiseringsfondTredjeAretForeBeskattningsaret" xlink:to="extRubrik_resource_OvertagandeAvAvsattningTillPeriodiseringsfondTredjeAretForeBeskattningsaret_1233_terseLabel" xlink:title="reference: extRubrik_locator_OvertagandeAvAvsattningTillPeriodiseringsfondTredjeAretForeBeskattningsaret to extRubrik_resource_OvertagandeAvAvsattningTillPeriodiseringsfondTredjeAretForeBeskattningsaret_1233_terseLabel"/>
		<link:loc xlink:type="locator" xlink:href="../../../../base/se-tax-base/2022-09-12/se-tax-base-2022-09-12.xsd#se-tax-base_OvertagandeAvAvsattningTillPeriodiseringsfondAndraAretForeBeskattningsaret" xlink:label="extRubrik_locator_OvertagandeAvAvsattningTillPeriodiseringsfondAndraAretForeBeskattningsaret" xlink:title="extRubrik_locator_OvertagandeAvAvsattningTillPeriodiseringsfondAndraAretForeBeskattningsaret"/>
		<link:label xlink:type="resource" xlink:label="extRubrik_resource_OvertagandeAvAvsattningTillPeriodiseringsfondAndraAretForeBeskattningsaret_1236_terseLabel" xlink:role="http://www.xbrl.org/2003/role/terseLabel" xlink:title="extRubrik_resource_OvertagandeAvAvsattningTillPeriodiseringsfondAndraAretForeBeskattningsaret_1236_terseLabel" xml:lang="sv">Avsättning andra året före beskattningsåret</link:label>
		<link:labelArc xlink:type="arc" xlink:arcrole="http://www.xbrl.org/2003/arcrole/concept-label" xlink:from="extRubrik_locator_OvertagandeAvAvsattningTillPeriodiseringsfondAndraAretForeBeskattningsaret" xlink:to="extRubrik_resource_OvertagandeAvAvsattningTillPeriodiseringsfondAndraAretForeBeskattningsaret_1236_terseLabel" xlink:title="reference: extRubrik_locator_OvertagandeAvAvsattningTillPeriodiseringsfondAndraAretForeBeskattningsaret to extRubrik_resource_OvertagandeAvAvsattningTillPeriodiseringsfondAndraAretForeBeskattningsaret_1236_terseLabel"/>
		<link:loc xlink:type="locator" xlink:href="../../../../base/se-tax-base/2022-09-12/se-tax-base-2022-09-12.xsd#se-tax-base_OvertagandeAvAvsattningTillPeriodiseringsfondAretForeBeskattningsaret" xlink:label="extRubrik_locator_OvertagandeAvAvsattningTillPeriodiseringsfondAretForeBeskattningsaret" xlink:title="extRubrik_locator_OvertagandeAvAvsattningTillPeriodiseringsfondAretForeBeskattningsaret"/>
		<link:label xlink:type="resource" xlink:label="extRubrik_resource_OvertagandeAvAvsattningTillPeriodiseringsfondAretForeBeskattningsaret_1239_terseLabel" xlink:role="http://www.xbrl.org/2003/role/terseLabel" xlink:title="extRubrik_resource_OvertagandeAvAvsattningTillPeriodiseringsfondAretForeBeskattningsaret_1239_terseLabel" xml:lang="sv">Avsättning året före beskattningsåret</link:label>
		<link:labelArc xlink:type="arc" xlink:arcrole="http://www.xbrl.org/2003/arcrole/concept-label" xlink:from="extRubrik_locator_OvertagandeAvAvsattningTillPeriodiseringsfondAretForeBeskattningsaret" xlink:to="extRubrik_resource_OvertagandeAvAvsattningTillPeriodiseringsfondAretForeBeskattningsaret_1239_terseLabel" xlink:title="reference: extRubrik_locator_OvertagandeAvAvsattningTillPeriodiseringsfondAretForeBeskattningsaret to extRubrik_resource_OvertagandeAvAvsattningTillPeriodiseringsfondAretForeBeskattningsaret_1239_terseLabel"/>
		<link:loc xlink:type="locator" xlink:href="../../../../base/se-tax-base/2022-09-12/se-tax-base-2022-09-12.xsd#se-tax-base_OvertagandeAvAvsattningTillPeriodiseringsfondUnderBeskattningsaret" xlink:label="extRubrik_locator_OvertagandeAvAvsattningTillPeriodiseringsfondUnderBeskattningsaret" xlink:title="extRubrik_locator_OvertagandeAvAvsattningTillPeriodiseringsfondUnderBeskattningsaret"/>
		<link:label xlink:type="resource" xlink:label="extRubrik_resource_OvertagandeAvAvsattningTillPeriodiseringsfondUnderBeskattningsaret_1242_terseLabel" xlink:role="http://www.xbrl.org/2003/role/terseLabel" xlink:title="extRubrik_resource_OvertagandeAvAvsattningTillPeriodiseringsfondUnderBeskattningsaret_1242_terseLabel" xml:lang="sv">Avsättning under beskattningsåret</link:label>
		<link:labelArc xlink:type="arc" xlink:arcrole="http://www.xbrl.org/2003/arcrole/concept-label" xlink:from="extRubrik_locator_OvertagandeAvAvsattningTillPeriodiseringsfondUnderBeskattningsaret" xlink:to="extRubrik_resource_OvertagandeAvAvsattningTillPeriodiseringsfondUnderBeskattningsaret_1242_terseLabel" xlink:title="reference: extRubrik_locator_OvertagandeAvAvsattningTillPeriodiseringsfondUnderBeskattningsaret to extRubrik_resource_OvertagandeAvAvsattningTillPeriodiseringsfondUnderBeskattningsaret_1242_terseLabel"/>
		<link:loc xlink:type="locator" xlink:href="../../../../base/se-tax-base/2022-09-12/se-tax-base-2022-09-12.xsd#se-tax-base_ExpansionsfondAbstract" xlink:label="extRubrik_locator_ExpansionsfondAbstract" xlink:title="extRubrik_locator_ExpansionsfondAbstract"/>
		<link:label xlink:type="resource" xlink:label="extRubrik_resource_ExpansionsfondAbstract_1245_terseLabel" xlink:role="http://www.xbrl.org/2003/role/terseLabel" xlink:title="extRubrik_resource_ExpansionsfondAbstract_1245_terseLabel" xml:lang="sv">Expansionsfond</link:label>
		<link:labelArc xlink:type="arc" xlink:arcrole="http://www.xbrl.org/2003/arcrole/concept-label" xlink:from="extRubrik_locator_ExpansionsfondAbstract" xlink:to="extRubrik_resource_ExpansionsfondAbstract_1245_terseLabel" xlink:title="reference: extRubrik_locator_ExpansionsfondAbstract to extRubrik_resource_ExpansionsfondAbstract_1245_terseLabel"/>
		<link:loc xlink:type="locator" xlink:href="../../../../base/se-tax-base/2022-09-12/se-tax-base-2022-09-12.xsd#se-tax-base_ExpansionsfondSomUpphortHosOverlataren" xlink:label="extRubrik_locator_ExpansionsfondSomUpphortHosOverlataren" xlink:title="extRubrik_locator_ExpansionsfondSomUpphortHosOverlataren"/>
		<link:label xlink:type="resource" xlink:label="extRubrik_resource_ExpansionsfondSomUpphortHosOverlataren_1247_terseLabel" xlink:role="http://www.xbrl.org/2003/role/terseLabel" xlink:title="extRubrik_resource_ExpansionsfondSomUpphortHosOverlataren_1247_terseLabel" xml:lang="sv">Expansionsfond</link:label>
		<link:labelArc xlink:type="arc" xlink:arcrole="http://www.xbrl.org/2003/arcrole/concept-label" xlink:from="extRubrik_locator_ExpansionsfondSomUpphortHosOverlataren" xlink:to="extRubrik_resource_ExpansionsfondSomUpphortHosOverlataren_1247_terseLabel" xlink:title="reference: extRubrik_locator_ExpansionsfondSomUpphortHosOverlataren to extRubrik_resource_ExpansionsfondSomUpphortHosOverlataren_1247_terseLabel"/>
	</link:labelLink>
</link:linkbase>