<?xml version="1.0" encoding="UTF-8"?><!--Versionsdatum/revision: 2023-06-01/2023-05-12_12:07:34--><!--Infil   : file:///O:/xmlstr/TaxSam/Inkomstdeklaration 2/2023-06-01 FINAL/Iteration 57 - FINAL LEV 2023-05-12 - bilagor/2023-05-12_12.01.40_10_KontrolleraOchGenerera_v2.00.xsl.xml--><!--XSLT-fil: file:///O:/xmlstr/TaxSam/Inkomstdeklaration 2/2023-06-01 FINAL/Iteration 57 - FINAL LEV 2023-05-12 - bilagor/30_UtokaAnpassadeBasskiktet_v2.00.xsl--><!--XSLT-fil: file:///O:/xmlstr/TaxSam/Inkomstdeklaration 2/2023-06-01 FINAL/Iteration 57 - FINAL LEV 2023-05-12 - bilagor/XSLTallmanKod_v1.05.xsl--><link:linkbase xmlns:xsi="http://www.w3.org/2001/XMLSchema-instance" xmlns:link="http://www.xbrl.org/2003/linkbase" xmlns:xlink="http://www.w3.org/1999/xlink" xsi:schemaLocation="http://www.xbrl.org/2003/linkbase http://www.xbrl.org/2003/xbrl-linkbase-2003-12-31.xsd">
	<link:labelLink xlink:type="extended" xlink:role="http://www.xbrl.org/2003/role/link">
		<link:loc xlink:type="locator" xlink:href="../../../../base/se-tax-base/2022-09-12/se-tax-base-2022-09-12.xsd#se-tax-base_BilagaN4UppskovNaringsverksamhetAbstract" xlink:label="extBeskrivning_locator_BilagaN4UppskovNaringsverksamhetAbstract" xlink:title="extBeskrivning_locator_BilagaN4UppskovNaringsverksamhetAbstract"/>
		<link:label xlink:type="resource" xlink:label="extBeskrivning_resource_BilagaN4UppskovNaringsverksamhetAbstract_1084_definitionGuidance" xlink:role="http://www.xbrl.org/2003/role/definitionGuidance" xlink:title="extBeskrivning_resource_BilagaN4UppskovNaringsverksamhetAbstract_1084_definitionGuidance" xml:lang="sv">Rapportdel N4 Uppskov näringsverksamhet</link:label>
		<link:labelArc xlink:type="arc" xlink:arcrole="http://www.xbrl.org/2003/arcrole/concept-label" xlink:from="extBeskrivning_locator_BilagaN4UppskovNaringsverksamhetAbstract" xlink:to="extBeskrivning_resource_BilagaN4UppskovNaringsverksamhetAbstract_1084_definitionGuidance" xlink:title="reference: extBeskrivning_locator_BilagaN4UppskovNaringsverksamhetAbstract to extBeskrivning_resource_BilagaN4UppskovNaringsverksamhetAbstract_1084_definitionGuidance"/>
		<link:loc xlink:type="locator" xlink:href="../../../../base/se-tax-base/2022-09-12/se-tax-base-2022-09-12.xsd#se-tax-base_KvarvarandeUppskovPaAktierEllerAndelarAvseendeAndelsbyteEllerKoncerninternaAndelsavyttringar" xlink:label="extBeskrivning_locator_KvarvarandeUppskovPaAktierEllerAndelarAvseendeAndelsbyteEllerKoncerninternaAndelsavyttringar" xlink:title="extBeskrivning_locator_KvarvarandeUppskovPaAktierEllerAndelarAvseendeAndelsbyteEllerKoncerninternaAndelsavyttringar"/>
		<link:label xlink:type="resource" xlink:label="extBeskrivning_resource_KvarvarandeUppskovPaAktierEllerAndelarAvseendeAndelsbyteEllerKoncerninternaAndelsavyttringar_1182_definitionGuidance" xlink:role="http://www.xbrl.org/2003/role/definitionGuidance" xlink:title="extBeskrivning_resource_KvarvarandeUppskovPaAktierEllerAndelarAvseendeAndelsbyteEllerKoncerninternaAndelsavyttringar_1182_definitionGuidance" xml:lang="sv">Kvarvarande uppskov på aktier eller andelar avseende andelsbyte eller koncerninterna andelsavyttringar vid beskattningsårets utgång</link:label>
		<link:labelArc xlink:type="arc" xlink:arcrole="http://www.xbrl.org/2003/arcrole/concept-label" xlink:from="extBeskrivning_locator_KvarvarandeUppskovPaAktierEllerAndelarAvseendeAndelsbyteEllerKoncerninternaAndelsavyttringar" xlink:to="extBeskrivning_resource_KvarvarandeUppskovPaAktierEllerAndelarAvseendeAndelsbyteEllerKoncerninternaAndelsavyttringar_1182_definitionGuidance" xlink:title="reference: extBeskrivning_locator_KvarvarandeUppskovPaAktierEllerAndelarAvseendeAndelsbyteEllerKoncerninternaAndelsavyttringar to extBeskrivning_resource_KvarvarandeUppskovPaAktierEllerAndelarAvseendeAndelsbyteEllerKoncerninternaAndelsavyttringar_1182_definitionGuidance"/>
	</link:labelLink>
</link:linkbase>