<?xml version="1.0" encoding="UTF-8"?><!--Versionsdatum/revision: 2023-06-01/2023-05-12_12:07:34--><!--Infil   : file:///O:/xmlstr/TaxSam/Inkomstdeklaration 2/2023-06-01 FINAL/Iteration 57 - FINAL LEV 2023-05-12 - bilagor/2023-05-12_12.01.40_10_KontrolleraOchGenerera_v2.00.xsl.xml--><!--XSLT-fil: file:///O:/xmlstr/TaxSam/Inkomstdeklaration 2/2023-06-01 FINAL/Iteration 57 - FINAL LEV 2023-05-12 - bilagor/30_UtokaAnpassadeBasskiktet_v2.00.xsl--><!--XSLT-fil: file:///O:/xmlstr/TaxSam/Inkomstdeklaration 2/2023-06-01 FINAL/Iteration 57 - FINAL LEV 2023-05-12 - bilagor/XSLTallmanKod_v1.05.xsl--><link:linkbase xmlns:xsi="http://www.w3.org/2001/XMLSchema-instance" xmlns:link="http://www.xbrl.org/2003/linkbase" xmlns:xlink="http://www.w3.org/1999/xlink" xsi:schemaLocation="http://www.xbrl.org/2003/linkbase http://www.xbrl.org/2003/xbrl-linkbase-2003-12-31.xsd">
	<link:labelLink xlink:type="extended" xlink:role="http://www.xbrl.org/2003/role/link">
		<link:loc xlink:type="locator" xlink:href="se-n4-ext-2023-06-01.xsd#se-n4-ext_VinstVidAvyttradeAktierEllerAndelarVidAndelsbyteTuple" xlink:label="term_locator_VinstVidAvyttradeAktierEllerAndelarVidAndelsbyteTuple" xlink:title="term_locator_VinstVidAvyttradeAktierEllerAndelarVidAndelsbyteTuple"/>
		<link:label xlink:type="resource" xlink:label="term_resource_VinstVidAvyttradeAktierEllerAndelarVidAndelsbyteTuple_1112_label" xlink:role="http://www.xbrl.org/2003/role/label" xlink:title="term_resource_VinstVidAvyttradeAktierEllerAndelarVidAndelsbyteTuple_1112_label" xml:lang="sv">Vinst vid avyttrade aktier eller andelar vid andelsbyte (Tabell)</link:label>
		<link:labelArc xlink:type="arc" xlink:arcrole="http://www.xbrl.org/2003/arcrole/concept-label" xlink:from="term_locator_VinstVidAvyttradeAktierEllerAndelarVidAndelsbyteTuple" xlink:to="term_resource_VinstVidAvyttradeAktierEllerAndelarVidAndelsbyteTuple_1112_label" xlink:title="reference: term_locator_VinstVidAvyttradeAktierEllerAndelarVidAndelsbyteTuple to term_resource_VinstVidAvyttradeAktierEllerAndelarVidAndelsbyteTuple_1112_label"/>
		<link:loc xlink:type="locator" xlink:href="se-n4-ext-2023-06-01.xsd#se-n4-ext_BegartUppskovVidAndelsbyteTuple" xlink:label="term_locator_BegartUppskovVidAndelsbyteTuple" xlink:title="term_locator_BegartUppskovVidAndelsbyteTuple"/>
		<link:label xlink:type="resource" xlink:label="term_resource_BegartUppskovVidAndelsbyteTuple_1120_label" xlink:role="http://www.xbrl.org/2003/role/label" xlink:title="term_resource_BegartUppskovVidAndelsbyteTuple_1120_label" xml:lang="sv">Begärt uppskov vid andelsbyte (Tabell)</link:label>
		<link:labelArc xlink:type="arc" xlink:arcrole="http://www.xbrl.org/2003/arcrole/concept-label" xlink:from="term_locator_BegartUppskovVidAndelsbyteTuple" xlink:to="term_resource_BegartUppskovVidAndelsbyteTuple_1120_label" xlink:title="reference: term_locator_BegartUppskovVidAndelsbyteTuple to term_resource_BegartUppskovVidAndelsbyteTuple_1120_label"/>
		<link:loc xlink:type="locator" xlink:href="se-n4-ext-2023-06-01.xsd#se-n4-ext_VinstVidByteAvMottagnaAktierEllerAndelarVidAndelsbyteTuple" xlink:label="term_locator_VinstVidByteAvMottagnaAktierEllerAndelarVidAndelsbyteTuple" xlink:title="term_locator_VinstVidByteAvMottagnaAktierEllerAndelarVidAndelsbyteTuple"/>
		<link:label xlink:type="resource" xlink:label="term_resource_VinstVidByteAvMottagnaAktierEllerAndelarVidAndelsbyteTuple_1136_label" xlink:role="http://www.xbrl.org/2003/role/label" xlink:title="term_resource_VinstVidByteAvMottagnaAktierEllerAndelarVidAndelsbyteTuple_1136_label" xml:lang="sv">Vinst vid byte av mottagna aktier eller andelar vid andelsbyte (Tabell)</link:label>
		<link:labelArc xlink:type="arc" xlink:arcrole="http://www.xbrl.org/2003/arcrole/concept-label" xlink:from="term_locator_VinstVidByteAvMottagnaAktierEllerAndelarVidAndelsbyteTuple" xlink:to="term_resource_VinstVidByteAvMottagnaAktierEllerAndelarVidAndelsbyteTuple_1136_label" xlink:title="reference: term_locator_VinstVidByteAvMottagnaAktierEllerAndelarVidAndelsbyteTuple to term_resource_VinstVidByteAvMottagnaAktierEllerAndelarVidAndelsbyteTuple_1136_label"/>
		<link:loc xlink:type="locator" xlink:href="se-n4-ext-2023-06-01.xsd#se-n4-ext_UppskovSomSkaTasUppSomIntaktAvseendeAndelsbyteTuple" xlink:label="term_locator_UppskovSomSkaTasUppSomIntaktAvseendeAndelsbyteTuple" xlink:title="term_locator_UppskovSomSkaTasUppSomIntaktAvseendeAndelsbyteTuple"/>
		<link:label xlink:type="resource" xlink:label="term_resource_UppskovSomSkaTasUppSomIntaktAvseendeAndelsbyteTuple_1152_label" xlink:role="http://www.xbrl.org/2003/role/label" xlink:title="term_resource_UppskovSomSkaTasUppSomIntaktAvseendeAndelsbyteTuple_1152_label" xml:lang="sv">Uppskov som ska tas upp som intäkt avseende andelsbyte (Tabell)</link:label>
		<link:labelArc xlink:type="arc" xlink:arcrole="http://www.xbrl.org/2003/arcrole/concept-label" xlink:from="term_locator_UppskovSomSkaTasUppSomIntaktAvseendeAndelsbyteTuple" xlink:to="term_resource_UppskovSomSkaTasUppSomIntaktAvseendeAndelsbyteTuple_1152_label" xlink:title="reference: term_locator_UppskovSomSkaTasUppSomIntaktAvseendeAndelsbyteTuple to term_resource_UppskovSomSkaTasUppSomIntaktAvseendeAndelsbyteTuple_1152_label"/>
		<link:loc xlink:type="locator" xlink:href="se-n4-ext-2023-06-01.xsd#se-n4-ext_UppskovSomSkaTasUppSomIntaktAvseendeKoncerninternaAndelsavyttringarTuple" xlink:label="term_locator_UppskovSomSkaTasUppSomIntaktAvseendeKoncerninternaAndelsavyttringarTuple" xlink:title="term_locator_UppskovSomSkaTasUppSomIntaktAvseendeKoncerninternaAndelsavyttringarTuple"/>
		<link:label xlink:type="resource" xlink:label="term_resource_UppskovSomSkaTasUppSomIntaktAvseendeKoncerninternaAndelsavyttringarTuple_1164_label" xlink:role="http://www.xbrl.org/2003/role/label" xlink:title="term_resource_UppskovSomSkaTasUppSomIntaktAvseendeKoncerninternaAndelsavyttringarTuple_1164_label" xml:lang="sv">Uppskov som ska tas upp som intäkt avseende koncerninterna andelsavyttringar (Tabell)</link:label>
		<link:labelArc xlink:type="arc" xlink:arcrole="http://www.xbrl.org/2003/arcrole/concept-label" xlink:from="term_locator_UppskovSomSkaTasUppSomIntaktAvseendeKoncerninternaAndelsavyttringarTuple" xlink:to="term_resource_UppskovSomSkaTasUppSomIntaktAvseendeKoncerninternaAndelsavyttringarTuple_1164_label" xlink:title="reference: term_locator_UppskovSomSkaTasUppSomIntaktAvseendeKoncerninternaAndelsavyttringarTuple to term_resource_UppskovSomSkaTasUppSomIntaktAvseendeKoncerninternaAndelsavyttringarTuple_1164_label"/>
		<link:loc xlink:type="locator" xlink:href="se-n4-ext-2023-06-01.xsd#se-n4-ext_SpecifikationAvKvarvarandeUppskovAvseendeAndelsbytenOchKoncerninternaAndelsavyttringarTuple" xlink:label="term_locator_SpecifikationAvKvarvarandeUppskovAvseendeAndelsbytenOchKoncerninternaAndelsavyttringarTuple" xlink:title="term_locator_SpecifikationAvKvarvarandeUppskovAvseendeAndelsbytenOchKoncerninternaAndelsavyttringarTuple"/>
		<link:label xlink:type="resource" xlink:label="term_resource_SpecifikationAvKvarvarandeUppskovAvseendeAndelsbytenOchKoncerninternaAndelsavyttringarTuple_1177_label" xlink:role="http://www.xbrl.org/2003/role/label" xlink:title="term_resource_SpecifikationAvKvarvarandeUppskovAvseendeAndelsbytenOchKoncerninternaAndelsavyttringarTuple_1177_label" xml:lang="sv">Specifikation av kvarvarande uppskov avseende andelsbyten och koncerninterna andelsavyttringar (Tabell)</link:label>
		<link:labelArc xlink:type="arc" xlink:arcrole="http://www.xbrl.org/2003/arcrole/concept-label" xlink:from="term_locator_SpecifikationAvKvarvarandeUppskovAvseendeAndelsbytenOchKoncerninternaAndelsavyttringarTuple" xlink:to="term_resource_SpecifikationAvKvarvarandeUppskovAvseendeAndelsbytenOchKoncerninternaAndelsavyttringarTuple_1177_label" xlink:title="reference: term_locator_SpecifikationAvKvarvarandeUppskovAvseendeAndelsbytenOchKoncerninternaAndelsavyttringarTuple to term_resource_SpecifikationAvKvarvarandeUppskovAvseendeAndelsbytenOchKoncerninternaAndelsavyttringarTuple_1177_label"/>
	</link:labelLink>
</link:linkbase>