<?xml version="1.0" encoding="UTF-8"?><!--Versionsdatum/revision: 2023-06-01/2023-05-12_12:07:34--><!--Infil   : file:///O:/xmlstr/TaxSam/Inkomstdeklaration 2/2023-06-01 FINAL/Iteration 57 - FINAL LEV 2023-05-12 - bilagor/2023-05-12_12.01.40_10_KontrolleraOchGenerera_v2.00.xsl.xml--><!--XSLT-fil: file:///O:/xmlstr/TaxSam/Inkomstdeklaration 2/2023-06-01 FINAL/Iteration 57 - FINAL LEV 2023-05-12 - bilagor/30_UtokaAnpassadeBasskiktet_v2.00.xsl--><!--XSLT-fil: file:///O:/xmlstr/TaxSam/Inkomstdeklaration 2/2023-06-01 FINAL/Iteration 57 - FINAL LEV 2023-05-12 - bilagor/XSLTallmanKod_v1.05.xsl--><link:linkbase xmlns:xsi="http://www.w3.org/2001/XMLSchema-instance" xmlns:ref="http://www.xbrl.org/2004/ref" xmlns:link="http://www.xbrl.org/2003/linkbase" xmlns:xlink="http://www.w3.org/1999/xlink" xsi:schemaLocation="http://www.xbrl.org/2003/linkbase http://www.xbrl.org/2003/xbrl-linkbase-2003-12-31.xsd http://www.xbrl.org/2004/ref http://www.xbrl.org/2004/ref-2004-08-10.xsd">
	<link:roleRef roleURI="http://www.skatteverket.se/se/fr/role/reference/miscellaneous/il" xlink:type="simple" xlink:href="se-n4-ext-2023-06-01.xsd#IL"/>
	<link:referenceLink xlink:type="extended" xlink:role="http://www.skatteverket.se/se/fr/role/reference/miscellaneous/il" id="IL">
		<link:loc xlink:type="locator" xlink:href="se-n4-ext-2023-06-01.xsd#se-n4-ext_VinstVidAvyttradeAktierEllerAndelarVidAndelsbyteTuple" xlink:label="referens_locator_VinstVidAvyttradeAktierEllerAndelarVidAndelsbyteTuple_IL_1112" xlink:title="referens_locator_VinstVidAvyttradeAktierEllerAndelarVidAndelsbyteTuple_IL_1112"/>
		<link:reference xlink:type="resource" xlink:label="referens_resource_VinstVidAvyttradeAktierEllerAndelarVidAndelsbyteTuple_IL_1112_reference" xlink:role="http://www.xbrl.org/2003/role/reference" xlink:title="referens_resource_VinstVidAvyttradeAktierEllerAndelarVidAndelsbyteTuple_IL_1112_reference">
			<ref:Name>IL</ref:Name>
			<ref:Number>1999:1229</ref:Number>
			<ref:Chapter>49</ref:Chapter>
		</link:reference>
		<link:referenceArc xlink:type="arc" xlink:arcrole="http://www.xbrl.org/2003/arcrole/concept-reference" xlink:from="referens_locator_VinstVidAvyttradeAktierEllerAndelarVidAndelsbyteTuple_IL_1112" xlink:to="referens_resource_VinstVidAvyttradeAktierEllerAndelarVidAndelsbyteTuple_IL_1112_reference" xlink:title="reference: referens_locator_VinstVidAvyttradeAktierEllerAndelarVidAndelsbyteTuple_IL_1112 to referens_resource_VinstVidAvyttradeAktierEllerAndelarVidAndelsbyteTuple_IL_1112_reference"/>
		<link:loc xlink:type="locator" xlink:href="se-n4-ext-2023-06-01.xsd#se-n4-ext_BegartUppskovVidAndelsbyteTuple" xlink:label="referens_locator_BegartUppskovVidAndelsbyteTuple_IL_1120" xlink:title="referens_locator_BegartUppskovVidAndelsbyteTuple_IL_1120"/>
		<link:reference xlink:type="resource" xlink:label="referens_resource_BegartUppskovVidAndelsbyteTuple_IL_1120_reference" xlink:role="http://www.xbrl.org/2003/role/reference" xlink:title="referens_resource_BegartUppskovVidAndelsbyteTuple_IL_1120_reference">
			<ref:Name>IL</ref:Name>
			<ref:Number>1999:1229</ref:Number>
			<ref:Chapter>49</ref:Chapter>
		</link:reference>
		<link:referenceArc xlink:type="arc" xlink:arcrole="http://www.xbrl.org/2003/arcrole/concept-reference" xlink:from="referens_locator_BegartUppskovVidAndelsbyteTuple_IL_1120" xlink:to="referens_resource_BegartUppskovVidAndelsbyteTuple_IL_1120_reference" xlink:title="reference: referens_locator_BegartUppskovVidAndelsbyteTuple_IL_1120 to referens_resource_BegartUppskovVidAndelsbyteTuple_IL_1120_reference"/>
		<link:loc xlink:type="locator" xlink:href="se-n4-ext-2023-06-01.xsd#se-n4-ext_VinstVidByteAvMottagnaAktierEllerAndelarVidAndelsbyteTuple" xlink:label="referens_locator_VinstVidByteAvMottagnaAktierEllerAndelarVidAndelsbyteTuple_IL_1136" xlink:title="referens_locator_VinstVidByteAvMottagnaAktierEllerAndelarVidAndelsbyteTuple_IL_1136"/>
		<link:reference xlink:type="resource" xlink:label="referens_resource_VinstVidByteAvMottagnaAktierEllerAndelarVidAndelsbyteTuple_IL_1136_reference" xlink:role="http://www.xbrl.org/2003/role/reference" xlink:title="referens_resource_VinstVidByteAvMottagnaAktierEllerAndelarVidAndelsbyteTuple_IL_1136_reference">
			<ref:Name>IL</ref:Name>
			<ref:Number>1999:1229</ref:Number>
			<ref:Chapter>49</ref:Chapter>
		</link:reference>
		<link:referenceArc xlink:type="arc" xlink:arcrole="http://www.xbrl.org/2003/arcrole/concept-reference" xlink:from="referens_locator_VinstVidByteAvMottagnaAktierEllerAndelarVidAndelsbyteTuple_IL_1136" xlink:to="referens_resource_VinstVidByteAvMottagnaAktierEllerAndelarVidAndelsbyteTuple_IL_1136_reference" xlink:title="reference: referens_locator_VinstVidByteAvMottagnaAktierEllerAndelarVidAndelsbyteTuple_IL_1136 to referens_resource_VinstVidByteAvMottagnaAktierEllerAndelarVidAndelsbyteTuple_IL_1136_reference"/>
		<link:loc xlink:type="locator" xlink:href="se-n4-ext-2023-06-01.xsd#se-n4-ext_UppskovSomSkaTasUppSomIntaktAvseendeAndelsbyteTuple" xlink:label="referens_locator_UppskovSomSkaTasUppSomIntaktAvseendeAndelsbyteTuple_IL_1152" xlink:title="referens_locator_UppskovSomSkaTasUppSomIntaktAvseendeAndelsbyteTuple_IL_1152"/>
		<link:reference xlink:type="resource" xlink:label="referens_resource_UppskovSomSkaTasUppSomIntaktAvseendeAndelsbyteTuple_IL_1152_reference" xlink:role="http://www.xbrl.org/2003/role/reference" xlink:title="referens_resource_UppskovSomSkaTasUppSomIntaktAvseendeAndelsbyteTuple_IL_1152_reference">
			<ref:Name>IL</ref:Name>
			<ref:Number>1999:1229</ref:Number>
			<ref:Chapter>49</ref:Chapter>
		</link:reference>
		<link:referenceArc xlink:type="arc" xlink:arcrole="http://www.xbrl.org/2003/arcrole/concept-reference" xlink:from="referens_locator_UppskovSomSkaTasUppSomIntaktAvseendeAndelsbyteTuple_IL_1152" xlink:to="referens_resource_UppskovSomSkaTasUppSomIntaktAvseendeAndelsbyteTuple_IL_1152_reference" xlink:title="reference: referens_locator_UppskovSomSkaTasUppSomIntaktAvseendeAndelsbyteTuple_IL_1152 to referens_resource_UppskovSomSkaTasUppSomIntaktAvseendeAndelsbyteTuple_IL_1152_reference"/>
		<link:loc xlink:type="locator" xlink:href="se-n4-ext-2023-06-01.xsd#se-n4-ext_SpecifikationAvKvarvarandeUppskovAvseendeAndelsbytenOchKoncerninternaAndelsavyttringarTuple" xlink:label="referens_locator_SpecifikationAvKvarvarandeUppskovAvseendeAndelsbytenOchKoncerninternaAndelsavyttringarTuple_IL_1177" xlink:title="referens_locator_SpecifikationAvKvarvarandeUppskovAvseendeAndelsbytenOchKoncerninternaAndelsavyttringarTuple_IL_1177"/>
		<link:reference xlink:type="resource" xlink:label="referens_resource_SpecifikationAvKvarvarandeUppskovAvseendeAndelsbytenOchKoncerninternaAndelsavyttringarTuple_IL_1177_reference" xlink:role="http://www.xbrl.org/2003/role/reference" xlink:title="referens_resource_SpecifikationAvKvarvarandeUppskovAvseendeAndelsbytenOchKoncerninternaAndelsavyttringarTuple_IL_1177_reference">
			<ref:Name>IL</ref:Name>
			<ref:Number>1999:1229</ref:Number>
			<ref:Chapter>49</ref:Chapter>
		</link:reference>
		<link:referenceArc xlink:type="arc" xlink:arcrole="http://www.xbrl.org/2003/arcrole/concept-reference" xlink:from="referens_locator_SpecifikationAvKvarvarandeUppskovAvseendeAndelsbytenOchKoncerninternaAndelsavyttringarTuple_IL_1177" xlink:to="referens_resource_SpecifikationAvKvarvarandeUppskovAvseendeAndelsbytenOchKoncerninternaAndelsavyttringarTuple_IL_1177_reference" xlink:title="reference: referens_locator_SpecifikationAvKvarvarandeUppskovAvseendeAndelsbytenOchKoncerninternaAndelsavyttringarTuple_IL_1177 to referens_resource_SpecifikationAvKvarvarandeUppskovAvseendeAndelsbytenOchKoncerninternaAndelsavyttringarTuple_IL_1177_reference"/>
	</link:referenceLink>
</link:linkbase>