<?xml version="1.0" encoding="UTF-8"?><!--Versionsdatum/revision: 2023-06-01/2023-05-12_12:07:34--><!--Infil   : file:///O:/xmlstr/TaxSam/Inkomstdeklaration 2/2023-06-01 FINAL/Iteration 57 - FINAL LEV 2023-05-12 - bilagor/2023-05-12_12.01.40_10_KontrolleraOchGenerera_v2.00.xsl.xml--><!--XSLT-fil: file:///O:/xmlstr/TaxSam/Inkomstdeklaration 2/2023-06-01 FINAL/Iteration 57 - FINAL LEV 2023-05-12 - bilagor/30_UtokaAnpassadeBasskiktet_v2.00.xsl--><!--XSLT-fil: file:///O:/xmlstr/TaxSam/Inkomstdeklaration 2/2023-06-01 FINAL/Iteration 57 - FINAL LEV 2023-05-12 - bilagor/XSLTallmanKod_v1.05.xsl--><link:linkbase xmlns:xsi="http://www.w3.org/2001/XMLSchema-instance" xmlns:ref="http://www.xbrl.org/2004/ref" xmlns:link="http://www.xbrl.org/2003/linkbase" xmlns:xlink="http://www.w3.org/1999/xlink" xsi:schemaLocation="http://www.xbrl.org/2003/linkbase http://www.xbrl.org/2003/xbrl-linkbase-2003-12-31.xsd http://www.xbrl.org/2004/ref http://www.xbrl.org/2004/ref-2004-08-10.xsd">
	<link:roleRef roleURI="http://www.skatteverket.se/se/fr/role/reference/miscellaneous/sfl" xlink:type="simple" xlink:href="se-n4-ext-2023-06-01.xsd#SFL"/>
	<link:referenceLink xlink:type="extended" xlink:role="http://www.skatteverket.se/se/fr/role/reference/miscellaneous/sfl" id="SFL">
		<link:loc xlink:type="locator" xlink:href="se-n4-ext-2023-06-01.xsd#se-n4-ext_VinstVidAvyttradeAktierEllerAndelarVidAndelsbyteTuple" xlink:label="referens_locator_VinstVidAvyttradeAktierEllerAndelarVidAndelsbyteTuple_SFL_1113" xlink:title="referens_locator_VinstVidAvyttradeAktierEllerAndelarVidAndelsbyteTuple_SFL_1113"/>
		<link:reference xlink:type="resource" xlink:label="referens_resource_VinstVidAvyttradeAktierEllerAndelarVidAndelsbyteTuple_SFL_1113_reference" xlink:role="http://www.xbrl.org/2003/role/reference" xlink:title="referens_resource_VinstVidAvyttradeAktierEllerAndelarVidAndelsbyteTuple_SFL_1113_reference">
			<ref:Name>SFL</ref:Name>
			<ref:Number>2011:1244</ref:Number>
			<ref:Chapter>31</ref:Chapter>
			<ref:Paragraph>3</ref:Paragraph>
		</link:reference>
		<link:referenceArc xlink:type="arc" xlink:arcrole="http://www.xbrl.org/2003/arcrole/concept-reference" xlink:from="referens_locator_VinstVidAvyttradeAktierEllerAndelarVidAndelsbyteTuple_SFL_1113" xlink:to="referens_resource_VinstVidAvyttradeAktierEllerAndelarVidAndelsbyteTuple_SFL_1113_reference" xlink:title="reference: referens_locator_VinstVidAvyttradeAktierEllerAndelarVidAndelsbyteTuple_SFL_1113 to referens_resource_VinstVidAvyttradeAktierEllerAndelarVidAndelsbyteTuple_SFL_1113_reference"/>
		<link:loc xlink:type="locator" xlink:href="se-n4-ext-2023-06-01.xsd#se-n4-ext_BegartUppskovVidAndelsbyteTuple" xlink:label="referens_locator_BegartUppskovVidAndelsbyteTuple_SFL_1121" xlink:title="referens_locator_BegartUppskovVidAndelsbyteTuple_SFL_1121"/>
		<link:reference xlink:type="resource" xlink:label="referens_resource_BegartUppskovVidAndelsbyteTuple_SFL_1121_reference" xlink:role="http://www.xbrl.org/2003/role/reference" xlink:title="referens_resource_BegartUppskovVidAndelsbyteTuple_SFL_1121_reference">
			<ref:Name>SFL</ref:Name>
			<ref:Number>2011:1244</ref:Number>
			<ref:Chapter>31</ref:Chapter>
			<ref:Paragraph>3</ref:Paragraph>
		</link:reference>
		<link:referenceArc xlink:type="arc" xlink:arcrole="http://www.xbrl.org/2003/arcrole/concept-reference" xlink:from="referens_locator_BegartUppskovVidAndelsbyteTuple_SFL_1121" xlink:to="referens_resource_BegartUppskovVidAndelsbyteTuple_SFL_1121_reference" xlink:title="reference: referens_locator_BegartUppskovVidAndelsbyteTuple_SFL_1121 to referens_resource_BegartUppskovVidAndelsbyteTuple_SFL_1121_reference"/>
		<link:loc xlink:type="locator" xlink:href="se-n4-ext-2023-06-01.xsd#se-n4-ext_VinstVidByteAvMottagnaAktierEllerAndelarVidAndelsbyteTuple" xlink:label="referens_locator_VinstVidByteAvMottagnaAktierEllerAndelarVidAndelsbyteTuple_SFL_1137" xlink:title="referens_locator_VinstVidByteAvMottagnaAktierEllerAndelarVidAndelsbyteTuple_SFL_1137"/>
		<link:reference xlink:type="resource" xlink:label="referens_resource_VinstVidByteAvMottagnaAktierEllerAndelarVidAndelsbyteTuple_SFL_1137_reference" xlink:role="http://www.xbrl.org/2003/role/reference" xlink:title="referens_resource_VinstVidByteAvMottagnaAktierEllerAndelarVidAndelsbyteTuple_SFL_1137_reference">
			<ref:Name>SFL</ref:Name>
			<ref:Number>2011:1244</ref:Number>
			<ref:Chapter>31</ref:Chapter>
			<ref:Paragraph>3</ref:Paragraph>
		</link:reference>
		<link:referenceArc xlink:type="arc" xlink:arcrole="http://www.xbrl.org/2003/arcrole/concept-reference" xlink:from="referens_locator_VinstVidByteAvMottagnaAktierEllerAndelarVidAndelsbyteTuple_SFL_1137" xlink:to="referens_resource_VinstVidByteAvMottagnaAktierEllerAndelarVidAndelsbyteTuple_SFL_1137_reference" xlink:title="reference: referens_locator_VinstVidByteAvMottagnaAktierEllerAndelarVidAndelsbyteTuple_SFL_1137 to referens_resource_VinstVidByteAvMottagnaAktierEllerAndelarVidAndelsbyteTuple_SFL_1137_reference"/>
		<link:loc xlink:type="locator" xlink:href="se-n4-ext-2023-06-01.xsd#se-n4-ext_UppskovSomSkaTasUppSomIntaktAvseendeAndelsbyteTuple" xlink:label="referens_locator_UppskovSomSkaTasUppSomIntaktAvseendeAndelsbyteTuple_SFL_1153" xlink:title="referens_locator_UppskovSomSkaTasUppSomIntaktAvseendeAndelsbyteTuple_SFL_1153"/>
		<link:reference xlink:type="resource" xlink:label="referens_resource_UppskovSomSkaTasUppSomIntaktAvseendeAndelsbyteTuple_SFL_1153_reference" xlink:role="http://www.xbrl.org/2003/role/reference" xlink:title="referens_resource_UppskovSomSkaTasUppSomIntaktAvseendeAndelsbyteTuple_SFL_1153_reference">
			<ref:Name>SFL</ref:Name>
			<ref:Number>2011:1244</ref:Number>
			<ref:Chapter>31</ref:Chapter>
			<ref:Paragraph>3</ref:Paragraph>
		</link:reference>
		<link:referenceArc xlink:type="arc" xlink:arcrole="http://www.xbrl.org/2003/arcrole/concept-reference" xlink:from="referens_locator_UppskovSomSkaTasUppSomIntaktAvseendeAndelsbyteTuple_SFL_1153" xlink:to="referens_resource_UppskovSomSkaTasUppSomIntaktAvseendeAndelsbyteTuple_SFL_1153_reference" xlink:title="reference: referens_locator_UppskovSomSkaTasUppSomIntaktAvseendeAndelsbyteTuple_SFL_1153 to referens_resource_UppskovSomSkaTasUppSomIntaktAvseendeAndelsbyteTuple_SFL_1153_reference"/>
		<link:loc xlink:type="locator" xlink:href="se-n4-ext-2023-06-01.xsd#se-n4-ext_UppskovSomSkaTasUppSomIntaktAvseendeKoncerninternaAndelsavyttringarTuple" xlink:label="referens_locator_UppskovSomSkaTasUppSomIntaktAvseendeKoncerninternaAndelsavyttringarTuple_SFL_1165" xlink:title="referens_locator_UppskovSomSkaTasUppSomIntaktAvseendeKoncerninternaAndelsavyttringarTuple_SFL_1165"/>
		<link:reference xlink:type="resource" xlink:label="referens_resource_UppskovSomSkaTasUppSomIntaktAvseendeKoncerninternaAndelsavyttringarTuple_SFL_1165_reference" xlink:role="http://www.xbrl.org/2003/role/reference" xlink:title="referens_resource_UppskovSomSkaTasUppSomIntaktAvseendeKoncerninternaAndelsavyttringarTuple_SFL_1165_reference">
			<ref:Name>SFL</ref:Name>
			<ref:Number>2011:1244</ref:Number>
			<ref:Chapter>31</ref:Chapter>
			<ref:Paragraph>3</ref:Paragraph>
		</link:reference>
		<link:referenceArc xlink:type="arc" xlink:arcrole="http://www.xbrl.org/2003/arcrole/concept-reference" xlink:from="referens_locator_UppskovSomSkaTasUppSomIntaktAvseendeKoncerninternaAndelsavyttringarTuple_SFL_1165" xlink:to="referens_resource_UppskovSomSkaTasUppSomIntaktAvseendeKoncerninternaAndelsavyttringarTuple_SFL_1165_reference" xlink:title="reference: referens_locator_UppskovSomSkaTasUppSomIntaktAvseendeKoncerninternaAndelsavyttringarTuple_SFL_1165 to referens_resource_UppskovSomSkaTasUppSomIntaktAvseendeKoncerninternaAndelsavyttringarTuple_SFL_1165_reference"/>
		<link:loc xlink:type="locator" xlink:href="se-n4-ext-2023-06-01.xsd#se-n4-ext_SpecifikationAvKvarvarandeUppskovAvseendeAndelsbytenOchKoncerninternaAndelsavyttringarTuple" xlink:label="referens_locator_SpecifikationAvKvarvarandeUppskovAvseendeAndelsbytenOchKoncerninternaAndelsavyttringarTuple_SFL_1179" xlink:title="referens_locator_SpecifikationAvKvarvarandeUppskovAvseendeAndelsbytenOchKoncerninternaAndelsavyttringarTuple_SFL_1179"/>
		<link:reference xlink:type="resource" xlink:label="referens_resource_SpecifikationAvKvarvarandeUppskovAvseendeAndelsbytenOchKoncerninternaAndelsavyttringarTuple_SFL_1179_reference" xlink:role="http://www.xbrl.org/2003/role/reference" xlink:title="referens_resource_SpecifikationAvKvarvarandeUppskovAvseendeAndelsbytenOchKoncerninternaAndelsavyttringarTuple_SFL_1179_reference">
			<ref:Name>SFL</ref:Name>
			<ref:Number>2011:1244</ref:Number>
			<ref:Chapter>31</ref:Chapter>
			<ref:Paragraph>3</ref:Paragraph>
		</link:reference>
		<link:referenceArc xlink:type="arc" xlink:arcrole="http://www.xbrl.org/2003/arcrole/concept-reference" xlink:from="referens_locator_SpecifikationAvKvarvarandeUppskovAvseendeAndelsbytenOchKoncerninternaAndelsavyttringarTuple_SFL_1179" xlink:to="referens_resource_SpecifikationAvKvarvarandeUppskovAvseendeAndelsbytenOchKoncerninternaAndelsavyttringarTuple_SFL_1179_reference" xlink:title="reference: referens_locator_SpecifikationAvKvarvarandeUppskovAvseendeAndelsbytenOchKoncerninternaAndelsavyttringarTuple_SFL_1179 to referens_resource_SpecifikationAvKvarvarandeUppskovAvseendeAndelsbytenOchKoncerninternaAndelsavyttringarTuple_SFL_1179_reference"/>
	</link:referenceLink>
</link:linkbase>