<?xml version="1.0" encoding="UTF-8"?><!--Versionsdatum/revision: 2023-06-01/2023-05-12_12:07:34--><!--Infil   : file:///O:/xmlstr/TaxSam/Inkomstdeklaration 2/2023-06-01 FINAL/Iteration 57 - FINAL LEV 2023-05-12 - bilagor/2023-05-12_12.01.40_10_KontrolleraOchGenerera_v2.00.xsl.xml--><!--XSLT-fil: file:///O:/xmlstr/TaxSam/Inkomstdeklaration 2/2023-06-01 FINAL/Iteration 57 - FINAL LEV 2023-05-12 - bilagor/30_UtokaAnpassadeBasskiktet_v2.00.xsl--><!--XSLT-fil: file:///O:/xmlstr/TaxSam/Inkomstdeklaration 2/2023-06-01 FINAL/Iteration 57 - FINAL LEV 2023-05-12 - bilagor/XSLTallmanKod_v1.05.xsl--><link:linkbase xmlns:xsi="http://www.w3.org/2001/XMLSchema-instance" xmlns:link="http://www.xbrl.org/2003/linkbase" xmlns:xlink="http://www.w3.org/1999/xlink" xsi:schemaLocation="http://www.xbrl.org/2003/linkbase http://www.xbrl.org/2003/xbrl-linkbase-2003-12-31.xsd">
	<link:labelLink xlink:type="extended" xlink:role="http://www.xbrl.org/2003/role/link">
		<link:loc xlink:type="locator" xlink:href="se-n4-ext-2023-06-01.xsd#se-n4-ext_VinstVidAvyttradeAktierEllerAndelarVidAndelsbyteTuple" xlink:label="beskrivning_locator_VinstVidAvyttradeAktierEllerAndelarVidAndelsbyteTuple" xlink:title="beskrivning_locator_VinstVidAvyttradeAktierEllerAndelarVidAndelsbyteTuple"/>
		<link:label xlink:type="resource" xlink:label="beskrivning_resource_VinstVidAvyttradeAktierEllerAndelarVidAndelsbyteTuple_1112_documentation" xlink:role="http://www.xbrl.org/2003/role/documentation" xlink:title="beskrivning_resource_VinstVidAvyttradeAktierEllerAndelarVidAndelsbyteTuple_1112_documentation" xml:lang="sv">Specifikation av antal avyttrade aktier eller andelar och dess beteckning. Specifikation av framräknad vinst samt den del av vinsten som erhållits i pengar</link:label>
		<link:labelArc xlink:type="arc" xlink:arcrole="http://www.xbrl.org/2003/arcrole/concept-label" xlink:from="beskrivning_locator_VinstVidAvyttradeAktierEllerAndelarVidAndelsbyteTuple" xlink:to="beskrivning_resource_VinstVidAvyttradeAktierEllerAndelarVidAndelsbyteTuple_1112_documentation" xlink:title="reference: beskrivning_locator_VinstVidAvyttradeAktierEllerAndelarVidAndelsbyteTuple to beskrivning_resource_VinstVidAvyttradeAktierEllerAndelarVidAndelsbyteTuple_1112_documentation"/>
		<link:loc xlink:type="locator" xlink:href="se-n4-ext-2023-06-01.xsd#se-n4-ext_BegartUppskovVidAndelsbyteTuple" xlink:label="beskrivning_locator_BegartUppskovVidAndelsbyteTuple" xlink:title="beskrivning_locator_BegartUppskovVidAndelsbyteTuple"/>
		<link:label xlink:type="resource" xlink:label="beskrivning_resource_BegartUppskovVidAndelsbyteTuple_1120_documentation" xlink:role="http://www.xbrl.org/2003/role/documentation" xlink:title="beskrivning_resource_BegartUppskovVidAndelsbyteTuple_1120_documentation" xml:lang="sv">Specifikation av antal mottagna aktier eller andelar och dess beteckning samt organisationsnummer. Specifikation av vinst för vilken uppskov begärs, min andel av vinsten samt uppskovsbelopp per aktie eller andel</link:label>
		<link:labelArc xlink:type="arc" xlink:arcrole="http://www.xbrl.org/2003/arcrole/concept-label" xlink:from="beskrivning_locator_BegartUppskovVidAndelsbyteTuple" xlink:to="beskrivning_resource_BegartUppskovVidAndelsbyteTuple_1120_documentation" xlink:title="reference: beskrivning_locator_BegartUppskovVidAndelsbyteTuple to beskrivning_resource_BegartUppskovVidAndelsbyteTuple_1120_documentation"/>
		<link:loc xlink:type="locator" xlink:href="se-n4-ext-2023-06-01.xsd#se-n4-ext_VinstVidByteAvMottagnaAktierEllerAndelarVidAndelsbyteTuple" xlink:label="beskrivning_locator_VinstVidByteAvMottagnaAktierEllerAndelarVidAndelsbyteTuple" xlink:title="beskrivning_locator_VinstVidByteAvMottagnaAktierEllerAndelarVidAndelsbyteTuple"/>
		<link:label xlink:type="resource" xlink:label="beskrivning_resource_VinstVidByteAvMottagnaAktierEllerAndelarVidAndelsbyteTuple_1136_documentation" xlink:role="http://www.xbrl.org/2003/role/documentation" xlink:title="beskrivning_resource_VinstVidByteAvMottagnaAktierEllerAndelarVidAndelsbyteTuple_1136_documentation" xml:lang="sv">Specifikation av antal avyttrade aktier eller andelar och dess beteckning samt organisationsnummer. Specifikation av vinst eller förlust vid efterföljande byte, tidigare uppskov samt nytt begärt uppskov</link:label>
		<link:labelArc xlink:type="arc" xlink:arcrole="http://www.xbrl.org/2003/arcrole/concept-label" xlink:from="beskrivning_locator_VinstVidByteAvMottagnaAktierEllerAndelarVidAndelsbyteTuple" xlink:to="beskrivning_resource_VinstVidByteAvMottagnaAktierEllerAndelarVidAndelsbyteTuple_1136_documentation" xlink:title="reference: beskrivning_locator_VinstVidByteAvMottagnaAktierEllerAndelarVidAndelsbyteTuple to beskrivning_resource_VinstVidByteAvMottagnaAktierEllerAndelarVidAndelsbyteTuple_1136_documentation"/>
		<link:loc xlink:type="locator" xlink:href="se-n4-ext-2023-06-01.xsd#se-n4-ext_UppskovSomSkaTasUppSomIntaktAvseendeAndelsbyteTuple" xlink:label="beskrivning_locator_UppskovSomSkaTasUppSomIntaktAvseendeAndelsbyteTuple" xlink:title="beskrivning_locator_UppskovSomSkaTasUppSomIntaktAvseendeAndelsbyteTuple"/>
		<link:label xlink:type="resource" xlink:label="beskrivning_resource_UppskovSomSkaTasUppSomIntaktAvseendeAndelsbyteTuple_1152_documentation" xlink:role="http://www.xbrl.org/2003/role/documentation" xlink:title="beskrivning_resource_UppskovSomSkaTasUppSomIntaktAvseendeAndelsbyteTuple_1152_documentation" xml:lang="sv">Specifikation av antal aktier eller andelar som återfört uppskov hänför sig till samt dess beteckning. Specifikation av storleken på uppskovet som återförs samt återstående uppskov</link:label>
		<link:labelArc xlink:type="arc" xlink:arcrole="http://www.xbrl.org/2003/arcrole/concept-label" xlink:from="beskrivning_locator_UppskovSomSkaTasUppSomIntaktAvseendeAndelsbyteTuple" xlink:to="beskrivning_resource_UppskovSomSkaTasUppSomIntaktAvseendeAndelsbyteTuple_1152_documentation" xlink:title="reference: beskrivning_locator_UppskovSomSkaTasUppSomIntaktAvseendeAndelsbyteTuple to beskrivning_resource_UppskovSomSkaTasUppSomIntaktAvseendeAndelsbyteTuple_1152_documentation"/>
		<link:loc xlink:type="locator" xlink:href="se-n4-ext-2023-06-01.xsd#se-n4-ext_UppskovSomSkaTasUppSomIntaktAvseendeKoncerninternaAndelsavyttringarTuple" xlink:label="beskrivning_locator_UppskovSomSkaTasUppSomIntaktAvseendeKoncerninternaAndelsavyttringarTuple" xlink:title="beskrivning_locator_UppskovSomSkaTasUppSomIntaktAvseendeKoncerninternaAndelsavyttringarTuple"/>
		<link:label xlink:type="resource" xlink:label="beskrivning_resource_UppskovSomSkaTasUppSomIntaktAvseendeKoncerninternaAndelsavyttringarTuple_1164_documentation" xlink:role="http://www.xbrl.org/2003/role/documentation" xlink:title="beskrivning_resource_UppskovSomSkaTasUppSomIntaktAvseendeKoncerninternaAndelsavyttringarTuple_1164_documentation" xml:lang="sv">Specifikation av antal aktier eller andelar som återfört uppskov hänför sig till samt dess beteckning . Specifikation av storleken på uppskovet som återförs samt återstående uppskov</link:label>
		<link:labelArc xlink:type="arc" xlink:arcrole="http://www.xbrl.org/2003/arcrole/concept-label" xlink:from="beskrivning_locator_UppskovSomSkaTasUppSomIntaktAvseendeKoncerninternaAndelsavyttringarTuple" xlink:to="beskrivning_resource_UppskovSomSkaTasUppSomIntaktAvseendeKoncerninternaAndelsavyttringarTuple_1164_documentation" xlink:title="reference: beskrivning_locator_UppskovSomSkaTasUppSomIntaktAvseendeKoncerninternaAndelsavyttringarTuple to beskrivning_resource_UppskovSomSkaTasUppSomIntaktAvseendeKoncerninternaAndelsavyttringarTuple_1164_documentation"/>
		<link:loc xlink:type="locator" xlink:href="se-n4-ext-2023-06-01.xsd#se-n4-ext_SpecifikationAvKvarvarandeUppskovAvseendeAndelsbytenOchKoncerninternaAndelsavyttringarTuple" xlink:label="beskrivning_locator_SpecifikationAvKvarvarandeUppskovAvseendeAndelsbytenOchKoncerninternaAndelsavyttringarTuple" xlink:title="beskrivning_locator_SpecifikationAvKvarvarandeUppskovAvseendeAndelsbytenOchKoncerninternaAndelsavyttringarTuple"/>
		<link:label xlink:type="resource" xlink:label="beskrivning_resource_SpecifikationAvKvarvarandeUppskovAvseendeAndelsbytenOchKoncerninternaAndelsavyttringarTuple_1177_documentation" xlink:role="http://www.xbrl.org/2003/role/documentation" xlink:title="beskrivning_resource_SpecifikationAvKvarvarandeUppskovAvseendeAndelsbytenOchKoncerninternaAndelsavyttringarTuple_1177_documentation" xml:lang="sv">Specifikation av antalet kvarvarande aktier eller andelar och dess beteckning som kvarvarande uppskov belöper sig på samt det kvarvarande uppskovsbeloppet</link:label>
		<link:labelArc xlink:type="arc" xlink:arcrole="http://www.xbrl.org/2003/arcrole/concept-label" xlink:from="beskrivning_locator_SpecifikationAvKvarvarandeUppskovAvseendeAndelsbytenOchKoncerninternaAndelsavyttringarTuple" xlink:to="beskrivning_resource_SpecifikationAvKvarvarandeUppskovAvseendeAndelsbytenOchKoncerninternaAndelsavyttringarTuple_1177_documentation" xlink:title="reference: beskrivning_locator_SpecifikationAvKvarvarandeUppskovAvseendeAndelsbytenOchKoncerninternaAndelsavyttringarTuple to beskrivning_resource_SpecifikationAvKvarvarandeUppskovAvseendeAndelsbytenOchKoncerninternaAndelsavyttringarTuple_1177_documentation"/>
	</link:labelLink>
</link:linkbase>