<?xml version="1.0" encoding="UTF-8"?><!--Versionsdatum/revision: 2023-06-01/2023-05-12_12:07:34--><!--Infil   : file:///O:/xmlstr/TaxSam/Inkomstdeklaration 2/2023-06-01 FINAL/Iteration 57 - FINAL LEV 2023-05-12 - bilagor/2023-05-12_12.01.40_10_KontrolleraOchGenerera_v2.00.xsl.xml--><!--XSLT-fil: file:///O:/xmlstr/TaxSam/Inkomstdeklaration 2/2023-06-01 FINAL/Iteration 57 - FINAL LEV 2023-05-12 - bilagor/30_UtokaAnpassadeBasskiktet_v2.00.xsl--><!--XSLT-fil: file:///O:/xmlstr/TaxSam/Inkomstdeklaration 2/2023-06-01 FINAL/Iteration 57 - FINAL LEV 2023-05-12 - bilagor/XSLTallmanKod_v1.05.xsl--><link:linkbase xmlns:xsi="http://www.w3.org/2001/XMLSchema-instance" xmlns:link="http://www.xbrl.org/2003/linkbase" xmlns:xlink="http://www.w3.org/1999/xlink" xsi:schemaLocation="http://www.xbrl.org/2003/linkbase http://www.xbrl.org/2003/xbrl-linkbase-2003-12-31.xsd">
	<link:labelLink xlink:type="extended" xlink:role="http://www.xbrl.org/2003/role/link">
		<link:loc xlink:type="locator" xlink:href="../../../../base/se-gen-base/2021-10-31/se-gen-base-2021-10-31.xsd#se-gen-base_BeteckningAktierAndelar" xlink:label="extRubrik_locator_BeteckningAktierAndelar" xlink:title="extRubrik_locator_BeteckningAktierAndelar"/>
		<link:label xlink:type="resource" xlink:label="extRubrik_resource_BeteckningAktierAndelar_1123_verboseLabel" xlink:role="http://www.xbrl.org/2003/role/verboseLabel" xlink:title="extRubrik_resource_BeteckningAktierAndelar_1123_verboseLabel" xml:lang="sv">Beteckning mottagna aktier/andelar</link:label>
		<link:labelArc xlink:type="arc" xlink:arcrole="http://www.xbrl.org/2003/arcrole/concept-label" xlink:from="extRubrik_locator_BeteckningAktierAndelar" xlink:to="extRubrik_resource_BeteckningAktierAndelar_1123_verboseLabel" xlink:title="reference: extRubrik_locator_BeteckningAktierAndelar to extRubrik_resource_BeteckningAktierAndelar_1123_verboseLabel"/>
		<link:loc xlink:type="locator" xlink:href="../../../../base/se-gen-base/2021-10-31/se-gen-base-2021-10-31.xsd#se-gen-base_AntalAktierAndelar" xlink:label="extRubrik_locator_AntalAktierAndelar" xlink:title="extRubrik_locator_AntalAktierAndelar"/>
		<link:label xlink:type="resource" xlink:label="extRubrik_resource_AntalAktierAndelar_1181_verboseLabel" xlink:role="http://www.xbrl.org/2003/role/verboseLabel" xlink:title="extRubrik_resource_AntalAktierAndelar_1181_verboseLabel" xml:lang="sv">Antal kvarvarande aktier/andelar</link:label>
		<link:labelArc xlink:type="arc" xlink:arcrole="http://www.xbrl.org/2003/arcrole/concept-label" xlink:from="extRubrik_locator_AntalAktierAndelar" xlink:to="extRubrik_resource_AntalAktierAndelar_1181_verboseLabel" xlink:title="reference: extRubrik_locator_AntalAktierAndelar to extRubrik_resource_AntalAktierAndelar_1181_verboseLabel"/>
	</link:labelLink>
</link:linkbase>