<?xml version="1.0" encoding="UTF-8"?>
<!-- Generated by Fujitsu Interstage XWand B0255 -->
<link:linkbase xmlns:xsi="http://www.w3.org/2001/XMLSchema-instance" xsi:schemaLocation="http://www.xbrl.org/2003/linkbase http://www.xbrl.org/2003/xbrl-linkbase-2003-12-31.xsd" xmlns:se-k3k-ext="http://www.taxonomier.se/se/fr/gaap/k3k-ext/2021-10-31" xmlns:link="http://www.xbrl.org/2003/linkbase" xmlns:xlink="http://www.w3.org/1999/xlink" xmlns:xbrli="http://www.xbrl.org/2003/instance">
  <link:labelLink xlink:type="extended" xlink:role="http://www.xbrl.org/2003/role/link">
    <link:loc xlink:type="locator" xlink:href="../../../../base/se-gen-base/2021-10-31/se-gen-base-2021-10-31.xsd#se-gen-base_FondVerkligtVarde" xlink:label="se-gen-base_FondVerkligtVarde_4881" xlink:title="se-gen-base_FondVerkligtVarde_4881"/>
    <link:label xlink:type="resource" xlink:label="se-gen-base_FondVerkligtVarde_4882" xlink:role="http://www.xbrl.org/2003/role/periodEndLabel" xlink:title="se-gen-base_FondVerkligtVarde_4882" xml:lang="sv">Utgående balans</link:label>
    <link:labelArc xlink:type="arc" xlink:arcrole="http://www.xbrl.org/2003/arcrole/concept-label" xlink:from="se-gen-base_FondVerkligtVarde_4881" xlink:to="se-gen-base_FondVerkligtVarde_4882" xlink:title="label: se-gen-base_FondVerkligtVarde_4881 to se-gen-base_FondVerkligtVarde_4882"/>
    <link:loc xlink:type="locator" xlink:href="../../../../base/se-gen-base/2021-10-31/se-gen-base-2021-10-31.xsd#se-gen-base_Aktiekapital" xlink:label="se-gen-base_Aktiekapital_4867" xlink:title="se-gen-base_Aktiekapital_4867"/>
    <link:label xlink:type="resource" xlink:label="se-gen-base_Aktiekapital_4868" xlink:role="http://www.xbrl.org/2003/role/periodEndLabel" xlink:title="se-gen-base_Aktiekapital_4868" xml:lang="sv">Utgående balans</link:label>
    <link:labelArc xlink:type="arc" xlink:arcrole="http://www.xbrl.org/2003/arcrole/concept-label" xlink:from="se-gen-base_Aktiekapital_4867" xlink:to="se-gen-base_Aktiekapital_4868" xlink:title="label: se-gen-base_Aktiekapital_4867 to se-gen-base_Aktiekapital_4868"/>
    <link:loc xlink:type="locator" xlink:href="../../../../base/se-gen-base/2021-10-31/se-gen-base-2021-10-31.xsd#se-gen-base_Uppskrivningsfond" xlink:label="se-gen-base_Uppskrivningsfond_4871" xlink:title="se-gen-base_Uppskrivningsfond_4871"/>
    <link:label xlink:type="resource" xlink:label="se-gen-base_Uppskrivningsfond_4872" xlink:role="http://www.xbrl.org/2003/role/periodEndLabel" xlink:title="se-gen-base_Uppskrivningsfond_4872" xml:lang="sv">Utgående balans</link:label>
    <link:labelArc xlink:type="arc" xlink:arcrole="http://www.xbrl.org/2003/arcrole/concept-label" xlink:from="se-gen-base_Uppskrivningsfond_4871" xlink:to="se-gen-base_Uppskrivningsfond_4872" xlink:title="label: se-gen-base_Uppskrivningsfond_4871 to se-gen-base_Uppskrivningsfond_4872"/>
    <link:loc xlink:type="locator" xlink:href="../../../../base/se-gen-base/2021-10-31/se-gen-base-2021-10-31.xsd#se-gen-base_Reservfond" xlink:label="se-gen-base_Reservfond_4873" xlink:title="se-gen-base_Reservfond_4873"/>
    <link:label xlink:type="resource" xlink:label="se-gen-base_Reservfond_4874" xlink:role="http://www.xbrl.org/2003/role/periodEndLabel" xlink:title="se-gen-base_Reservfond_4874" xml:lang="sv">Utgående balans</link:label>
    <link:labelArc xlink:type="arc" xlink:arcrole="http://www.xbrl.org/2003/arcrole/concept-label" xlink:from="se-gen-base_Reservfond_4873" xlink:to="se-gen-base_Reservfond_4874" xlink:title="label: se-gen-base_Reservfond_4873 to se-gen-base_Reservfond_4874"/>
    <link:loc xlink:type="locator" xlink:href="../../../../base/se-gen-base/2021-10-31/se-gen-base-2021-10-31.xsd#se-gen-base_Kapitalandelsfond" xlink:label="se-gen-base_Kapitalandelsfond_4875" xlink:title="se-gen-base_Kapitalandelsfond_4875"/>
    <link:label xlink:type="resource" xlink:label="se-gen-base_Kapitalandelsfond_4876" xlink:role="http://www.xbrl.org/2003/role/periodEndLabel" xlink:title="se-gen-base_Kapitalandelsfond_4876" xml:lang="sv">Utgående balans</link:label>
    <link:labelArc xlink:type="arc" xlink:arcrole="http://www.xbrl.org/2003/arcrole/concept-label" xlink:from="se-gen-base_Kapitalandelsfond_4875" xlink:to="se-gen-base_Kapitalandelsfond_4876" xlink:title="label: se-gen-base_Kapitalandelsfond_4875 to se-gen-base_Kapitalandelsfond_4876"/>
    <link:loc xlink:type="locator" xlink:href="../../../../base/se-gen-base/2021-10-31/se-gen-base-2021-10-31.xsd#se-gen-base_FondUtvecklingsutgifter" xlink:label="se-gen-base_FondUtvecklingsutgifter_4877" xlink:title="se-gen-base_FondUtvecklingsutgifter_4877"/>
    <link:label xlink:type="resource" xlink:label="se-gen-base_FondUtvecklingsutgifter_4878" xlink:role="http://www.xbrl.org/2003/role/periodEndLabel" xlink:title="se-gen-base_FondUtvecklingsutgifter_4878" xml:lang="sv">Utgående balans</link:label>
    <link:labelArc xlink:type="arc" xlink:arcrole="http://www.xbrl.org/2003/arcrole/concept-label" xlink:from="se-gen-base_FondUtvecklingsutgifter_4877" xlink:to="se-gen-base_FondUtvecklingsutgifter_4878" xlink:title="label: se-gen-base_FondUtvecklingsutgifter_4877 to se-gen-base_FondUtvecklingsutgifter_4878"/>
    <link:loc xlink:type="locator" xlink:href="../../../../base/se-gen-base/2021-10-31/se-gen-base-2021-10-31.xsd#se-gen-base_EgetKapital" xlink:label="se-gen-base_EgetKapital_4887" xlink:title="se-gen-base_EgetKapital_4887"/>
    <link:label xlink:type="resource" xlink:label="se-gen-base_EgetKapital_4888" xlink:role="http://www.xbrl.org/2003/role/periodEndLabel" xlink:title="se-gen-base_EgetKapital_4888" xml:lang="sv">Utgående balans</link:label>
    <link:labelArc xlink:type="arc" xlink:arcrole="http://www.xbrl.org/2003/arcrole/concept-label" xlink:from="se-gen-base_EgetKapital_4887" xlink:to="se-gen-base_EgetKapital_4888" xlink:title="label: se-gen-base_EgetKapital_4887 to se-gen-base_EgetKapital_4888"/>
    <link:loc xlink:type="locator" xlink:href="../../../../base/se-gen-base/2021-10-31/se-gen-base-2021-10-31.xsd#se-gen-base_AvsattningarPensionerLiknandeForpliktelser" xlink:label="AvsattningarPensionerLiknandeForpliktelser_2" xlink:title="AvsattningarPensionerLiknandeForpliktelser"/>
    <link:label xlink:type="resource" xlink:label="label_AvsattningarPensionerLiknandeForpliktelser_2" xlink:role="http://www.xbrl.org/2003/role/periodEndLabel" xlink:title="label_AvsattningarPensionerLiknandeForpliktelser" xml:lang="sv" id="label_AvsattningarPensionerLiknandeForpliktelser_2">Utgående balans</link:label>
    <link:labelArc xlink:type="arc" xlink:arcrole="http://www.xbrl.org/2003/arcrole/concept-label" xlink:from="AvsattningarPensionerLiknandeForpliktelser_2" xlink:to="label_AvsattningarPensionerLiknandeForpliktelser_2" xlink:title="label: AvsattningarPensionerLiknandeForpliktelser to label_AvsattningarPensionerLiknandeForpliktelser"/>
    <link:loc xlink:type="locator" xlink:href="../../../../base/se-gen-base/2021-10-31/se-gen-base-2021-10-31.xsd#se-gen-base_LikvidaMedel" xlink:label="se-gen-base_LikvidaMedel_4889" xlink:title="se-gen-base_LikvidaMedel_4889"/>
    <link:label xlink:type="resource" xlink:label="se-gen-base_LikvidaMedel_4890" xlink:role="http://www.xbrl.org/2003/role/periodEndLabel" xlink:title="se-gen-base_LikvidaMedel_4890" xml:lang="sv">Likvida medel vid årets slut</link:label>
    <link:labelArc xlink:type="arc" xlink:arcrole="http://www.xbrl.org/2003/arcrole/concept-label" xlink:from="se-gen-base_LikvidaMedel_4889" xlink:to="se-gen-base_LikvidaMedel_4890" xlink:title="label: se-gen-base_LikvidaMedel_4889 to se-gen-base_LikvidaMedel_4890"/>
    <link:loc xlink:type="locator" xlink:href="../../../../base/se-gen-base/2021-10-31/se-gen-base-2021-10-31.xsd#se-gen-base_AktierelateradErsattningAnstalldaAntalPersonaloptioner" xlink:label="se-gen-base_AktierelateradErsattningAnstalldaAntalPersonaloptioner_4891" xlink:title="se-gen-base_AktierelateradErsattningAnstalldaAntalPersonaloptioner_4891"/>
    <link:label xlink:type="resource" xlink:label="se-gen-base_AktierelateradErsattningAnstalldaAntalPersonaloptioner_4892" xlink:role="http://www.xbrl.org/2003/role/periodEndLabel" xlink:title="se-gen-base_AktierelateradErsattningAnstalldaAntalPersonaloptioner_4892" xml:lang="sv">Utestående vid årets slut</link:label>
    <link:labelArc xlink:type="arc" xlink:arcrole="http://www.xbrl.org/2003/arcrole/concept-label" xlink:from="se-gen-base_AktierelateradErsattningAnstalldaAntalPersonaloptioner_4891" xlink:to="se-gen-base_AktierelateradErsattningAnstalldaAntalPersonaloptioner_4892" xlink:title="label: se-gen-base_AktierelateradErsattningAnstalldaAntalPersonaloptioner_4891 to se-gen-base_AktierelateradErsattningAnstalldaAntalPersonaloptioner_4892"/>
    <link:loc xlink:type="locator" xlink:href="../../../../base/se-gen-base/2021-10-31/se-gen-base-2021-10-31.xsd#se-gen-base_AktierelateradErsattningAnstalldaLosenprisPersonaloptioner" xlink:label="se-gen-base_AktierelateradErsattningAnstalldaLosenprisPersonaloptioner_4893" xlink:title="se-gen-base_AktierelateradErsattningAnstalldaLosenprisPersonaloptioner_4893"/>
    <link:label xlink:type="resource" xlink:label="se-gen-base_AktierelateradErsattningAnstalldaLosenprisPersonaloptioner_4894" xlink:role="http://www.xbrl.org/2003/role/periodEndLabel" xlink:title="se-gen-base_AktierelateradErsattningAnstalldaLosenprisPersonaloptioner_4894" xml:lang="sv">Utestående vid årets slut</link:label>
    <link:labelArc xlink:type="arc" xlink:arcrole="http://www.xbrl.org/2003/arcrole/concept-label" xlink:from="se-gen-base_AktierelateradErsattningAnstalldaLosenprisPersonaloptioner_4893" xlink:to="se-gen-base_AktierelateradErsattningAnstalldaLosenprisPersonaloptioner_4894" xlink:title="label: se-gen-base_AktierelateradErsattningAnstalldaLosenprisPersonaloptioner_4893 to se-gen-base_AktierelateradErsattningAnstalldaLosenprisPersonaloptioner_4894"/>
    <link:loc xlink:type="locator" xlink:href="../../../../base/se-gen-base/2021-10-31/se-gen-base-2021-10-31.xsd#se-gen-base_BalanseradeUtgifterUtvecklingsarbetenLiknadeArbetenAnskaffningsvarden" xlink:label="se-gen-base_BalanseradeUtgifterUtvecklingsarbetenLiknadeArbetenAnskaffningsvarden_4895" xlink:title="se-gen-base_BalanseradeUtgifterUtvecklingsarbetenLiknadeArbetenAnskaffningsvarden_4895"/>
    <link:label xlink:type="resource" xlink:label="se-gen-base_BalanseradeUtgifterUtvecklingsarbetenLiknadeArbetenAnskaffningsvarden_4896" xlink:role="http://www.xbrl.org/2003/role/periodEndLabel" xlink:title="se-gen-base_BalanseradeUtgifterUtvecklingsarbetenLiknadeArbetenAnskaffningsvarden_4896" xml:lang="sv">Utgående anskaffningsvärden</link:label>
    <link:labelArc xlink:type="arc" xlink:arcrole="http://www.xbrl.org/2003/arcrole/concept-label" xlink:from="se-gen-base_BalanseradeUtgifterUtvecklingsarbetenLiknadeArbetenAnskaffningsvarden_4895" xlink:to="se-gen-base_BalanseradeUtgifterUtvecklingsarbetenLiknadeArbetenAnskaffningsvarden_4896" xlink:title="label: se-gen-base_BalanseradeUtgifterUtvecklingsarbetenLiknadeArbetenAnskaffningsvarden_4895 to se-gen-base_BalanseradeUtgifterUtvecklingsarbetenLiknadeArbetenAnskaffningsvarden_4896"/>
    <link:loc xlink:type="locator" xlink:href="../../../../base/se-gen-base/2021-10-31/se-gen-base-2021-10-31.xsd#se-gen-base_BalanseradeUtgifterUtvecklingsarbetenLiknadeArbetenAvskrivningar" xlink:label="se-gen-base_BalanseradeUtgifterUtvecklingsarbetenLiknadeArbetenAvskrivningar_4897" xlink:title="se-gen-base_BalanseradeUtgifterUtvecklingsarbetenLiknadeArbetenAvskrivningar_4897"/>
    <link:label xlink:type="resource" xlink:label="se-gen-base_BalanseradeUtgifterUtvecklingsarbetenLiknadeArbetenAvskrivningar_4898" xlink:role="http://www.xbrl.org/2003/role/periodEndLabel" xlink:title="se-gen-base_BalanseradeUtgifterUtvecklingsarbetenLiknadeArbetenAvskrivningar_4898" xml:lang="sv">Utgående avskrivningar</link:label>
    <link:labelArc xlink:type="arc" xlink:arcrole="http://www.xbrl.org/2003/arcrole/concept-label" xlink:from="se-gen-base_BalanseradeUtgifterUtvecklingsarbetenLiknadeArbetenAvskrivningar_4897" xlink:to="se-gen-base_BalanseradeUtgifterUtvecklingsarbetenLiknadeArbetenAvskrivningar_4898" xlink:title="label: se-gen-base_BalanseradeUtgifterUtvecklingsarbetenLiknadeArbetenAvskrivningar_4897 to se-gen-base_BalanseradeUtgifterUtvecklingsarbetenLiknadeArbetenAvskrivningar_4898"/>
    <link:loc xlink:type="locator" xlink:href="../../../../base/se-gen-base/2021-10-31/se-gen-base-2021-10-31.xsd#se-gen-base_BalanseradeUtgifterUtvecklingsarbetenLiknadeArbetenUppskrivningar" xlink:label="se-gen-base_BalanseradeUtgifterUtvecklingsarbetenLiknadeArbetenUppskrivningar_4899" xlink:title="se-gen-base_BalanseradeUtgifterUtvecklingsarbetenLiknadeArbetenUppskrivningar_4899"/>
    <link:label xlink:type="resource" xlink:label="se-gen-base_BalanseradeUtgifterUtvecklingsarbetenLiknadeArbetenUppskrivningar_4900" xlink:role="http://www.xbrl.org/2003/role/periodEndLabel" xlink:title="se-gen-base_BalanseradeUtgifterUtvecklingsarbetenLiknadeArbetenUppskrivningar_4900" xml:lang="sv">Utgående uppskrivningar</link:label>
    <link:labelArc xlink:type="arc" xlink:arcrole="http://www.xbrl.org/2003/arcrole/concept-label" xlink:from="se-gen-base_BalanseradeUtgifterUtvecklingsarbetenLiknadeArbetenUppskrivningar_4899" xlink:to="se-gen-base_BalanseradeUtgifterUtvecklingsarbetenLiknadeArbetenUppskrivningar_4900" xlink:title="label: se-gen-base_BalanseradeUtgifterUtvecklingsarbetenLiknadeArbetenUppskrivningar_4899 to se-gen-base_BalanseradeUtgifterUtvecklingsarbetenLiknadeArbetenUppskrivningar_4900"/>
    <link:loc xlink:type="locator" xlink:href="../../../../base/se-gen-base/2021-10-31/se-gen-base-2021-10-31.xsd#se-gen-base_BalanseradeUtgifterUtvecklingsarbetenLiknadeArbetenNedskrivningar" xlink:label="se-gen-base_BalanseradeUtgifterUtvecklingsarbetenLiknadeArbetenNedskrivningar_4901" xlink:title="se-gen-base_BalanseradeUtgifterUtvecklingsarbetenLiknadeArbetenNedskrivningar_4901"/>
    <link:label xlink:type="resource" xlink:label="se-gen-base_BalanseradeUtgifterUtvecklingsarbetenLiknadeArbetenNedskrivningar_4902" xlink:role="http://www.xbrl.org/2003/role/periodEndLabel" xlink:title="se-gen-base_BalanseradeUtgifterUtvecklingsarbetenLiknadeArbetenNedskrivningar_4902" xml:lang="sv">Utgående nedskrivningar</link:label>
    <link:labelArc xlink:type="arc" xlink:arcrole="http://www.xbrl.org/2003/arcrole/concept-label" xlink:from="se-gen-base_BalanseradeUtgifterUtvecklingsarbetenLiknadeArbetenNedskrivningar_4901" xlink:to="se-gen-base_BalanseradeUtgifterUtvecklingsarbetenLiknadeArbetenNedskrivningar_4902" xlink:title="label: se-gen-base_BalanseradeUtgifterUtvecklingsarbetenLiknadeArbetenNedskrivningar_4901 to se-gen-base_BalanseradeUtgifterUtvecklingsarbetenLiknadeArbetenNedskrivningar_4902"/>
    <link:loc xlink:type="locator" xlink:href="../../../../base/se-gen-base/2021-10-31/se-gen-base-2021-10-31.xsd#se-gen-base_KoncessionerPatentLicenserVarumarkenLiknandeRattigheterAnskaffningsvarden" xlink:label="se-gen-base_KoncessionerPatentLicenserVarumarkenLiknandeRattigheterAnskaffningsvarden_4903" xlink:title="se-gen-base_KoncessionerPatentLicenserVarumarkenLiknandeRattigheterAnskaffningsvarden_4903"/>
    <link:label xlink:type="resource" xlink:label="se-gen-base_KoncessionerPatentLicenserVarumarkenLiknandeRattigheterAnskaffningsvarden_4904" xlink:role="http://www.xbrl.org/2003/role/periodEndLabel" xlink:title="se-gen-base_KoncessionerPatentLicenserVarumarkenLiknandeRattigheterAnskaffningsvarden_4904" xml:lang="sv">Utgående anskaffningsvärden</link:label>
    <link:labelArc xlink:type="arc" xlink:arcrole="http://www.xbrl.org/2003/arcrole/concept-label" xlink:from="se-gen-base_KoncessionerPatentLicenserVarumarkenLiknandeRattigheterAnskaffningsvarden_4903" xlink:to="se-gen-base_KoncessionerPatentLicenserVarumarkenLiknandeRattigheterAnskaffningsvarden_4904" xlink:title="label: se-gen-base_KoncessionerPatentLicenserVarumarkenLiknandeRattigheterAnskaffningsvarden_4903 to se-gen-base_KoncessionerPatentLicenserVarumarkenLiknandeRattigheterAnskaffningsvarden_4904"/>
    <link:loc xlink:type="locator" xlink:href="../../../../base/se-gen-base/2021-10-31/se-gen-base-2021-10-31.xsd#se-gen-base_KoncessionerPatentLicenserVarumarkenLiknandeRattigheterAvskrivningar" xlink:label="se-gen-base_KoncessionerPatentLicenserVarumarkenLiknandeRattigheterAvskrivningar_4905" xlink:title="se-gen-base_KoncessionerPatentLicenserVarumarkenLiknandeRattigheterAvskrivningar_4905"/>
    <link:label xlink:type="resource" xlink:label="se-gen-base_KoncessionerPatentLicenserVarumarkenLiknandeRattigheterAvskrivningar_4906" xlink:role="http://www.xbrl.org/2003/role/periodEndLabel" xlink:title="se-gen-base_KoncessionerPatentLicenserVarumarkenLiknandeRattigheterAvskrivningar_4906" xml:lang="sv">Utgående avskrivningar</link:label>
    <link:labelArc xlink:type="arc" xlink:arcrole="http://www.xbrl.org/2003/arcrole/concept-label" xlink:from="se-gen-base_KoncessionerPatentLicenserVarumarkenLiknandeRattigheterAvskrivningar_4905" xlink:to="se-gen-base_KoncessionerPatentLicenserVarumarkenLiknandeRattigheterAvskrivningar_4906" xlink:title="label: se-gen-base_KoncessionerPatentLicenserVarumarkenLiknandeRattigheterAvskrivningar_4905 to se-gen-base_KoncessionerPatentLicenserVarumarkenLiknandeRattigheterAvskrivningar_4906"/>
    <link:loc xlink:type="locator" xlink:href="../../../../base/se-gen-base/2021-10-31/se-gen-base-2021-10-31.xsd#se-gen-base_KoncessionerPatentLicenserVarumarkenLiknandeRattigheterUppskrivningar" xlink:label="se-gen-base_KoncessionerPatentLicenserVarumarkenLiknandeRattigheterUppskrivningar_4907" xlink:title="se-gen-base_KoncessionerPatentLicenserVarumarkenLiknandeRattigheterUppskrivningar_4907"/>
    <link:label xlink:type="resource" xlink:label="se-gen-base_KoncessionerPatentLicenserVarumarkenLiknandeRattigheterUppskrivningar_4908" xlink:role="http://www.xbrl.org/2003/role/periodEndLabel" xlink:title="se-gen-base_KoncessionerPatentLicenserVarumarkenLiknandeRattigheterUppskrivningar_4908" xml:lang="sv">Utgående uppskrivningar</link:label>
    <link:labelArc xlink:type="arc" xlink:arcrole="http://www.xbrl.org/2003/arcrole/concept-label" xlink:from="se-gen-base_KoncessionerPatentLicenserVarumarkenLiknandeRattigheterUppskrivningar_4907" xlink:to="se-gen-base_KoncessionerPatentLicenserVarumarkenLiknandeRattigheterUppskrivningar_4908" xlink:title="label: se-gen-base_KoncessionerPatentLicenserVarumarkenLiknandeRattigheterUppskrivningar_4907 to se-gen-base_KoncessionerPatentLicenserVarumarkenLiknandeRattigheterUppskrivningar_4908"/>
    <link:loc xlink:type="locator" xlink:href="../../../../base/se-gen-base/2021-10-31/se-gen-base-2021-10-31.xsd#se-gen-base_KoncessionerPatentLicenserVarumarkenLiknandeRattigheterNedskrivningar" xlink:label="se-gen-base_KoncessionerPatentLicenserVarumarkenLiknandeRattigheterNedskrivningar_4909" xlink:title="se-gen-base_KoncessionerPatentLicenserVarumarkenLiknandeRattigheterNedskrivningar_4909"/>
    <link:label xlink:type="resource" xlink:label="se-gen-base_KoncessionerPatentLicenserVarumarkenLiknandeRattigheterNedskrivningar_4910" xlink:role="http://www.xbrl.org/2003/role/periodEndLabel" xlink:title="se-gen-base_KoncessionerPatentLicenserVarumarkenLiknandeRattigheterNedskrivningar_4910" xml:lang="sv">Utgående nedskrivningar</link:label>
    <link:labelArc xlink:type="arc" xlink:arcrole="http://www.xbrl.org/2003/arcrole/concept-label" xlink:from="se-gen-base_KoncessionerPatentLicenserVarumarkenLiknandeRattigheterNedskrivningar_4909" xlink:to="se-gen-base_KoncessionerPatentLicenserVarumarkenLiknandeRattigheterNedskrivningar_4910" xlink:title="label: se-gen-base_KoncessionerPatentLicenserVarumarkenLiknandeRattigheterNedskrivningar_4909 to se-gen-base_KoncessionerPatentLicenserVarumarkenLiknandeRattigheterNedskrivningar_4910"/>
    <link:loc xlink:type="locator" xlink:href="../../../../base/se-gen-base/2021-10-31/se-gen-base-2021-10-31.xsd#se-gen-base_HyresratterLiknandeRattigheterAnskaffningsvarden" xlink:label="se-gen-base_HyresratterLiknandeRattigheterAnskaffningsvarden_4911" xlink:title="se-gen-base_HyresratterLiknandeRattigheterAnskaffningsvarden_4911"/>
    <link:label xlink:type="resource" xlink:label="se-gen-base_HyresratterLiknandeRattigheterAnskaffningsvarden_4912" xlink:role="http://www.xbrl.org/2003/role/periodEndLabel" xlink:title="se-gen-base_HyresratterLiknandeRattigheterAnskaffningsvarden_4912" xml:lang="sv">Utgående anskaffningsvärden</link:label>
    <link:labelArc xlink:type="arc" xlink:arcrole="http://www.xbrl.org/2003/arcrole/concept-label" xlink:from="se-gen-base_HyresratterLiknandeRattigheterAnskaffningsvarden_4911" xlink:to="se-gen-base_HyresratterLiknandeRattigheterAnskaffningsvarden_4912" xlink:title="label: se-gen-base_HyresratterLiknandeRattigheterAnskaffningsvarden_4911 to se-gen-base_HyresratterLiknandeRattigheterAnskaffningsvarden_4912"/>
    <link:loc xlink:type="locator" xlink:href="../../../../base/se-gen-base/2021-10-31/se-gen-base-2021-10-31.xsd#se-gen-base_HyresratterLiknandeRattigheterAvskrivningar" xlink:label="se-gen-base_HyresratterLiknandeRattigheterAvskrivningar_4913" xlink:title="se-gen-base_HyresratterLiknandeRattigheterAvskrivningar_4913"/>
    <link:label xlink:type="resource" xlink:label="se-gen-base_HyresratterLiknandeRattigheterAvskrivningar_4914" xlink:role="http://www.xbrl.org/2003/role/periodEndLabel" xlink:title="se-gen-base_HyresratterLiknandeRattigheterAvskrivningar_4914" xml:lang="sv">Utgående avskrivningar</link:label>
    <link:labelArc xlink:type="arc" xlink:arcrole="http://www.xbrl.org/2003/arcrole/concept-label" xlink:from="se-gen-base_HyresratterLiknandeRattigheterAvskrivningar_4913" xlink:to="se-gen-base_HyresratterLiknandeRattigheterAvskrivningar_4914" xlink:title="label: se-gen-base_HyresratterLiknandeRattigheterAvskrivningar_4913 to se-gen-base_HyresratterLiknandeRattigheterAvskrivningar_4914"/>
    <link:loc xlink:type="locator" xlink:href="../../../../base/se-gen-base/2021-10-31/se-gen-base-2021-10-31.xsd#se-gen-base_HyresratterLiknandeRattigheterUppskrivningar" xlink:label="se-gen-base_HyresratterLiknandeRattigheterUppskrivningar_4915" xlink:title="se-gen-base_HyresratterLiknandeRattigheterUppskrivningar_4915"/>
    <link:label xlink:type="resource" xlink:label="se-gen-base_HyresratterLiknandeRattigheterUppskrivningar_4916" xlink:role="http://www.xbrl.org/2003/role/periodEndLabel" xlink:title="se-gen-base_HyresratterLiknandeRattigheterUppskrivningar_4916" xml:lang="sv">Utgående uppskrivningar</link:label>
    <link:labelArc xlink:type="arc" xlink:arcrole="http://www.xbrl.org/2003/arcrole/concept-label" xlink:from="se-gen-base_HyresratterLiknandeRattigheterUppskrivningar_4915" xlink:to="se-gen-base_HyresratterLiknandeRattigheterUppskrivningar_4916" xlink:title="label: se-gen-base_HyresratterLiknandeRattigheterUppskrivningar_4915 to se-gen-base_HyresratterLiknandeRattigheterUppskrivningar_4916"/>
    <link:loc xlink:type="locator" xlink:href="../../../../base/se-gen-base/2021-10-31/se-gen-base-2021-10-31.xsd#se-gen-base_HyresratterLiknandeRattigheterNedskrivningar" xlink:label="se-gen-base_HyresratterLiknandeRattigheterNedskrivningar_4917" xlink:title="se-gen-base_HyresratterLiknandeRattigheterNedskrivningar_4917"/>
    <link:label xlink:type="resource" xlink:label="se-gen-base_HyresratterLiknandeRattigheterNedskrivningar_4918" xlink:role="http://www.xbrl.org/2003/role/periodEndLabel" xlink:title="se-gen-base_HyresratterLiknandeRattigheterNedskrivningar_4918" xml:lang="sv">Utgående nedskrivningar</link:label>
    <link:labelArc xlink:type="arc" xlink:arcrole="http://www.xbrl.org/2003/arcrole/concept-label" xlink:from="se-gen-base_HyresratterLiknandeRattigheterNedskrivningar_4917" xlink:to="se-gen-base_HyresratterLiknandeRattigheterNedskrivningar_4918" xlink:title="label: se-gen-base_HyresratterLiknandeRattigheterNedskrivningar_4917 to se-gen-base_HyresratterLiknandeRattigheterNedskrivningar_4918"/>
    <link:loc xlink:type="locator" xlink:href="../../../../base/se-gen-base/2021-10-31/se-gen-base-2021-10-31.xsd#se-gen-base_GoodwillAnskaffningsvarden" xlink:label="se-gen-base_GoodwillAnskaffningsvarden_4919" xlink:title="se-gen-base_GoodwillAnskaffningsvarden_4919"/>
    <link:label xlink:type="resource" xlink:label="se-gen-base_GoodwillAnskaffningsvarden_4920" xlink:role="http://www.xbrl.org/2003/role/periodEndLabel" xlink:title="se-gen-base_GoodwillAnskaffningsvarden_4920" xml:lang="sv">Utgående anskaffningsvärden</link:label>
    <link:labelArc xlink:type="arc" xlink:arcrole="http://www.xbrl.org/2003/arcrole/concept-label" xlink:from="se-gen-base_GoodwillAnskaffningsvarden_4919" xlink:to="se-gen-base_GoodwillAnskaffningsvarden_4920" xlink:title="label: se-gen-base_GoodwillAnskaffningsvarden_4919 to se-gen-base_GoodwillAnskaffningsvarden_4920"/>
    <link:loc xlink:type="locator" xlink:href="../../../../base/se-gen-base/2021-10-31/se-gen-base-2021-10-31.xsd#se-gen-base_GoodwillAvskrivningar" xlink:label="se-gen-base_GoodwillAvskrivningar_4921" xlink:title="se-gen-base_GoodwillAvskrivningar_4921"/>
    <link:label xlink:type="resource" xlink:label="se-gen-base_GoodwillAvskrivningar_4922" xlink:role="http://www.xbrl.org/2003/role/periodEndLabel" xlink:title="se-gen-base_GoodwillAvskrivningar_4922" xml:lang="sv">Utgående avskrivningar</link:label>
    <link:labelArc xlink:type="arc" xlink:arcrole="http://www.xbrl.org/2003/arcrole/concept-label" xlink:from="se-gen-base_GoodwillAvskrivningar_4921" xlink:to="se-gen-base_GoodwillAvskrivningar_4922" xlink:title="label: se-gen-base_GoodwillAvskrivningar_4921 to se-gen-base_GoodwillAvskrivningar_4922"/>
    <link:loc xlink:type="locator" xlink:href="../../../../base/se-gen-base/2021-10-31/se-gen-base-2021-10-31.xsd#se-gen-base_GoodwillNedskrivningar" xlink:label="se-gen-base_GoodwillNedskrivningar_4923" xlink:title="se-gen-base_GoodwillNedskrivningar_4923"/>
    <link:label xlink:type="resource" xlink:label="se-gen-base_GoodwillNedskrivningar_4924" xlink:role="http://www.xbrl.org/2003/role/periodEndLabel" xlink:title="se-gen-base_GoodwillNedskrivningar_4924" xml:lang="sv">Utgående nedskrivningar</link:label>
    <link:labelArc xlink:type="arc" xlink:arcrole="http://www.xbrl.org/2003/arcrole/concept-label" xlink:from="se-gen-base_GoodwillNedskrivningar_4923" xlink:to="se-gen-base_GoodwillNedskrivningar_4924" xlink:title="label: se-gen-base_GoodwillNedskrivningar_4923 to se-gen-base_GoodwillNedskrivningar_4924"/>
    <link:loc xlink:type="locator" xlink:href="../../../../base/se-gen-base/2021-10-31/se-gen-base-2021-10-31.xsd#se-gen-base_ByggnaderMarkAnskaffningsvarden" xlink:label="se-gen-base_ByggnaderMarkAnskaffningsvarden_4931" xlink:title="se-gen-base_ByggnaderMarkAnskaffningsvarden_4931"/>
    <link:label xlink:type="resource" xlink:label="se-gen-base_ByggnaderMarkAnskaffningsvarden_4932" xlink:role="http://www.xbrl.org/2003/role/periodEndLabel" xlink:title="se-gen-base_ByggnaderMarkAnskaffningsvarden_4932" xml:lang="sv">Utgående anskaffningsvärden</link:label>
    <link:labelArc xlink:type="arc" xlink:arcrole="http://www.xbrl.org/2003/arcrole/concept-label" xlink:from="se-gen-base_ByggnaderMarkAnskaffningsvarden_4931" xlink:to="se-gen-base_ByggnaderMarkAnskaffningsvarden_4932" xlink:title="label: se-gen-base_ByggnaderMarkAnskaffningsvarden_4931 to se-gen-base_ByggnaderMarkAnskaffningsvarden_4932"/>
    <link:loc xlink:type="locator" xlink:href="../../../../base/se-gen-base/2021-10-31/se-gen-base-2021-10-31.xsd#se-gen-base_ByggnaderMarkAvskrivningar" xlink:label="se-gen-base_ByggnaderMarkAvskrivningar_4933" xlink:title="se-gen-base_ByggnaderMarkAvskrivningar_4933"/>
    <link:label xlink:type="resource" xlink:label="se-gen-base_ByggnaderMarkAvskrivningar_4934" xlink:role="http://www.xbrl.org/2003/role/periodEndLabel" xlink:title="se-gen-base_ByggnaderMarkAvskrivningar_4934" xml:lang="sv">Utgående avskrivningar</link:label>
    <link:labelArc xlink:type="arc" xlink:arcrole="http://www.xbrl.org/2003/arcrole/concept-label" xlink:from="se-gen-base_ByggnaderMarkAvskrivningar_4933" xlink:to="se-gen-base_ByggnaderMarkAvskrivningar_4934" xlink:title="label: se-gen-base_ByggnaderMarkAvskrivningar_4933 to se-gen-base_ByggnaderMarkAvskrivningar_4934"/>
    <link:loc xlink:type="locator" xlink:href="../../../../base/se-gen-base/2021-10-31/se-gen-base-2021-10-31.xsd#se-gen-base_ByggnaderMarkUppskrivningar" xlink:label="se-gen-base_ByggnaderMarkUppskrivningar_4935" xlink:title="se-gen-base_ByggnaderMarkUppskrivningar_4935"/>
    <link:label xlink:type="resource" xlink:label="se-gen-base_ByggnaderMarkUppskrivningar_4936" xlink:role="http://www.xbrl.org/2003/role/periodEndLabel" xlink:title="se-gen-base_ByggnaderMarkUppskrivningar_4936" xml:lang="sv">Utgående uppskrivningar</link:label>
    <link:labelArc xlink:type="arc" xlink:arcrole="http://www.xbrl.org/2003/arcrole/concept-label" xlink:from="se-gen-base_ByggnaderMarkUppskrivningar_4935" xlink:to="se-gen-base_ByggnaderMarkUppskrivningar_4936" xlink:title="label: se-gen-base_ByggnaderMarkUppskrivningar_4935 to se-gen-base_ByggnaderMarkUppskrivningar_4936"/>
    <link:loc xlink:type="locator" xlink:href="../../../../base/se-gen-base/2021-10-31/se-gen-base-2021-10-31.xsd#se-gen-base_ByggnaderMarkNedskrivningar" xlink:label="se-gen-base_ByggnaderMarkNedskrivningar_4937" xlink:title="se-gen-base_ByggnaderMarkNedskrivningar_4937"/>
    <link:label xlink:type="resource" xlink:label="se-gen-base_ByggnaderMarkNedskrivningar_4938" xlink:role="http://www.xbrl.org/2003/role/periodEndLabel" xlink:title="se-gen-base_ByggnaderMarkNedskrivningar_4938" xml:lang="sv">Utgående nedskrivningar</link:label>
    <link:labelArc xlink:type="arc" xlink:arcrole="http://www.xbrl.org/2003/arcrole/concept-label" xlink:from="se-gen-base_ByggnaderMarkNedskrivningar_4937" xlink:to="se-gen-base_ByggnaderMarkNedskrivningar_4938" xlink:title="label: se-gen-base_ByggnaderMarkNedskrivningar_4937 to se-gen-base_ByggnaderMarkNedskrivningar_4938"/>
    <link:loc xlink:type="locator" xlink:href="../../../../base/se-gen-base/2021-10-31/se-gen-base-2021-10-31.xsd#se-gen-base_ForbattringsutgifterAnnansFastighetAnskaffningsvarden" xlink:label="se-gen-base_ForbattringsutgifterAnnansFastighetAnskaffningsvarden_4939" xlink:title="se-gen-base_ForbattringsutgifterAnnansFastighetAnskaffningsvarden_4939"/>
    <link:label xlink:type="resource" xlink:label="se-gen-base_ForbattringsutgifterAnnansFastighetAnskaffningsvarden_4940" xlink:role="http://www.xbrl.org/2003/role/periodEndLabel" xlink:title="se-gen-base_ForbattringsutgifterAnnansFastighetAnskaffningsvarden_4940" xml:lang="sv">Utgående anskaffningsvärden</link:label>
    <link:labelArc xlink:type="arc" xlink:arcrole="http://www.xbrl.org/2003/arcrole/concept-label" xlink:from="se-gen-base_ForbattringsutgifterAnnansFastighetAnskaffningsvarden_4939" xlink:to="se-gen-base_ForbattringsutgifterAnnansFastighetAnskaffningsvarden_4940" xlink:title="label: se-gen-base_ForbattringsutgifterAnnansFastighetAnskaffningsvarden_4939 to se-gen-base_ForbattringsutgifterAnnansFastighetAnskaffningsvarden_4940"/>
    <link:loc xlink:type="locator" xlink:href="../../../../base/se-gen-base/2021-10-31/se-gen-base-2021-10-31.xsd#se-gen-base_ForbattringsutgifterAnnansFastighetAvskrivningar" xlink:label="se-gen-base_ForbattringsutgifterAnnansFastighetAvskrivningar_4941" xlink:title="se-gen-base_ForbattringsutgifterAnnansFastighetAvskrivningar_4941"/>
    <link:label xlink:type="resource" xlink:label="se-gen-base_ForbattringsutgifterAnnansFastighetAvskrivningar_4942" xlink:role="http://www.xbrl.org/2003/role/periodEndLabel" xlink:title="se-gen-base_ForbattringsutgifterAnnansFastighetAvskrivningar_4942" xml:lang="sv">Utgående avskrivningar</link:label>
    <link:labelArc xlink:type="arc" xlink:arcrole="http://www.xbrl.org/2003/arcrole/concept-label" xlink:from="se-gen-base_ForbattringsutgifterAnnansFastighetAvskrivningar_4941" xlink:to="se-gen-base_ForbattringsutgifterAnnansFastighetAvskrivningar_4942" xlink:title="label: se-gen-base_ForbattringsutgifterAnnansFastighetAvskrivningar_4941 to se-gen-base_ForbattringsutgifterAnnansFastighetAvskrivningar_4942"/>
    <link:loc xlink:type="locator" xlink:href="../../../../base/se-gen-base/2021-10-31/se-gen-base-2021-10-31.xsd#se-gen-base_ForbattringsutgifterAnnansFastighetUppskrivningar" xlink:label="se-gen-base_ForbattringsutgifterAnnansFastighetUppskrivningar_4943" xlink:title="se-gen-base_ForbattringsutgifterAnnansFastighetUppskrivningar_4943"/>
    <link:label xlink:type="resource" xlink:label="se-gen-base_ForbattringsutgifterAnnansFastighetUppskrivningar_4944" xlink:role="http://www.xbrl.org/2003/role/periodEndLabel" xlink:title="se-gen-base_ForbattringsutgifterAnnansFastighetUppskrivningar_4944" xml:lang="sv">Utgående uppskrivningar</link:label>
    <link:labelArc xlink:type="arc" xlink:arcrole="http://www.xbrl.org/2003/arcrole/concept-label" xlink:from="se-gen-base_ForbattringsutgifterAnnansFastighetUppskrivningar_4943" xlink:to="se-gen-base_ForbattringsutgifterAnnansFastighetUppskrivningar_4944" xlink:title="label: se-gen-base_ForbattringsutgifterAnnansFastighetUppskrivningar_4943 to se-gen-base_ForbattringsutgifterAnnansFastighetUppskrivningar_4944"/>
    <link:loc xlink:type="locator" xlink:href="../../../../base/se-gen-base/2021-10-31/se-gen-base-2021-10-31.xsd#se-gen-base_ForbattringsutgifterAnnansFastighetNedskrivningar" xlink:label="se-gen-base_ForbattringsutgifterAnnansFastighetNedskrivningar_4945" xlink:title="se-gen-base_ForbattringsutgifterAnnansFastighetNedskrivningar_4945"/>
    <link:label xlink:type="resource" xlink:label="se-gen-base_ForbattringsutgifterAnnansFastighetNedskrivningar_4946" xlink:role="http://www.xbrl.org/2003/role/periodEndLabel" xlink:title="se-gen-base_ForbattringsutgifterAnnansFastighetNedskrivningar_4946" xml:lang="sv">Utgående nedskrivningar</link:label>
    <link:labelArc xlink:type="arc" xlink:arcrole="http://www.xbrl.org/2003/arcrole/concept-label" xlink:from="se-gen-base_ForbattringsutgifterAnnansFastighetNedskrivningar_4945" xlink:to="se-gen-base_ForbattringsutgifterAnnansFastighetNedskrivningar_4946" xlink:title="label: se-gen-base_ForbattringsutgifterAnnansFastighetNedskrivningar_4945 to se-gen-base_ForbattringsutgifterAnnansFastighetNedskrivningar_4946"/>
    <link:loc xlink:type="locator" xlink:href="../../../../base/se-gen-base/2021-10-31/se-gen-base-2021-10-31.xsd#se-gen-base_MaskinerAndraTekniskaAnlaggningarAnskaffningsvarden" xlink:label="se-gen-base_MaskinerAndraTekniskaAnlaggningarAnskaffningsvarden_4947" xlink:title="se-gen-base_MaskinerAndraTekniskaAnlaggningarAnskaffningsvarden_4947"/>
    <link:label xlink:type="resource" xlink:label="se-gen-base_MaskinerAndraTekniskaAnlaggningarAnskaffningsvarden_4948" xlink:role="http://www.xbrl.org/2003/role/periodEndLabel" xlink:title="se-gen-base_MaskinerAndraTekniskaAnlaggningarAnskaffningsvarden_4948" xml:lang="sv">Utgående anskaffningsvärden</link:label>
    <link:labelArc xlink:type="arc" xlink:arcrole="http://www.xbrl.org/2003/arcrole/concept-label" xlink:from="se-gen-base_MaskinerAndraTekniskaAnlaggningarAnskaffningsvarden_4947" xlink:to="se-gen-base_MaskinerAndraTekniskaAnlaggningarAnskaffningsvarden_4948" xlink:title="label: se-gen-base_MaskinerAndraTekniskaAnlaggningarAnskaffningsvarden_4947 to se-gen-base_MaskinerAndraTekniskaAnlaggningarAnskaffningsvarden_4948"/>
    <link:loc xlink:type="locator" xlink:href="../../../../base/se-gen-base/2021-10-31/se-gen-base-2021-10-31.xsd#se-gen-base_MaskinerAndraTekniskaAnlaggningarAvskrivningar" xlink:label="se-gen-base_MaskinerAndraTekniskaAnlaggningarAvskrivningar_4949" xlink:title="se-gen-base_MaskinerAndraTekniskaAnlaggningarAvskrivningar_4949"/>
    <link:label xlink:type="resource" xlink:label="se-gen-base_MaskinerAndraTekniskaAnlaggningarAvskrivningar_4950" xlink:role="http://www.xbrl.org/2003/role/periodEndLabel" xlink:title="se-gen-base_MaskinerAndraTekniskaAnlaggningarAvskrivningar_4950" xml:lang="sv">Utgående avskrivningar</link:label>
    <link:labelArc xlink:type="arc" xlink:arcrole="http://www.xbrl.org/2003/arcrole/concept-label" xlink:from="se-gen-base_MaskinerAndraTekniskaAnlaggningarAvskrivningar_4949" xlink:to="se-gen-base_MaskinerAndraTekniskaAnlaggningarAvskrivningar_4950" xlink:title="label: se-gen-base_MaskinerAndraTekniskaAnlaggningarAvskrivningar_4949 to se-gen-base_MaskinerAndraTekniskaAnlaggningarAvskrivningar_4950"/>
    <link:loc xlink:type="locator" xlink:href="../../../../base/se-gen-base/2021-10-31/se-gen-base-2021-10-31.xsd#se-gen-base_MaskinerAndraTekniskaAnlaggningarUppskrivningar" xlink:label="se-gen-base_MaskinerAndraTekniskaAnlaggningarUppskrivningar_4951" xlink:title="se-gen-base_MaskinerAndraTekniskaAnlaggningarUppskrivningar_4951"/>
    <link:label xlink:type="resource" xlink:label="se-gen-base_MaskinerAndraTekniskaAnlaggningarUppskrivningar_4952" xlink:role="http://www.xbrl.org/2003/role/periodEndLabel" xlink:title="se-gen-base_MaskinerAndraTekniskaAnlaggningarUppskrivningar_4952" xml:lang="sv">Utgående uppskrivningar</link:label>
    <link:labelArc xlink:type="arc" xlink:arcrole="http://www.xbrl.org/2003/arcrole/concept-label" xlink:from="se-gen-base_MaskinerAndraTekniskaAnlaggningarUppskrivningar_4951" xlink:to="se-gen-base_MaskinerAndraTekniskaAnlaggningarUppskrivningar_4952" xlink:title="label: se-gen-base_MaskinerAndraTekniskaAnlaggningarUppskrivningar_4951 to se-gen-base_MaskinerAndraTekniskaAnlaggningarUppskrivningar_4952"/>
    <link:loc xlink:type="locator" xlink:href="../../../../base/se-gen-base/2021-10-31/se-gen-base-2021-10-31.xsd#se-gen-base_MaskinerAndraTekniskaAnlaggningarNedskrivningar" xlink:label="se-gen-base_MaskinerAndraTekniskaAnlaggningarNedskrivningar_4953" xlink:title="se-gen-base_MaskinerAndraTekniskaAnlaggningarNedskrivningar_4953"/>
    <link:label xlink:type="resource" xlink:label="se-gen-base_MaskinerAndraTekniskaAnlaggningarNedskrivningar_4954" xlink:role="http://www.xbrl.org/2003/role/periodEndLabel" xlink:title="se-gen-base_MaskinerAndraTekniskaAnlaggningarNedskrivningar_4954" xml:lang="sv">Utgående nedskrivningar</link:label>
    <link:labelArc xlink:type="arc" xlink:arcrole="http://www.xbrl.org/2003/arcrole/concept-label" xlink:from="se-gen-base_MaskinerAndraTekniskaAnlaggningarNedskrivningar_4953" xlink:to="se-gen-base_MaskinerAndraTekniskaAnlaggningarNedskrivningar_4954" xlink:title="label: se-gen-base_MaskinerAndraTekniskaAnlaggningarNedskrivningar_4953 to se-gen-base_MaskinerAndraTekniskaAnlaggningarNedskrivningar_4954"/>
    <link:loc xlink:type="locator" xlink:href="../../../../base/se-gen-base/2021-10-31/se-gen-base-2021-10-31.xsd#se-gen-base_InventarierVerktygInstallationerAnskaffningsvarden" xlink:label="se-gen-base_InventarierVerktygInstallationerAnskaffningsvarden_4955" xlink:title="se-gen-base_InventarierVerktygInstallationerAnskaffningsvarden_4955"/>
    <link:label xlink:type="resource" xlink:label="se-gen-base_InventarierVerktygInstallationerAnskaffningsvarden_4956" xlink:role="http://www.xbrl.org/2003/role/periodEndLabel" xlink:title="se-gen-base_InventarierVerktygInstallationerAnskaffningsvarden_4956" xml:lang="sv">Utgående anskaffningsvärden</link:label>
    <link:labelArc xlink:type="arc" xlink:arcrole="http://www.xbrl.org/2003/arcrole/concept-label" xlink:from="se-gen-base_InventarierVerktygInstallationerAnskaffningsvarden_4955" xlink:to="se-gen-base_InventarierVerktygInstallationerAnskaffningsvarden_4956" xlink:title="label: se-gen-base_InventarierVerktygInstallationerAnskaffningsvarden_4955 to se-gen-base_InventarierVerktygInstallationerAnskaffningsvarden_4956"/>
    <link:loc xlink:type="locator" xlink:href="../../../../base/se-gen-base/2021-10-31/se-gen-base-2021-10-31.xsd#se-gen-base_InventarierVerktygInstallationerAvskrivningar" xlink:label="se-gen-base_InventarierVerktygInstallationerAvskrivningar_4957" xlink:title="se-gen-base_InventarierVerktygInstallationerAvskrivningar_4957"/>
    <link:label xlink:type="resource" xlink:label="se-gen-base_InventarierVerktygInstallationerAvskrivningar_4958" xlink:role="http://www.xbrl.org/2003/role/periodEndLabel" xlink:title="se-gen-base_InventarierVerktygInstallationerAvskrivningar_4958" xml:lang="sv">Utgående avskrivningar</link:label>
    <link:labelArc xlink:type="arc" xlink:arcrole="http://www.xbrl.org/2003/arcrole/concept-label" xlink:from="se-gen-base_InventarierVerktygInstallationerAvskrivningar_4957" xlink:to="se-gen-base_InventarierVerktygInstallationerAvskrivningar_4958" xlink:title="label: se-gen-base_InventarierVerktygInstallationerAvskrivningar_4957 to se-gen-base_InventarierVerktygInstallationerAvskrivningar_4958"/>
    <link:loc xlink:type="locator" xlink:href="../../../../base/se-gen-base/2021-10-31/se-gen-base-2021-10-31.xsd#se-gen-base_InventarierVerktygInstallationerUppskrivningar" xlink:label="se-gen-base_InventarierVerktygInstallationerUppskrivningar_4959" xlink:title="se-gen-base_InventarierVerktygInstallationerUppskrivningar_4959"/>
    <link:label xlink:type="resource" xlink:label="se-gen-base_InventarierVerktygInstallationerUppskrivningar_4960" xlink:role="http://www.xbrl.org/2003/role/periodEndLabel" xlink:title="se-gen-base_InventarierVerktygInstallationerUppskrivningar_4960" xml:lang="sv">Utgående uppskrivningar</link:label>
    <link:labelArc xlink:type="arc" xlink:arcrole="http://www.xbrl.org/2003/arcrole/concept-label" xlink:from="se-gen-base_InventarierVerktygInstallationerUppskrivningar_4959" xlink:to="se-gen-base_InventarierVerktygInstallationerUppskrivningar_4960" xlink:title="label: se-gen-base_InventarierVerktygInstallationerUppskrivningar_4959 to se-gen-base_InventarierVerktygInstallationerUppskrivningar_4960"/>
    <link:loc xlink:type="locator" xlink:href="../../../../base/se-gen-base/2021-10-31/se-gen-base-2021-10-31.xsd#se-gen-base_InventarierVerktygInstallationerNedskrivningar" xlink:label="se-gen-base_InventarierVerktygInstallationerNedskrivningar_4961" xlink:title="se-gen-base_InventarierVerktygInstallationerNedskrivningar_4961"/>
    <link:label xlink:type="resource" xlink:label="se-gen-base_InventarierVerktygInstallationerNedskrivningar_4962" xlink:role="http://www.xbrl.org/2003/role/periodEndLabel" xlink:title="se-gen-base_InventarierVerktygInstallationerNedskrivningar_4962" xml:lang="sv">Utgående nedskrivningar</link:label>
    <link:labelArc xlink:type="arc" xlink:arcrole="http://www.xbrl.org/2003/arcrole/concept-label" xlink:from="se-gen-base_InventarierVerktygInstallationerNedskrivningar_4961" xlink:to="se-gen-base_InventarierVerktygInstallationerNedskrivningar_4962" xlink:title="label: se-gen-base_InventarierVerktygInstallationerNedskrivningar_4961 to se-gen-base_InventarierVerktygInstallationerNedskrivningar_4962"/>
    <link:loc xlink:type="locator" xlink:href="../../../../base/se-gen-base/2021-10-31/se-gen-base-2021-10-31.xsd#se-gen-base_PagaendeNyanlaggningarForskottMateriellaAnlaggningstillgangarAnskaffningsvarden" xlink:label="se-gen-base_PagaendeNyanlaggningarForskottMateriellaAnlaggningstillgangarAnskaffningsvarden_4963" xlink:title="se-gen-base_PagaendeNyanlaggningarForskottMateriellaAnlaggningstillgangarAnskaffningsvarden_4963"/>
    <link:label xlink:type="resource" xlink:label="se-gen-base_PagaendeNyanlaggningarForskottMateriellaAnlaggningstillgangarAnskaffningsvarden_4964" xlink:role="http://www.xbrl.org/2003/role/periodEndLabel" xlink:title="se-gen-base_PagaendeNyanlaggningarForskottMateriellaAnlaggningstillgangarAnskaffningsvarden_4964" xml:lang="sv">Utgående anskaffningsvärden</link:label>
    <link:labelArc xlink:type="arc" xlink:arcrole="http://www.xbrl.org/2003/arcrole/concept-label" xlink:from="se-gen-base_PagaendeNyanlaggningarForskottMateriellaAnlaggningstillgangarAnskaffningsvarden_4963" xlink:to="se-gen-base_PagaendeNyanlaggningarForskottMateriellaAnlaggningstillgangarAnskaffningsvarden_4964" xlink:title="label: se-gen-base_PagaendeNyanlaggningarForskottMateriellaAnlaggningstillgangarAnskaffningsvarden_4963 to se-gen-base_PagaendeNyanlaggningarForskottMateriellaAnlaggningstillgangarAnskaffningsvarden_4964"/>
    <link:loc xlink:type="locator" xlink:href="../../../../base/se-gen-base/2021-10-31/se-gen-base-2021-10-31.xsd#se-gen-base_PagaendeNyanlaggningarForskottMateriellaAnlaggningstillgangarNedskrivningar" xlink:label="se-gen-base_PagaendeNyanlaggningarForskottMateriellaAnlaggningstillgangarNedskrivningar_4965" xlink:title="se-gen-base_PagaendeNyanlaggningarForskottMateriellaAnlaggningstillgangarNedskrivningar_4965"/>
    <link:label xlink:type="resource" xlink:label="se-gen-base_PagaendeNyanlaggningarForskottMateriellaAnlaggningstillgangarNedskrivningar_4966" xlink:role="http://www.xbrl.org/2003/role/periodEndLabel" xlink:title="se-gen-base_PagaendeNyanlaggningarForskottMateriellaAnlaggningstillgangarNedskrivningar_4966" xml:lang="sv">Utgående nedskrivningar</link:label>
    <link:labelArc xlink:type="arc" xlink:arcrole="http://www.xbrl.org/2003/arcrole/concept-label" xlink:from="se-gen-base_PagaendeNyanlaggningarForskottMateriellaAnlaggningstillgangarNedskrivningar_4965" xlink:to="se-gen-base_PagaendeNyanlaggningarForskottMateriellaAnlaggningstillgangarNedskrivningar_4966" xlink:title="label: se-gen-base_PagaendeNyanlaggningarForskottMateriellaAnlaggningstillgangarNedskrivningar_4965 to se-gen-base_PagaendeNyanlaggningarForskottMateriellaAnlaggningstillgangarNedskrivningar_4966"/>
    <link:loc xlink:type="locator" xlink:href="../../../../base/se-gen-base/2021-10-31/se-gen-base-2021-10-31.xsd#se-gen-base_OvrigaMateriellaAnlaggningstillgangarAnskaffningsvarden" xlink:label="se-gen-base_OvrigaMateriellaAnlaggningstillgangarAnskaffningsvarden_4967" xlink:title="se-gen-base_OvrigaMateriellaAnlaggningstillgangarAnskaffningsvarden_4967"/>
    <link:label xlink:type="resource" xlink:label="se-gen-base_OvrigaMateriellaAnlaggningstillgangarAnskaffningsvarden_4968" xlink:role="http://www.xbrl.org/2003/role/periodEndLabel" xlink:title="se-gen-base_OvrigaMateriellaAnlaggningstillgangarAnskaffningsvarden_4968" xml:lang="sv">Utgående anskaffningsvärden</link:label>
    <link:labelArc xlink:type="arc" xlink:arcrole="http://www.xbrl.org/2003/arcrole/concept-label" xlink:from="se-gen-base_OvrigaMateriellaAnlaggningstillgangarAnskaffningsvarden_4967" xlink:to="se-gen-base_OvrigaMateriellaAnlaggningstillgangarAnskaffningsvarden_4968" xlink:title="label: se-gen-base_OvrigaMateriellaAnlaggningstillgangarAnskaffningsvarden_4967 to se-gen-base_OvrigaMateriellaAnlaggningstillgangarAnskaffningsvarden_4968"/>
    <link:loc xlink:type="locator" xlink:href="../../../../base/se-gen-base/2021-10-31/se-gen-base-2021-10-31.xsd#se-gen-base_OvrigaMateriellaAnlaggningstillgangarAvskrivningar" xlink:label="se-gen-base_OvrigaMateriellaAnlaggningstillgangarAvskrivningar_4969" xlink:title="se-gen-base_OvrigaMateriellaAnlaggningstillgangarAvskrivningar_4969"/>
    <link:label xlink:type="resource" xlink:label="se-gen-base_OvrigaMateriellaAnlaggningstillgangarAvskrivningar_4970" xlink:role="http://www.xbrl.org/2003/role/periodEndLabel" xlink:title="se-gen-base_OvrigaMateriellaAnlaggningstillgangarAvskrivningar_4970" xml:lang="sv">Utgående avskrivningar</link:label>
    <link:labelArc xlink:type="arc" xlink:arcrole="http://www.xbrl.org/2003/arcrole/concept-label" xlink:from="se-gen-base_OvrigaMateriellaAnlaggningstillgangarAvskrivningar_4969" xlink:to="se-gen-base_OvrigaMateriellaAnlaggningstillgangarAvskrivningar_4970" xlink:title="label: se-gen-base_OvrigaMateriellaAnlaggningstillgangarAvskrivningar_4969 to se-gen-base_OvrigaMateriellaAnlaggningstillgangarAvskrivningar_4970"/>
    <link:loc xlink:type="locator" xlink:href="../../../../base/se-gen-base/2021-10-31/se-gen-base-2021-10-31.xsd#se-gen-base_OvrigaMateriellaAnlaggningstillgangarUppskrivningar" xlink:label="se-gen-base_OvrigaMateriellaAnlaggningstillgangarUppskrivningar_4971" xlink:title="se-gen-base_OvrigaMateriellaAnlaggningstillgangarUppskrivningar_4971"/>
    <link:label xlink:type="resource" xlink:label="se-gen-base_OvrigaMateriellaAnlaggningstillgangarUppskrivningar_4972" xlink:role="http://www.xbrl.org/2003/role/periodEndLabel" xlink:title="se-gen-base_OvrigaMateriellaAnlaggningstillgangarUppskrivningar_4972" xml:lang="sv">Utgående uppskrivningar</link:label>
    <link:labelArc xlink:type="arc" xlink:arcrole="http://www.xbrl.org/2003/arcrole/concept-label" xlink:from="se-gen-base_OvrigaMateriellaAnlaggningstillgangarUppskrivningar_4971" xlink:to="se-gen-base_OvrigaMateriellaAnlaggningstillgangarUppskrivningar_4972" xlink:title="label: se-gen-base_OvrigaMateriellaAnlaggningstillgangarUppskrivningar_4971 to se-gen-base_OvrigaMateriellaAnlaggningstillgangarUppskrivningar_4972"/>
    <link:loc xlink:type="locator" xlink:href="../../../../base/se-gen-base/2021-10-31/se-gen-base-2021-10-31.xsd#se-gen-base_OvrigaMateriellaAnlaggningstillgangarNedskrivningar" xlink:label="se-gen-base_OvrigaMateriellaAnlaggningstillgangarNedskrivningar_4973" xlink:title="se-gen-base_OvrigaMateriellaAnlaggningstillgangarNedskrivningar_4973"/>
    <link:label xlink:type="resource" xlink:label="se-gen-base_OvrigaMateriellaAnlaggningstillgangarNedskrivningar_4974" xlink:role="http://www.xbrl.org/2003/role/periodEndLabel" xlink:title="se-gen-base_OvrigaMateriellaAnlaggningstillgangarNedskrivningar_4974" xml:lang="sv">Utgående nedskrivningar</link:label>
    <link:labelArc xlink:type="arc" xlink:arcrole="http://www.xbrl.org/2003/arcrole/concept-label" xlink:from="se-gen-base_OvrigaMateriellaAnlaggningstillgangarNedskrivningar_4973" xlink:to="se-gen-base_OvrigaMateriellaAnlaggningstillgangarNedskrivningar_4974" xlink:title="label: se-gen-base_OvrigaMateriellaAnlaggningstillgangarNedskrivningar_4973 to se-gen-base_OvrigaMateriellaAnlaggningstillgangarNedskrivningar_4974"/>
    <link:loc xlink:type="locator" xlink:href="../../../../base/se-gen-base/2021-10-31/se-gen-base-2021-10-31.xsd#se-gen-base_FordringarKoncernforetagLangfristigaAnskaffningsvarden" xlink:label="se-gen-base_FordringarKoncernforetagLangfristigaAnskaffningsvarden_4981" xlink:title="se-gen-base_FordringarKoncernforetagLangfristigaAnskaffningsvarden_4981"/>
    <link:label xlink:type="resource" xlink:label="se-gen-base_FordringarKoncernforetagLangfristigaAnskaffningsvarden_4982" xlink:role="http://www.xbrl.org/2003/role/periodEndLabel" xlink:title="se-gen-base_FordringarKoncernforetagLangfristigaAnskaffningsvarden_4982" xml:lang="sv">Utgående anskaffningsvärden</link:label>
    <link:labelArc xlink:type="arc" xlink:arcrole="http://www.xbrl.org/2003/arcrole/concept-label" xlink:from="se-gen-base_FordringarKoncernforetagLangfristigaAnskaffningsvarden_4981" xlink:to="se-gen-base_FordringarKoncernforetagLangfristigaAnskaffningsvarden_4982" xlink:title="label: se-gen-base_FordringarKoncernforetagLangfristigaAnskaffningsvarden_4981 to se-gen-base_FordringarKoncernforetagLangfristigaAnskaffningsvarden_4982"/>
    <link:loc xlink:type="locator" xlink:href="../../../../base/se-gen-base/2021-10-31/se-gen-base-2021-10-31.xsd#se-gen-base_FordringarKoncernforetagLangfristigaNedskrivningar" xlink:label="se-gen-base_FordringarKoncernforetagLangfristigaNedskrivningar_4983" xlink:title="se-gen-base_FordringarKoncernforetagLangfristigaNedskrivningar_4983"/>
    <link:label xlink:type="resource" xlink:label="se-gen-base_FordringarKoncernforetagLangfristigaNedskrivningar_4984" xlink:role="http://www.xbrl.org/2003/role/periodEndLabel" xlink:title="se-gen-base_FordringarKoncernforetagLangfristigaNedskrivningar_4984" xml:lang="sv">Utgående nedskrivningar</link:label>
    <link:labelArc xlink:type="arc" xlink:arcrole="http://www.xbrl.org/2003/arcrole/concept-label" xlink:from="se-gen-base_FordringarKoncernforetagLangfristigaNedskrivningar_4983" xlink:to="se-gen-base_FordringarKoncernforetagLangfristigaNedskrivningar_4984" xlink:title="label: se-gen-base_FordringarKoncernforetagLangfristigaNedskrivningar_4983 to se-gen-base_FordringarKoncernforetagLangfristigaNedskrivningar_4984"/>
    <link:loc xlink:type="locator" xlink:href="../../../../base/se-gen-base/2021-10-31/se-gen-base-2021-10-31.xsd#se-gen-base_AndelarIntresseforetagGemensamtStyrdaForetagAnskaffningsvarden" xlink:label="se-gen-base_AndelarIntresseforetagGemensamtStyrdaForetagAnskaffningsvarden_4985" xlink:title="se-gen-base_AndelarIntresseforetagGemensamtStyrdaForetagAnskaffningsvarden_4985"/>
    <link:label xlink:type="resource" xlink:label="se-gen-base_AndelarIntresseforetagGemensamtStyrdaForetagAnskaffningsvarden_4986" xlink:role="http://www.xbrl.org/2003/role/periodEndLabel" xlink:title="se-gen-base_AndelarIntresseforetagGemensamtStyrdaForetagAnskaffningsvarden_4986" xml:lang="sv">Utgående anskaffningsvärden</link:label>
    <link:labelArc xlink:type="arc" xlink:arcrole="http://www.xbrl.org/2003/arcrole/concept-label" xlink:from="se-gen-base_AndelarIntresseforetagGemensamtStyrdaForetagAnskaffningsvarden_4985" xlink:to="se-gen-base_AndelarIntresseforetagGemensamtStyrdaForetagAnskaffningsvarden_4986" xlink:title="label: se-gen-base_AndelarIntresseforetagGemensamtStyrdaForetagAnskaffningsvarden_4985 to se-gen-base_AndelarIntresseforetagGemensamtStyrdaForetagAnskaffningsvarden_4986"/>
    <link:loc xlink:type="locator" xlink:href="../../../../base/se-gen-base/2021-10-31/se-gen-base-2021-10-31.xsd#se-gen-base_AndelarIntresseforetagGemensamtStyrdaForetagUppskrivningar" xlink:label="se-gen-base_AndelarIntresseforetagGemensamtStyrdaForetagUppskrivningar_4987" xlink:title="se-gen-base_AndelarIntresseforetagGemensamtStyrdaForetagUppskrivningar_4987"/>
    <link:label xlink:type="resource" xlink:label="se-gen-base_AndelarIntresseforetagGemensamtStyrdaForetagUppskrivningar_4988" xlink:role="http://www.xbrl.org/2003/role/periodEndLabel" xlink:title="se-gen-base_AndelarIntresseforetagGemensamtStyrdaForetagUppskrivningar_4988" xml:lang="sv">Utgående uppskrivningar</link:label>
    <link:labelArc xlink:type="arc" xlink:arcrole="http://www.xbrl.org/2003/arcrole/concept-label" xlink:from="se-gen-base_AndelarIntresseforetagGemensamtStyrdaForetagUppskrivningar_4987" xlink:to="se-gen-base_AndelarIntresseforetagGemensamtStyrdaForetagUppskrivningar_4988" xlink:title="label: se-gen-base_AndelarIntresseforetagGemensamtStyrdaForetagUppskrivningar_4987 to se-gen-base_AndelarIntresseforetagGemensamtStyrdaForetagUppskrivningar_4988"/>
    <link:loc xlink:type="locator" xlink:href="../../../../base/se-gen-base/2021-10-31/se-gen-base-2021-10-31.xsd#se-gen-base_AndelarIntresseforetagGemensamtStyrdaForetagNedskrivningar" xlink:label="se-gen-base_AndelarIntresseforetagGemensamtStyrdaForetagNedskrivningar_4989" xlink:title="se-gen-base_AndelarIntresseforetagGemensamtStyrdaForetagNedskrivningar_4989"/>
    <link:label xlink:type="resource" xlink:label="se-gen-base_AndelarIntresseforetagGemensamtStyrdaForetagNedskrivningar_4990" xlink:role="http://www.xbrl.org/2003/role/periodEndLabel" xlink:title="se-gen-base_AndelarIntresseforetagGemensamtStyrdaForetagNedskrivningar_4990" xml:lang="sv">Utgående nedskrivningar</link:label>
    <link:labelArc xlink:type="arc" xlink:arcrole="http://www.xbrl.org/2003/arcrole/concept-label" xlink:from="se-gen-base_AndelarIntresseforetagGemensamtStyrdaForetagNedskrivningar_4989" xlink:to="se-gen-base_AndelarIntresseforetagGemensamtStyrdaForetagNedskrivningar_4990" xlink:title="label: se-gen-base_AndelarIntresseforetagGemensamtStyrdaForetagNedskrivningar_4989 to se-gen-base_AndelarIntresseforetagGemensamtStyrdaForetagNedskrivningar_4990"/>
    <link:loc xlink:type="locator" xlink:href="../../../../base/se-gen-base/2021-10-31/se-gen-base-2021-10-31.xsd#se-gen-base_FordringarIntresseforetagGemensamtStyrdaForetagAnskaffningsvarden" xlink:label="se-gen-base_FordringarIntresseforetagGemensamtStyrdaForetagAnskaffningsvarden_4991" xlink:title="se-gen-base_FordringarIntresseforetagGemensamtStyrdaForetagAnskaffningsvarden_4991"/>
    <link:label xlink:type="resource" xlink:label="se-gen-base_FordringarIntresseforetagGemensamtStyrdaForetagAnskaffningsvarden_4992" xlink:role="http://www.xbrl.org/2003/role/periodEndLabel" xlink:title="se-gen-base_FordringarIntresseforetagGemensamtStyrdaForetagAnskaffningsvarden_4992" xml:lang="sv">Utgående anskaffningsvärden</link:label>
    <link:labelArc xlink:type="arc" xlink:arcrole="http://www.xbrl.org/2003/arcrole/concept-label" xlink:from="se-gen-base_FordringarIntresseforetagGemensamtStyrdaForetagAnskaffningsvarden_4991" xlink:to="se-gen-base_FordringarIntresseforetagGemensamtStyrdaForetagAnskaffningsvarden_4992" xlink:title="label: se-gen-base_FordringarIntresseforetagGemensamtStyrdaForetagAnskaffningsvarden_4991 to se-gen-base_FordringarIntresseforetagGemensamtStyrdaForetagAnskaffningsvarden_4992"/>
    <link:loc xlink:type="locator" xlink:href="../../../../base/se-gen-base/2021-10-31/se-gen-base-2021-10-31.xsd#se-gen-base_FordringarIntresseforetagGemensamtStyrdaForetagNedskrivningar" xlink:label="se-gen-base_FordringarIntresseforetagGemensamtStyrdaForetagNedskrivningar_4993" xlink:title="se-gen-base_FordringarIntresseforetagGemensamtStyrdaForetagNedskrivningar_4993"/>
    <link:label xlink:type="resource" xlink:label="se-gen-base_FordringarIntresseforetagGemensamtStyrdaForetagNedskrivningar_4994" xlink:role="http://www.xbrl.org/2003/role/periodEndLabel" xlink:title="se-gen-base_FordringarIntresseforetagGemensamtStyrdaForetagNedskrivningar_4994" xml:lang="sv">Utgående nedskrivningar</link:label>
    <link:labelArc xlink:type="arc" xlink:arcrole="http://www.xbrl.org/2003/arcrole/concept-label" xlink:from="se-gen-base_FordringarIntresseforetagGemensamtStyrdaForetagNedskrivningar_4993" xlink:to="se-gen-base_FordringarIntresseforetagGemensamtStyrdaForetagNedskrivningar_4994" xlink:title="label: se-gen-base_FordringarIntresseforetagGemensamtStyrdaForetagNedskrivningar_4993 to se-gen-base_FordringarIntresseforetagGemensamtStyrdaForetagNedskrivningar_4994"/>
    <link:loc xlink:type="locator" xlink:href="../../../../base/se-gen-base/2021-10-31/se-gen-base-2021-10-31.xsd#se-gen-base_AgarintressenOvrigaForetagAnskaffningsvarden" xlink:label="se-gen-base_AgarintressenOvrigaForetagAnskaffningsvarden_4995" xlink:title="se-gen-base_AgarintressenOvrigaForetagAnskaffningsvarden_4995"/>
    <link:label xlink:type="resource" xlink:label="se-gen-base_AgarintressenOvrigaForetagAnskaffningsvarden_4996" xlink:role="http://www.xbrl.org/2003/role/periodEndLabel" xlink:title="se-gen-base_AgarintressenOvrigaForetagAnskaffningsvarden_4996" xml:lang="sv">Utgående anskaffningsvärden</link:label>
    <link:labelArc xlink:type="arc" xlink:arcrole="http://www.xbrl.org/2003/arcrole/concept-label" xlink:from="se-gen-base_AgarintressenOvrigaForetagAnskaffningsvarden_4995" xlink:to="se-gen-base_AgarintressenOvrigaForetagAnskaffningsvarden_4996" xlink:title="label: se-gen-base_AgarintressenOvrigaForetagAnskaffningsvarden_4995 to se-gen-base_AgarintressenOvrigaForetagAnskaffningsvarden_4996"/>
    <link:loc xlink:type="locator" xlink:href="../../../../base/se-gen-base/2021-10-31/se-gen-base-2021-10-31.xsd#se-gen-base_AgarintressenOvrigaForetagUppskrivningar" xlink:label="se-gen-base_AgarintressenOvrigaForetagUppskrivningar_4997" xlink:title="se-gen-base_AgarintressenOvrigaForetagUppskrivningar_4997"/>
    <link:label xlink:type="resource" xlink:label="se-gen-base_AgarintressenOvrigaForetagUppskrivningar_4998" xlink:role="http://www.xbrl.org/2003/role/periodEndLabel" xlink:title="se-gen-base_AgarintressenOvrigaForetagUppskrivningar_4998" xml:lang="sv">Utgående uppskrivningar</link:label>
    <link:labelArc xlink:type="arc" xlink:arcrole="http://www.xbrl.org/2003/arcrole/concept-label" xlink:from="se-gen-base_AgarintressenOvrigaForetagUppskrivningar_4997" xlink:to="se-gen-base_AgarintressenOvrigaForetagUppskrivningar_4998" xlink:title="label: se-gen-base_AgarintressenOvrigaForetagUppskrivningar_4997 to se-gen-base_AgarintressenOvrigaForetagUppskrivningar_4998"/>
    <link:loc xlink:type="locator" xlink:href="../../../../base/se-gen-base/2021-10-31/se-gen-base-2021-10-31.xsd#se-gen-base_AgarintressenOvrigaForetagNedskrivningar" xlink:label="se-gen-base_AgarintressenOvrigaForetagNedskrivningar_4999" xlink:title="se-gen-base_AgarintressenOvrigaForetagNedskrivningar_4999"/>
    <link:label xlink:type="resource" xlink:label="se-gen-base_AgarintressenOvrigaForetagNedskrivningar_5000" xlink:role="http://www.xbrl.org/2003/role/periodEndLabel" xlink:title="se-gen-base_AgarintressenOvrigaForetagNedskrivningar_5000" xml:lang="sv">Utgående nedskrivningar</link:label>
    <link:labelArc xlink:type="arc" xlink:arcrole="http://www.xbrl.org/2003/arcrole/concept-label" xlink:from="se-gen-base_AgarintressenOvrigaForetagNedskrivningar_4999" xlink:to="se-gen-base_AgarintressenOvrigaForetagNedskrivningar_5000" xlink:title="label: se-gen-base_AgarintressenOvrigaForetagNedskrivningar_4999 to se-gen-base_AgarintressenOvrigaForetagNedskrivningar_5000"/>
    <link:loc xlink:type="locator" xlink:href="../../../../base/se-gen-base/2021-10-31/se-gen-base-2021-10-31.xsd#se-gen-base_FordringarOvrigaForetagAgarintresseAnskaffningsvarden" xlink:label="se-gen-base_FordringarOvrigaForetagAgarintresseAnskaffningsvarden_5001" xlink:title="se-gen-base_FordringarOvrigaForetagAgarintresseAnskaffningsvarden_5001"/>
    <link:label xlink:type="resource" xlink:label="se-gen-base_FordringarOvrigaForetagAgarintresseAnskaffningsvarden_5002" xlink:role="http://www.xbrl.org/2003/role/periodEndLabel" xlink:title="se-gen-base_FordringarOvrigaForetagAgarintresseAnskaffningsvarden_5002" xml:lang="sv">Utgående anskaffningsvärden</link:label>
    <link:labelArc xlink:type="arc" xlink:arcrole="http://www.xbrl.org/2003/arcrole/concept-label" xlink:from="se-gen-base_FordringarOvrigaForetagAgarintresseAnskaffningsvarden_5001" xlink:to="se-gen-base_FordringarOvrigaForetagAgarintresseAnskaffningsvarden_5002" xlink:title="label: se-gen-base_FordringarOvrigaForetagAgarintresseAnskaffningsvarden_5001 to se-gen-base_FordringarOvrigaForetagAgarintresseAnskaffningsvarden_5002"/>
    <link:loc xlink:type="locator" xlink:href="../../../../base/se-gen-base/2021-10-31/se-gen-base-2021-10-31.xsd#se-gen-base_FordringarOvrigaForetagAgarintresseNedskrivningar" xlink:label="se-gen-base_FordringarOvrigaForetagAgarintresseNedskrivningar_5003" xlink:title="se-gen-base_FordringarOvrigaForetagAgarintresseNedskrivningar_5003"/>
    <link:label xlink:type="resource" xlink:label="se-gen-base_FordringarOvrigaForetagAgarintresseNedskrivningar_5004" xlink:role="http://www.xbrl.org/2003/role/periodEndLabel" xlink:title="se-gen-base_FordringarOvrigaForetagAgarintresseNedskrivningar_5004" xml:lang="sv">Utgående nedskrivningar</link:label>
    <link:labelArc xlink:type="arc" xlink:arcrole="http://www.xbrl.org/2003/arcrole/concept-label" xlink:from="se-gen-base_FordringarOvrigaForetagAgarintresseNedskrivningar_5003" xlink:to="se-gen-base_FordringarOvrigaForetagAgarintresseNedskrivningar_5004" xlink:title="label: se-gen-base_FordringarOvrigaForetagAgarintresseNedskrivningar_5003 to se-gen-base_FordringarOvrigaForetagAgarintresseNedskrivningar_5004"/>
    <link:loc xlink:type="locator" xlink:href="../../../../base/se-gen-base/2021-10-31/se-gen-base-2021-10-31.xsd#se-gen-base_AndraLangfristigaVardepappersinnehavAnskaffningsvarden" xlink:label="se-gen-base_AndraLangfristigaVardepappersinnehavAnskaffningsvarden_5005" xlink:title="se-gen-base_AndraLangfristigaVardepappersinnehavAnskaffningsvarden_5005"/>
    <link:label xlink:type="resource" xlink:label="se-gen-base_AndraLangfristigaVardepappersinnehavAnskaffningsvarden_5006" xlink:role="http://www.xbrl.org/2003/role/periodEndLabel" xlink:title="se-gen-base_AndraLangfristigaVardepappersinnehavAnskaffningsvarden_5006" xml:lang="sv">Utgående anskaffningsvärden</link:label>
    <link:labelArc xlink:type="arc" xlink:arcrole="http://www.xbrl.org/2003/arcrole/concept-label" xlink:from="se-gen-base_AndraLangfristigaVardepappersinnehavAnskaffningsvarden_5005" xlink:to="se-gen-base_AndraLangfristigaVardepappersinnehavAnskaffningsvarden_5006" xlink:title="label: se-gen-base_AndraLangfristigaVardepappersinnehavAnskaffningsvarden_5005 to se-gen-base_AndraLangfristigaVardepappersinnehavAnskaffningsvarden_5006"/>
    <link:loc xlink:type="locator" xlink:href="../../../../base/se-gen-base/2021-10-31/se-gen-base-2021-10-31.xsd#se-gen-base_AndraLangfristigaVardepappersinnehavUppskrivningar" xlink:label="se-gen-base_AndraLangfristigaVardepappersinnehavUppskrivningar_5007" xlink:title="se-gen-base_AndraLangfristigaVardepappersinnehavUppskrivningar_5007"/>
    <link:label xlink:type="resource" xlink:label="se-gen-base_AndraLangfristigaVardepappersinnehavUppskrivningar_5008" xlink:role="http://www.xbrl.org/2003/role/periodEndLabel" xlink:title="se-gen-base_AndraLangfristigaVardepappersinnehavUppskrivningar_5008" xml:lang="sv">Utgående uppskrivningar</link:label>
    <link:labelArc xlink:type="arc" xlink:arcrole="http://www.xbrl.org/2003/arcrole/concept-label" xlink:from="se-gen-base_AndraLangfristigaVardepappersinnehavUppskrivningar_5007" xlink:to="se-gen-base_AndraLangfristigaVardepappersinnehavUppskrivningar_5008" xlink:title="label: se-gen-base_AndraLangfristigaVardepappersinnehavUppskrivningar_5007 to se-gen-base_AndraLangfristigaVardepappersinnehavUppskrivningar_5008"/>
    <link:loc xlink:type="locator" xlink:href="../../../../base/se-gen-base/2021-10-31/se-gen-base-2021-10-31.xsd#se-gen-base_AndraLangfristigaVardepappersinnehavNedskrivningar" xlink:label="se-gen-base_AndraLangfristigaVardepappersinnehavNedskrivningar_5009" xlink:title="se-gen-base_AndraLangfristigaVardepappersinnehavNedskrivningar_5009"/>
    <link:label xlink:type="resource" xlink:label="se-gen-base_AndraLangfristigaVardepappersinnehavNedskrivningar_5010" xlink:role="http://www.xbrl.org/2003/role/periodEndLabel" xlink:title="se-gen-base_AndraLangfristigaVardepappersinnehavNedskrivningar_5010" xml:lang="sv">Utgående nedskrivningar</link:label>
    <link:labelArc xlink:type="arc" xlink:arcrole="http://www.xbrl.org/2003/arcrole/concept-label" xlink:from="se-gen-base_AndraLangfristigaVardepappersinnehavNedskrivningar_5009" xlink:to="se-gen-base_AndraLangfristigaVardepappersinnehavNedskrivningar_5010" xlink:title="label: se-gen-base_AndraLangfristigaVardepappersinnehavNedskrivningar_5009 to se-gen-base_AndraLangfristigaVardepappersinnehavNedskrivningar_5010"/>
    <link:loc xlink:type="locator" xlink:href="../../../../base/se-gen-base/2021-10-31/se-gen-base-2021-10-31.xsd#se-gen-base_LanDelagareNarstaendeAnskaffningsvarden" xlink:label="se-gen-base_LanDelagareNarstaendeAnskaffningsvarden_5011" xlink:title="se-gen-base_LanDelagareNarstaendeAnskaffningsvarden_5011"/>
    <link:label xlink:type="resource" xlink:label="se-gen-base_LanDelagareNarstaendeAnskaffningsvarden_5012" xlink:role="http://www.xbrl.org/2003/role/periodEndLabel" xlink:title="se-gen-base_LanDelagareNarstaendeAnskaffningsvarden_5012" xml:lang="sv">Utgående anskaffningsvärden</link:label>
    <link:labelArc xlink:type="arc" xlink:arcrole="http://www.xbrl.org/2003/arcrole/concept-label" xlink:from="se-gen-base_LanDelagareNarstaendeAnskaffningsvarden_5011" xlink:to="se-gen-base_LanDelagareNarstaendeAnskaffningsvarden_5012" xlink:title="label: se-gen-base_LanDelagareNarstaendeAnskaffningsvarden_5011 to se-gen-base_LanDelagareNarstaendeAnskaffningsvarden_5012"/>
    <link:loc xlink:type="locator" xlink:href="../../../../base/se-gen-base/2021-10-31/se-gen-base-2021-10-31.xsd#se-gen-base_LanDelagareNarstaendeNedskrivningar" xlink:label="se-gen-base_LanDelagareNarstaendeNedskrivningar_5013" xlink:title="se-gen-base_LanDelagareNarstaendeNedskrivningar_5013"/>
    <link:label xlink:type="resource" xlink:label="se-gen-base_LanDelagareNarstaendeNedskrivningar_5014" xlink:role="http://www.xbrl.org/2003/role/periodEndLabel" xlink:title="se-gen-base_LanDelagareNarstaendeNedskrivningar_5014" xml:lang="sv">Utgående nedskrivningar</link:label>
    <link:labelArc xlink:type="arc" xlink:arcrole="http://www.xbrl.org/2003/arcrole/concept-label" xlink:from="se-gen-base_LanDelagareNarstaendeNedskrivningar_5013" xlink:to="se-gen-base_LanDelagareNarstaendeNedskrivningar_5014" xlink:title="label: se-gen-base_LanDelagareNarstaendeNedskrivningar_5013 to se-gen-base_LanDelagareNarstaendeNedskrivningar_5014"/>
    <link:loc xlink:type="locator" xlink:href="../../../../base/se-gen-base/2021-10-31/se-gen-base-2021-10-31.xsd#se-gen-base_AndraLangfristigaFordringarAnskaffningsvarden" xlink:label="se-gen-base_AndraLangfristigaFordringarAnskaffningsvarden_5015" xlink:title="se-gen-base_AndraLangfristigaFordringarAnskaffningsvarden_5015"/>
    <link:label xlink:type="resource" xlink:label="se-gen-base_AndraLangfristigaFordringarAnskaffningsvarden_5016" xlink:role="http://www.xbrl.org/2003/role/periodEndLabel" xlink:title="se-gen-base_AndraLangfristigaFordringarAnskaffningsvarden_5016" xml:lang="sv">Utgående anskaffningsvärden</link:label>
    <link:labelArc xlink:type="arc" xlink:arcrole="http://www.xbrl.org/2003/arcrole/concept-label" xlink:from="se-gen-base_AndraLangfristigaFordringarAnskaffningsvarden_5015" xlink:to="se-gen-base_AndraLangfristigaFordringarAnskaffningsvarden_5016" xlink:title="label: se-gen-base_AndraLangfristigaFordringarAnskaffningsvarden_5015 to se-gen-base_AndraLangfristigaFordringarAnskaffningsvarden_5016"/>
    <link:loc xlink:type="locator" xlink:href="../../../../base/se-gen-base/2021-10-31/se-gen-base-2021-10-31.xsd#se-gen-base_AndraLangfristigaFordringarNedskrivningar" xlink:label="se-gen-base_AndraLangfristigaFordringarNedskrivningar_5017" xlink:title="se-gen-base_AndraLangfristigaFordringarNedskrivningar_5017"/>
    <link:label xlink:type="resource" xlink:label="se-gen-base_AndraLangfristigaFordringarNedskrivningar_5018" xlink:role="http://www.xbrl.org/2003/role/periodEndLabel" xlink:title="se-gen-base_AndraLangfristigaFordringarNedskrivningar_5018" xml:lang="sv">Utgående nedskrivningar</link:label>
    <link:labelArc xlink:type="arc" xlink:arcrole="http://www.xbrl.org/2003/arcrole/concept-label" xlink:from="se-gen-base_AndraLangfristigaFordringarNedskrivningar_5017" xlink:to="se-gen-base_AndraLangfristigaFordringarNedskrivningar_5018" xlink:title="label: se-gen-base_AndraLangfristigaFordringarNedskrivningar_5017 to se-gen-base_AndraLangfristigaFordringarNedskrivningar_5018"/>
    <link:loc xlink:type="locator" xlink:href="../../../../base/se-gen-base/2021-10-31/se-gen-base-2021-10-31.xsd#se-gen-base_OvrigaAvsattningarSpecifikationBelopp" xlink:label="se-gen-base_OvrigaAvsattningarSpecifikationBelopp_5019" xlink:title="se-gen-base_OvrigaAvsattningarSpecifikationBelopp_5019"/>
    <link:label xlink:type="resource" xlink:label="se-gen-base_OvrigaAvsattningarSpecifikationBelopp_5020" xlink:role="http://www.xbrl.org/2003/role/periodEndLabel" xlink:title="se-gen-base_OvrigaAvsattningarSpecifikationBelopp_5020" xml:lang="sv">Redovisat värde</link:label>
    <link:labelArc xlink:type="arc" xlink:arcrole="http://www.xbrl.org/2003/arcrole/concept-label" xlink:from="se-gen-base_OvrigaAvsattningarSpecifikationBelopp_5019" xlink:to="se-gen-base_OvrigaAvsattningarSpecifikationBelopp_5020" xlink:title="label: se-gen-base_OvrigaAvsattningarSpecifikationBelopp_5019 to se-gen-base_OvrigaAvsattningarSpecifikationBelopp_5020"/>
    <link:loc xlink:type="locator" xlink:href="../../../../base/se-gen-base/2021-10-31/se-gen-base-2021-10-31.xsd#se-gen-base_OvrigtTillskjutetKapital" xlink:label="OvrigtTillskjutetKapital" xlink:title="OvrigtTillskjutetKapital"/>
    <link:label xlink:type="resource" xlink:label="label_OvrigtTillskjutetKapital" xlink:role="http://www.xbrl.org/2003/role/periodEndLabel" xlink:title="label_OvrigtTillskjutetKapital" xml:lang="sv" id="label_OvrigtTillskjutetKapital">Utgående balans</link:label>
    <link:labelArc xlink:type="arc" xlink:arcrole="http://www.xbrl.org/2003/arcrole/concept-label" xlink:from="OvrigtTillskjutetKapital" xlink:to="label_OvrigtTillskjutetKapital" xlink:title="label: OvrigtTillskjutetKapital to label_OvrigtTillskjutetKapital"/>
    <link:loc xlink:type="locator" xlink:href="../../../../base/se-gen-base/2021-10-31/se-gen-base-2021-10-31.xsd#se-gen-base_AnnatEgetKapitalInklusivePeriodensResultat" xlink:label="AnnatEgetKapitalInklusivePeriodensResultat" xlink:title="AnnatEgetKapitalInklusivePeriodensResultat"/>
    <link:label xlink:type="resource" xlink:label="label_AnnatEgetKapitalInklusivePeriodensResultat" xlink:role="http://www.xbrl.org/2003/role/periodEndLabel" xlink:title="label_AnnatEgetKapitalInklusivePeriodensResultat" xml:lang="sv" id="label_AnnatEgetKapitalInklusivePeriodensResultat">Utgående balans</link:label>
    <link:labelArc xlink:type="arc" xlink:arcrole="http://www.xbrl.org/2003/arcrole/concept-label" xlink:from="AnnatEgetKapitalInklusivePeriodensResultat" xlink:to="label_AnnatEgetKapitalInklusivePeriodensResultat" xlink:title="label: AnnatEgetKapitalInklusivePeriodensResultat to label_AnnatEgetKapitalInklusivePeriodensResultat"/>
    <link:loc xlink:type="locator" xlink:href="../../../../base/se-gen-base/2021-10-31/se-gen-base-2021-10-31.xsd#se-gen-base_BalanseratResultatInklusivePeriodensResultat" xlink:label="BalanseratResultatInklusivePeriodensResultat" xlink:title="BalanseratResultatInklusivePeriodensResultat"/>
    <link:label xlink:type="resource" xlink:label="label_BalanseratResultatInklusivePeriodensResultat" xlink:role="http://www.xbrl.org/2003/role/periodEndLabel" xlink:title="label_BalanseratResultatInklusivePeriodensResultat" xml:lang="sv" id="label_BalanseratResultatInklusivePeriodensResultat">Utgående balans</link:label>
    <link:labelArc xlink:type="arc" xlink:arcrole="http://www.xbrl.org/2003/arcrole/concept-label" xlink:from="BalanseratResultatInklusivePeriodensResultat" xlink:to="label_BalanseratResultatInklusivePeriodensResultat" xlink:title="label: BalanseratResultatInklusivePeriodensResultat to label_BalanseratResultatInklusivePeriodensResultat"/>
    <link:loc xlink:type="locator" xlink:href="../../../../base/se-gen-base/2021-10-31/se-gen-base-2021-10-31.xsd#se-gen-base_OmrakningsdifferensEgetKapital" xlink:label="OmrakningsdifferensEgetKapital" xlink:title="OmrakningsdifferensEgetKapital"/>
    <link:label xlink:type="resource" xlink:label="label_OmrakningsdifferensEgetKapital" xlink:role="http://www.xbrl.org/2003/role/periodEndLabel" xlink:title="label_OmrakningsdifferensEgetKapital" xml:lang="sv" id="label_OmrakningsdifferensEgetKapital">Utgående balans</link:label>
    <link:labelArc xlink:type="arc" xlink:arcrole="http://www.xbrl.org/2003/arcrole/concept-label" xlink:from="OmrakningsdifferensEgetKapital" xlink:to="label_OmrakningsdifferensEgetKapital" xlink:title="label: OmrakningsdifferensEgetKapital to label_OmrakningsdifferensEgetKapital"/>
    <link:loc xlink:type="locator" xlink:href="../../../../base/se-gen-base/2021-10-31/se-gen-base-2021-10-31.xsd#se-gen-base_EgetKapitalHanforligtModerforetagetsAktieagare" xlink:label="EgetKapitalHanforligtModerforetagetsAktieagare" xlink:title="EgetKapitalHanforligtModerforetagetsAktieagare"/>
    <link:label xlink:type="resource" xlink:label="label_EgetKapitalHanforligtModerforetagetsAktieagare" xlink:role="http://www.xbrl.org/2003/role/periodEndLabel" xlink:title="label_EgetKapitalHanforligtModerforetagetsAktieagare" xml:lang="sv" id="label_EgetKapitalHanforligtModerforetagetsAktieagare">Utgående balans</link:label>
    <link:labelArc xlink:type="arc" xlink:arcrole="http://www.xbrl.org/2003/arcrole/concept-label" xlink:from="EgetKapitalHanforligtModerforetagetsAktieagare" xlink:to="label_EgetKapitalHanforligtModerforetagetsAktieagare" xlink:title="label: EgetKapitalHanforligtModerforetagetsAktieagare to label_EgetKapitalHanforligtModerforetagetsAktieagare"/>
    <link:loc xlink:type="locator" xlink:href="../../../../base/se-gen-base/2021-10-31/se-gen-base-2021-10-31.xsd#se-gen-base_EgetKapitalHanforligtInnehavareUtanBestammandeInflytande" xlink:label="EgetKapitalHanforligtInnehavareUtanBestammandeInflytande" xlink:title="EgetKapitalHanforligtInnehavareUtanBestammandeInflytande"/>
    <link:label xlink:type="resource" xlink:label="label_EgetKapitalHanforligtInnehavareUtanBestammandeInflytande" xlink:role="http://www.xbrl.org/2003/role/periodEndLabel" xlink:title="label_EgetKapitalHanforligtInnehavareUtanBestammandeInflytande" xml:lang="sv" id="label_EgetKapitalHanforligtInnehavareUtanBestammandeInflytande">Utgående balans</link:label>
    <link:labelArc xlink:type="arc" xlink:arcrole="http://www.xbrl.org/2003/arcrole/concept-label" xlink:from="EgetKapitalHanforligtInnehavareUtanBestammandeInflytande" xlink:to="label_EgetKapitalHanforligtInnehavareUtanBestammandeInflytande" xlink:title="label: EgetKapitalHanforligtInnehavareUtanBestammandeInflytande to label_EgetKapitalHanforligtInnehavareUtanBestammandeInflytande"/>
    <link:loc xlink:type="locator" xlink:href="../../../../base/se-gen-base/2021-10-31/se-gen-base-2021-10-31.xsd#se-gen-base_ReserverEgetKapital" xlink:label="ReserverEgetKapital" xlink:title="ReserverEgetKapital"/>
    <link:label xlink:type="resource" xlink:label="label_ReserverEgetKapital" xlink:role="http://www.xbrl.org/2003/role/periodEndLabel" xlink:title="label_ReserverEgetKapital" xml:lang="sv" id="label_ReserverEgetKapital">Utgående balans</link:label>
    <link:labelArc xlink:type="arc" xlink:arcrole="http://www.xbrl.org/2003/arcrole/concept-label" xlink:from="ReserverEgetKapital" xlink:to="label_ReserverEgetKapital" xlink:title="label: ReserverEgetKapital to label_ReserverEgetKapital"/>
    <link:loc xlink:type="locator" xlink:href="../../../../base/se-gen-base/2021-10-31/se-gen-base-2021-10-31.xsd#se-gen-base_AndraLangfristigaVardepappersinnehavForandringVerkligtVarde" xlink:label="AndraLangfristigaVardepappersinnehavForandringVerkligtVarde" xlink:title="AndraLangfristigaVardepappersinnehavForandringVerkligtVarde"/>
    <link:label xlink:type="resource" xlink:label="label_AndraLangfristigaVardepappersinnehavForandringVerkligtVarde" xlink:role="http://www.xbrl.org/2003/role/periodEndLabel" xlink:title="label_AndraLangfristigaVardepappersinnehavForandringVerkligtVarde" xml:lang="sv" id="label_AndraLangfristigaVardepappersinnehavForandringVerkligtVarde">Utgående förändringar av verkligt värde</link:label>
    <link:labelArc xlink:type="arc" xlink:arcrole="http://www.xbrl.org/2003/arcrole/concept-label" xlink:from="AndraLangfristigaVardepappersinnehavForandringVerkligtVarde" xlink:to="label_AndraLangfristigaVardepappersinnehavForandringVerkligtVarde" xlink:title="label: AndraLangfristigaVardepappersinnehavForandringVerkligtVarde to label_AndraLangfristigaVardepappersinnehavForandringVerkligtVarde"/>
    <link:loc xlink:type="locator" xlink:href="../../../../base/se-gen-base/2021-10-31/se-gen-base-2021-10-31.xsd#se-gen-base_PagaendeUtvecklingsarbetenForskottImmateriellaAnlaggningstillgangarAnskaffningsvarden" xlink:label="AnskaffningsvardenPagaendeUtvecklingsarbetenForskottImmateriellaAnlaggningstillgangar" xlink:title="AnskaffningsvardenPagaendeUtvecklingsarbetenForskottImmateriellaAnlaggningstillgangar"/>
    <link:label xlink:type="resource" xlink:label="label_AnskaffningsvardenPagaendeUtvecklingsarbetenForskottImmateriellaAnlaggningstillgangar" xlink:role="http://www.xbrl.org/2003/role/periodEndLabel" xlink:title="label_AnskaffningsvardenPagaendeUtvecklingsarbetenForskottImmateriellaAnlaggningstillgangar" xml:lang="sv" id="label_AnskaffningsvardenPagaendeUtvecklingsarbetenForskottImmateriellaAnlaggningstillgangar">Utgående anskaffningsvärden</link:label>
    <link:labelArc xlink:type="arc" xlink:arcrole="http://www.xbrl.org/2003/arcrole/concept-label" xlink:from="AnskaffningsvardenPagaendeUtvecklingsarbetenForskottImmateriellaAnlaggningstillgangar" xlink:to="label_AnskaffningsvardenPagaendeUtvecklingsarbetenForskottImmateriellaAnlaggningstillgangar" xlink:title="label: AnskaffningsvardenPagaendeUtvecklingsarbetenForskottImmateriellaAnlaggningstillgangar to label_AnskaffningsvardenPagaendeUtvecklingsarbetenForskottImmateriellaAnlaggningstillgangar"/>
    <link:loc xlink:type="locator" xlink:href="../../../../base/se-gen-base/2021-10-31/se-gen-base-2021-10-31.xsd#se-gen-base_PagaendeUtvecklingsarbetenForskottImmateriellaAnlaggningstillgangarNedskrivningar" xlink:label="AckumuleradeNedskrivningarPagaendeUtvecklingsarbetenForskottImmateriellaAnlaggningstillgangar" xlink:title="AckumuleradeNedskrivningarPagaendeUtvecklingsarbetenForskottImmateriellaAnlaggningstillgangar"/>
    <link:label xlink:type="resource" xlink:label="label_AckumuleradeNedskrivningarPagaendeUtvecklingsarbetenForskottImmateriellaAnlaggningstillgangar" xlink:role="http://www.xbrl.org/2003/role/periodEndLabel" xlink:title="label_AckumuleradeNedskrivningarPagaendeUtvecklingsarbetenForskottImmateriellaAnlaggningstillgangar" xml:lang="sv" id="label_AckumuleradeNedskrivningarPagaendeUtvecklingsarbetenForskottImmateriellaAnlaggningstillgangar">Utgående nedskrivningar</link:label>
    <link:labelArc xlink:type="arc" xlink:arcrole="http://www.xbrl.org/2003/arcrole/concept-label" xlink:from="AckumuleradeNedskrivningarPagaendeUtvecklingsarbetenForskottImmateriellaAnlaggningstillgangar" xlink:to="label_AckumuleradeNedskrivningarPagaendeUtvecklingsarbetenForskottImmateriellaAnlaggningstillgangar" xlink:title="label: AckumuleradeNedskrivningarPagaendeUtvecklingsarbetenForskottImmateriellaAnlaggningstillgangar to label_AckumuleradeNedskrivningarPagaendeUtvecklingsarbetenForskottImmateriellaAnlaggningstillgangar"/>
  </link:labelLink>
</link:linkbase>
