<?xml version="1.0" encoding="UTF-8"?>
<!-- Generated by Fujitsu Interstage XWand B0255 -->
<link:linkbase xmlns:xsi="http://www.w3.org/2001/XMLSchema-instance" xsi:schemaLocation="http://www.xbrl.org/2003/linkbase http://www.xbrl.org/2003/xbrl-linkbase-2003-12-31.xsd" xmlns:se-k3k-ext="http://www.taxonomier.se/se/fr/gaap/k3k-ext/2021-10-31" xmlns:link="http://www.xbrl.org/2003/linkbase" xmlns:xlink="http://www.w3.org/1999/xlink" xmlns:xbrli="http://www.xbrl.org/2003/instance">
  <link:labelLink xlink:type="extended" xlink:role="http://www.xbrl.org/2003/role/link">
    <link:loc xlink:type="locator" xlink:href="../../../../base/se-gen-base/2021-10-31/se-gen-base-2021-10-31.xsd#se-gen-base_FondVerkligtVarde" xlink:label="se-gen-base_FondVerkligtVarde_5373" xlink:title="se-gen-base_FondVerkligtVarde_5373"/>
    <link:label xlink:type="resource" xlink:label="se-gen-base_FondVerkligtVarde_5374" xlink:role="http://www.xbrl.org/2003/role/periodStartLabel" xlink:title="se-gen-base_FondVerkligtVarde_5374" xml:lang="sv">Ingående balans</link:label>
    <link:labelArc xlink:type="arc" xlink:arcrole="http://www.xbrl.org/2003/arcrole/concept-label" xlink:from="se-gen-base_FondVerkligtVarde_5373" xlink:to="se-gen-base_FondVerkligtVarde_5374" xlink:title="label: se-gen-base_FondVerkligtVarde_5373 to se-gen-base_FondVerkligtVarde_5374"/>
    <link:loc xlink:type="locator" xlink:href="../../../../base/se-gen-base/2021-10-31/se-gen-base-2021-10-31.xsd#se-gen-base_Aktiekapital" xlink:label="se-gen-base_Aktiekapital_5347" xlink:title="se-gen-base_Aktiekapital_5347"/>
    <link:label xlink:type="resource" xlink:label="se-gen-base_Aktiekapital_5348" xlink:role="http://www.xbrl.org/2003/role/periodStartLabel" xlink:title="se-gen-base_Aktiekapital_5348" xml:lang="sv">Ingående balans</link:label>
    <link:labelArc xlink:type="arc" xlink:arcrole="http://www.xbrl.org/2003/arcrole/concept-label" xlink:from="se-gen-base_Aktiekapital_5347" xlink:to="se-gen-base_Aktiekapital_5348" xlink:title="label: se-gen-base_Aktiekapital_5347 to se-gen-base_Aktiekapital_5348"/>
    <link:loc xlink:type="locator" xlink:href="../../../../base/se-gen-base/2021-10-31/se-gen-base-2021-10-31.xsd#se-gen-base_ForandringEgetKapitalJusteradAktiekapital" xlink:label="se-gen-base_ForandringEgetKapitalJusteradAktiekapital_5349" xlink:title="se-gen-base_ForandringEgetKapitalJusteradAktiekapital_5349"/>
    <link:label xlink:type="resource" xlink:label="se-gen-base_ForandringEgetKapitalJusteradAktiekapital_5350" xlink:role="http://www.xbrl.org/2003/role/periodStartLabel" xlink:title="se-gen-base_ForandringEgetKapitalJusteradAktiekapital_5350" xml:lang="sv">Justerad ingående balans</link:label>
    <link:labelArc xlink:type="arc" xlink:arcrole="http://www.xbrl.org/2003/arcrole/concept-label" xlink:from="se-gen-base_ForandringEgetKapitalJusteradAktiekapital_5349" xlink:to="se-gen-base_ForandringEgetKapitalJusteradAktiekapital_5350" xlink:title="label: se-gen-base_ForandringEgetKapitalJusteradAktiekapital_5349 to se-gen-base_ForandringEgetKapitalJusteradAktiekapital_5350"/>
    <link:loc xlink:type="locator" xlink:href="../../../../base/se-gen-base/2021-10-31/se-gen-base-2021-10-31.xsd#se-gen-base_Uppskrivningsfond" xlink:label="se-gen-base_Uppskrivningsfond_5355" xlink:title="se-gen-base_Uppskrivningsfond_5355"/>
    <link:label xlink:type="resource" xlink:label="se-gen-base_Uppskrivningsfond_5356" xlink:role="http://www.xbrl.org/2003/role/periodStartLabel" xlink:title="se-gen-base_Uppskrivningsfond_5356" xml:lang="sv">Ingående balans</link:label>
    <link:labelArc xlink:type="arc" xlink:arcrole="http://www.xbrl.org/2003/arcrole/concept-label" xlink:from="se-gen-base_Uppskrivningsfond_5355" xlink:to="se-gen-base_Uppskrivningsfond_5356" xlink:title="label: se-gen-base_Uppskrivningsfond_5355 to se-gen-base_Uppskrivningsfond_5356"/>
    <link:loc xlink:type="locator" xlink:href="../../../../base/se-gen-base/2021-10-31/se-gen-base-2021-10-31.xsd#se-gen-base_ForandringEgetKapitalJusteradUppskrivningsfond" xlink:label="se-gen-base_ForandringEgetKapitalJusteradUppskrivningsfond_5357" xlink:title="se-gen-base_ForandringEgetKapitalJusteradUppskrivningsfond_5357"/>
    <link:label xlink:type="resource" xlink:label="se-gen-base_ForandringEgetKapitalJusteradUppskrivningsfond_5358" xlink:role="http://www.xbrl.org/2003/role/periodStartLabel" xlink:title="se-gen-base_ForandringEgetKapitalJusteradUppskrivningsfond_5358" xml:lang="sv">Justerad ingående balans</link:label>
    <link:labelArc xlink:type="arc" xlink:arcrole="http://www.xbrl.org/2003/arcrole/concept-label" xlink:from="se-gen-base_ForandringEgetKapitalJusteradUppskrivningsfond_5357" xlink:to="se-gen-base_ForandringEgetKapitalJusteradUppskrivningsfond_5358" xlink:title="label: se-gen-base_ForandringEgetKapitalJusteradUppskrivningsfond_5357 to se-gen-base_ForandringEgetKapitalJusteradUppskrivningsfond_5358"/>
    <link:loc xlink:type="locator" xlink:href="../../../../base/se-gen-base/2021-10-31/se-gen-base-2021-10-31.xsd#se-gen-base_Reservfond" xlink:label="se-gen-base_Reservfond_5359" xlink:title="se-gen-base_Reservfond_5359"/>
    <link:label xlink:type="resource" xlink:label="se-gen-base_Reservfond_5360" xlink:role="http://www.xbrl.org/2003/role/periodStartLabel" xlink:title="se-gen-base_Reservfond_5360" xml:lang="sv">Ingående balans</link:label>
    <link:labelArc xlink:type="arc" xlink:arcrole="http://www.xbrl.org/2003/arcrole/concept-label" xlink:from="se-gen-base_Reservfond_5359" xlink:to="se-gen-base_Reservfond_5360" xlink:title="label: se-gen-base_Reservfond_5359 to se-gen-base_Reservfond_5360"/>
    <link:loc xlink:type="locator" xlink:href="../../../../base/se-gen-base/2021-10-31/se-gen-base-2021-10-31.xsd#se-gen-base_ForandringEgetKapitalJusteradReservfond" xlink:label="se-gen-base_ForandringEgetKapitalJusteradReservfond_5361" xlink:title="se-gen-base_ForandringEgetKapitalJusteradReservfond_5361"/>
    <link:label xlink:type="resource" xlink:label="se-gen-base_ForandringEgetKapitalJusteradReservfond_5362" xlink:role="http://www.xbrl.org/2003/role/periodStartLabel" xlink:title="se-gen-base_ForandringEgetKapitalJusteradReservfond_5362" xml:lang="sv">Justerad ingående balans</link:label>
    <link:labelArc xlink:type="arc" xlink:arcrole="http://www.xbrl.org/2003/arcrole/concept-label" xlink:from="se-gen-base_ForandringEgetKapitalJusteradReservfond_5361" xlink:to="se-gen-base_ForandringEgetKapitalJusteradReservfond_5362" xlink:title="label: se-gen-base_ForandringEgetKapitalJusteradReservfond_5361 to se-gen-base_ForandringEgetKapitalJusteradReservfond_5362"/>
    <link:loc xlink:type="locator" xlink:href="../../../../base/se-gen-base/2021-10-31/se-gen-base-2021-10-31.xsd#se-gen-base_Kapitalandelsfond" xlink:label="se-gen-base_Kapitalandelsfond_5363" xlink:title="se-gen-base_Kapitalandelsfond_5363"/>
    <link:label xlink:type="resource" xlink:label="se-gen-base_Kapitalandelsfond_5364" xlink:role="http://www.xbrl.org/2003/role/periodStartLabel" xlink:title="se-gen-base_Kapitalandelsfond_5364" xml:lang="sv">Ingående balans</link:label>
    <link:labelArc xlink:type="arc" xlink:arcrole="http://www.xbrl.org/2003/arcrole/concept-label" xlink:from="se-gen-base_Kapitalandelsfond_5363" xlink:to="se-gen-base_Kapitalandelsfond_5364" xlink:title="label: se-gen-base_Kapitalandelsfond_5363 to se-gen-base_Kapitalandelsfond_5364"/>
    <link:loc xlink:type="locator" xlink:href="../../../../base/se-gen-base/2021-10-31/se-gen-base-2021-10-31.xsd#se-gen-base_FondUtvecklingsutgifter" xlink:label="se-gen-base_FondUtvecklingsutgifter_5365" xlink:title="se-gen-base_FondUtvecklingsutgifter_5365"/>
    <link:label xlink:type="resource" xlink:label="se-gen-base_FondUtvecklingsutgifter_5366" xlink:role="http://www.xbrl.org/2003/role/periodStartLabel" xlink:title="se-gen-base_FondUtvecklingsutgifter_5366" xml:lang="sv">Ingående balans</link:label>
    <link:labelArc xlink:type="arc" xlink:arcrole="http://www.xbrl.org/2003/arcrole/concept-label" xlink:from="se-gen-base_FondUtvecklingsutgifter_5365" xlink:to="se-gen-base_FondUtvecklingsutgifter_5366" xlink:title="label: se-gen-base_FondUtvecklingsutgifter_5365 to se-gen-base_FondUtvecklingsutgifter_5366"/>
    <link:loc xlink:type="locator" xlink:href="../../../../base/se-gen-base/2021-10-31/se-gen-base-2021-10-31.xsd#se-gen-base_ForandringEgetKapitalJusteradFondUtvecklingsutgifter" xlink:label="se-gen-base_ForandringEgetKapitalJusteradFondUtvecklingsutgifter_5367" xlink:title="se-gen-base_ForandringEgetKapitalJusteradFondUtvecklingsutgifter_5367"/>
    <link:label xlink:type="resource" xlink:label="se-gen-base_ForandringEgetKapitalJusteradFondUtvecklingsutgifter_5368" xlink:role="http://www.xbrl.org/2003/role/periodStartLabel" xlink:title="se-gen-base_ForandringEgetKapitalJusteradFondUtvecklingsutgifter_5368" xml:lang="sv">Justerad ingående balans</link:label>
    <link:labelArc xlink:type="arc" xlink:arcrole="http://www.xbrl.org/2003/arcrole/concept-label" xlink:from="se-gen-base_ForandringEgetKapitalJusteradFondUtvecklingsutgifter_5367" xlink:to="se-gen-base_ForandringEgetKapitalJusteradFondUtvecklingsutgifter_5368" xlink:title="label: se-gen-base_ForandringEgetKapitalJusteradFondUtvecklingsutgifter_5367 to se-gen-base_ForandringEgetKapitalJusteradFondUtvecklingsutgifter_5368"/>
    <link:loc xlink:type="locator" xlink:href="../../../../base/se-gen-base/2021-10-31/se-gen-base-2021-10-31.xsd#se-gen-base_ForandringEgetKapitalJusteradFondVerkligtVarde" xlink:label="se-gen-base_ForandringEgetKapitalJusteradFondVerkligtVarde_5375" xlink:title="se-gen-base_ForandringEgetKapitalJusteradFondVerkligtVarde_5375"/>
    <link:label xlink:type="resource" xlink:label="se-gen-base_ForandringEgetKapitalJusteradFondVerkligtVarde_5376" xlink:role="http://www.xbrl.org/2003/role/periodStartLabel" xlink:title="se-gen-base_ForandringEgetKapitalJusteradFondVerkligtVarde_5376" xml:lang="sv">Justerad ingående balans</link:label>
    <link:labelArc xlink:type="arc" xlink:arcrole="http://www.xbrl.org/2003/arcrole/concept-label" xlink:from="se-gen-base_ForandringEgetKapitalJusteradFondVerkligtVarde_5375" xlink:to="se-gen-base_ForandringEgetKapitalJusteradFondVerkligtVarde_5376" xlink:title="label: se-gen-base_ForandringEgetKapitalJusteradFondVerkligtVarde_5375 to se-gen-base_ForandringEgetKapitalJusteradFondVerkligtVarde_5376"/>
    <link:loc xlink:type="locator" xlink:href="../../../../base/se-gen-base/2021-10-31/se-gen-base-2021-10-31.xsd#se-gen-base_EgetKapital" xlink:label="se-gen-base_EgetKapital_5385" xlink:title="se-gen-base_EgetKapital_5385"/>
    <link:label xlink:type="resource" xlink:label="se-gen-base_EgetKapital_5386" xlink:role="http://www.xbrl.org/2003/role/periodStartLabel" xlink:title="se-gen-base_EgetKapital_5386" xml:lang="sv">Ingående balans</link:label>
    <link:labelArc xlink:type="arc" xlink:arcrole="http://www.xbrl.org/2003/arcrole/concept-label" xlink:from="se-gen-base_EgetKapital_5385" xlink:to="se-gen-base_EgetKapital_5386" xlink:title="label: se-gen-base_EgetKapital_5385 to se-gen-base_EgetKapital_5386"/>
    <link:loc xlink:type="locator" xlink:href="../../../../base/se-gen-base/2021-10-31/se-gen-base-2021-10-31.xsd#se-gen-base_AvsattningarPensionerLiknandeForpliktelser" xlink:label="AvsattningarPensionerLiknandeForpliktelser" xlink:title="AvsattningarPensionerLiknandeForpliktelser"/>
    <link:label xlink:type="resource" xlink:label="label_AvsattningarPensionerLiknandeForpliktelser" xlink:role="http://www.xbrl.org/2003/role/periodStartLabel" xlink:title="label_AvsattningarPensionerLiknandeForpliktelser" xml:lang="sv" id="label_AvsattningarPensionerLiknandeForpliktelser">Ingående balans</link:label>
    <link:labelArc xlink:type="arc" xlink:arcrole="http://www.xbrl.org/2003/arcrole/concept-label" xlink:from="AvsattningarPensionerLiknandeForpliktelser" xlink:to="label_AvsattningarPensionerLiknandeForpliktelser" xlink:title="label: AvsattningarPensionerLiknandeForpliktelser to label_AvsattningarPensionerLiknandeForpliktelser"/>
    <link:loc xlink:type="locator" xlink:href="../../../../base/se-gen-base/2021-10-31/se-gen-base-2021-10-31.xsd#se-gen-base_LikvidaMedel" xlink:label="se-gen-base_LikvidaMedel_5387" xlink:title="se-gen-base_LikvidaMedel_5387"/>
    <link:label xlink:type="resource" xlink:label="se-gen-base_LikvidaMedel_5388" xlink:role="http://www.xbrl.org/2003/role/periodStartLabel" xlink:title="se-gen-base_LikvidaMedel_5388" xml:lang="sv">Likvida medel vid årets början</link:label>
    <link:labelArc xlink:type="arc" xlink:arcrole="http://www.xbrl.org/2003/arcrole/concept-label" xlink:from="se-gen-base_LikvidaMedel_5387" xlink:to="se-gen-base_LikvidaMedel_5388" xlink:title="label: se-gen-base_LikvidaMedel_5387 to se-gen-base_LikvidaMedel_5388"/>
    <link:loc xlink:type="locator" xlink:href="../../../../base/se-gen-base/2021-10-31/se-gen-base-2021-10-31.xsd#se-gen-base_AktierelateradErsattningAnstalldaAntalPersonaloptioner" xlink:label="se-gen-base_AktierelateradErsattningAnstalldaAntalPersonaloptioner_5389" xlink:title="se-gen-base_AktierelateradErsattningAnstalldaAntalPersonaloptioner_5389"/>
    <link:label xlink:type="resource" xlink:label="se-gen-base_AktierelateradErsattningAnstalldaAntalPersonaloptioner_5390" xlink:role="http://www.xbrl.org/2003/role/periodStartLabel" xlink:title="se-gen-base_AktierelateradErsattningAnstalldaAntalPersonaloptioner_5390" xml:lang="sv">Utestående vid årets början</link:label>
    <link:labelArc xlink:type="arc" xlink:arcrole="http://www.xbrl.org/2003/arcrole/concept-label" xlink:from="se-gen-base_AktierelateradErsattningAnstalldaAntalPersonaloptioner_5389" xlink:to="se-gen-base_AktierelateradErsattningAnstalldaAntalPersonaloptioner_5390" xlink:title="label: se-gen-base_AktierelateradErsattningAnstalldaAntalPersonaloptioner_5389 to se-gen-base_AktierelateradErsattningAnstalldaAntalPersonaloptioner_5390"/>
    <link:loc xlink:type="locator" xlink:href="../../../../base/se-gen-base/2021-10-31/se-gen-base-2021-10-31.xsd#se-gen-base_AktierelateradErsattningAnstalldaLosenprisPersonaloptioner" xlink:label="se-gen-base_AktierelateradErsattningAnstalldaLosenprisPersonaloptioner_5391" xlink:title="se-gen-base_AktierelateradErsattningAnstalldaLosenprisPersonaloptioner_5391"/>
    <link:label xlink:type="resource" xlink:label="se-gen-base_AktierelateradErsattningAnstalldaLosenprisPersonaloptioner_5392" xlink:role="http://www.xbrl.org/2003/role/periodStartLabel" xlink:title="se-gen-base_AktierelateradErsattningAnstalldaLosenprisPersonaloptioner_5392" xml:lang="sv">Utestående vid årets början</link:label>
    <link:labelArc xlink:type="arc" xlink:arcrole="http://www.xbrl.org/2003/arcrole/concept-label" xlink:from="se-gen-base_AktierelateradErsattningAnstalldaLosenprisPersonaloptioner_5391" xlink:to="se-gen-base_AktierelateradErsattningAnstalldaLosenprisPersonaloptioner_5392" xlink:title="label: se-gen-base_AktierelateradErsattningAnstalldaLosenprisPersonaloptioner_5391 to se-gen-base_AktierelateradErsattningAnstalldaLosenprisPersonaloptioner_5392"/>
    <link:loc xlink:type="locator" xlink:href="../../../../base/se-gen-base/2021-10-31/se-gen-base-2021-10-31.xsd#se-gen-base_BalanseradeUtgifterUtvecklingsarbetenLiknadeArbetenAnskaffningsvarden" xlink:label="se-gen-base_BalanseradeUtgifterUtvecklingsarbetenLiknadeArbetenAnskaffningsvarden_5393" xlink:title="se-gen-base_BalanseradeUtgifterUtvecklingsarbetenLiknadeArbetenAnskaffningsvarden_5393"/>
    <link:label xlink:type="resource" xlink:label="se-gen-base_BalanseradeUtgifterUtvecklingsarbetenLiknadeArbetenAnskaffningsvarden_5394" xlink:role="http://www.xbrl.org/2003/role/periodStartLabel" xlink:title="se-gen-base_BalanseradeUtgifterUtvecklingsarbetenLiknadeArbetenAnskaffningsvarden_5394" xml:lang="sv">Ingående anskaffningsvärden</link:label>
    <link:labelArc xlink:type="arc" xlink:arcrole="http://www.xbrl.org/2003/arcrole/concept-label" xlink:from="se-gen-base_BalanseradeUtgifterUtvecklingsarbetenLiknadeArbetenAnskaffningsvarden_5393" xlink:to="se-gen-base_BalanseradeUtgifterUtvecklingsarbetenLiknadeArbetenAnskaffningsvarden_5394" xlink:title="label: se-gen-base_BalanseradeUtgifterUtvecklingsarbetenLiknadeArbetenAnskaffningsvarden_5393 to se-gen-base_BalanseradeUtgifterUtvecklingsarbetenLiknadeArbetenAnskaffningsvarden_5394"/>
    <link:loc xlink:type="locator" xlink:href="../../../../base/se-gen-base/2021-10-31/se-gen-base-2021-10-31.xsd#se-gen-base_BalanseradeUtgifterUtvecklingsarbetenLiknadeArbetenAvskrivningar" xlink:label="se-gen-base_BalanseradeUtgifterUtvecklingsarbetenLiknadeArbetenAvskrivningar_5395" xlink:title="se-gen-base_BalanseradeUtgifterUtvecklingsarbetenLiknadeArbetenAvskrivningar_5395"/>
    <link:label xlink:type="resource" xlink:label="se-gen-base_BalanseradeUtgifterUtvecklingsarbetenLiknadeArbetenAvskrivningar_5396" xlink:role="http://www.xbrl.org/2003/role/periodStartLabel" xlink:title="se-gen-base_BalanseradeUtgifterUtvecklingsarbetenLiknadeArbetenAvskrivningar_5396" xml:lang="sv">Ingående avskrivningar</link:label>
    <link:labelArc xlink:type="arc" xlink:arcrole="http://www.xbrl.org/2003/arcrole/concept-label" xlink:from="se-gen-base_BalanseradeUtgifterUtvecklingsarbetenLiknadeArbetenAvskrivningar_5395" xlink:to="se-gen-base_BalanseradeUtgifterUtvecklingsarbetenLiknadeArbetenAvskrivningar_5396" xlink:title="label: se-gen-base_BalanseradeUtgifterUtvecklingsarbetenLiknadeArbetenAvskrivningar_5395 to se-gen-base_BalanseradeUtgifterUtvecklingsarbetenLiknadeArbetenAvskrivningar_5396"/>
    <link:loc xlink:type="locator" xlink:href="../../../../base/se-gen-base/2021-10-31/se-gen-base-2021-10-31.xsd#se-gen-base_BalanseradeUtgifterUtvecklingsarbetenLiknadeArbetenUppskrivningar" xlink:label="se-gen-base_BalanseradeUtgifterUtvecklingsarbetenLiknadeArbetenUppskrivningar_5397" xlink:title="se-gen-base_BalanseradeUtgifterUtvecklingsarbetenLiknadeArbetenUppskrivningar_5397"/>
    <link:label xlink:type="resource" xlink:label="se-gen-base_BalanseradeUtgifterUtvecklingsarbetenLiknadeArbetenUppskrivningar_5398" xlink:role="http://www.xbrl.org/2003/role/periodStartLabel" xlink:title="se-gen-base_BalanseradeUtgifterUtvecklingsarbetenLiknadeArbetenUppskrivningar_5398" xml:lang="sv">Ingående uppskrivningar</link:label>
    <link:labelArc xlink:type="arc" xlink:arcrole="http://www.xbrl.org/2003/arcrole/concept-label" xlink:from="se-gen-base_BalanseradeUtgifterUtvecklingsarbetenLiknadeArbetenUppskrivningar_5397" xlink:to="se-gen-base_BalanseradeUtgifterUtvecklingsarbetenLiknadeArbetenUppskrivningar_5398" xlink:title="label: se-gen-base_BalanseradeUtgifterUtvecklingsarbetenLiknadeArbetenUppskrivningar_5397 to se-gen-base_BalanseradeUtgifterUtvecklingsarbetenLiknadeArbetenUppskrivningar_5398"/>
    <link:loc xlink:type="locator" xlink:href="../../../../base/se-gen-base/2021-10-31/se-gen-base-2021-10-31.xsd#se-gen-base_BalanseradeUtgifterUtvecklingsarbetenLiknadeArbetenNedskrivningar" xlink:label="se-gen-base_BalanseradeUtgifterUtvecklingsarbetenLiknadeArbetenNedskrivningar_5399" xlink:title="se-gen-base_BalanseradeUtgifterUtvecklingsarbetenLiknadeArbetenNedskrivningar_5399"/>
    <link:label xlink:type="resource" xlink:label="se-gen-base_BalanseradeUtgifterUtvecklingsarbetenLiknadeArbetenNedskrivningar_5400" xlink:role="http://www.xbrl.org/2003/role/periodStartLabel" xlink:title="se-gen-base_BalanseradeUtgifterUtvecklingsarbetenLiknadeArbetenNedskrivningar_5400" xml:lang="sv">Ingående nedskrivningar</link:label>
    <link:labelArc xlink:type="arc" xlink:arcrole="http://www.xbrl.org/2003/arcrole/concept-label" xlink:from="se-gen-base_BalanseradeUtgifterUtvecklingsarbetenLiknadeArbetenNedskrivningar_5399" xlink:to="se-gen-base_BalanseradeUtgifterUtvecklingsarbetenLiknadeArbetenNedskrivningar_5400" xlink:title="label: se-gen-base_BalanseradeUtgifterUtvecklingsarbetenLiknadeArbetenNedskrivningar_5399 to se-gen-base_BalanseradeUtgifterUtvecklingsarbetenLiknadeArbetenNedskrivningar_5400"/>
    <link:loc xlink:type="locator" xlink:href="../../../../base/se-gen-base/2021-10-31/se-gen-base-2021-10-31.xsd#se-gen-base_KoncessionerPatentLicenserVarumarkenLiknandeRattigheterAnskaffningsvarden" xlink:label="se-gen-base_KoncessionerPatentLicenserVarumarkenLiknandeRattigheterAnskaffningsvarden_5401" xlink:title="se-gen-base_KoncessionerPatentLicenserVarumarkenLiknandeRattigheterAnskaffningsvarden_5401"/>
    <link:label xlink:type="resource" xlink:label="se-gen-base_KoncessionerPatentLicenserVarumarkenLiknandeRattigheterAnskaffningsvarden_5402" xlink:role="http://www.xbrl.org/2003/role/periodStartLabel" xlink:title="se-gen-base_KoncessionerPatentLicenserVarumarkenLiknandeRattigheterAnskaffningsvarden_5402" xml:lang="sv">Ingående anskaffningsvärden</link:label>
    <link:labelArc xlink:type="arc" xlink:arcrole="http://www.xbrl.org/2003/arcrole/concept-label" xlink:from="se-gen-base_KoncessionerPatentLicenserVarumarkenLiknandeRattigheterAnskaffningsvarden_5401" xlink:to="se-gen-base_KoncessionerPatentLicenserVarumarkenLiknandeRattigheterAnskaffningsvarden_5402" xlink:title="label: se-gen-base_KoncessionerPatentLicenserVarumarkenLiknandeRattigheterAnskaffningsvarden_5401 to se-gen-base_KoncessionerPatentLicenserVarumarkenLiknandeRattigheterAnskaffningsvarden_5402"/>
    <link:loc xlink:type="locator" xlink:href="../../../../base/se-gen-base/2021-10-31/se-gen-base-2021-10-31.xsd#se-gen-base_KoncessionerPatentLicenserVarumarkenLiknandeRattigheterAvskrivningar" xlink:label="se-gen-base_KoncessionerPatentLicenserVarumarkenLiknandeRattigheterAvskrivningar_5403" xlink:title="se-gen-base_KoncessionerPatentLicenserVarumarkenLiknandeRattigheterAvskrivningar_5403"/>
    <link:label xlink:type="resource" xlink:label="se-gen-base_KoncessionerPatentLicenserVarumarkenLiknandeRattigheterAvskrivningar_5404" xlink:role="http://www.xbrl.org/2003/role/periodStartLabel" xlink:title="se-gen-base_KoncessionerPatentLicenserVarumarkenLiknandeRattigheterAvskrivningar_5404" xml:lang="sv">Ingående avskrivningar</link:label>
    <link:labelArc xlink:type="arc" xlink:arcrole="http://www.xbrl.org/2003/arcrole/concept-label" xlink:from="se-gen-base_KoncessionerPatentLicenserVarumarkenLiknandeRattigheterAvskrivningar_5403" xlink:to="se-gen-base_KoncessionerPatentLicenserVarumarkenLiknandeRattigheterAvskrivningar_5404" xlink:title="label: se-gen-base_KoncessionerPatentLicenserVarumarkenLiknandeRattigheterAvskrivningar_5403 to se-gen-base_KoncessionerPatentLicenserVarumarkenLiknandeRattigheterAvskrivningar_5404"/>
    <link:loc xlink:type="locator" xlink:href="../../../../base/se-gen-base/2021-10-31/se-gen-base-2021-10-31.xsd#se-gen-base_KoncessionerPatentLicenserVarumarkenLiknandeRattigheterUppskrivningar" xlink:label="se-gen-base_KoncessionerPatentLicenserVarumarkenLiknandeRattigheterUppskrivningar_5405" xlink:title="se-gen-base_KoncessionerPatentLicenserVarumarkenLiknandeRattigheterUppskrivningar_5405"/>
    <link:label xlink:type="resource" xlink:label="se-gen-base_KoncessionerPatentLicenserVarumarkenLiknandeRattigheterUppskrivningar_5406" xlink:role="http://www.xbrl.org/2003/role/periodStartLabel" xlink:title="se-gen-base_KoncessionerPatentLicenserVarumarkenLiknandeRattigheterUppskrivningar_5406" xml:lang="sv">Ingående uppskrivningar</link:label>
    <link:labelArc xlink:type="arc" xlink:arcrole="http://www.xbrl.org/2003/arcrole/concept-label" xlink:from="se-gen-base_KoncessionerPatentLicenserVarumarkenLiknandeRattigheterUppskrivningar_5405" xlink:to="se-gen-base_KoncessionerPatentLicenserVarumarkenLiknandeRattigheterUppskrivningar_5406" xlink:title="label: se-gen-base_KoncessionerPatentLicenserVarumarkenLiknandeRattigheterUppskrivningar_5405 to se-gen-base_KoncessionerPatentLicenserVarumarkenLiknandeRattigheterUppskrivningar_5406"/>
    <link:loc xlink:type="locator" xlink:href="../../../../base/se-gen-base/2021-10-31/se-gen-base-2021-10-31.xsd#se-gen-base_KoncessionerPatentLicenserVarumarkenLiknandeRattigheterNedskrivningar" xlink:label="se-gen-base_KoncessionerPatentLicenserVarumarkenLiknandeRattigheterNedskrivningar_5407" xlink:title="se-gen-base_KoncessionerPatentLicenserVarumarkenLiknandeRattigheterNedskrivningar_5407"/>
    <link:label xlink:type="resource" xlink:label="se-gen-base_KoncessionerPatentLicenserVarumarkenLiknandeRattigheterNedskrivningar_5408" xlink:role="http://www.xbrl.org/2003/role/periodStartLabel" xlink:title="se-gen-base_KoncessionerPatentLicenserVarumarkenLiknandeRattigheterNedskrivningar_5408" xml:lang="sv">Ingående nedskrivningar</link:label>
    <link:labelArc xlink:type="arc" xlink:arcrole="http://www.xbrl.org/2003/arcrole/concept-label" xlink:from="se-gen-base_KoncessionerPatentLicenserVarumarkenLiknandeRattigheterNedskrivningar_5407" xlink:to="se-gen-base_KoncessionerPatentLicenserVarumarkenLiknandeRattigheterNedskrivningar_5408" xlink:title="label: se-gen-base_KoncessionerPatentLicenserVarumarkenLiknandeRattigheterNedskrivningar_5407 to se-gen-base_KoncessionerPatentLicenserVarumarkenLiknandeRattigheterNedskrivningar_5408"/>
    <link:loc xlink:type="locator" xlink:href="../../../../base/se-gen-base/2021-10-31/se-gen-base-2021-10-31.xsd#se-gen-base_HyresratterLiknandeRattigheterAnskaffningsvarden" xlink:label="se-gen-base_HyresratterLiknandeRattigheterAnskaffningsvarden_5409" xlink:title="se-gen-base_HyresratterLiknandeRattigheterAnskaffningsvarden_5409"/>
    <link:label xlink:type="resource" xlink:label="se-gen-base_HyresratterLiknandeRattigheterAnskaffningsvarden_5410" xlink:role="http://www.xbrl.org/2003/role/periodStartLabel" xlink:title="se-gen-base_HyresratterLiknandeRattigheterAnskaffningsvarden_5410" xml:lang="sv">Ingående anskaffningsvärden</link:label>
    <link:labelArc xlink:type="arc" xlink:arcrole="http://www.xbrl.org/2003/arcrole/concept-label" xlink:from="se-gen-base_HyresratterLiknandeRattigheterAnskaffningsvarden_5409" xlink:to="se-gen-base_HyresratterLiknandeRattigheterAnskaffningsvarden_5410" xlink:title="label: se-gen-base_HyresratterLiknandeRattigheterAnskaffningsvarden_5409 to se-gen-base_HyresratterLiknandeRattigheterAnskaffningsvarden_5410"/>
    <link:loc xlink:type="locator" xlink:href="../../../../base/se-gen-base/2021-10-31/se-gen-base-2021-10-31.xsd#se-gen-base_HyresratterLiknandeRattigheterAvskrivningar" xlink:label="se-gen-base_HyresratterLiknandeRattigheterAvskrivningar_5411" xlink:title="se-gen-base_HyresratterLiknandeRattigheterAvskrivningar_5411"/>
    <link:label xlink:type="resource" xlink:label="se-gen-base_HyresratterLiknandeRattigheterAvskrivningar_5412" xlink:role="http://www.xbrl.org/2003/role/periodStartLabel" xlink:title="se-gen-base_HyresratterLiknandeRattigheterAvskrivningar_5412" xml:lang="sv">Ingående avskrivningar</link:label>
    <link:labelArc xlink:type="arc" xlink:arcrole="http://www.xbrl.org/2003/arcrole/concept-label" xlink:from="se-gen-base_HyresratterLiknandeRattigheterAvskrivningar_5411" xlink:to="se-gen-base_HyresratterLiknandeRattigheterAvskrivningar_5412" xlink:title="label: se-gen-base_HyresratterLiknandeRattigheterAvskrivningar_5411 to se-gen-base_HyresratterLiknandeRattigheterAvskrivningar_5412"/>
    <link:loc xlink:type="locator" xlink:href="../../../../base/se-gen-base/2021-10-31/se-gen-base-2021-10-31.xsd#se-gen-base_HyresratterLiknandeRattigheterUppskrivningar" xlink:label="se-gen-base_HyresratterLiknandeRattigheterUppskrivningar_5413" xlink:title="se-gen-base_HyresratterLiknandeRattigheterUppskrivningar_5413"/>
    <link:label xlink:type="resource" xlink:label="se-gen-base_HyresratterLiknandeRattigheterUppskrivningar_5414" xlink:role="http://www.xbrl.org/2003/role/periodStartLabel" xlink:title="se-gen-base_HyresratterLiknandeRattigheterUppskrivningar_5414" xml:lang="sv">Ingående uppskrivningar</link:label>
    <link:labelArc xlink:type="arc" xlink:arcrole="http://www.xbrl.org/2003/arcrole/concept-label" xlink:from="se-gen-base_HyresratterLiknandeRattigheterUppskrivningar_5413" xlink:to="se-gen-base_HyresratterLiknandeRattigheterUppskrivningar_5414" xlink:title="label: se-gen-base_HyresratterLiknandeRattigheterUppskrivningar_5413 to se-gen-base_HyresratterLiknandeRattigheterUppskrivningar_5414"/>
    <link:loc xlink:type="locator" xlink:href="../../../../base/se-gen-base/2021-10-31/se-gen-base-2021-10-31.xsd#se-gen-base_HyresratterLiknandeRattigheterNedskrivningar" xlink:label="se-gen-base_HyresratterLiknandeRattigheterNedskrivningar_5415" xlink:title="se-gen-base_HyresratterLiknandeRattigheterNedskrivningar_5415"/>
    <link:label xlink:type="resource" xlink:label="se-gen-base_HyresratterLiknandeRattigheterNedskrivningar_5416" xlink:role="http://www.xbrl.org/2003/role/periodStartLabel" xlink:title="se-gen-base_HyresratterLiknandeRattigheterNedskrivningar_5416" xml:lang="sv">Ingående nedskrivningar</link:label>
    <link:labelArc xlink:type="arc" xlink:arcrole="http://www.xbrl.org/2003/arcrole/concept-label" xlink:from="se-gen-base_HyresratterLiknandeRattigheterNedskrivningar_5415" xlink:to="se-gen-base_HyresratterLiknandeRattigheterNedskrivningar_5416" xlink:title="label: se-gen-base_HyresratterLiknandeRattigheterNedskrivningar_5415 to se-gen-base_HyresratterLiknandeRattigheterNedskrivningar_5416"/>
    <link:loc xlink:type="locator" xlink:href="../../../../base/se-gen-base/2021-10-31/se-gen-base-2021-10-31.xsd#se-gen-base_GoodwillAnskaffningsvarden" xlink:label="se-gen-base_GoodwillAnskaffningsvarden_5417" xlink:title="se-gen-base_GoodwillAnskaffningsvarden_5417"/>
    <link:label xlink:type="resource" xlink:label="se-gen-base_GoodwillAnskaffningsvarden_5418" xlink:role="http://www.xbrl.org/2003/role/periodStartLabel" xlink:title="se-gen-base_GoodwillAnskaffningsvarden_5418" xml:lang="sv">Ingående anskaffningsvärden</link:label>
    <link:labelArc xlink:type="arc" xlink:arcrole="http://www.xbrl.org/2003/arcrole/concept-label" xlink:from="se-gen-base_GoodwillAnskaffningsvarden_5417" xlink:to="se-gen-base_GoodwillAnskaffningsvarden_5418" xlink:title="label: se-gen-base_GoodwillAnskaffningsvarden_5417 to se-gen-base_GoodwillAnskaffningsvarden_5418"/>
    <link:loc xlink:type="locator" xlink:href="../../../../base/se-gen-base/2021-10-31/se-gen-base-2021-10-31.xsd#se-gen-base_GoodwillAvskrivningar" xlink:label="se-gen-base_GoodwillAvskrivningar_5419" xlink:title="se-gen-base_GoodwillAvskrivningar_5419"/>
    <link:label xlink:type="resource" xlink:label="se-gen-base_GoodwillAvskrivningar_5420" xlink:role="http://www.xbrl.org/2003/role/periodStartLabel" xlink:title="se-gen-base_GoodwillAvskrivningar_5420" xml:lang="sv">Ingående avskrivningar</link:label>
    <link:labelArc xlink:type="arc" xlink:arcrole="http://www.xbrl.org/2003/arcrole/concept-label" xlink:from="se-gen-base_GoodwillAvskrivningar_5419" xlink:to="se-gen-base_GoodwillAvskrivningar_5420" xlink:title="label: se-gen-base_GoodwillAvskrivningar_5419 to se-gen-base_GoodwillAvskrivningar_5420"/>
    <link:loc xlink:type="locator" xlink:href="../../../../base/se-gen-base/2021-10-31/se-gen-base-2021-10-31.xsd#se-gen-base_GoodwillNedskrivningar" xlink:label="se-gen-base_GoodwillNedskrivningar_5421" xlink:title="se-gen-base_GoodwillNedskrivningar_5421"/>
    <link:label xlink:type="resource" xlink:label="se-gen-base_GoodwillNedskrivningar_5422" xlink:role="http://www.xbrl.org/2003/role/periodStartLabel" xlink:title="se-gen-base_GoodwillNedskrivningar_5422" xml:lang="sv">Ingående nedskrivningar</link:label>
    <link:labelArc xlink:type="arc" xlink:arcrole="http://www.xbrl.org/2003/arcrole/concept-label" xlink:from="se-gen-base_GoodwillNedskrivningar_5421" xlink:to="se-gen-base_GoodwillNedskrivningar_5422" xlink:title="label: se-gen-base_GoodwillNedskrivningar_5421 to se-gen-base_GoodwillNedskrivningar_5422"/>
    <link:loc xlink:type="locator" xlink:href="../../../../base/se-gen-base/2021-10-31/se-gen-base-2021-10-31.xsd#se-gen-base_ByggnaderMarkAnskaffningsvarden" xlink:label="se-gen-base_ByggnaderMarkAnskaffningsvarden_5427" xlink:title="se-gen-base_ByggnaderMarkAnskaffningsvarden_5427"/>
    <link:label xlink:type="resource" xlink:label="se-gen-base_ByggnaderMarkAnskaffningsvarden_5428" xlink:role="http://www.xbrl.org/2003/role/periodStartLabel" xlink:title="se-gen-base_ByggnaderMarkAnskaffningsvarden_5428" xml:lang="sv">Ingående anskaffningsvärden</link:label>
    <link:labelArc xlink:type="arc" xlink:arcrole="http://www.xbrl.org/2003/arcrole/concept-label" xlink:from="se-gen-base_ByggnaderMarkAnskaffningsvarden_5427" xlink:to="se-gen-base_ByggnaderMarkAnskaffningsvarden_5428" xlink:title="label: se-gen-base_ByggnaderMarkAnskaffningsvarden_5427 to se-gen-base_ByggnaderMarkAnskaffningsvarden_5428"/>
    <link:loc xlink:type="locator" xlink:href="../../../../base/se-gen-base/2021-10-31/se-gen-base-2021-10-31.xsd#se-gen-base_ByggnaderMarkAvskrivningar" xlink:label="se-gen-base_ByggnaderMarkAvskrivningar_5429" xlink:title="se-gen-base_ByggnaderMarkAvskrivningar_5429"/>
    <link:label xlink:type="resource" xlink:label="se-gen-base_ByggnaderMarkAvskrivningar_5430" xlink:role="http://www.xbrl.org/2003/role/periodStartLabel" xlink:title="se-gen-base_ByggnaderMarkAvskrivningar_5430" xml:lang="sv">Ingående avskrivningar</link:label>
    <link:labelArc xlink:type="arc" xlink:arcrole="http://www.xbrl.org/2003/arcrole/concept-label" xlink:from="se-gen-base_ByggnaderMarkAvskrivningar_5429" xlink:to="se-gen-base_ByggnaderMarkAvskrivningar_5430" xlink:title="label: se-gen-base_ByggnaderMarkAvskrivningar_5429 to se-gen-base_ByggnaderMarkAvskrivningar_5430"/>
    <link:loc xlink:type="locator" xlink:href="../../../../base/se-gen-base/2021-10-31/se-gen-base-2021-10-31.xsd#se-gen-base_ByggnaderMarkUppskrivningar" xlink:label="se-gen-base_ByggnaderMarkUppskrivningar_5431" xlink:title="se-gen-base_ByggnaderMarkUppskrivningar_5431"/>
    <link:label xlink:type="resource" xlink:label="se-gen-base_ByggnaderMarkUppskrivningar_5432" xlink:role="http://www.xbrl.org/2003/role/periodStartLabel" xlink:title="se-gen-base_ByggnaderMarkUppskrivningar_5432" xml:lang="sv">Ingående uppskrivningar</link:label>
    <link:labelArc xlink:type="arc" xlink:arcrole="http://www.xbrl.org/2003/arcrole/concept-label" xlink:from="se-gen-base_ByggnaderMarkUppskrivningar_5431" xlink:to="se-gen-base_ByggnaderMarkUppskrivningar_5432" xlink:title="label: se-gen-base_ByggnaderMarkUppskrivningar_5431 to se-gen-base_ByggnaderMarkUppskrivningar_5432"/>
    <link:loc xlink:type="locator" xlink:href="../../../../base/se-gen-base/2021-10-31/se-gen-base-2021-10-31.xsd#se-gen-base_ByggnaderMarkNedskrivningar" xlink:label="se-gen-base_ByggnaderMarkNedskrivningar_5433" xlink:title="se-gen-base_ByggnaderMarkNedskrivningar_5433"/>
    <link:label xlink:type="resource" xlink:label="se-gen-base_ByggnaderMarkNedskrivningar_5434" xlink:role="http://www.xbrl.org/2003/role/periodStartLabel" xlink:title="se-gen-base_ByggnaderMarkNedskrivningar_5434" xml:lang="sv">Ingående nedskrivningar</link:label>
    <link:labelArc xlink:type="arc" xlink:arcrole="http://www.xbrl.org/2003/arcrole/concept-label" xlink:from="se-gen-base_ByggnaderMarkNedskrivningar_5433" xlink:to="se-gen-base_ByggnaderMarkNedskrivningar_5434" xlink:title="label: se-gen-base_ByggnaderMarkNedskrivningar_5433 to se-gen-base_ByggnaderMarkNedskrivningar_5434"/>
    <link:loc xlink:type="locator" xlink:href="../../../../base/se-gen-base/2021-10-31/se-gen-base-2021-10-31.xsd#se-gen-base_ForbattringsutgifterAnnansFastighetAnskaffningsvarden" xlink:label="se-gen-base_ForbattringsutgifterAnnansFastighetAnskaffningsvarden_5435" xlink:title="se-gen-base_ForbattringsutgifterAnnansFastighetAnskaffningsvarden_5435"/>
    <link:label xlink:type="resource" xlink:label="se-gen-base_ForbattringsutgifterAnnansFastighetAnskaffningsvarden_5436" xlink:role="http://www.xbrl.org/2003/role/periodStartLabel" xlink:title="se-gen-base_ForbattringsutgifterAnnansFastighetAnskaffningsvarden_5436" xml:lang="sv">Ingående anskaffningsvärden</link:label>
    <link:labelArc xlink:type="arc" xlink:arcrole="http://www.xbrl.org/2003/arcrole/concept-label" xlink:from="se-gen-base_ForbattringsutgifterAnnansFastighetAnskaffningsvarden_5435" xlink:to="se-gen-base_ForbattringsutgifterAnnansFastighetAnskaffningsvarden_5436" xlink:title="label: se-gen-base_ForbattringsutgifterAnnansFastighetAnskaffningsvarden_5435 to se-gen-base_ForbattringsutgifterAnnansFastighetAnskaffningsvarden_5436"/>
    <link:loc xlink:type="locator" xlink:href="../../../../base/se-gen-base/2021-10-31/se-gen-base-2021-10-31.xsd#se-gen-base_ForbattringsutgifterAnnansFastighetAvskrivningar" xlink:label="se-gen-base_ForbattringsutgifterAnnansFastighetAvskrivningar_5437" xlink:title="se-gen-base_ForbattringsutgifterAnnansFastighetAvskrivningar_5437"/>
    <link:label xlink:type="resource" xlink:label="se-gen-base_ForbattringsutgifterAnnansFastighetAvskrivningar_5438" xlink:role="http://www.xbrl.org/2003/role/periodStartLabel" xlink:title="se-gen-base_ForbattringsutgifterAnnansFastighetAvskrivningar_5438" xml:lang="sv">Ingående avskrivningar</link:label>
    <link:labelArc xlink:type="arc" xlink:arcrole="http://www.xbrl.org/2003/arcrole/concept-label" xlink:from="se-gen-base_ForbattringsutgifterAnnansFastighetAvskrivningar_5437" xlink:to="se-gen-base_ForbattringsutgifterAnnansFastighetAvskrivningar_5438" xlink:title="label: se-gen-base_ForbattringsutgifterAnnansFastighetAvskrivningar_5437 to se-gen-base_ForbattringsutgifterAnnansFastighetAvskrivningar_5438"/>
    <link:loc xlink:type="locator" xlink:href="../../../../base/se-gen-base/2021-10-31/se-gen-base-2021-10-31.xsd#se-gen-base_ForbattringsutgifterAnnansFastighetUppskrivningar" xlink:label="se-gen-base_ForbattringsutgifterAnnansFastighetUppskrivningar_5439" xlink:title="se-gen-base_ForbattringsutgifterAnnansFastighetUppskrivningar_5439"/>
    <link:label xlink:type="resource" xlink:label="se-gen-base_ForbattringsutgifterAnnansFastighetUppskrivningar_5440" xlink:role="http://www.xbrl.org/2003/role/periodStartLabel" xlink:title="se-gen-base_ForbattringsutgifterAnnansFastighetUppskrivningar_5440" xml:lang="sv">Ingående uppskrivningar</link:label>
    <link:labelArc xlink:type="arc" xlink:arcrole="http://www.xbrl.org/2003/arcrole/concept-label" xlink:from="se-gen-base_ForbattringsutgifterAnnansFastighetUppskrivningar_5439" xlink:to="se-gen-base_ForbattringsutgifterAnnansFastighetUppskrivningar_5440" xlink:title="label: se-gen-base_ForbattringsutgifterAnnansFastighetUppskrivningar_5439 to se-gen-base_ForbattringsutgifterAnnansFastighetUppskrivningar_5440"/>
    <link:loc xlink:type="locator" xlink:href="../../../../base/se-gen-base/2021-10-31/se-gen-base-2021-10-31.xsd#se-gen-base_ForbattringsutgifterAnnansFastighetNedskrivningar" xlink:label="se-gen-base_ForbattringsutgifterAnnansFastighetNedskrivningar_5441" xlink:title="se-gen-base_ForbattringsutgifterAnnansFastighetNedskrivningar_5441"/>
    <link:label xlink:type="resource" xlink:label="se-gen-base_ForbattringsutgifterAnnansFastighetNedskrivningar_5442" xlink:role="http://www.xbrl.org/2003/role/periodStartLabel" xlink:title="se-gen-base_ForbattringsutgifterAnnansFastighetNedskrivningar_5442" xml:lang="sv">Ingående nedskrivningar</link:label>
    <link:labelArc xlink:type="arc" xlink:arcrole="http://www.xbrl.org/2003/arcrole/concept-label" xlink:from="se-gen-base_ForbattringsutgifterAnnansFastighetNedskrivningar_5441" xlink:to="se-gen-base_ForbattringsutgifterAnnansFastighetNedskrivningar_5442" xlink:title="label: se-gen-base_ForbattringsutgifterAnnansFastighetNedskrivningar_5441 to se-gen-base_ForbattringsutgifterAnnansFastighetNedskrivningar_5442"/>
    <link:loc xlink:type="locator" xlink:href="../../../../base/se-gen-base/2021-10-31/se-gen-base-2021-10-31.xsd#se-gen-base_MaskinerAndraTekniskaAnlaggningarAnskaffningsvarden" xlink:label="se-gen-base_MaskinerAndraTekniskaAnlaggningarAnskaffningsvarden_5443" xlink:title="se-gen-base_MaskinerAndraTekniskaAnlaggningarAnskaffningsvarden_5443"/>
    <link:label xlink:type="resource" xlink:label="se-gen-base_MaskinerAndraTekniskaAnlaggningarAnskaffningsvarden_5444" xlink:role="http://www.xbrl.org/2003/role/periodStartLabel" xlink:title="se-gen-base_MaskinerAndraTekniskaAnlaggningarAnskaffningsvarden_5444" xml:lang="sv">Ingående anskaffningsvärden</link:label>
    <link:labelArc xlink:type="arc" xlink:arcrole="http://www.xbrl.org/2003/arcrole/concept-label" xlink:from="se-gen-base_MaskinerAndraTekniskaAnlaggningarAnskaffningsvarden_5443" xlink:to="se-gen-base_MaskinerAndraTekniskaAnlaggningarAnskaffningsvarden_5444" xlink:title="label: se-gen-base_MaskinerAndraTekniskaAnlaggningarAnskaffningsvarden_5443 to se-gen-base_MaskinerAndraTekniskaAnlaggningarAnskaffningsvarden_5444"/>
    <link:loc xlink:type="locator" xlink:href="../../../../base/se-gen-base/2021-10-31/se-gen-base-2021-10-31.xsd#se-gen-base_MaskinerAndraTekniskaAnlaggningarAvskrivningar" xlink:label="se-gen-base_MaskinerAndraTekniskaAnlaggningarAvskrivningar_5445" xlink:title="se-gen-base_MaskinerAndraTekniskaAnlaggningarAvskrivningar_5445"/>
    <link:label xlink:type="resource" xlink:label="se-gen-base_MaskinerAndraTekniskaAnlaggningarAvskrivningar_5446" xlink:role="http://www.xbrl.org/2003/role/periodStartLabel" xlink:title="se-gen-base_MaskinerAndraTekniskaAnlaggningarAvskrivningar_5446" xml:lang="sv">Ingående avskrivningar</link:label>
    <link:labelArc xlink:type="arc" xlink:arcrole="http://www.xbrl.org/2003/arcrole/concept-label" xlink:from="se-gen-base_MaskinerAndraTekniskaAnlaggningarAvskrivningar_5445" xlink:to="se-gen-base_MaskinerAndraTekniskaAnlaggningarAvskrivningar_5446" xlink:title="label: se-gen-base_MaskinerAndraTekniskaAnlaggningarAvskrivningar_5445 to se-gen-base_MaskinerAndraTekniskaAnlaggningarAvskrivningar_5446"/>
    <link:loc xlink:type="locator" xlink:href="../../../../base/se-gen-base/2021-10-31/se-gen-base-2021-10-31.xsd#se-gen-base_MaskinerAndraTekniskaAnlaggningarUppskrivningar" xlink:label="se-gen-base_MaskinerAndraTekniskaAnlaggningarUppskrivningar_5447" xlink:title="se-gen-base_MaskinerAndraTekniskaAnlaggningarUppskrivningar_5447"/>
    <link:label xlink:type="resource" xlink:label="se-gen-base_MaskinerAndraTekniskaAnlaggningarUppskrivningar_5448" xlink:role="http://www.xbrl.org/2003/role/periodStartLabel" xlink:title="se-gen-base_MaskinerAndraTekniskaAnlaggningarUppskrivningar_5448" xml:lang="sv">Ingående uppskrivningar</link:label>
    <link:labelArc xlink:type="arc" xlink:arcrole="http://www.xbrl.org/2003/arcrole/concept-label" xlink:from="se-gen-base_MaskinerAndraTekniskaAnlaggningarUppskrivningar_5447" xlink:to="se-gen-base_MaskinerAndraTekniskaAnlaggningarUppskrivningar_5448" xlink:title="label: se-gen-base_MaskinerAndraTekniskaAnlaggningarUppskrivningar_5447 to se-gen-base_MaskinerAndraTekniskaAnlaggningarUppskrivningar_5448"/>
    <link:loc xlink:type="locator" xlink:href="../../../../base/se-gen-base/2021-10-31/se-gen-base-2021-10-31.xsd#se-gen-base_MaskinerAndraTekniskaAnlaggningarNedskrivningar" xlink:label="se-gen-base_MaskinerAndraTekniskaAnlaggningarNedskrivningar_5449" xlink:title="se-gen-base_MaskinerAndraTekniskaAnlaggningarNedskrivningar_5449"/>
    <link:label xlink:type="resource" xlink:label="se-gen-base_MaskinerAndraTekniskaAnlaggningarNedskrivningar_5450" xlink:role="http://www.xbrl.org/2003/role/periodStartLabel" xlink:title="se-gen-base_MaskinerAndraTekniskaAnlaggningarNedskrivningar_5450" xml:lang="sv">Ingående nedskrivningar</link:label>
    <link:labelArc xlink:type="arc" xlink:arcrole="http://www.xbrl.org/2003/arcrole/concept-label" xlink:from="se-gen-base_MaskinerAndraTekniskaAnlaggningarNedskrivningar_5449" xlink:to="se-gen-base_MaskinerAndraTekniskaAnlaggningarNedskrivningar_5450" xlink:title="label: se-gen-base_MaskinerAndraTekniskaAnlaggningarNedskrivningar_5449 to se-gen-base_MaskinerAndraTekniskaAnlaggningarNedskrivningar_5450"/>
    <link:loc xlink:type="locator" xlink:href="../../../../base/se-gen-base/2021-10-31/se-gen-base-2021-10-31.xsd#se-gen-base_InventarierVerktygInstallationerAnskaffningsvarden" xlink:label="se-gen-base_InventarierVerktygInstallationerAnskaffningsvarden_5451" xlink:title="se-gen-base_InventarierVerktygInstallationerAnskaffningsvarden_5451"/>
    <link:label xlink:type="resource" xlink:label="se-gen-base_InventarierVerktygInstallationerAnskaffningsvarden_5452" xlink:role="http://www.xbrl.org/2003/role/periodStartLabel" xlink:title="se-gen-base_InventarierVerktygInstallationerAnskaffningsvarden_5452" xml:lang="sv">Ingående anskaffningsvärden</link:label>
    <link:labelArc xlink:type="arc" xlink:arcrole="http://www.xbrl.org/2003/arcrole/concept-label" xlink:from="se-gen-base_InventarierVerktygInstallationerAnskaffningsvarden_5451" xlink:to="se-gen-base_InventarierVerktygInstallationerAnskaffningsvarden_5452" xlink:title="label: se-gen-base_InventarierVerktygInstallationerAnskaffningsvarden_5451 to se-gen-base_InventarierVerktygInstallationerAnskaffningsvarden_5452"/>
    <link:loc xlink:type="locator" xlink:href="../../../../base/se-gen-base/2021-10-31/se-gen-base-2021-10-31.xsd#se-gen-base_InventarierVerktygInstallationerAvskrivningar" xlink:label="se-gen-base_InventarierVerktygInstallationerAvskrivningar_5453" xlink:title="se-gen-base_InventarierVerktygInstallationerAvskrivningar_5453"/>
    <link:label xlink:type="resource" xlink:label="se-gen-base_InventarierVerktygInstallationerAvskrivningar_5454" xlink:role="http://www.xbrl.org/2003/role/periodStartLabel" xlink:title="se-gen-base_InventarierVerktygInstallationerAvskrivningar_5454" xml:lang="sv">Ingående avskrivningar</link:label>
    <link:labelArc xlink:type="arc" xlink:arcrole="http://www.xbrl.org/2003/arcrole/concept-label" xlink:from="se-gen-base_InventarierVerktygInstallationerAvskrivningar_5453" xlink:to="se-gen-base_InventarierVerktygInstallationerAvskrivningar_5454" xlink:title="label: se-gen-base_InventarierVerktygInstallationerAvskrivningar_5453 to se-gen-base_InventarierVerktygInstallationerAvskrivningar_5454"/>
    <link:loc xlink:type="locator" xlink:href="../../../../base/se-gen-base/2021-10-31/se-gen-base-2021-10-31.xsd#se-gen-base_InventarierVerktygInstallationerUppskrivningar" xlink:label="se-gen-base_InventarierVerktygInstallationerUppskrivningar_5455" xlink:title="se-gen-base_InventarierVerktygInstallationerUppskrivningar_5455"/>
    <link:label xlink:type="resource" xlink:label="se-gen-base_InventarierVerktygInstallationerUppskrivningar_5456" xlink:role="http://www.xbrl.org/2003/role/periodStartLabel" xlink:title="se-gen-base_InventarierVerktygInstallationerUppskrivningar_5456" xml:lang="sv">Ingående uppskrivningar</link:label>
    <link:labelArc xlink:type="arc" xlink:arcrole="http://www.xbrl.org/2003/arcrole/concept-label" xlink:from="se-gen-base_InventarierVerktygInstallationerUppskrivningar_5455" xlink:to="se-gen-base_InventarierVerktygInstallationerUppskrivningar_5456" xlink:title="label: se-gen-base_InventarierVerktygInstallationerUppskrivningar_5455 to se-gen-base_InventarierVerktygInstallationerUppskrivningar_5456"/>
    <link:loc xlink:type="locator" xlink:href="../../../../base/se-gen-base/2021-10-31/se-gen-base-2021-10-31.xsd#se-gen-base_InventarierVerktygInstallationerNedskrivningar" xlink:label="se-gen-base_InventarierVerktygInstallationerNedskrivningar_5457" xlink:title="se-gen-base_InventarierVerktygInstallationerNedskrivningar_5457"/>
    <link:label xlink:type="resource" xlink:label="se-gen-base_InventarierVerktygInstallationerNedskrivningar_5458" xlink:role="http://www.xbrl.org/2003/role/periodStartLabel" xlink:title="se-gen-base_InventarierVerktygInstallationerNedskrivningar_5458" xml:lang="sv">Ingående nedskrivningar</link:label>
    <link:labelArc xlink:type="arc" xlink:arcrole="http://www.xbrl.org/2003/arcrole/concept-label" xlink:from="se-gen-base_InventarierVerktygInstallationerNedskrivningar_5457" xlink:to="se-gen-base_InventarierVerktygInstallationerNedskrivningar_5458" xlink:title="label: se-gen-base_InventarierVerktygInstallationerNedskrivningar_5457 to se-gen-base_InventarierVerktygInstallationerNedskrivningar_5458"/>
    <link:loc xlink:type="locator" xlink:href="../../../../base/se-gen-base/2021-10-31/se-gen-base-2021-10-31.xsd#se-gen-base_PagaendeNyanlaggningarForskottMateriellaAnlaggningstillgangarAnskaffningsvarden" xlink:label="se-gen-base_PagaendeNyanlaggningarForskottMateriellaAnlaggningstillgangarAnskaffningsvarden_5459" xlink:title="se-gen-base_PagaendeNyanlaggningarForskottMateriellaAnlaggningstillgangarAnskaffningsvarden_5459"/>
    <link:label xlink:type="resource" xlink:label="se-gen-base_PagaendeNyanlaggningarForskottMateriellaAnlaggningstillgangarAnskaffningsvarden_5460" xlink:role="http://www.xbrl.org/2003/role/periodStartLabel" xlink:title="se-gen-base_PagaendeNyanlaggningarForskottMateriellaAnlaggningstillgangarAnskaffningsvarden_5460" xml:lang="sv">Ingående anskaffningsvärden</link:label>
    <link:labelArc xlink:type="arc" xlink:arcrole="http://www.xbrl.org/2003/arcrole/concept-label" xlink:from="se-gen-base_PagaendeNyanlaggningarForskottMateriellaAnlaggningstillgangarAnskaffningsvarden_5459" xlink:to="se-gen-base_PagaendeNyanlaggningarForskottMateriellaAnlaggningstillgangarAnskaffningsvarden_5460" xlink:title="label: se-gen-base_PagaendeNyanlaggningarForskottMateriellaAnlaggningstillgangarAnskaffningsvarden_5459 to se-gen-base_PagaendeNyanlaggningarForskottMateriellaAnlaggningstillgangarAnskaffningsvarden_5460"/>
    <link:loc xlink:type="locator" xlink:href="../../../../base/se-gen-base/2021-10-31/se-gen-base-2021-10-31.xsd#se-gen-base_PagaendeNyanlaggningarForskottMateriellaAnlaggningstillgangarNedskrivningar" xlink:label="se-gen-base_PagaendeNyanlaggningarForskottMateriellaAnlaggningstillgangarNedskrivningar_5461" xlink:title="se-gen-base_PagaendeNyanlaggningarForskottMateriellaAnlaggningstillgangarNedskrivningar_5461"/>
    <link:label xlink:type="resource" xlink:label="se-gen-base_PagaendeNyanlaggningarForskottMateriellaAnlaggningstillgangarNedskrivningar_5462" xlink:role="http://www.xbrl.org/2003/role/periodStartLabel" xlink:title="se-gen-base_PagaendeNyanlaggningarForskottMateriellaAnlaggningstillgangarNedskrivningar_5462" xml:lang="sv">Ingående nedskrivningar</link:label>
    <link:labelArc xlink:type="arc" xlink:arcrole="http://www.xbrl.org/2003/arcrole/concept-label" xlink:from="se-gen-base_PagaendeNyanlaggningarForskottMateriellaAnlaggningstillgangarNedskrivningar_5461" xlink:to="se-gen-base_PagaendeNyanlaggningarForskottMateriellaAnlaggningstillgangarNedskrivningar_5462" xlink:title="label: se-gen-base_PagaendeNyanlaggningarForskottMateriellaAnlaggningstillgangarNedskrivningar_5461 to se-gen-base_PagaendeNyanlaggningarForskottMateriellaAnlaggningstillgangarNedskrivningar_5462"/>
    <link:loc xlink:type="locator" xlink:href="../../../../base/se-gen-base/2021-10-31/se-gen-base-2021-10-31.xsd#se-gen-base_OvrigaMateriellaAnlaggningstillgangarAnskaffningsvarden" xlink:label="se-gen-base_OvrigaMateriellaAnlaggningstillgangarAnskaffningsvarden_5463" xlink:title="se-gen-base_OvrigaMateriellaAnlaggningstillgangarAnskaffningsvarden_5463"/>
    <link:label xlink:type="resource" xlink:label="se-gen-base_OvrigaMateriellaAnlaggningstillgangarAnskaffningsvarden_5464" xlink:role="http://www.xbrl.org/2003/role/periodStartLabel" xlink:title="se-gen-base_OvrigaMateriellaAnlaggningstillgangarAnskaffningsvarden_5464" xml:lang="sv">Ingående anskaffningsvärden</link:label>
    <link:labelArc xlink:type="arc" xlink:arcrole="http://www.xbrl.org/2003/arcrole/concept-label" xlink:from="se-gen-base_OvrigaMateriellaAnlaggningstillgangarAnskaffningsvarden_5463" xlink:to="se-gen-base_OvrigaMateriellaAnlaggningstillgangarAnskaffningsvarden_5464" xlink:title="label: se-gen-base_OvrigaMateriellaAnlaggningstillgangarAnskaffningsvarden_5463 to se-gen-base_OvrigaMateriellaAnlaggningstillgangarAnskaffningsvarden_5464"/>
    <link:loc xlink:type="locator" xlink:href="../../../../base/se-gen-base/2021-10-31/se-gen-base-2021-10-31.xsd#se-gen-base_OvrigaMateriellaAnlaggningstillgangarAvskrivningar" xlink:label="se-gen-base_OvrigaMateriellaAnlaggningstillgangarAvskrivningar_5465" xlink:title="se-gen-base_OvrigaMateriellaAnlaggningstillgangarAvskrivningar_5465"/>
    <link:label xlink:type="resource" xlink:label="se-gen-base_OvrigaMateriellaAnlaggningstillgangarAvskrivningar_5466" xlink:role="http://www.xbrl.org/2003/role/periodStartLabel" xlink:title="se-gen-base_OvrigaMateriellaAnlaggningstillgangarAvskrivningar_5466" xml:lang="sv">Ingående avskrivningar</link:label>
    <link:labelArc xlink:type="arc" xlink:arcrole="http://www.xbrl.org/2003/arcrole/concept-label" xlink:from="se-gen-base_OvrigaMateriellaAnlaggningstillgangarAvskrivningar_5465" xlink:to="se-gen-base_OvrigaMateriellaAnlaggningstillgangarAvskrivningar_5466" xlink:title="label: se-gen-base_OvrigaMateriellaAnlaggningstillgangarAvskrivningar_5465 to se-gen-base_OvrigaMateriellaAnlaggningstillgangarAvskrivningar_5466"/>
    <link:loc xlink:type="locator" xlink:href="../../../../base/se-gen-base/2021-10-31/se-gen-base-2021-10-31.xsd#se-gen-base_OvrigaMateriellaAnlaggningstillgangarUppskrivningar" xlink:label="se-gen-base_OvrigaMateriellaAnlaggningstillgangarUppskrivningar_5467" xlink:title="se-gen-base_OvrigaMateriellaAnlaggningstillgangarUppskrivningar_5467"/>
    <link:label xlink:type="resource" xlink:label="se-gen-base_OvrigaMateriellaAnlaggningstillgangarUppskrivningar_5468" xlink:role="http://www.xbrl.org/2003/role/periodStartLabel" xlink:title="se-gen-base_OvrigaMateriellaAnlaggningstillgangarUppskrivningar_5468" xml:lang="sv">Ingående uppskrivningar</link:label>
    <link:labelArc xlink:type="arc" xlink:arcrole="http://www.xbrl.org/2003/arcrole/concept-label" xlink:from="se-gen-base_OvrigaMateriellaAnlaggningstillgangarUppskrivningar_5467" xlink:to="se-gen-base_OvrigaMateriellaAnlaggningstillgangarUppskrivningar_5468" xlink:title="label: se-gen-base_OvrigaMateriellaAnlaggningstillgangarUppskrivningar_5467 to se-gen-base_OvrigaMateriellaAnlaggningstillgangarUppskrivningar_5468"/>
    <link:loc xlink:type="locator" xlink:href="../../../../base/se-gen-base/2021-10-31/se-gen-base-2021-10-31.xsd#se-gen-base_OvrigaMateriellaAnlaggningstillgangarNedskrivningar" xlink:label="se-gen-base_OvrigaMateriellaAnlaggningstillgangarNedskrivningar_5469" xlink:title="se-gen-base_OvrigaMateriellaAnlaggningstillgangarNedskrivningar_5469"/>
    <link:label xlink:type="resource" xlink:label="se-gen-base_OvrigaMateriellaAnlaggningstillgangarNedskrivningar_5470" xlink:role="http://www.xbrl.org/2003/role/periodStartLabel" xlink:title="se-gen-base_OvrigaMateriellaAnlaggningstillgangarNedskrivningar_5470" xml:lang="sv">Ingående nedskrivningar</link:label>
    <link:labelArc xlink:type="arc" xlink:arcrole="http://www.xbrl.org/2003/arcrole/concept-label" xlink:from="se-gen-base_OvrigaMateriellaAnlaggningstillgangarNedskrivningar_5469" xlink:to="se-gen-base_OvrigaMateriellaAnlaggningstillgangarNedskrivningar_5470" xlink:title="label: se-gen-base_OvrigaMateriellaAnlaggningstillgangarNedskrivningar_5469 to se-gen-base_OvrigaMateriellaAnlaggningstillgangarNedskrivningar_5470"/>
    <link:loc xlink:type="locator" xlink:href="../../../../base/se-gen-base/2021-10-31/se-gen-base-2021-10-31.xsd#se-gen-base_FordringarKoncernforetagLangfristigaAnskaffningsvarden" xlink:label="se-gen-base_FordringarKoncernforetagLangfristigaAnskaffningsvarden_5477" xlink:title="se-gen-base_FordringarKoncernforetagLangfristigaAnskaffningsvarden_5477"/>
    <link:label xlink:type="resource" xlink:label="se-gen-base_FordringarKoncernforetagLangfristigaAnskaffningsvarden_5478" xlink:role="http://www.xbrl.org/2003/role/periodStartLabel" xlink:title="se-gen-base_FordringarKoncernforetagLangfristigaAnskaffningsvarden_5478" xml:lang="sv">Ingående anskaffningsvärden</link:label>
    <link:labelArc xlink:type="arc" xlink:arcrole="http://www.xbrl.org/2003/arcrole/concept-label" xlink:from="se-gen-base_FordringarKoncernforetagLangfristigaAnskaffningsvarden_5477" xlink:to="se-gen-base_FordringarKoncernforetagLangfristigaAnskaffningsvarden_5478" xlink:title="label: se-gen-base_FordringarKoncernforetagLangfristigaAnskaffningsvarden_5477 to se-gen-base_FordringarKoncernforetagLangfristigaAnskaffningsvarden_5478"/>
    <link:loc xlink:type="locator" xlink:href="../../../../base/se-gen-base/2021-10-31/se-gen-base-2021-10-31.xsd#se-gen-base_FordringarKoncernforetagLangfristigaNedskrivningar" xlink:label="se-gen-base_FordringarKoncernforetagLangfristigaNedskrivningar_5479" xlink:title="se-gen-base_FordringarKoncernforetagLangfristigaNedskrivningar_5479"/>
    <link:label xlink:type="resource" xlink:label="se-gen-base_FordringarKoncernforetagLangfristigaNedskrivningar_5480" xlink:role="http://www.xbrl.org/2003/role/periodStartLabel" xlink:title="se-gen-base_FordringarKoncernforetagLangfristigaNedskrivningar_5480" xml:lang="sv">Ingående nedskrivningar</link:label>
    <link:labelArc xlink:type="arc" xlink:arcrole="http://www.xbrl.org/2003/arcrole/concept-label" xlink:from="se-gen-base_FordringarKoncernforetagLangfristigaNedskrivningar_5479" xlink:to="se-gen-base_FordringarKoncernforetagLangfristigaNedskrivningar_5480" xlink:title="label: se-gen-base_FordringarKoncernforetagLangfristigaNedskrivningar_5479 to se-gen-base_FordringarKoncernforetagLangfristigaNedskrivningar_5480"/>
    <link:loc xlink:type="locator" xlink:href="../../../../base/se-gen-base/2021-10-31/se-gen-base-2021-10-31.xsd#se-gen-base_AndelarIntresseforetagGemensamtStyrdaForetagAnskaffningsvarden" xlink:label="se-gen-base_AndelarIntresseforetagGemensamtStyrdaForetagAnskaffningsvarden_5481" xlink:title="se-gen-base_AndelarIntresseforetagGemensamtStyrdaForetagAnskaffningsvarden_5481"/>
    <link:label xlink:type="resource" xlink:label="se-gen-base_AndelarIntresseforetagGemensamtStyrdaForetagAnskaffningsvarden_5482" xlink:role="http://www.xbrl.org/2003/role/periodStartLabel" xlink:title="se-gen-base_AndelarIntresseforetagGemensamtStyrdaForetagAnskaffningsvarden_5482" xml:lang="sv">Ingående anskaffningsvärden</link:label>
    <link:labelArc xlink:type="arc" xlink:arcrole="http://www.xbrl.org/2003/arcrole/concept-label" xlink:from="se-gen-base_AndelarIntresseforetagGemensamtStyrdaForetagAnskaffningsvarden_5481" xlink:to="se-gen-base_AndelarIntresseforetagGemensamtStyrdaForetagAnskaffningsvarden_5482" xlink:title="label: se-gen-base_AndelarIntresseforetagGemensamtStyrdaForetagAnskaffningsvarden_5481 to se-gen-base_AndelarIntresseforetagGemensamtStyrdaForetagAnskaffningsvarden_5482"/>
    <link:loc xlink:type="locator" xlink:href="../../../../base/se-gen-base/2021-10-31/se-gen-base-2021-10-31.xsd#se-gen-base_AndelarIntresseforetagGemensamtStyrdaForetagUppskrivningar" xlink:label="se-gen-base_AndelarIntresseforetagGemensamtStyrdaForetagUppskrivningar_5483" xlink:title="se-gen-base_AndelarIntresseforetagGemensamtStyrdaForetagUppskrivningar_5483"/>
    <link:label xlink:type="resource" xlink:label="se-gen-base_AndelarIntresseforetagGemensamtStyrdaForetagUppskrivningar_5484" xlink:role="http://www.xbrl.org/2003/role/periodStartLabel" xlink:title="se-gen-base_AndelarIntresseforetagGemensamtStyrdaForetagUppskrivningar_5484" xml:lang="sv">Ingående uppskrivningar</link:label>
    <link:labelArc xlink:type="arc" xlink:arcrole="http://www.xbrl.org/2003/arcrole/concept-label" xlink:from="se-gen-base_AndelarIntresseforetagGemensamtStyrdaForetagUppskrivningar_5483" xlink:to="se-gen-base_AndelarIntresseforetagGemensamtStyrdaForetagUppskrivningar_5484" xlink:title="label: se-gen-base_AndelarIntresseforetagGemensamtStyrdaForetagUppskrivningar_5483 to se-gen-base_AndelarIntresseforetagGemensamtStyrdaForetagUppskrivningar_5484"/>
    <link:loc xlink:type="locator" xlink:href="../../../../base/se-gen-base/2021-10-31/se-gen-base-2021-10-31.xsd#se-gen-base_AndelarIntresseforetagGemensamtStyrdaForetagNedskrivningar" xlink:label="se-gen-base_AndelarIntresseforetagGemensamtStyrdaForetagNedskrivningar_5485" xlink:title="se-gen-base_AndelarIntresseforetagGemensamtStyrdaForetagNedskrivningar_5485"/>
    <link:label xlink:type="resource" xlink:label="se-gen-base_AndelarIntresseforetagGemensamtStyrdaForetagNedskrivningar_5486" xlink:role="http://www.xbrl.org/2003/role/periodStartLabel" xlink:title="se-gen-base_AndelarIntresseforetagGemensamtStyrdaForetagNedskrivningar_5486" xml:lang="sv">Ingående nedskrivningar</link:label>
    <link:labelArc xlink:type="arc" xlink:arcrole="http://www.xbrl.org/2003/arcrole/concept-label" xlink:from="se-gen-base_AndelarIntresseforetagGemensamtStyrdaForetagNedskrivningar_5485" xlink:to="se-gen-base_AndelarIntresseforetagGemensamtStyrdaForetagNedskrivningar_5486" xlink:title="label: se-gen-base_AndelarIntresseforetagGemensamtStyrdaForetagNedskrivningar_5485 to se-gen-base_AndelarIntresseforetagGemensamtStyrdaForetagNedskrivningar_5486"/>
    <link:loc xlink:type="locator" xlink:href="../../../../base/se-gen-base/2021-10-31/se-gen-base-2021-10-31.xsd#se-gen-base_FordringarIntresseforetagGemensamtStyrdaForetagAnskaffningsvarden" xlink:label="se-gen-base_FordringarIntresseforetagGemensamtStyrdaForetagAnskaffningsvarden_5487" xlink:title="se-gen-base_FordringarIntresseforetagGemensamtStyrdaForetagAnskaffningsvarden_5487"/>
    <link:label xlink:type="resource" xlink:label="se-gen-base_FordringarIntresseforetagGemensamtStyrdaForetagAnskaffningsvarden_5488" xlink:role="http://www.xbrl.org/2003/role/periodStartLabel" xlink:title="se-gen-base_FordringarIntresseforetagGemensamtStyrdaForetagAnskaffningsvarden_5488" xml:lang="sv">Ingående anskaffningsvärden</link:label>
    <link:labelArc xlink:type="arc" xlink:arcrole="http://www.xbrl.org/2003/arcrole/concept-label" xlink:from="se-gen-base_FordringarIntresseforetagGemensamtStyrdaForetagAnskaffningsvarden_5487" xlink:to="se-gen-base_FordringarIntresseforetagGemensamtStyrdaForetagAnskaffningsvarden_5488" xlink:title="label: se-gen-base_FordringarIntresseforetagGemensamtStyrdaForetagAnskaffningsvarden_5487 to se-gen-base_FordringarIntresseforetagGemensamtStyrdaForetagAnskaffningsvarden_5488"/>
    <link:loc xlink:type="locator" xlink:href="../../../../base/se-gen-base/2021-10-31/se-gen-base-2021-10-31.xsd#se-gen-base_FordringarIntresseforetagGemensamtStyrdaForetagNedskrivningar" xlink:label="se-gen-base_FordringarIntresseforetagGemensamtStyrdaForetagNedskrivningar_5489" xlink:title="se-gen-base_FordringarIntresseforetagGemensamtStyrdaForetagNedskrivningar_5489"/>
    <link:label xlink:type="resource" xlink:label="se-gen-base_FordringarIntresseforetagGemensamtStyrdaForetagNedskrivningar_5490" xlink:role="http://www.xbrl.org/2003/role/periodStartLabel" xlink:title="se-gen-base_FordringarIntresseforetagGemensamtStyrdaForetagNedskrivningar_5490" xml:lang="sv">Ingående nedskrivningar</link:label>
    <link:labelArc xlink:type="arc" xlink:arcrole="http://www.xbrl.org/2003/arcrole/concept-label" xlink:from="se-gen-base_FordringarIntresseforetagGemensamtStyrdaForetagNedskrivningar_5489" xlink:to="se-gen-base_FordringarIntresseforetagGemensamtStyrdaForetagNedskrivningar_5490" xlink:title="label: se-gen-base_FordringarIntresseforetagGemensamtStyrdaForetagNedskrivningar_5489 to se-gen-base_FordringarIntresseforetagGemensamtStyrdaForetagNedskrivningar_5490"/>
    <link:loc xlink:type="locator" xlink:href="../../../../base/se-gen-base/2021-10-31/se-gen-base-2021-10-31.xsd#se-gen-base_AgarintressenOvrigaForetagAnskaffningsvarden" xlink:label="se-gen-base_AgarintressenOvrigaForetagAnskaffningsvarden_5491" xlink:title="se-gen-base_AgarintressenOvrigaForetagAnskaffningsvarden_5491"/>
    <link:label xlink:type="resource" xlink:label="se-gen-base_AgarintressenOvrigaForetagAnskaffningsvarden_5492" xlink:role="http://www.xbrl.org/2003/role/periodStartLabel" xlink:title="se-gen-base_AgarintressenOvrigaForetagAnskaffningsvarden_5492" xml:lang="sv">Ingående anskaffningsvärden</link:label>
    <link:labelArc xlink:type="arc" xlink:arcrole="http://www.xbrl.org/2003/arcrole/concept-label" xlink:from="se-gen-base_AgarintressenOvrigaForetagAnskaffningsvarden_5491" xlink:to="se-gen-base_AgarintressenOvrigaForetagAnskaffningsvarden_5492" xlink:title="label: se-gen-base_AgarintressenOvrigaForetagAnskaffningsvarden_5491 to se-gen-base_AgarintressenOvrigaForetagAnskaffningsvarden_5492"/>
    <link:loc xlink:type="locator" xlink:href="../../../../base/se-gen-base/2021-10-31/se-gen-base-2021-10-31.xsd#se-gen-base_AgarintressenOvrigaForetagUppskrivningar" xlink:label="se-gen-base_AgarintressenOvrigaForetagUppskrivningar_5493" xlink:title="se-gen-base_AgarintressenOvrigaForetagUppskrivningar_5493"/>
    <link:label xlink:type="resource" xlink:label="se-gen-base_AgarintressenOvrigaForetagUppskrivningar_5494" xlink:role="http://www.xbrl.org/2003/role/periodStartLabel" xlink:title="se-gen-base_AgarintressenOvrigaForetagUppskrivningar_5494" xml:lang="sv">Ingående uppskrivningar</link:label>
    <link:labelArc xlink:type="arc" xlink:arcrole="http://www.xbrl.org/2003/arcrole/concept-label" xlink:from="se-gen-base_AgarintressenOvrigaForetagUppskrivningar_5493" xlink:to="se-gen-base_AgarintressenOvrigaForetagUppskrivningar_5494" xlink:title="label: se-gen-base_AgarintressenOvrigaForetagUppskrivningar_5493 to se-gen-base_AgarintressenOvrigaForetagUppskrivningar_5494"/>
    <link:loc xlink:type="locator" xlink:href="../../../../base/se-gen-base/2021-10-31/se-gen-base-2021-10-31.xsd#se-gen-base_AgarintressenOvrigaForetagNedskrivningar" xlink:label="se-gen-base_AgarintressenOvrigaForetagNedskrivningar_5495" xlink:title="se-gen-base_AgarintressenOvrigaForetagNedskrivningar_5495"/>
    <link:label xlink:type="resource" xlink:label="se-gen-base_AgarintressenOvrigaForetagNedskrivningar_5496" xlink:role="http://www.xbrl.org/2003/role/periodStartLabel" xlink:title="se-gen-base_AgarintressenOvrigaForetagNedskrivningar_5496" xml:lang="sv">Ingående nedskrivningar</link:label>
    <link:labelArc xlink:type="arc" xlink:arcrole="http://www.xbrl.org/2003/arcrole/concept-label" xlink:from="se-gen-base_AgarintressenOvrigaForetagNedskrivningar_5495" xlink:to="se-gen-base_AgarintressenOvrigaForetagNedskrivningar_5496" xlink:title="label: se-gen-base_AgarintressenOvrigaForetagNedskrivningar_5495 to se-gen-base_AgarintressenOvrigaForetagNedskrivningar_5496"/>
    <link:loc xlink:type="locator" xlink:href="../../../../base/se-gen-base/2021-10-31/se-gen-base-2021-10-31.xsd#se-gen-base_FordringarOvrigaForetagAgarintresseAnskaffningsvarden" xlink:label="se-gen-base_FordringarOvrigaForetagAgarintresseAnskaffningsvarden_5497" xlink:title="se-gen-base_FordringarOvrigaForetagAgarintresseAnskaffningsvarden_5497"/>
    <link:label xlink:type="resource" xlink:label="se-gen-base_FordringarOvrigaForetagAgarintresseAnskaffningsvarden_5498" xlink:role="http://www.xbrl.org/2003/role/periodStartLabel" xlink:title="se-gen-base_FordringarOvrigaForetagAgarintresseAnskaffningsvarden_5498" xml:lang="sv">Ingående anskaffningsvärden</link:label>
    <link:labelArc xlink:type="arc" xlink:arcrole="http://www.xbrl.org/2003/arcrole/concept-label" xlink:from="se-gen-base_FordringarOvrigaForetagAgarintresseAnskaffningsvarden_5497" xlink:to="se-gen-base_FordringarOvrigaForetagAgarintresseAnskaffningsvarden_5498" xlink:title="label: se-gen-base_FordringarOvrigaForetagAgarintresseAnskaffningsvarden_5497 to se-gen-base_FordringarOvrigaForetagAgarintresseAnskaffningsvarden_5498"/>
    <link:loc xlink:type="locator" xlink:href="../../../../base/se-gen-base/2021-10-31/se-gen-base-2021-10-31.xsd#se-gen-base_FordringarOvrigaForetagAgarintresseNedskrivningar" xlink:label="se-gen-base_FordringarOvrigaForetagAgarintresseNedskrivningar_5499" xlink:title="se-gen-base_FordringarOvrigaForetagAgarintresseNedskrivningar_5499"/>
    <link:label xlink:type="resource" xlink:label="se-gen-base_FordringarOvrigaForetagAgarintresseNedskrivningar_5500" xlink:role="http://www.xbrl.org/2003/role/periodStartLabel" xlink:title="se-gen-base_FordringarOvrigaForetagAgarintresseNedskrivningar_5500" xml:lang="sv">Ingående nedskrivningar</link:label>
    <link:labelArc xlink:type="arc" xlink:arcrole="http://www.xbrl.org/2003/arcrole/concept-label" xlink:from="se-gen-base_FordringarOvrigaForetagAgarintresseNedskrivningar_5499" xlink:to="se-gen-base_FordringarOvrigaForetagAgarintresseNedskrivningar_5500" xlink:title="label: se-gen-base_FordringarOvrigaForetagAgarintresseNedskrivningar_5499 to se-gen-base_FordringarOvrigaForetagAgarintresseNedskrivningar_5500"/>
    <link:loc xlink:type="locator" xlink:href="../../../../base/se-gen-base/2021-10-31/se-gen-base-2021-10-31.xsd#se-gen-base_AndraLangfristigaVardepappersinnehavAnskaffningsvarden" xlink:label="se-gen-base_AndraLangfristigaVardepappersinnehavAnskaffningsvarden_5501" xlink:title="se-gen-base_AndraLangfristigaVardepappersinnehavAnskaffningsvarden_5501"/>
    <link:label xlink:type="resource" xlink:label="se-gen-base_AndraLangfristigaVardepappersinnehavAnskaffningsvarden_5502" xlink:role="http://www.xbrl.org/2003/role/periodStartLabel" xlink:title="se-gen-base_AndraLangfristigaVardepappersinnehavAnskaffningsvarden_5502" xml:lang="sv">Ingående anskaffningsvärden</link:label>
    <link:labelArc xlink:type="arc" xlink:arcrole="http://www.xbrl.org/2003/arcrole/concept-label" xlink:from="se-gen-base_AndraLangfristigaVardepappersinnehavAnskaffningsvarden_5501" xlink:to="se-gen-base_AndraLangfristigaVardepappersinnehavAnskaffningsvarden_5502" xlink:title="label: se-gen-base_AndraLangfristigaVardepappersinnehavAnskaffningsvarden_5501 to se-gen-base_AndraLangfristigaVardepappersinnehavAnskaffningsvarden_5502"/>
    <link:loc xlink:type="locator" xlink:href="../../../../base/se-gen-base/2021-10-31/se-gen-base-2021-10-31.xsd#se-gen-base_AndraLangfristigaVardepappersinnehavUppskrivningar" xlink:label="se-gen-base_AndraLangfristigaVardepappersinnehavUppskrivningar_5503" xlink:title="se-gen-base_AndraLangfristigaVardepappersinnehavUppskrivningar_5503"/>
    <link:label xlink:type="resource" xlink:label="se-gen-base_AndraLangfristigaVardepappersinnehavUppskrivningar_5504" xlink:role="http://www.xbrl.org/2003/role/periodStartLabel" xlink:title="se-gen-base_AndraLangfristigaVardepappersinnehavUppskrivningar_5504" xml:lang="sv">Ingående uppskrivningar</link:label>
    <link:labelArc xlink:type="arc" xlink:arcrole="http://www.xbrl.org/2003/arcrole/concept-label" xlink:from="se-gen-base_AndraLangfristigaVardepappersinnehavUppskrivningar_5503" xlink:to="se-gen-base_AndraLangfristigaVardepappersinnehavUppskrivningar_5504" xlink:title="label: se-gen-base_AndraLangfristigaVardepappersinnehavUppskrivningar_5503 to se-gen-base_AndraLangfristigaVardepappersinnehavUppskrivningar_5504"/>
    <link:loc xlink:type="locator" xlink:href="../../../../base/se-gen-base/2021-10-31/se-gen-base-2021-10-31.xsd#se-gen-base_AndraLangfristigaVardepappersinnehavNedskrivningar" xlink:label="se-gen-base_AndraLangfristigaVardepappersinnehavNedskrivningar_5505" xlink:title="se-gen-base_AndraLangfristigaVardepappersinnehavNedskrivningar_5505"/>
    <link:label xlink:type="resource" xlink:label="se-gen-base_AndraLangfristigaVardepappersinnehavNedskrivningar_5506" xlink:role="http://www.xbrl.org/2003/role/periodStartLabel" xlink:title="se-gen-base_AndraLangfristigaVardepappersinnehavNedskrivningar_5506" xml:lang="sv">Ingående nedskrivningar</link:label>
    <link:labelArc xlink:type="arc" xlink:arcrole="http://www.xbrl.org/2003/arcrole/concept-label" xlink:from="se-gen-base_AndraLangfristigaVardepappersinnehavNedskrivningar_5505" xlink:to="se-gen-base_AndraLangfristigaVardepappersinnehavNedskrivningar_5506" xlink:title="label: se-gen-base_AndraLangfristigaVardepappersinnehavNedskrivningar_5505 to se-gen-base_AndraLangfristigaVardepappersinnehavNedskrivningar_5506"/>
    <link:loc xlink:type="locator" xlink:href="../../../../base/se-gen-base/2021-10-31/se-gen-base-2021-10-31.xsd#se-gen-base_LanDelagareNarstaendeAnskaffningsvarden" xlink:label="se-gen-base_LanDelagareNarstaendeAnskaffningsvarden_5507" xlink:title="se-gen-base_LanDelagareNarstaendeAnskaffningsvarden_5507"/>
    <link:label xlink:type="resource" xlink:label="se-gen-base_LanDelagareNarstaendeAnskaffningsvarden_5508" xlink:role="http://www.xbrl.org/2003/role/periodStartLabel" xlink:title="se-gen-base_LanDelagareNarstaendeAnskaffningsvarden_5508" xml:lang="sv">Ingående anskaffningsvärden</link:label>
    <link:labelArc xlink:type="arc" xlink:arcrole="http://www.xbrl.org/2003/arcrole/concept-label" xlink:from="se-gen-base_LanDelagareNarstaendeAnskaffningsvarden_5507" xlink:to="se-gen-base_LanDelagareNarstaendeAnskaffningsvarden_5508" xlink:title="label: se-gen-base_LanDelagareNarstaendeAnskaffningsvarden_5507 to se-gen-base_LanDelagareNarstaendeAnskaffningsvarden_5508"/>
    <link:loc xlink:type="locator" xlink:href="../../../../base/se-gen-base/2021-10-31/se-gen-base-2021-10-31.xsd#se-gen-base_LanDelagareNarstaendeNedskrivningar" xlink:label="se-gen-base_LanDelagareNarstaendeNedskrivningar_5509" xlink:title="se-gen-base_LanDelagareNarstaendeNedskrivningar_5509"/>
    <link:label xlink:type="resource" xlink:label="se-gen-base_LanDelagareNarstaendeNedskrivningar_5510" xlink:role="http://www.xbrl.org/2003/role/periodStartLabel" xlink:title="se-gen-base_LanDelagareNarstaendeNedskrivningar_5510" xml:lang="sv">Ingående nedskrivningar</link:label>
    <link:labelArc xlink:type="arc" xlink:arcrole="http://www.xbrl.org/2003/arcrole/concept-label" xlink:from="se-gen-base_LanDelagareNarstaendeNedskrivningar_5509" xlink:to="se-gen-base_LanDelagareNarstaendeNedskrivningar_5510" xlink:title="label: se-gen-base_LanDelagareNarstaendeNedskrivningar_5509 to se-gen-base_LanDelagareNarstaendeNedskrivningar_5510"/>
    <link:loc xlink:type="locator" xlink:href="../../../../base/se-gen-base/2021-10-31/se-gen-base-2021-10-31.xsd#se-gen-base_AndraLangfristigaFordringarAnskaffningsvarden" xlink:label="se-gen-base_AndraLangfristigaFordringarAnskaffningsvarden_5511" xlink:title="se-gen-base_AndraLangfristigaFordringarAnskaffningsvarden_5511"/>
    <link:label xlink:type="resource" xlink:label="se-gen-base_AndraLangfristigaFordringarAnskaffningsvarden_5512" xlink:role="http://www.xbrl.org/2003/role/periodStartLabel" xlink:title="se-gen-base_AndraLangfristigaFordringarAnskaffningsvarden_5512" xml:lang="sv">Ingående anskaffningsvärden</link:label>
    <link:labelArc xlink:type="arc" xlink:arcrole="http://www.xbrl.org/2003/arcrole/concept-label" xlink:from="se-gen-base_AndraLangfristigaFordringarAnskaffningsvarden_5511" xlink:to="se-gen-base_AndraLangfristigaFordringarAnskaffningsvarden_5512" xlink:title="label: se-gen-base_AndraLangfristigaFordringarAnskaffningsvarden_5511 to se-gen-base_AndraLangfristigaFordringarAnskaffningsvarden_5512"/>
    <link:loc xlink:type="locator" xlink:href="../../../../base/se-gen-base/2021-10-31/se-gen-base-2021-10-31.xsd#se-gen-base_AndraLangfristigaFordringarNedskrivningar" xlink:label="se-gen-base_AndraLangfristigaFordringarNedskrivningar_5513" xlink:title="se-gen-base_AndraLangfristigaFordringarNedskrivningar_5513"/>
    <link:label xlink:type="resource" xlink:label="se-gen-base_AndraLangfristigaFordringarNedskrivningar_5514" xlink:role="http://www.xbrl.org/2003/role/periodStartLabel" xlink:title="se-gen-base_AndraLangfristigaFordringarNedskrivningar_5514" xml:lang="sv">Ingående nedskrivningar</link:label>
    <link:labelArc xlink:type="arc" xlink:arcrole="http://www.xbrl.org/2003/arcrole/concept-label" xlink:from="se-gen-base_AndraLangfristigaFordringarNedskrivningar_5513" xlink:to="se-gen-base_AndraLangfristigaFordringarNedskrivningar_5514" xlink:title="label: se-gen-base_AndraLangfristigaFordringarNedskrivningar_5513 to se-gen-base_AndraLangfristigaFordringarNedskrivningar_5514"/>
    <link:loc xlink:type="locator" xlink:href="../../../../base/se-gen-base/2021-10-31/se-gen-base-2021-10-31.xsd#se-gen-base_OvrigtTillskjutetKapital" xlink:label="OvrigtTillskjutetKapital" xlink:title="OvrigtTillskjutetKapital"/>
    <link:label xlink:type="resource" xlink:label="label_OvrigtTillskjutetKapital" xlink:role="http://www.xbrl.org/2003/role/periodStartLabel" xlink:title="label_OvrigtTillskjutetKapital" xml:lang="sv" id="label_OvrigtTillskjutetKapital">Ingående balans</link:label>
    <link:labelArc xlink:type="arc" xlink:arcrole="http://www.xbrl.org/2003/arcrole/concept-label" xlink:from="OvrigtTillskjutetKapital" xlink:to="label_OvrigtTillskjutetKapital" xlink:title="label: OvrigtTillskjutetKapital to label_OvrigtTillskjutetKapital"/>
    <link:loc xlink:type="locator" xlink:href="../../../../base/se-gen-base/2021-10-31/se-gen-base-2021-10-31.xsd#se-gen-base_AnnatEgetKapitalInklusivePeriodensResultat" xlink:label="AnnatEgetKapitalInklusivePeriodensResultat" xlink:title="AnnatEgetKapitalInklusivePeriodensResultat"/>
    <link:label xlink:type="resource" xlink:label="label_AnnatEgetKapitalInklusivePeriodensResultat" xlink:role="http://www.xbrl.org/2003/role/periodStartLabel" xlink:title="label_AnnatEgetKapitalInklusivePeriodensResultat" xml:lang="sv" id="label_AnnatEgetKapitalInklusivePeriodensResultat">Ingående balans</link:label>
    <link:labelArc xlink:type="arc" xlink:arcrole="http://www.xbrl.org/2003/arcrole/concept-label" xlink:from="AnnatEgetKapitalInklusivePeriodensResultat" xlink:to="label_AnnatEgetKapitalInklusivePeriodensResultat" xlink:title="label: AnnatEgetKapitalInklusivePeriodensResultat to label_AnnatEgetKapitalInklusivePeriodensResultat"/>
    <link:loc xlink:type="locator" xlink:href="../../../../base/se-gen-base/2021-10-31/se-gen-base-2021-10-31.xsd#se-gen-base_BalanseratResultatInklusivePeriodensResultat" xlink:label="BalanseratResultatInklusivePeriodensResultat" xlink:title="BalanseratResultatInklusivePeriodensResultat"/>
    <link:label xlink:type="resource" xlink:label="label_BalanseratResultatInklusivePeriodensResultat" xlink:role="http://www.xbrl.org/2003/role/periodStartLabel" xlink:title="label_BalanseratResultatInklusivePeriodensResultat" xml:lang="sv" id="label_BalanseratResultatInklusivePeriodensResultat">Ingående balans</link:label>
    <link:labelArc xlink:type="arc" xlink:arcrole="http://www.xbrl.org/2003/arcrole/concept-label" xlink:from="BalanseratResultatInklusivePeriodensResultat" xlink:to="label_BalanseratResultatInklusivePeriodensResultat" xlink:title="label: BalanseratResultatInklusivePeriodensResultat to label_BalanseratResultatInklusivePeriodensResultat"/>
    <link:loc xlink:type="locator" xlink:href="../../../../base/se-gen-base/2021-10-31/se-gen-base-2021-10-31.xsd#se-gen-base_OmrakningsdifferensEgetKapital" xlink:label="OmrakningsdifferensEgetKapital" xlink:title="OmrakningsdifferensEgetKapital"/>
    <link:label xlink:type="resource" xlink:label="label_OmrakningsdifferensEgetKapital" xlink:role="http://www.xbrl.org/2003/role/periodStartLabel" xlink:title="label_OmrakningsdifferensEgetKapital" xml:lang="sv" id="label_OmrakningsdifferensEgetKapital">Ingående balans</link:label>
    <link:labelArc xlink:type="arc" xlink:arcrole="http://www.xbrl.org/2003/arcrole/concept-label" xlink:from="OmrakningsdifferensEgetKapital" xlink:to="label_OmrakningsdifferensEgetKapital" xlink:title="label: OmrakningsdifferensEgetKapital to label_OmrakningsdifferensEgetKapital"/>
    <link:loc xlink:type="locator" xlink:href="../../../../base/se-gen-base/2021-10-31/se-gen-base-2021-10-31.xsd#se-gen-base_EgetKapitalHanforligtModerforetagetsAktieagare" xlink:label="EgetKapitalHanforligtModerforetagetsAktieagare" xlink:title="EgetKapitalHanforligtModerforetagetsAktieagare"/>
    <link:label xlink:type="resource" xlink:label="label_EgetKapitalHanforligtModerforetagetsAktieagare" xlink:role="http://www.xbrl.org/2003/role/periodStartLabel" xlink:title="label_EgetKapitalHanforligtModerforetagetsAktieagare" xml:lang="sv" id="label_EgetKapitalHanforligtModerforetagetsAktieagare">Ingående balans</link:label>
    <link:labelArc xlink:type="arc" xlink:arcrole="http://www.xbrl.org/2003/arcrole/concept-label" xlink:from="EgetKapitalHanforligtModerforetagetsAktieagare" xlink:to="label_EgetKapitalHanforligtModerforetagetsAktieagare" xlink:title="label: EgetKapitalHanforligtModerforetagetsAktieagare to label_EgetKapitalHanforligtModerforetagetsAktieagare"/>
    <link:loc xlink:type="locator" xlink:href="../../../../base/se-gen-base/2021-10-31/se-gen-base-2021-10-31.xsd#se-gen-base_EgetKapitalHanforligtInnehavareUtanBestammandeInflytande" xlink:label="EgetKapitalHanforligtInnehavareUtanBestammandeInflytande" xlink:title="EgetKapitalHanforligtInnehavareUtanBestammandeInflytande"/>
    <link:label xlink:type="resource" xlink:label="label_EgetKapitalHanforligtInnehavareUtanBestammandeInflytande" xlink:role="http://www.xbrl.org/2003/role/periodStartLabel" xlink:title="label_EgetKapitalHanforligtInnehavareUtanBestammandeInflytande" xml:lang="sv" id="label_EgetKapitalHanforligtInnehavareUtanBestammandeInflytande">Ingående balans</link:label>
    <link:labelArc xlink:type="arc" xlink:arcrole="http://www.xbrl.org/2003/arcrole/concept-label" xlink:from="EgetKapitalHanforligtInnehavareUtanBestammandeInflytande" xlink:to="label_EgetKapitalHanforligtInnehavareUtanBestammandeInflytande" xlink:title="label: EgetKapitalHanforligtInnehavareUtanBestammandeInflytande to label_EgetKapitalHanforligtInnehavareUtanBestammandeInflytande"/>
    <link:loc xlink:type="locator" xlink:href="../../../../base/se-gen-base/2021-10-31/se-gen-base-2021-10-31.xsd#se-gen-base_ReserverEgetKapital" xlink:label="ReserverEgetKapital" xlink:title="ReserverEgetKapital"/>
    <link:label xlink:type="resource" xlink:label="label_ReserverEgetKapital" xlink:role="http://www.xbrl.org/2003/role/periodStartLabel" xlink:title="label_ReserverEgetKapital" xml:lang="sv" id="label_ReserverEgetKapital">Ingående balans</link:label>
    <link:labelArc xlink:type="arc" xlink:arcrole="http://www.xbrl.org/2003/arcrole/concept-label" xlink:from="ReserverEgetKapital" xlink:to="label_ReserverEgetKapital" xlink:title="label: ReserverEgetKapital to label_ReserverEgetKapital"/>
    <link:loc xlink:type="locator" xlink:href="../../../../base/se-gen-base/2021-10-31/se-gen-base-2021-10-31.xsd#se-gen-base_AndraLangfristigaVardepappersinnehavForandringVerkligtVarde" xlink:label="AndraLangfristigaVardepappersinnehavForandringVerkligtVarde" xlink:title="AndraLangfristigaVardepappersinnehavForandringVerkligtVarde"/>
    <link:label xlink:type="resource" xlink:label="label_AndraLangfristigaVardepappersinnehavForandringVerkligtVarde" xlink:role="http://www.xbrl.org/2003/role/periodStartLabel" xlink:title="label_AndraLangfristigaVardepappersinnehavForandringVerkligtVarde" xml:lang="sv" id="label_AndraLangfristigaVardepappersinnehavForandringVerkligtVarde">Ingående förändringar av verkligt värde</link:label>
    <link:labelArc xlink:type="arc" xlink:arcrole="http://www.xbrl.org/2003/arcrole/concept-label" xlink:from="AndraLangfristigaVardepappersinnehavForandringVerkligtVarde" xlink:to="label_AndraLangfristigaVardepappersinnehavForandringVerkligtVarde" xlink:title="label: AndraLangfristigaVardepappersinnehavForandringVerkligtVarde to label_AndraLangfristigaVardepappersinnehavForandringVerkligtVarde"/>
    <link:loc xlink:type="locator" xlink:href="../../../../base/se-gen-base/2021-10-31/se-gen-base-2021-10-31.xsd#se-gen-base_PagaendeUtvecklingsarbetenForskottImmateriellaAnlaggningstillgangarAnskaffningsvarden" xlink:label="AnskaffningsvardenPagaendeUtvecklingsarbetenForskottImmateriellaAnlaggningstillgangar" xlink:title="AnskaffningsvardenPagaendeUtvecklingsarbetenForskottImmateriellaAnlaggningstillgangar"/>
    <link:label xlink:type="resource" xlink:label="label_AnskaffningsvardenPagaendeUtvecklingsarbetenForskottImmateriellaAnlaggningstillgangar_2" xlink:role="http://www.xbrl.org/2003/role/periodStartLabel" xlink:title="label_AnskaffningsvardenPagaendeUtvecklingsarbetenForskottImmateriellaAnlaggningstillgangar" xml:lang="sv" id="label_AnskaffningsvardenPagaendeUtvecklingsarbetenForskottImmateriellaAnlaggningstillgangar_2">Ingående anskaffningsvärden</link:label>
    <link:labelArc xlink:type="arc" xlink:arcrole="http://www.xbrl.org/2003/arcrole/concept-label" xlink:from="AnskaffningsvardenPagaendeUtvecklingsarbetenForskottImmateriellaAnlaggningstillgangar" xlink:to="label_AnskaffningsvardenPagaendeUtvecklingsarbetenForskottImmateriellaAnlaggningstillgangar_2" xlink:title="label: AnskaffningsvardenPagaendeUtvecklingsarbetenForskottImmateriellaAnlaggningstillgangar to label_AnskaffningsvardenPagaendeUtvecklingsarbetenForskottImmateriellaAnlaggningstillgangar"/>
    <link:loc xlink:type="locator" xlink:href="../../../../base/se-gen-base/2021-10-31/se-gen-base-2021-10-31.xsd#se-gen-base_PagaendeUtvecklingsarbetenForskottImmateriellaAnlaggningstillgangarNedskrivningar" xlink:label="AckumuleradeNedskrivningarPagaendeUtvecklingsarbetenForskottImmateriellaAnlaggningstillgangar" xlink:title="AckumuleradeNedskrivningarPagaendeUtvecklingsarbetenForskottImmateriellaAnlaggningstillgangar"/>
    <link:label xlink:type="resource" xlink:label="label_AckumuleradeNedskrivningarPagaendeUtvecklingsarbetenForskottImmateriellaAnlaggningstillgangar_2" xlink:role="http://www.xbrl.org/2003/role/periodStartLabel" xlink:title="label_AckumuleradeNedskrivningarPagaendeUtvecklingsarbetenForskottImmateriellaAnlaggningstillgangar" xml:lang="sv" id="label_AckumuleradeNedskrivningarPagaendeUtvecklingsarbetenForskottImmateriellaAnlaggningstillgangar_2">Ingående nedskrivningar</link:label>
    <link:labelArc xlink:type="arc" xlink:arcrole="http://www.xbrl.org/2003/arcrole/concept-label" xlink:from="AckumuleradeNedskrivningarPagaendeUtvecklingsarbetenForskottImmateriellaAnlaggningstillgangar" xlink:to="label_AckumuleradeNedskrivningarPagaendeUtvecklingsarbetenForskottImmateriellaAnlaggningstillgangar_2" xlink:title="label: AckumuleradeNedskrivningarPagaendeUtvecklingsarbetenForskottImmateriellaAnlaggningstillgangar to label_AckumuleradeNedskrivningarPagaendeUtvecklingsarbetenForskottImmateriellaAnlaggningstillgangar"/>
  </link:labelLink>
</link:linkbase>
