<?xml version="1.0" encoding="UTF-8"?>
<!-- Generated by Fujitsu Interstage XWand B0255 -->
<link:linkbase xmlns:xsi="http://www.w3.org/2001/XMLSchema-instance" xsi:schemaLocation="http://www.xbrl.org/2003/linkbase http://www.xbrl.org/2003/xbrl-linkbase-2003-12-31.xsd" xmlns:se-k3k-ext="http://www.taxonomier.se/se/fr/gaap/k3k-ext/2021-10-31" xmlns:link="http://www.xbrl.org/2003/linkbase" xmlns:xbrli="http://www.xbrl.org/2003/instance" xmlns:xlink="http://www.w3.org/1999/xlink">
  <link:labelLink xlink:type="extended" xlink:role="http://www.xbrl.org/2003/role/link">
    <link:loc xlink:type="locator" xlink:href="../../../../base/se-cd-base/2021-10-31/se-cd-base-2021-10-31.xsd#se-cd-base_ForetagetsNamnAbstract" xlink:label="ForetagetsNamnAbstract" xlink:title="ForetagetsNamnAbstract"/>
    <link:label xlink:type="resource" xlink:label="label_ForetagetsNamnAbstract" xlink:role="http://www.xbrl.org/2003/role/definitionGuidance" xlink:title="label_ForetagetsNamnAbstract" xml:lang="sv" id="label_ForetagetsNamnAbstract">I koncernredovisning avses moderföretagets namn</link:label>
    <link:labelArc xlink:type="arc" xlink:arcrole="http://www.xbrl.org/2003/arcrole/concept-label" xlink:from="ForetagetsNamnAbstract" xlink:to="label_ForetagetsNamnAbstract" xlink:title="label: ForetagetsNamnAbstract to label_ForetagetsNamnAbstract"/>
    <link:loc xlink:type="locator" xlink:href="../../../../base/se-cd-base/2021-10-31/se-cd-base-2021-10-31.xsd#se-cd-base_ForetagetsNamn" xlink:label="ForetagetsNamn" xlink:title="ForetagetsNamn"/>
    <link:label xlink:type="resource" xlink:label="label_ForetagetsNamn" xlink:role="http://www.xbrl.org/2003/role/definitionGuidance" xlink:title="label_ForetagetsNamn" xml:lang="sv" id="label_ForetagetsNamn">I koncernredovisning avses moderföretagets registrerade namn</link:label>
    <link:labelArc xlink:type="arc" xlink:arcrole="http://www.xbrl.org/2003/arcrole/concept-label" xlink:from="ForetagetsNamn" xlink:to="label_ForetagetsNamn" xlink:title="label: ForetagetsNamn to label_ForetagetsNamn"/>
    <link:loc xlink:type="locator" xlink:href="../../../../base/se-cd-base/2021-10-31/se-cd-base-2021-10-31.xsd#se-cd-base_ForetagetsTidigareNamn" xlink:label="ForetagetsTidigareNamn" xlink:title="ForetagetsTidigareNamn"/>
    <link:label xlink:type="resource" xlink:label="label_ForetagetsTidigareNamn" xlink:role="http://www.xbrl.org/2003/role/definitionGuidance" xlink:title="label_ForetagetsTidigareNamn" xml:lang="sv" id="label_ForetagetsTidigareNamn">I koncernredovisning avses moderföretagets tidigare, registrerade namn</link:label>
    <link:labelArc xlink:type="arc" xlink:arcrole="http://www.xbrl.org/2003/arcrole/concept-label" xlink:from="ForetagetsTidigareNamn" xlink:to="label_ForetagetsTidigareNamn" xlink:title="label: ForetagetsTidigareNamn to label_ForetagetsTidigareNamn"/>
    <link:loc xlink:type="locator" xlink:href="../../../../base/se-cd-base/2021-10-31/se-cd-base-2021-10-31.xsd#se-cd-base_AllmanInformationAbstract" xlink:label="AllmanInformationAbstract" xlink:title="AllmanInformationAbstract"/>
    <link:label xlink:type="resource" xlink:label="label_AllmanInformationAbstract" xlink:role="http://www.xbrl.org/2003/role/definitionGuidance" xlink:title="label_AllmanInformationAbstract" xml:lang="sv" id="label_AllmanInformationAbstract">Delrapport för allmän information om företaget, koncernen och rapporten</link:label>
    <link:labelArc xlink:type="arc" xlink:arcrole="http://www.xbrl.org/2003/arcrole/concept-label" xlink:from="AllmanInformationAbstract" xlink:to="label_AllmanInformationAbstract" xlink:title="label: AllmanInformationAbstract to label_AllmanInformationAbstract"/>
    <link:loc xlink:type="locator" xlink:href="../../../../base/se-gen-base/2021-10-31/se-gen-base-2021-10-31.xsd#se-gen-base_ForvaltningsberattelseAbstract" xlink:label="ForvaltningsberattelseAbstract" xlink:title="ForvaltningsberattelseAbstract"/>
    <link:label xlink:type="resource" xlink:label="label_ForvaltningsberattelseAbstract" xlink:role="http://www.xbrl.org/2003/role/definitionGuidance" xlink:title="label_ForvaltningsberattelseAbstract" xml:lang="sv" id="label_ForvaltningsberattelseAbstract">Delrapport som kompletterar informationen i bl.a. resultat- och balansräkningen och bidrar till en rättvisande översikt över utvecklingen av koncernens verksamhet, ställning och resultat</link:label>
    <link:labelArc xlink:type="arc" xlink:arcrole="http://www.xbrl.org/2003/arcrole/concept-label" xlink:from="ForvaltningsberattelseAbstract" xlink:to="label_ForvaltningsberattelseAbstract" xlink:title="label: ForvaltningsberattelseAbstract to label_ForvaltningsberattelseAbstract"/>
    <link:loc xlink:type="locator" xlink:href="../../../../base/se-gen-base/2021-10-31/se-gen-base-2021-10-31.xsd#se-gen-base_Rorelseresultat" xlink:label="locRorelseresultat_22" xlink:title="locRorelseresultat_22"/>
    <link:label xlink:type="resource" xlink:label="lblRorelseresultat_22" xlink:role="http://www.xbrl.org/2003/role/definitionGuidance" xlink:title="lblRorelseresultat_22" xml:lang="sv">Vid tillämpning av kapitalandelsmetoden ingår även Andelar i intresseföretags och gemensamt styrda företags resultat och Realisationsresultat vid försäljning av intresseföretag och gemensamt styrda företag</link:label>
    <link:labelArc xlink:type="arc" xlink:arcrole="http://www.xbrl.org/2003/arcrole/concept-label" xlink:from="locRorelseresultat_22" xlink:to="lblRorelseresultat_22" xlink:title="label: locRorelseresultat_22 to lblRorelseresultat_22"/>
    <link:loc xlink:type="locator" xlink:href="../../../../base/se-gen-base/2021-10-31/se-gen-base-2021-10-31.xsd#se-gen-base_EgetKapital" xlink:label="locEgetKapital_19" xlink:title="locEgetKapital_19"/>
    <link:label xlink:type="resource" xlink:label="lblEgetKapital_19" xlink:role="http://www.xbrl.org/2003/role/definitionGuidance" xlink:title="lblEgetKapital_19" xml:lang="sv">Sammanslagning av följande poster; Eget kapital hänförligt till moderföretagets ägare (Aktiekapital, Övrigt tillskjutet kapital, Annat eget kapital inklusive årets resultat) samt Innehav utan bestämmande inflytande. Uppdelning på bundet och fritt eget kapital görs ej i koncernredovisning</link:label>
    <link:labelArc xlink:type="arc" xlink:arcrole="http://www.xbrl.org/2003/arcrole/concept-label" xlink:from="locEgetKapital_19" xlink:to="lblEgetKapital_19" xlink:title="label: locEgetKapital_19 to lblEgetKapital_19"/>
    <link:loc xlink:type="locator" xlink:href="../../../../base/se-gen-base/2021-10-31/se-gen-base-2021-10-31.xsd#se-gen-base_ForandringLagerProdukterIArbeteFardigaVarorPagaendeArbetenAnnansRakning" xlink:label="locForandringLagerProdukterIArbeteFardigaVarorPagaendeArbetenAnnansRakning_3" xlink:title="locForandringLagerProdukterIArbeteFardigaVarorPagaendeArbetenAnnansRakning_3"/>
    <link:label xlink:type="resource" xlink:label="lblForandringLagerProdukterIArbeteFardigaVarorPagaendeArbetenAnnansRakning_3" xlink:role="http://www.xbrl.org/2003/role/definitionGuidance" xlink:title="lblForandringLagerProdukterIArbeteFardigaVarorPagaendeArbetenAnnansRakning_3" xml:lang="sv">I koncernredovisningen ej pågående arbete för annans räkning</link:label>
    <link:labelArc xlink:type="arc" xlink:arcrole="http://www.xbrl.org/2003/arcrole/concept-label" xlink:from="locForandringLagerProdukterIArbeteFardigaVarorPagaendeArbetenAnnansRakning_3" xlink:to="lblForandringLagerProdukterIArbeteFardigaVarorPagaendeArbetenAnnansRakning_3" xlink:title="label: locForandringLagerProdukterIArbeteFardigaVarorPagaendeArbetenAnnansRakning_3 to lblForandringLagerProdukterIArbeteFardigaVarorPagaendeArbetenAnnansRakning_3"/>
    <link:loc xlink:type="locator" xlink:href="../../../../base/se-gen-base/2021-10-31/se-gen-base-2021-10-31.xsd#se-gen-base_OvrigaRorelseintakter" xlink:label="OvrigaRorelseintakter" xlink:title="OvrigaRorelseintakter"/>
    <link:label xlink:type="resource" xlink:label="label_OvrigaRorelseintakter" xlink:role="http://www.xbrl.org/2003/role/definitionGuidance" xlink:title="label_OvrigaRorelseintakter" xml:lang="sv" id="label_OvrigaRorelseintakter">I K3 övriga rörelseintäkter som inte redovisas i egen post</link:label>
    <link:labelArc xlink:type="arc" xlink:arcrole="http://www.xbrl.org/2003/arcrole/concept-label" xlink:from="OvrigaRorelseintakter" xlink:to="label_OvrigaRorelseintakter" xlink:title="label: OvrigaRorelseintakter to label_OvrigaRorelseintakter"/>
    <link:loc xlink:type="locator" xlink:href="../../../../base/se-gen-base/2021-10-31/se-gen-base-2021-10-31.xsd#se-gen-base_RorelseintakterLagerforandringarMm" xlink:label="locRorelseintakterLagerforandringarMm_12" xlink:title="locRorelseintakterLagerforandringarMm_12"/>
    <link:label xlink:type="resource" xlink:label="lblRorelseintakterLagerforandringarMm_12" xlink:role="http://www.xbrl.org/2003/role/definitionGuidance" xlink:title="lblRorelseintakterLagerforandringarMm_12" xml:lang="sv">Normalt sammanslagning av följande poster i en kostnadsslagsindelad resultaträkning; Nettoomsättning, Förändring av lager av färdiga varor och av varor under tillverkning, Aktiverat arbete för egen räkning och Övriga rörelseintäkter</link:label>
    <link:labelArc xlink:type="arc" xlink:arcrole="http://www.xbrl.org/2003/arcrole/concept-label" xlink:from="locRorelseintakterLagerforandringarMm_12" xlink:to="lblRorelseintakterLagerforandringarMm_12" xlink:title="label: locRorelseintakterLagerforandringarMm_12 to lblRorelseintakterLagerforandringarMm_12"/>
    <link:loc xlink:type="locator" xlink:href="../../../../base/se-gen-base/2021-10-31/se-gen-base-2021-10-31.xsd#se-gen-base_OvrigaRorelsekostnader" xlink:label="OvrigaRorelsekostnader" xlink:title="OvrigaRorelsekostnader"/>
    <link:label xlink:type="resource" xlink:label="label_OvrigaRorelsekostnader" xlink:role="http://www.xbrl.org/2003/role/definitionGuidance" xlink:title="label_OvrigaRorelsekostnader" xml:lang="sv" id="label_OvrigaRorelsekostnader">I K3 övriga rörelsekostnader som inte redovisas i egen post</link:label>
    <link:labelArc xlink:type="arc" xlink:arcrole="http://www.xbrl.org/2003/arcrole/concept-label" xlink:from="OvrigaRorelsekostnader" xlink:to="label_OvrigaRorelsekostnader" xlink:title="label: OvrigaRorelsekostnader to label_OvrigaRorelsekostnader"/>
    <link:loc xlink:type="locator" xlink:href="../../../../base/se-gen-base/2021-10-31/se-gen-base-2021-10-31.xsd#se-gen-base_Rorelsekostnader" xlink:label="locRorelsekostnader_6" xlink:title="locRorelsekostnader_6"/>
    <link:label xlink:type="resource" xlink:label="lblRorelsekostnader_6" xlink:role="http://www.xbrl.org/2003/role/definitionGuidance" xlink:title="lblRorelsekostnader_6" xml:lang="sv">Normalt sammanslagning av följande poster i en kostnadsslagsindelad resultaträkning; Råvaror och förnödenheter, Handelsvaror, Övriga externa kostnader, Personalkostnader, Avskrivningar och nedskrivningar av materiella och immateriella anläggningstillgångar inklusive återföringar av nedskrivningar, Nedskrivningar av omsättningstillgångar utöver normala nedskrivningar och Övriga rörelsekostnader</link:label>
    <link:labelArc xlink:type="arc" xlink:arcrole="http://www.xbrl.org/2003/arcrole/concept-label" xlink:from="locRorelsekostnader_6" xlink:to="lblRorelsekostnader_6" xlink:title="label: locRorelsekostnader_6 to lblRorelsekostnader_6"/>
    <link:loc xlink:type="locator" xlink:href="../../../../base/se-gen-base/2021-10-31/se-gen-base-2021-10-31.xsd#se-gen-base_FinansiellaPoster" xlink:label="locFinansiellaPoster_13" xlink:title="locFinansiellaPoster_13"/>
    <link:label xlink:type="resource" xlink:label="lblFinansiellaPoster_13" xlink:role="http://www.xbrl.org/2003/role/definitionGuidance" xlink:title="lblFinansiellaPoster_13" xml:lang="sv">Normalt resultat från andelar intresseföretag och gemensamt styrda företag, övriga företag som det finns ett ägarintresse i samt övriga värdepapper och fordringar som är anläggningstillgångar, Övriga ränteintäkter och liknande resultatposter, Nedskrivningar av finansiella anläggningstillgångar och kortfristiga placeringar samt Räntekostnader och liknande resultatposter</link:label>
    <link:labelArc xlink:type="arc" xlink:arcrole="http://www.xbrl.org/2003/arcrole/concept-label" xlink:from="locFinansiellaPoster_13" xlink:to="lblFinansiellaPoster_13" xlink:title="label: locFinansiellaPoster_13 to lblFinansiellaPoster_13"/>
    <link:loc xlink:type="locator" xlink:href="../../../../base/se-gen-base/2021-10-31/se-gen-base-2021-10-31.xsd#se-gen-base_OvrigaRorelsekostnaderFunktionsindelad" xlink:label="OvrigaRorelsekostnaderFunktionsindelad" xlink:title="OvrigaRorelsekostnaderFunktionsindelad"/>
    <link:label xlink:type="resource" xlink:label="label_OvrigaRorelsekostnaderFunktionsindelad" xlink:role="http://www.xbrl.org/2003/role/definitionGuidance" xlink:title="label_OvrigaRorelsekostnaderFunktionsindelad" xml:lang="sv" id="label_OvrigaRorelsekostnaderFunktionsindelad">I K3 övriga rörelsekostnader som inte redovisas i egen post</link:label>
    <link:labelArc xlink:type="arc" xlink:arcrole="http://www.xbrl.org/2003/arcrole/concept-label" xlink:from="OvrigaRorelsekostnaderFunktionsindelad" xlink:to="label_OvrigaRorelsekostnaderFunktionsindelad" xlink:title="label: OvrigaRorelsekostnaderFunktionsindelad to label_OvrigaRorelsekostnaderFunktionsindelad"/>
    <link:loc xlink:type="locator" xlink:href="../../../../base/se-gen-base/2021-10-31/se-gen-base-2021-10-31.xsd#se-gen-base_ImmateriellaAnlaggningstillgangar" xlink:label="ImmateriellaAnlaggningstillgangar" xlink:title="ImmateriellaAnlaggningstillgangar"/>
    <link:label xlink:type="resource" xlink:label="label_ImmateriellaAnlaggningstillgangar" xlink:role="http://www.xbrl.org/2003/role/definitionGuidance" xlink:title="label_ImmateriellaAnlaggningstillgangar" xml:lang="sv" id="label_ImmateriellaAnlaggningstillgangar">Normalt sammanslagning av följande poster; Balanserade utgifter för utvecklingsarbeten och liknande arbeten, Koncessioner, patent, licenser, varumärken samt liknande rättigheter, Hyresrätter och liknande rättigheter, Goodwill samt Pågående utvecklingsarbeten och förskott avseende immateriella anläggningstillgångar</link:label>
    <link:labelArc xlink:type="arc" xlink:arcrole="http://www.xbrl.org/2003/arcrole/concept-label" xlink:from="ImmateriellaAnlaggningstillgangar" xlink:to="label_ImmateriellaAnlaggningstillgangar" xlink:title="label: ImmateriellaAnlaggningstillgangar to label_ImmateriellaAnlaggningstillgangar"/>
    <link:loc xlink:type="locator" xlink:href="../../../../base/se-gen-base/2021-10-31/se-gen-base-2021-10-31.xsd#se-gen-base_OvrigaMateriellaAnlaggningstillgangar" xlink:label="OvrigaMateriellaAnlaggningstillgangar" xlink:title="OvrigaMateriellaAnlaggningstillgangar"/>
    <link:label xlink:type="resource" xlink:label="label_OvrigaMateriellaAnlaggningstillgangar" xlink:role="http://www.xbrl.org/2003/role/definitionGuidance" xlink:title="label_OvrigaMateriellaAnlaggningstillgangar" xml:lang="sv" id="label_OvrigaMateriellaAnlaggningstillgangar">I K3 övriga materiella anläggningstillgångar som inte redovisas i egen post</link:label>
    <link:labelArc xlink:type="arc" xlink:arcrole="http://www.xbrl.org/2003/arcrole/concept-label" xlink:from="OvrigaMateriellaAnlaggningstillgangar" xlink:to="label_OvrigaMateriellaAnlaggningstillgangar" xlink:title="label: OvrigaMateriellaAnlaggningstillgangar to label_OvrigaMateriellaAnlaggningstillgangar"/>
    <link:loc xlink:type="locator" xlink:href="../../../../base/se-gen-base/2021-10-31/se-gen-base-2021-10-31.xsd#se-gen-base_MateriellaAnlaggningstillgangar" xlink:label="MateriellaAnlaggningstillgangar" xlink:title="MateriellaAnlaggningstillgangar"/>
    <link:label xlink:type="resource" xlink:label="label_MateriellaAnlaggningstillgangar" xlink:role="http://www.xbrl.org/2003/role/definitionGuidance" xlink:title="label_MateriellaAnlaggningstillgangar" xml:lang="sv" id="label_MateriellaAnlaggningstillgangar">Normalt sammanslagning av följande poster; Byggnader och mark, Maskiner och andra tekniska anläggningar, Inventarier, verktyg och installationer, Förbättringsutgifter på annans fastighet, Pågående nyanläggningar och förskott avseende materiella anläggningstillgångar samt Övriga materiella anläggningstillgångar</link:label>
    <link:labelArc xlink:type="arc" xlink:arcrole="http://www.xbrl.org/2003/arcrole/concept-label" xlink:from="MateriellaAnlaggningstillgangar" xlink:to="label_MateriellaAnlaggningstillgangar" xlink:title="label: MateriellaAnlaggningstillgangar to label_MateriellaAnlaggningstillgangar"/>
    <link:loc xlink:type="locator" xlink:href="../../../../base/se-gen-base/2021-10-31/se-gen-base-2021-10-31.xsd#se-gen-base_AndraLangfristigaFordringar" xlink:label="AndraLangfristigaFordringar" xlink:title="AndraLangfristigaFordringar"/>
    <link:label xlink:type="resource" xlink:label="label_AndraLangfristigaFordringar" xlink:role="http://www.xbrl.org/2003/role/definitionGuidance" xlink:title="label_AndraLangfristigaFordringar" xml:lang="sv" id="label_AndraLangfristigaFordringar">I K3 inte heller uppskjuten skattefordran</link:label>
    <link:labelArc xlink:type="arc" xlink:arcrole="http://www.xbrl.org/2003/arcrole/concept-label" xlink:from="AndraLangfristigaFordringar" xlink:to="label_AndraLangfristigaFordringar" xlink:title="label: AndraLangfristigaFordringar to label_AndraLangfristigaFordringar"/>
    <link:loc xlink:type="locator" xlink:href="../../../../base/se-gen-base/2021-10-31/se-gen-base-2021-10-31.xsd#se-gen-base_FinansiellaAnlaggningstillgangar" xlink:label="FinansiellaAnlaggningstillgangar" xlink:title="FinansiellaAnlaggningstillgangar"/>
    <link:label xlink:type="resource" xlink:label="label_FinansiellaAnlaggningstillgangar" xlink:role="http://www.xbrl.org/2003/role/definitionGuidance" xlink:title="label_FinansiellaAnlaggningstillgangar" xml:lang="sv" id="label_FinansiellaAnlaggningstillgangar">Normalt sammanslagning av följande poster; Fordringar hos koncernföretag, Andelar i intresseföretag och gemensamt styrda företag, Fordringar hos intresseföretag och gemensamt styrda företag, Ägarintressen i övriga företag, Fordringar hos övriga företag som det finns ett ägarintresse i, Andra långfristiga värdepappersinnehav, Lån till delägare eller närstående, Uppskjuten skattefordran och Andra långfristiga fordringar</link:label>
    <link:labelArc xlink:type="arc" xlink:arcrole="http://www.xbrl.org/2003/arcrole/concept-label" xlink:from="FinansiellaAnlaggningstillgangar" xlink:to="label_FinansiellaAnlaggningstillgangar" xlink:title="label: FinansiellaAnlaggningstillgangar to label_FinansiellaAnlaggningstillgangar"/>
    <link:loc xlink:type="locator" xlink:href="../../../../base/se-gen-base/2021-10-31/se-gen-base-2021-10-31.xsd#se-gen-base_OvrigaLagertillgangar" xlink:label="OvrigaLagertillgangar" xlink:title="OvrigaLagertillgangar"/>
    <link:label xlink:type="resource" xlink:label="label_OvrigaLagertillgangar" xlink:role="http://www.xbrl.org/2003/role/definitionGuidance" xlink:title="label_OvrigaLagertillgangar" xml:lang="sv" id="label_OvrigaLagertillgangar">I K3 övriga lagertillgångar som inte redovisas i egen post</link:label>
    <link:labelArc xlink:type="arc" xlink:arcrole="http://www.xbrl.org/2003/arcrole/concept-label" xlink:from="OvrigaLagertillgangar" xlink:to="label_OvrigaLagertillgangar" xlink:title="label: OvrigaLagertillgangar to label_OvrigaLagertillgangar"/>
    <link:loc xlink:type="locator" xlink:href="../../../../base/se-gen-base/2021-10-31/se-gen-base-2021-10-31.xsd#se-gen-base_VarulagerMm" xlink:label="VarulagerMm" xlink:title="VarulagerMm"/>
    <link:label xlink:type="resource" xlink:label="label_VarulagerMm" xlink:role="http://www.xbrl.org/2003/role/definitionGuidance" xlink:title="label_VarulagerMm" xml:lang="sv" id="label_VarulagerMm">Normalt sammanslagning av följande lagerposter; Lager av råvaror och förnödenheter, Lager av varor under tillverkning, Lager av färdiga egentillverkade varor samt varor som har köpts för vidareförsäljning (handelsvaror), Övriga lagertillgångar och Förskott till leverantörer</link:label>
    <link:labelArc xlink:type="arc" xlink:arcrole="http://www.xbrl.org/2003/arcrole/concept-label" xlink:from="VarulagerMm" xlink:to="label_VarulagerMm" xlink:title="label: VarulagerMm to label_VarulagerMm"/>
    <link:loc xlink:type="locator" xlink:href="../../../../base/se-gen-base/2021-10-31/se-gen-base-2021-10-31.xsd#se-gen-base_OvrigaFordringarKortfristiga" xlink:label="locOvrigaFordringarKortfristiga_21" xlink:title="locOvrigaFordringarKortfristiga_21"/>
    <link:label xlink:type="resource" xlink:label="lblOvrigaFordringarKortfristiga_21" xlink:role="http://www.xbrl.org/2003/role/definitionGuidance" xlink:title="lblOvrigaFordringarKortfristiga_21" xml:lang="sv">I K3 även andra kortfristiga fordringar än aktuell skattefordran. Andra kortfristiga fordringar som inte redovisas i egen post</link:label>
    <link:labelArc xlink:type="arc" xlink:arcrole="http://www.xbrl.org/2003/arcrole/concept-label" xlink:from="locOvrigaFordringarKortfristiga_21" xlink:to="lblOvrigaFordringarKortfristiga_21" xlink:title="label: locOvrigaFordringarKortfristiga_21 to lblOvrigaFordringarKortfristiga_21"/>
    <link:loc xlink:type="locator" xlink:href="../../../../base/se-gen-base/2021-10-31/se-gen-base-2021-10-31.xsd#se-gen-base_KortfristigaFordringar" xlink:label="KortfristigaFordringar" xlink:title="KortfristigaFordringar"/>
    <link:label xlink:type="resource" xlink:label="label_KortfristigaFordringar" xlink:role="http://www.xbrl.org/2003/role/definitionGuidance" xlink:title="label_KortfristigaFordringar" xml:lang="sv" id="label_KortfristigaFordringar">Normalt sammanslagning av följande kortfristiga poster; Kundfordringar, Kortfristiga fordringar hos koncernföretag, Kortfristiga fordringar hos intresseföretag och gemensamt styrda företag, Kortfristiga fordringar hos övriga företag som det finns ett ägarintresse i, Aktuell skattefordran, Övriga kortfristiga fordringar, Upparbetad men ej fakturerad intäkt, Förutbetalda kostnader och upplupna intäkter</link:label>
    <link:labelArc xlink:type="arc" xlink:arcrole="http://www.xbrl.org/2003/arcrole/concept-label" xlink:from="KortfristigaFordringar" xlink:to="label_KortfristigaFordringar" xlink:title="label: KortfristigaFordringar to label_KortfristigaFordringar"/>
    <link:loc xlink:type="locator" xlink:href="../../../../base/se-gen-base/2021-10-31/se-gen-base-2021-10-31.xsd#se-gen-base_Omsattningstillgangar" xlink:label="Omsattningstillgangar" xlink:title="Omsattningstillgangar"/>
    <link:label xlink:type="resource" xlink:label="label_Omsattningstillgangar" xlink:role="http://www.xbrl.org/2003/role/definitionGuidance" xlink:title="label_Omsattningstillgangar" xml:lang="sv" id="label_Omsattningstillgangar">Tillgångar som avses att säljas eller förbrukas under verksamhetens normala cykel, förvärvas primärt för handelsändamål, avses att realiseras inom tolv månader eller utgörs av likvida medel</link:label>
    <link:labelArc xlink:type="arc" xlink:arcrole="http://www.xbrl.org/2003/arcrole/concept-label" xlink:from="Omsattningstillgangar" xlink:to="label_Omsattningstillgangar" xlink:title="label: Omsattningstillgangar to label_Omsattningstillgangar"/>
    <link:loc xlink:type="locator" xlink:href="../../../../base/se-gen-base/2021-10-31/se-gen-base-2021-10-31.xsd#se-gen-base_Tillgangar" xlink:label="locTillgangar_2" xlink:title="locTillgangar_2"/>
    <link:label xlink:type="resource" xlink:label="lblTillgangar_2" xlink:role="http://www.xbrl.org/2003/role/definitionGuidance" xlink:title="lblTillgangar_2" xml:lang="sv">Består av; Tecknat men ej inbetalt kapital, Immateriella anläggningstillgångar, Materiella anläggningstillgångar, Finansiella anläggningstillgångar, Varulager, Kortfristiga fordringar, Kortfristiga placeringar och Kassa och bank</link:label>
    <link:labelArc xlink:type="arc" xlink:arcrole="http://www.xbrl.org/2003/arcrole/concept-label" xlink:from="locTillgangar_2" xlink:to="lblTillgangar_2" xlink:title="label: locTillgangar_2 to lblTillgangar_2"/>
    <link:loc xlink:type="locator" xlink:href="../../../../base/se-gen-base/2021-10-31/se-gen-base-2021-10-31.xsd#se-gen-base_AvsattningarOvrigSkatt" xlink:label="AvsattningarOvrigSkatt" xlink:title="AvsattningarOvrigSkatt"/>
    <link:label xlink:type="resource" xlink:label="label_AvsattningarOvrigSkatt" xlink:role="http://www.xbrl.org/2003/role/definitionGuidance" xlink:title="label_AvsattningarOvrigSkatt" xml:lang="sv" id="label_AvsattningarOvrigSkatt">I K3 avsättningar för övriga skatter som inte redovisas i egen post</link:label>
    <link:labelArc xlink:type="arc" xlink:arcrole="http://www.xbrl.org/2003/arcrole/concept-label" xlink:from="AvsattningarOvrigSkatt" xlink:to="label_AvsattningarOvrigSkatt" xlink:title="label: AvsattningarOvrigSkatt to label_AvsattningarOvrigSkatt"/>
    <link:loc xlink:type="locator" xlink:href="../../../../base/se-gen-base/2021-10-31/se-gen-base-2021-10-31.xsd#se-gen-base_OvrigaAvsattningar" xlink:label="OvrigaAvsattningar" xlink:title="OvrigaAvsattningar"/>
    <link:label xlink:type="resource" xlink:label="label_OvrigaAvsattningar" xlink:role="http://www.xbrl.org/2003/role/definitionGuidance" xlink:title="label_OvrigaAvsattningar" xml:lang="sv" id="label_OvrigaAvsattningar">I K3 även andra avsättningar än för skatter. Övriga avsättningar som inte redovisas i egen post</link:label>
    <link:labelArc xlink:type="arc" xlink:arcrole="http://www.xbrl.org/2003/arcrole/concept-label" xlink:from="OvrigaAvsattningar" xlink:to="label_OvrigaAvsattningar" xlink:title="label: OvrigaAvsattningar to label_OvrigaAvsattningar"/>
    <link:loc xlink:type="locator" xlink:href="../../../../base/se-gen-base/2021-10-31/se-gen-base-2021-10-31.xsd#se-gen-base_Avsattningar" xlink:label="Avsattningar" xlink:title="Avsattningar"/>
    <link:label xlink:type="resource" xlink:label="label_Avsattningar" xlink:role="http://www.xbrl.org/2003/role/definitionGuidance" xlink:title="label_Avsattningar" xml:lang="sv" id="label_Avsattningar">Normalt sammanslagning av följande poster; Avsättningar för pensioner och liknande förpliktelser, Uppskjuten skatteskuld, Avsättningar för övriga skatter och Övriga avsättningar</link:label>
    <link:labelArc xlink:type="arc" xlink:arcrole="http://www.xbrl.org/2003/arcrole/concept-label" xlink:from="Avsattningar" xlink:to="label_Avsattningar" xlink:title="label: Avsattningar to label_Avsattningar"/>
    <link:loc xlink:type="locator" xlink:href="../../../../base/se-gen-base/2021-10-31/se-gen-base-2021-10-31.xsd#se-gen-base_OvrigaLangfristigaSkulder" xlink:label="OvrigaLangfristigaSkulder" xlink:title="OvrigaLangfristigaSkulder"/>
    <link:label xlink:type="resource" xlink:label="label_OvrigaLangfristigaSkulder" xlink:role="http://www.xbrl.org/2003/role/definitionGuidance" xlink:title="label_OvrigaLangfristigaSkulder" xml:lang="sv" id="label_OvrigaLangfristigaSkulder">I K3 andra långfristiga skulder som inte redovisas i egen post</link:label>
    <link:labelArc xlink:type="arc" xlink:arcrole="http://www.xbrl.org/2003/arcrole/concept-label" xlink:from="OvrigaLangfristigaSkulder" xlink:to="label_OvrigaLangfristigaSkulder" xlink:title="label: OvrigaLangfristigaSkulder to label_OvrigaLangfristigaSkulder"/>
    <link:loc xlink:type="locator" xlink:href="../../../../base/se-gen-base/2021-10-31/se-gen-base-2021-10-31.xsd#se-gen-base_LangfristigaSkulder" xlink:label="LangfristigaSkulder" xlink:title="LangfristigaSkulder"/>
    <link:label xlink:type="resource" xlink:label="label_LangfristigaSkulder" xlink:role="http://www.xbrl.org/2003/role/definitionGuidance" xlink:title="label_LangfristigaSkulder" xml:lang="sv" id="label_LangfristigaSkulder">I K3 även skulder som regleras på längre sikt än inom den normala verksamhetscykeln eller innehas för annan verksamhet än för handelsändamål. Även skulder när en ovillkorad rätt innehas att senarelägga skuldens reglering i minst tolv månader efter balansdagen. Normalt sammanslagning av följande långfristiga poster; Obligationslån, Långfristiga skulder till kreditinstitut, Långfristiga skulder till koncernföretag, Långfristiga skulder till intresseföretag och gemensamt styrda företag, Långfristiga skulder till övriga företag som det finns ett ägarintresse i och Övriga långfristiga skulder</link:label>
    <link:labelArc xlink:type="arc" xlink:arcrole="http://www.xbrl.org/2003/arcrole/concept-label" xlink:from="LangfristigaSkulder" xlink:to="label_LangfristigaSkulder" xlink:title="label: LangfristigaSkulder to label_LangfristigaSkulder"/>
    <link:loc xlink:type="locator" xlink:href="../../../../base/se-gen-base/2021-10-31/se-gen-base-2021-10-31.xsd#se-gen-base_OvrigaKortfristigaSkulder" xlink:label="OvrigaKortfristigaSkulder" xlink:title="OvrigaKortfristigaSkulder"/>
    <link:label xlink:type="resource" xlink:label="label_OvrigaKortfristigaSkulder" xlink:role="http://www.xbrl.org/2003/role/definitionGuidance" xlink:title="label_OvrigaKortfristigaSkulder" xml:lang="sv" id="label_OvrigaKortfristigaSkulder">För K3 även beräknad och/eller fastställd skuld för innevarande och tidigare räkenskapsår; fastighetsskatt eller motsvarande, särskild löneskatt på pensionskostnaden, samt avkastningsskatt eventuellt minskad med F-skatteinbetalningar till skattekontot</link:label>
    <link:labelArc xlink:type="arc" xlink:arcrole="http://www.xbrl.org/2003/arcrole/concept-label" xlink:from="OvrigaKortfristigaSkulder" xlink:to="label_OvrigaKortfristigaSkulder" xlink:title="label: OvrigaKortfristigaSkulder to label_OvrigaKortfristigaSkulder"/>
    <link:loc xlink:type="locator" xlink:href="../../../../base/se-gen-base/2021-10-31/se-gen-base-2021-10-31.xsd#se-gen-base_KortfristigaSkulder" xlink:label="KortfristigaSkulder" xlink:title="KortfristigaSkulder"/>
    <link:label xlink:type="resource" xlink:label="label_KortfristigaSkulder" xlink:role="http://www.xbrl.org/2003/role/definitionGuidance" xlink:title="label_KortfristigaSkulder" xml:lang="sv" id="label_KortfristigaSkulder">I K3 även skulder som avses regleras under den normala verksamhetscykeln eller innehas för handelsändamål. Även skulder när en ovillkorad rätt inte innehas att senarelägga skuldens reglering i minst tolv månader efter balansdagen. Normalt sammanslagning av följande poster; Kortfristiga skulder till kreditinstitut, Förskott från kunder, Leverantörsskulder, Växelskulder, Kortfristiga skulder till koncernföretag, Kortfristiga skulder till intresseföretag och gemensamt styrda företag, Kortfristiga skulder till övriga företag som det finns ägarintresse i, Aktuella skatteskulder, Övriga kortfristiga skulder, Fakturerad men ej upparbetad intäkt och Upplupna kostnader och förutbetalda intäkter</link:label>
    <link:labelArc xlink:type="arc" xlink:arcrole="http://www.xbrl.org/2003/arcrole/concept-label" xlink:from="KortfristigaSkulder" xlink:to="label_KortfristigaSkulder" xlink:title="label: KortfristigaSkulder to label_KortfristigaSkulder"/>
    <link:loc xlink:type="locator" xlink:href="../../../../base/se-gen-base/2021-10-31/se-gen-base-2021-10-31.xsd#se-gen-base_JusteringPosterSomInteIngarIKassaflodet" xlink:label="JusteringPosterSomInteIngarIKassaflodet" xlink:title="JusteringPosterSomInteIngarIKassaflodet"/>
    <link:label xlink:type="resource" xlink:label="label_JusteringPosterSomInteIngarIKassaflodet" xlink:role="http://www.xbrl.org/2003/role/definitionGuidance" xlink:title="label_JusteringPosterSomInteIngarIKassaflodet" xml:lang="sv" id="label_JusteringPosterSomInteIngarIKassaflodet">I koncernredovisningen även t.ex. minoritetsintressen</link:label>
    <link:labelArc xlink:type="arc" xlink:arcrole="http://www.xbrl.org/2003/arcrole/concept-label" xlink:from="JusteringPosterSomInteIngarIKassaflodet" xlink:to="label_JusteringPosterSomInteIngarIKassaflodet" xlink:title="label: JusteringPosterSomInteIngarIKassaflodet to label_JusteringPosterSomInteIngarIKassaflodet"/>
    <link:loc xlink:type="locator" xlink:href="../../../../base/se-gen-base/2021-10-31/se-gen-base-2021-10-31.xsd#se-gen-base_ForandringKassaflodeVarulagerPagaendeArbeten" xlink:label="locForandringKassaflodeVarulagerPagaendeArbeten_11" xlink:title="locForandringKassaflodeVarulagerPagaendeArbeten_11"/>
    <link:label xlink:type="resource" xlink:label="lblForandringKassaflodeVarulagerPagaendeArbeten_11" xlink:role="http://www.xbrl.org/2003/role/definitionGuidance" xlink:title="lblForandringKassaflodeVarulagerPagaendeArbeten_11" xml:lang="sv">I koncernredovisningen ej pågående arbete för annans räkning</link:label>
    <link:labelArc xlink:type="arc" xlink:arcrole="http://www.xbrl.org/2003/arcrole/concept-label" xlink:from="locForandringKassaflodeVarulagerPagaendeArbeten_11" xlink:to="lblForandringKassaflodeVarulagerPagaendeArbeten_11" xlink:title="label: locForandringKassaflodeVarulagerPagaendeArbeten_11 to lblForandringKassaflodeVarulagerPagaendeArbeten_11"/>
    <link:loc xlink:type="locator" xlink:href="../../../../base/se-gen-base/2021-10-31/se-gen-base-2021-10-31.xsd#se-gen-base_NoterAbstract" xlink:label="NoterAbstract" xlink:title="NoterAbstract"/>
    <link:label xlink:type="resource" xlink:label="label_NoterAbstract" xlink:role="http://www.xbrl.org/2003/role/definitionGuidance" xlink:title="label_NoterAbstract" xml:lang="sv" id="label_NoterAbstract">Delrapport med upplysningar om koncernens redovisnings- och värderingsprinciper, uppskattningar och bedömningar samt ytterligare specifikationer av innehållet i resultaträkning, balansräkning och kassaflödesanalys m.m. enligt årsredovisningslagen</link:label>
    <link:labelArc xlink:type="arc" xlink:arcrole="http://www.xbrl.org/2003/arcrole/concept-label" xlink:from="NoterAbstract" xlink:to="label_NoterAbstract" xlink:title="label: NoterAbstract to label_NoterAbstract"/>
    <link:loc xlink:type="locator" xlink:href="../../../../base/se-gen-base/2021-10-31/se-gen-base-2021-10-31.xsd#se-gen-base_OvrigaRorelseintakterIntaktsslagBenamning" xlink:label="OvrigaRorelseintakterIntaktsslagBenamning" xlink:title="OvrigaRorelseintakterIntaktsslagBenamning"/>
    <link:label xlink:type="resource" xlink:label="label_OvrigaRorelseintakterIntaktsslagBenamning" xlink:role="http://www.xbrl.org/2003/role/definitionGuidance" xlink:title="label_OvrigaRorelseintakterIntaktsslagBenamning" xml:lang="sv" id="label_OvrigaRorelseintakterIntaktsslagBenamning">I K3 andra övriga rörelseintäkter än offentliga bidrag</link:label>
    <link:labelArc xlink:type="arc" xlink:arcrole="http://www.xbrl.org/2003/arcrole/concept-label" xlink:from="OvrigaRorelseintakterIntaktsslagBenamning" xlink:to="label_OvrigaRorelseintakterIntaktsslagBenamning" xlink:title="label: OvrigaRorelseintakterIntaktsslagBenamning to label_OvrigaRorelseintakterIntaktsslagBenamning"/>
    <link:loc xlink:type="locator" xlink:href="../../../../base/se-gen-base/2021-10-31/se-gen-base-2021-10-31.xsd#se-gen-base_SammansattningLikvidaMedelTillgodohavandeKoncernkonto" xlink:label="SammansattningLikvidaMedelTillgodohavandeKoncernkonto" xlink:title="SammansattningLikvidaMedelTillgodohavandeKoncernkonto"/>
    <link:label xlink:type="resource" xlink:label="label_SammansattningLikvidaMedelTillgodohavandeKoncernkonto" xlink:role="http://www.xbrl.org/2003/role/definitionGuidance" xlink:title="label_SammansattningLikvidaMedelTillgodohavandeKoncernkonto" xml:lang="sv" id="label_SammansattningLikvidaMedelTillgodohavandeKoncernkonto">Underkoncernens tillgodohavande på ett koncernkonto</link:label>
    <link:labelArc xlink:type="arc" xlink:arcrole="http://www.xbrl.org/2003/arcrole/concept-label" xlink:from="SammansattningLikvidaMedelTillgodohavandeKoncernkonto" xlink:to="label_SammansattningLikvidaMedelTillgodohavandeKoncernkonto" xlink:title="label: SammansattningLikvidaMedelTillgodohavandeKoncernkonto to label_SammansattningLikvidaMedelTillgodohavandeKoncernkonto"/>
    <link:loc xlink:type="locator" xlink:href="../../../../base/se-gen-base/2021-10-31/se-gen-base-2021-10-31.xsd#se-gen-base_FinansiellRapportList" xlink:label="locFinansiellRapportList_14" xlink:title="locFinansiellRapportList_14"/>
    <link:label xlink:type="resource" xlink:label="lblFinansiellRapportList_14" xlink:role="http://www.xbrl.org/2003/role/definitionGuidance" xlink:title="lblFinansiellRapportList_14" xml:lang="sv">Anger om årsredovisningen och koncernredovisningen avges av styrelsen, styrelsen och verkställande direktören eller, i förekommande fall, av likvidatorn</link:label>
    <link:labelArc xlink:type="arc" xlink:arcrole="http://www.xbrl.org/2003/arcrole/concept-label" xlink:from="locFinansiellRapportList_14" xlink:to="lblFinansiellRapportList_14" xlink:title="label: locFinansiellRapportList_14 to lblFinansiellRapportList_14"/>
    <link:loc xlink:type="locator" xlink:href="../../../../base/se-gen-base/2021-10-31/se-gen-base-2021-10-31.xsd#se-gen-base_OvrigaRorelseintakterIntaktsslag" xlink:label="OvrigaRorelseintakterIntaktsslag" xlink:title="OvrigaRorelseintakterIntaktsslag"/>
    <link:label xlink:type="resource" xlink:label="label_OvrigaRorelseintakterIntaktsslag" xlink:role="http://www.xbrl.org/2003/role/definitionGuidance" xlink:title="label_OvrigaRorelseintakterIntaktsslag" xml:lang="sv" id="label_OvrigaRorelseintakterIntaktsslag">I K3 andra övriga rörelseintäkter än offentliga bidrag</link:label>
    <link:labelArc xlink:type="arc" xlink:arcrole="http://www.xbrl.org/2003/arcrole/concept-label" xlink:from="OvrigaRorelseintakterIntaktsslag" xlink:to="label_OvrigaRorelseintakterIntaktsslag" xlink:title="label: OvrigaRorelseintakterIntaktsslag to label_OvrigaRorelseintakterIntaktsslag"/>
    <link:loc xlink:type="locator" xlink:href="../../../../base/se-gen-base/2021-10-31/se-gen-base-2021-10-31.xsd#se-gen-base_ForandringEgetKapitalKoncernAbstract" xlink:label="ForandringEgetKapitalKoncernAbstract" xlink:title="ForandringEgetKapitalKoncernAbstract"/>
    <link:label xlink:type="resource" xlink:label="label_ForandringEgetKapitalKoncernAbstract" xlink:role="http://www.xbrl.org/2003/role/definitionGuidance" xlink:title="label_ForandringEgetKapitalKoncernAbstract" xml:lang="sv" id="label_ForandringEgetKapitalKoncernAbstract">Delrapport för specifikation av koncernens förändringar i eget kapital</link:label>
    <link:labelArc xlink:type="arc" xlink:arcrole="http://www.xbrl.org/2003/arcrole/concept-label" xlink:from="ForandringEgetKapitalKoncernAbstract" xlink:to="label_ForandringEgetKapitalKoncernAbstract" xlink:title="label: ForandringEgetKapitalKoncernAbstract to label_ForandringEgetKapitalKoncernAbstract"/>
    <link:loc xlink:type="locator" xlink:href="../../../../base/se-gen-base/2021-10-31/se-gen-base-2021-10-31.xsd#se-gen-base_ResultatrakningKostnadsslagsindeladKoncernAbstract" xlink:label="ResultatrakningKostnadsslagsindeladKoncernAbstract" xlink:title="ResultatrakningKostnadsslagsindeladKoncernAbstract"/>
    <link:label xlink:type="resource" xlink:label="label_ResultatrakningKostnadsslagsindeladKoncernAbstract" xlink:role="http://www.xbrl.org/2003/role/definitionGuidance" xlink:title="label_ResultatrakningKostnadsslagsindeladKoncernAbstract" xml:lang="sv" id="label_ResultatrakningKostnadsslagsindeladKoncernAbstract">Delrapport för koncernens resultaträkning där periodens intäkter och kostnader struktureras enligt uppställningsform för kostnadsslagsindelad resultaträkning enligt årsredovisningslagen</link:label>
    <link:labelArc xlink:type="arc" xlink:arcrole="http://www.xbrl.org/2003/arcrole/concept-label" xlink:from="ResultatrakningKostnadsslagsindeladKoncernAbstract" xlink:to="label_ResultatrakningKostnadsslagsindeladKoncernAbstract" xlink:title="label: ResultatrakningKostnadsslagsindeladKoncernAbstract to label_ResultatrakningKostnadsslagsindeladKoncernAbstract"/>
    <link:loc xlink:type="locator" xlink:href="../../../../base/se-gen-base/2021-10-31/se-gen-base-2021-10-31.xsd#se-gen-base_ResultatrakningFunktionsindeladKoncernAbstract" xlink:label="ResultatrakningFunktionsindeladKoncernAbstract" xlink:title="ResultatrakningFunktionsindeladKoncernAbstract"/>
    <link:label xlink:type="resource" xlink:label="label_ResultatrakningFunktionsindeladKoncernAbstract" xlink:role="http://www.xbrl.org/2003/role/definitionGuidance" xlink:title="label_ResultatrakningFunktionsindeladKoncernAbstract" xml:lang="sv" id="label_ResultatrakningFunktionsindeladKoncernAbstract">Delrapport för koncernens resultaträkning där periodens intäkter och kostnader struktureras enligt uppställningsform för funktionsindelad resultaträkning enligt årsredovisningslagen</link:label>
    <link:labelArc xlink:type="arc" xlink:arcrole="http://www.xbrl.org/2003/arcrole/concept-label" xlink:from="ResultatrakningFunktionsindeladKoncernAbstract" xlink:to="label_ResultatrakningFunktionsindeladKoncernAbstract" xlink:title="label: ResultatrakningFunktionsindeladKoncernAbstract to label_ResultatrakningFunktionsindeladKoncernAbstract"/>
    <link:loc xlink:type="locator" xlink:href="../../../../base/se-gen-base/2021-10-31/se-gen-base-2021-10-31.xsd#se-gen-base_BalansrakningKoncernAbstract" xlink:label="BalansrakningKoncernAbstract" xlink:title="BalansrakningKoncernAbstract"/>
    <link:label xlink:type="resource" xlink:label="label_BalansrakningKoncernAbstract" xlink:role="http://www.xbrl.org/2003/role/definitionGuidance" xlink:title="label_BalansrakningKoncernAbstract" xml:lang="sv" id="label_BalansrakningKoncernAbstract">Delrapport för koncernens balansräkning som visar samtliga tillgångar, avsättningar och skulder samt eget kapital den sista dagen i perioden, enligt uppställningsform i årsredovisningslagen</link:label>
    <link:labelArc xlink:type="arc" xlink:arcrole="http://www.xbrl.org/2003/arcrole/concept-label" xlink:from="BalansrakningKoncernAbstract" xlink:to="label_BalansrakningKoncernAbstract" xlink:title="label: BalansrakningKoncernAbstract to label_BalansrakningKoncernAbstract"/>
    <link:loc xlink:type="locator" xlink:href="../../../../base/se-gen-base/2021-10-31/se-gen-base-2021-10-31.xsd#se-gen-base_KassaflodesanalysIndirektKoncernAbstract" xlink:label="KassaflodesanalysIndirektKoncernAbstract" xlink:title="KassaflodesanalysIndirektKoncernAbstract"/>
    <link:label xlink:type="resource" xlink:label="label_KassaflodesanalysIndirektKoncernAbstract" xlink:role="http://www.xbrl.org/2003/role/definitionGuidance" xlink:title="label_KassaflodesanalysIndirektKoncernAbstract" xml:lang="sv" id="label_KassaflodesanalysIndirektKoncernAbstract">Delrapport där koncernens kassaflöde redovisas enligt indirekt metod</link:label>
    <link:labelArc xlink:type="arc" xlink:arcrole="http://www.xbrl.org/2003/arcrole/concept-label" xlink:from="KassaflodesanalysIndirektKoncernAbstract" xlink:to="label_KassaflodesanalysIndirektKoncernAbstract" xlink:title="label: KassaflodesanalysIndirektKoncernAbstract to label_KassaflodesanalysIndirektKoncernAbstract"/>
    <link:loc xlink:type="locator" xlink:href="../../shared/concept/se-gaap-ext/2021-10-31/se-gaap-ext-2021-10-31.xsd#se-gaap-ext_OvrigaRorelseintakterIntaktsslagTuple" xlink:label="OvrigaRorelseintakterIntaktsslagTuple" xlink:title="OvrigaRorelseintakterIntaktsslagTuple"/>
    <link:label xlink:type="resource" xlink:label="label_OvrigaRorelseintakterIntaktsslagTuple" xlink:role="http://www.xbrl.org/2003/role/definitionGuidance" xlink:title="label_OvrigaRorelseintakterIntaktsslagTuple" xml:lang="sv" id="label_OvrigaRorelseintakterIntaktsslagTuple">I K3 andra övriga rörelseintäkter än offentliga bidrag</link:label>
    <link:labelArc xlink:type="arc" xlink:arcrole="http://www.xbrl.org/2003/arcrole/concept-label" xlink:from="OvrigaRorelseintakterIntaktsslagTuple" xlink:to="label_OvrigaRorelseintakterIntaktsslagTuple" xlink:title="label: OvrigaRorelseintakterIntaktsslagTuple to label_OvrigaRorelseintakterIntaktsslagTuple"/>
  </link:labelLink>
</link:linkbase>
