<?xml version="1.0" encoding="UTF-8"?>
<!-- Generated by Fujitsu Interstage XWand B0255 -->
<link:linkbase xmlns:xsi="http://www.w3.org/2001/XMLSchema-instance" xsi:schemaLocation="http://www.xbrl.org/2003/linkbase http://www.xbrl.org/2003/xbrl-linkbase-2003-12-31.xsd" xmlns:link="http://www.xbrl.org/2003/linkbase" xmlns:se-k3-ext="http://www.taxonomier.se/se/fr/gaap/k3-ext/2021-10-31" xmlns:xbrli="http://www.xbrl.org/2003/instance" xmlns:xlink="http://www.w3.org/1999/xlink">
  <link:roleRef roleURI="http://www.taxonomier.se/se/fr/role/list/handling/finansiellrapport" xlink:type="simple" xlink:href="../../../../base/se-gen-base/2021-10-31/se-gen-base-2021-10-31.xsd#LIST_FR"/>
  <link:arcroleRef arcroleURI="http://xbrl.org/int/dim/arcrole/domain-member" xlink:type="simple" xlink:href="http://www.xbrl.org/2005/xbrldt-2005.xsd#domain-member"/>
  <link:definitionLink xlink:type="extended" xlink:role="http://www.taxonomier.se/se/fr/role/list/handling/finansiellrapport">
    <link:loc xlink:type="locator" xlink:href="../../../../base/se-gen-base/2021-10-31/se-gen-base-2021-10-31.xsd#se-gen-base_FinansiellRapportDomain" xlink:label="FinansiellRapportDomain" xlink:title="FinansiellRapportDomain"/>
    <link:loc xlink:type="locator" xlink:href="../../../../base/se-mem-base/2021-10-31/se-mem-base-2021-10-31.xsd#se-mem-base_FinansiellRapportStyrelsenAvgerArsredovisningMember" xlink:label="FinansiellRapportStyrelsenAvgerArsredovisningMember" xlink:title="FinansiellRapportStyrelsenAvgerArsredovisningMember"/>
    <link:definitionArc xlink:type="arc" xlink:arcrole="http://xbrl.org/int/dim/arcrole/domain-member" xlink:from="FinansiellRapportDomain" xlink:to="FinansiellRapportStyrelsenAvgerArsredovisningMember" xlink:title="definition: FinansiellRapportDomain to FinansiellRapportStyrelsenAvgerArsredovisningMember" order="1.0"/>
    <link:loc xlink:type="locator" xlink:href="../../../../base/se-mem-base/2021-10-31/se-mem-base-2021-10-31.xsd#se-mem-base_FinansiellRapportStyrelsenVerkstallandeDirektorenAvgerArsredovisningMember" xlink:label="FinansiellRapportStyrelsenVerkstallandeDirektorenAvgerArsredovisningMember" xlink:title="FinansiellRapportStyrelsenVerkstallandeDirektorenAvgerArsredovisningMember"/>
    <link:definitionArc xlink:type="arc" xlink:arcrole="http://xbrl.org/int/dim/arcrole/domain-member" xlink:from="FinansiellRapportDomain" xlink:to="FinansiellRapportStyrelsenVerkstallandeDirektorenAvgerArsredovisningMember" xlink:title="definition: FinansiellRapportDomain to FinansiellRapportStyrelsenVerkstallandeDirektorenAvgerArsredovisningMember" order="2.0"/>
    <link:loc xlink:type="locator" xlink:href="../../../../base/se-mem-base/2021-10-31/se-mem-base-2021-10-31.xsd#se-mem-base_FinansiellRapportStyrelsenAvgerArsredovisningKoncernredovisningMember" xlink:label="FinansiellRapportStyrelsenAvgerArsredovisningKoncernredovisningMember" xlink:title="FinansiellRapportStyrelsenAvgerArsredovisningKoncernredovisningMember"/>
    <link:definitionArc xlink:type="arc" xlink:arcrole="http://xbrl.org/int/dim/arcrole/domain-member" xlink:from="FinansiellRapportDomain" xlink:to="FinansiellRapportStyrelsenAvgerArsredovisningKoncernredovisningMember" xlink:title="definition: FinansiellRapportDomain to FinansiellRapportStyrelsenAvgerArsredovisningKoncernredovisningMember" order="4.0"/>
    <link:loc xlink:type="locator" xlink:href="../../../../base/se-mem-base/2021-10-31/se-mem-base-2021-10-31.xsd#se-mem-base_FinansiellRapportStyrelsenVerkstallandeDirektorenAvgerArsredovisningKoncernredovisningMember" xlink:label="FinansiellRapportStyrelsenVerkstallandeDirektorenAvgerArsredovisningKoncernredovisningMember" xlink:title="FinansiellRapportStyrelsenVerkstallandeDirektorenAvgerArsredovisningKoncernredovisningMember"/>
    <link:definitionArc xlink:type="arc" xlink:arcrole="http://xbrl.org/int/dim/arcrole/domain-member" xlink:from="FinansiellRapportDomain" xlink:to="FinansiellRapportStyrelsenVerkstallandeDirektorenAvgerArsredovisningKoncernredovisningMember" xlink:title="definition: FinansiellRapportDomain to FinansiellRapportStyrelsenVerkstallandeDirektorenAvgerArsredovisningKoncernredovisningMember" order="5.0"/>
    <link:loc xlink:type="locator" xlink:href="../../../../base/se-mem-base/2021-10-31/se-mem-base-2021-10-31.xsd#se-mem-base_FinansiellRapportLikvidatornAvgerArsredovisningMember" xlink:label="FinansiellRapportLikvidatornAvgerArsredovisningMember" xlink:title="FinansiellRapportLikvidatornAvgerArsredovisningMember"/>
    <link:definitionArc xlink:type="arc" xlink:arcrole="http://xbrl.org/int/dim/arcrole/domain-member" xlink:from="FinansiellRapportDomain" xlink:to="FinansiellRapportLikvidatornAvgerArsredovisningMember" xlink:title="definition: FinansiellRapportDomain to FinansiellRapportLikvidatornAvgerArsredovisningMember" order="3.0"/>
    <link:loc xlink:type="locator" xlink:href="../../../../base/se-mem-base/2021-10-31/se-mem-base-2021-10-31.xsd#se-mem-base_FinansiellRapportLikvidatornAvgerArsredovisningKoncernredovisningMember" xlink:label="FinansiellRapportLikvidatornAvgerArsredovisningKoncernredovisningMember" xlink:title="FinansiellRapportLikvidatornAvgerArsredovisningKoncernredovisningMember"/>
    <link:definitionArc xlink:type="arc" xlink:arcrole="http://xbrl.org/int/dim/arcrole/domain-member" xlink:from="FinansiellRapportDomain" xlink:to="FinansiellRapportLikvidatornAvgerArsredovisningKoncernredovisningMember" xlink:title="definition: FinansiellRapportDomain to FinansiellRapportLikvidatornAvgerArsredovisningKoncernredovisningMember" order="6.0"/>
  </link:definitionLink>
</link:linkbase>
