<?xml version="1.0" encoding="UTF-8"?>
<!-- Generated by Fujitsu Interstage XWand B0255 -->
<link:linkbase xmlns:xsi="http://www.w3.org/2001/XMLSchema-instance" xsi:schemaLocation="http://www.xbrl.org/2004/ref http://www.xbrl.org/2004/ref-2004-08-10.xsd http://www.xbrl.org/2003/linkbase http://www.xbrl.org/2003/xbrl-linkbase-2003-12-31.xsd" xmlns:se-cd-base="http://www.taxonomier.se/se/fr/cd-base/2021-10-31" xmlns:link="http://www.xbrl.org/2003/linkbase" xmlns:ref="http://www.xbrl.org/2004/ref" xmlns:xlink="http://www.w3.org/1999/xlink" xmlns:xbrli="http://www.xbrl.org/2003/instance">
  <link:roleRef roleURI="http://www.taxonomier.se/se/fr/role/reference/legislation/fl" xlink:type="simple" xlink:href="../../../shared/role/se-leg-role/2021-10-31/se-leg-role-2021-10-31.xsd#LEG_ROLE_FL"/>
  <link:referenceLink xlink:type="extended" xlink:role="http://www.taxonomier.se/se/fr/role/reference/legislation/fl">
    <link:loc xlink:type="locator" xlink:href="se-cd-base-2021-10-31.xsd#se-cd-base_ForetagetsNamnAbstract" xlink:label="label_ForetagetsNamnAbstract_0" xlink:title="label_ForetagetsNamnAbstract_0"/>
    <link:reference xlink:type="resource" xlink:label="res_ForetagetsNamnAbstract_0" xlink:role="http://www.xbrl.org/2003/role/reference" xlink:title="res_ForetagetsNamnAbstract_0" id="res_ForetagetsNamnAbstract_0">
      <ref:Name>Firmalagen</ref:Name>
      <ref:Number>1974:156</ref:Number>
      <ref:Chapter>1</ref:Chapter>
      <ref:Section>1</ref:Section>
    </link:reference>
    <link:referenceArc xlink:type="arc" xlink:arcrole="http://www.xbrl.org/2003/arcrole/concept-reference" xlink:from="label_ForetagetsNamnAbstract_0" xlink:to="res_ForetagetsNamnAbstract_0" xlink:title="reference: label_ForetagetsNamnAbstract_0 to res_ForetagetsNamnAbstract_0"/>
    <link:loc xlink:type="locator" xlink:href="se-cd-base-2021-10-31.xsd#se-cd-base_ForetagetsNamn" xlink:label="label_ForetagetsNamn_1" xlink:title="label_ForetagetsNamn_1"/>
    <link:reference xlink:type="resource" xlink:label="res_ForetagetsNamn_1" xlink:role="http://www.xbrl.org/2003/role/reference" xlink:title="res_ForetagetsNamn_1" id="res_ForetagetsNamn_1">
      <ref:Name>Firmalagen</ref:Name>
      <ref:Number>1974:156</ref:Number>
      <ref:Chapter>1</ref:Chapter>
      <ref:Section>1</ref:Section>
    </link:reference>
    <link:referenceArc xlink:type="arc" xlink:arcrole="http://www.xbrl.org/2003/arcrole/concept-reference" xlink:from="label_ForetagetsNamn_1" xlink:to="res_ForetagetsNamn_1" xlink:title="reference: label_ForetagetsNamn_1 to res_ForetagetsNamn_1"/>
  </link:referenceLink>
</link:linkbase>
