<?xml version="1.0" encoding="UTF-8"?>
<!-- Generated by Fujitsu Interstage XWand B0255 -->
<link:linkbase xmlns:xsi="http://www.w3.org/2001/XMLSchema-instance" xsi:schemaLocation="http://www.xbrl.org/2004/ref http://www.xbrl.org/2004/ref-2004-08-10.xsd http://www.xbrl.org/2003/linkbase http://www.xbrl.org/2003/xbrl-linkbase-2003-12-31.xsd" xmlns:se-cd-base="http://www.taxonomier.se/se/fr/cd-base/2021-10-31" xmlns:link="http://www.xbrl.org/2003/linkbase" xmlns:ref="http://www.xbrl.org/2004/ref" xmlns:xlink="http://www.w3.org/1999/xlink" xmlns:xbrli="http://www.xbrl.org/2003/instance">
  <link:roleRef roleURI="http://www.taxonomier.se/se/fr/role/reference/standard/iso" xlink:type="simple" xlink:href="../../../shared/role/se-std-role/2021-10-31/se-std-role-2021-10-31.xsd#STD_ROLE_ISO"/>
  <link:referenceLink xlink:type="extended" xlink:role="http://www.taxonomier.se/se/fr/role/reference/standard/iso">
    <link:loc xlink:type="locator" xlink:href="se-cd-base-2021-10-31.xsd#se-cd-base_RedovisningsvalutaHandlingDomain" xlink:label="label_RedovisningsvalutaHandlingDomain_0" xlink:title="label_RedovisningsvalutaHandlingDomain_0"/>
    <link:reference xlink:type="resource" xlink:label="res_RedovisningsvalutaHandlingDomain_0" xlink:role="http://www.xbrl.org/2003/role/reference" xlink:title="res_RedovisningsvalutaHandlingDomain_0" id="res_RedovisningsvalutaHandlingDomain_0">
      <ref:Publisher>ISO</ref:Publisher>
      <ref:Number>4217</ref:Number>
    </link:reference>
    <link:referenceArc xlink:type="arc" xlink:arcrole="http://www.xbrl.org/2003/arcrole/concept-reference" xlink:from="label_RedovisningsvalutaHandlingDomain_0" xlink:to="res_RedovisningsvalutaHandlingDomain_0" xlink:title="reference: label_RedovisningsvalutaHandlingDomain_0 to res_RedovisningsvalutaHandlingDomain_0"/>
    <link:loc xlink:type="locator" xlink:href="se-cd-base-2021-10-31.xsd#se-cd-base_SprakHandlingUpprattadDomain" xlink:label="label_SprakHandlingUpprattadDomain_1" xlink:title="label_SprakHandlingUpprattadDomain_1"/>
    <link:reference xlink:type="resource" xlink:label="res_SprakHandlingUpprattadDomain_1" xlink:role="http://www.xbrl.org/2003/role/reference" xlink:title="res_SprakHandlingUpprattadDomain_1" id="res_SprakHandlingUpprattadDomain_1">
      <ref:Publisher>ISO</ref:Publisher>
      <ref:Number>639-1</ref:Number>
    </link:reference>
    <link:referenceArc xlink:type="arc" xlink:arcrole="http://www.xbrl.org/2003/arcrole/concept-reference" xlink:from="label_SprakHandlingUpprattadDomain_1" xlink:to="res_SprakHandlingUpprattadDomain_1" xlink:title="reference: label_SprakHandlingUpprattadDomain_1 to res_SprakHandlingUpprattadDomain_1"/>
    <link:loc xlink:type="locator" xlink:href="se-cd-base-2021-10-31.xsd#se-cd-base_LandForetagetsSateDomain" xlink:label="label_LandForetagetsSateDomain_2" xlink:title="label_LandForetagetsSateDomain_2"/>
    <link:reference xlink:type="resource" xlink:label="res_LandForetagetsSateDomain_2" xlink:role="http://www.xbrl.org/2003/role/reference" xlink:title="res_LandForetagetsSateDomain_2" id="res_LandForetagetsSateDomain_2">
      <ref:Publisher>ISO</ref:Publisher>
      <ref:Number>3166-1</ref:Number>
    </link:reference>
    <link:referenceArc xlink:type="arc" xlink:arcrole="http://www.xbrl.org/2003/arcrole/concept-reference" xlink:from="label_LandForetagetsSateDomain_2" xlink:to="res_LandForetagetsSateDomain_2" xlink:title="reference: label_LandForetagetsSateDomain_2 to res_LandForetagetsSateDomain_2"/>
  </link:referenceLink>
</link:linkbase>
