<?xml version="1.0" encoding="UTF-8"?>
<!-- Generated by Fujitsu Interstage XWand B0255 -->
<link:linkbase xmlns:xsi="http://www.w3.org/2001/XMLSchema-instance" xsi:schemaLocation="http://www.xbrl.org/2003/linkbase http://www.xbrl.org/2003/xbrl-linkbase-2003-12-31.xsd" xmlns:link="http://www.xbrl.org/2003/linkbase" xmlns:se-gen-base="http://www.taxonomier.se/se/fr/gen-base/2021-10-31" xmlns:xbrli="http://www.xbrl.org/2003/instance" xmlns:xlink="http://www.w3.org/1999/xlink">
  <link:labelLink xlink:type="extended" xlink:role="http://www.xbrl.org/2003/role/link">
    <link:loc xlink:type="locator" xlink:href="se-cd-base-2021-10-31.xsd#se-cd-base_ForetagetsNamnAbstract" xlink:label="lbl_se-cd-base_ForetagetsNamnAbstract_3"/>
    <link:label xlink:type="resource" xlink:label="res_se-cd-base_ForetagetsNamnAbstract_3" xlink:role="http://www.xbrl.org/2003/role/documentation" xml:lang="en">Information on the undertaking's name. The name of the undertaking is the name under which the undertaking operates</link:label>
    <link:labelArc xlink:type="arc" xlink:arcrole="http://www.xbrl.org/2003/arcrole/concept-label" xlink:from="lbl_se-cd-base_ForetagetsNamnAbstract_3" xlink:to="res_se-cd-base_ForetagetsNamnAbstract_3"/>
    <link:loc xlink:type="locator" xlink:href="se-cd-base-2021-10-31.xsd#se-cd-base_ForetagetsNamn" xlink:label="lbl_se-cd-base_ForetagetsNamn_8"/>
    <link:label xlink:type="resource" xlink:label="res_se-cd-base_ForetagetsNamn_8" xlink:role="http://www.xbrl.org/2003/role/documentation" xml:lang="en">The undertaking's registered name, the name under which the undertaking operates</link:label>
    <link:labelArc xlink:type="arc" xlink:arcrole="http://www.xbrl.org/2003/arcrole/concept-label" xlink:from="lbl_se-cd-base_ForetagetsNamn_8" xlink:to="res_se-cd-base_ForetagetsNamn_8"/>
    <link:loc xlink:type="locator" xlink:href="se-cd-base-2021-10-31.xsd#se-cd-base_ForetagetsTidigareNamn" xlink:label="lbl_se-cd-base_ForetagetsTidigareNamn_0"/>
    <link:label xlink:type="resource" xlink:label="res_se-cd-base_ForetagetsTidigareNamn_0" xlink:role="http://www.xbrl.org/2003/role/documentation" xml:lang="en">The undertaking's previously registered name, if the undertaking has changed its name during the period to which the report relates or after the end of the period</link:label>
    <link:labelArc xlink:type="arc" xlink:arcrole="http://www.xbrl.org/2003/arcrole/concept-label" xlink:from="lbl_se-cd-base_ForetagetsTidigareNamn_0" xlink:to="res_se-cd-base_ForetagetsTidigareNamn_0"/>
    <link:loc xlink:type="locator" xlink:href="se-cd-base-2021-10-31.xsd#se-cd-base_Organisationsnummer" xlink:label="lbl_se-cd-base_Organisationsnummer_11"/>
    <link:label xlink:type="resource" xlink:label="res_se-cd-base_Organisationsnummer_11" xlink:role="http://www.xbrl.org/2003/role/documentation" xml:lang="en">The corporate identity number is a unique and uniform identifier for authorities, undertakings etc. and organisations (legal entities in general)</link:label>
    <link:labelArc xlink:type="arc" xlink:arcrole="http://www.xbrl.org/2003/arcrole/concept-label" xlink:from="lbl_se-cd-base_Organisationsnummer_11" xlink:to="res_se-cd-base_Organisationsnummer_11"/>
    <link:loc xlink:type="locator" xlink:href="se-cd-base-2021-10-31.xsd#se-cd-base_ForetagetsSate" xlink:label="lbl_se-cd-base_ForetagetsSate_4"/>
    <link:label xlink:type="resource" xlink:label="res_se-cd-base_ForetagetsSate_4" xlink:role="http://www.xbrl.org/2003/role/documentation" xml:lang="en">List item for specification of country, in which the undertaking has its domicile, the country code is based on the ISO 3166 standard</link:label>
    <link:labelArc xlink:type="arc" xlink:arcrole="http://www.xbrl.org/2003/arcrole/concept-label" xlink:from="lbl_se-cd-base_ForetagetsSate_4" xlink:to="res_se-cd-base_ForetagetsSate_4"/>
    <link:loc xlink:type="locator" xlink:href="se-cd-base-2021-10-31.xsd#se-cd-base_RakenskapsarAbstract" xlink:label="lbl_se-cd-base_RakenskapsarAbstract_7"/>
    <link:label xlink:type="resource" xlink:label="res_se-cd-base_RakenskapsarAbstract_7" xlink:role="http://www.xbrl.org/2003/role/documentation" xml:lang="en">Information on the financial year</link:label>
    <link:labelArc xlink:type="arc" xlink:arcrole="http://www.xbrl.org/2003/arcrole/concept-label" xlink:from="lbl_se-cd-base_RakenskapsarAbstract_7" xlink:to="res_se-cd-base_RakenskapsarAbstract_7"/>
    <link:loc xlink:type="locator" xlink:href="se-cd-base-2021-10-31.xsd#se-cd-base_RakenskapsarForstaDag" xlink:label="lbl_se-cd-base_RakenskapsarForstaDag_13"/>
    <link:label xlink:type="resource" xlink:label="res_se-cd-base_RakenskapsarForstaDag_13" xlink:role="http://www.xbrl.org/2003/role/documentation" xml:lang="en">First day of current financial year</link:label>
    <link:labelArc xlink:type="arc" xlink:arcrole="http://www.xbrl.org/2003/arcrole/concept-label" xlink:from="lbl_se-cd-base_RakenskapsarForstaDag_13" xlink:to="res_se-cd-base_RakenskapsarForstaDag_13"/>
    <link:loc xlink:type="locator" xlink:href="se-cd-base-2021-10-31.xsd#se-cd-base_RakenskapsarSistaDag" xlink:label="lbl_se-cd-base_RakenskapsarSistaDag_10"/>
    <link:label xlink:type="resource" xlink:label="res_se-cd-base_RakenskapsarSistaDag_10" xlink:role="http://www.xbrl.org/2003/role/documentation" xml:lang="en">Last day of current financial year</link:label>
    <link:labelArc xlink:type="arc" xlink:arcrole="http://www.xbrl.org/2003/arcrole/concept-label" xlink:from="lbl_se-cd-base_RakenskapsarSistaDag_10" xlink:to="res_se-cd-base_RakenskapsarSistaDag_10"/>
    <link:loc xlink:type="locator" xlink:href="se-cd-base-2021-10-31.xsd#se-cd-base_ValtRevisionsbolagsnamn" xlink:label="lbl_se-cd-base_ValtRevisionsbolagsnamn_9"/>
    <link:label xlink:type="resource" xlink:label="res_se-cd-base_ValtRevisionsbolagsnamn_9" xlink:role="http://www.xbrl.org/2003/role/documentation" xml:lang="en">Indicates which audit firm has been elected to be responsible for audit</link:label>
    <link:labelArc xlink:type="arc" xlink:arcrole="http://www.xbrl.org/2003/arcrole/concept-label" xlink:from="lbl_se-cd-base_ValtRevisionsbolagsnamn_9" xlink:to="res_se-cd-base_ValtRevisionsbolagsnamn_9"/>
    <link:loc xlink:type="locator" xlink:href="se-cd-base-2021-10-31.xsd#se-cd-base_SprakHandlingUpprattadList" xlink:label="lbl_se-cd-base_SprakHandlingUpprattadList_5"/>
    <link:label xlink:type="resource" xlink:label="res_se-cd-base_SprakHandlingUpprattadList_5" xlink:role="http://www.xbrl.org/2003/role/documentation" xml:lang="en">List item for specification of language in which the document is prepared, the language code is based on the ISO 639 standard</link:label>
    <link:labelArc xlink:type="arc" xlink:arcrole="http://www.xbrl.org/2003/arcrole/concept-label" xlink:from="lbl_se-cd-base_SprakHandlingUpprattadList_5" xlink:to="res_se-cd-base_SprakHandlingUpprattadList_5"/>
    <link:loc xlink:type="locator" xlink:href="se-cd-base-2021-10-31.xsd#se-cd-base_RedovisningsvalutaHandlingList" xlink:label="lbl_se-cd-base_RedovisningsvalutaHandlingList_1"/>
    <link:label xlink:type="resource" xlink:label="res_se-cd-base_RedovisningsvalutaHandlingList_1" xlink:role="http://www.xbrl.org/2003/role/documentation" xml:lang="en">List item for specification of the currency, in which the report is presented, the currency code is based on the standard ISO 4217</link:label>
    <link:labelArc xlink:type="arc" xlink:arcrole="http://www.xbrl.org/2003/arcrole/concept-label" xlink:from="lbl_se-cd-base_RedovisningsvalutaHandlingList_1" xlink:to="res_se-cd-base_RedovisningsvalutaHandlingList_1"/>
    <link:loc xlink:type="locator" xlink:href="se-cd-base-2021-10-31.xsd#se-cd-base_BeloppsformatList" xlink:label="lbl_se-cd-base_BeloppsformatList_6"/>
    <link:label xlink:type="resource" xlink:label="res_se-cd-base_BeloppsformatList_6" xlink:role="http://www.xbrl.org/2003/role/documentation" xml:lang="en">Information on format of amounts; Swedish kronor, thousands of Swedish kronor, euros or hundreds of euros</link:label>
    <link:labelArc xlink:type="arc" xlink:arcrole="http://www.xbrl.org/2003/arcrole/concept-label" xlink:from="lbl_se-cd-base_BeloppsformatList_6" xlink:to="res_se-cd-base_BeloppsformatList_6"/>
    <link:loc xlink:type="locator" xlink:href="se-cd-base-2021-10-31.xsd#se-cd-base_LandForetagetsSateList" xlink:label="lbl_se-cd-base_LandForetagetsSateList_12"/>
    <link:label xlink:type="resource" xlink:label="res_se-cd-base_LandForetagetsSateList_12" xlink:role="http://www.xbrl.org/2003/role/documentation" xml:lang="en">List selection for the country in which the undertaking has its domicile, the country code is based on the standard ISO 3166</link:label>
    <link:labelArc xlink:type="arc" xlink:arcrole="http://www.xbrl.org/2003/arcrole/concept-label" xlink:from="lbl_se-cd-base_LandForetagetsSateList_12" xlink:to="res_se-cd-base_LandForetagetsSateList_12"/>
  </link:labelLink>
</link:linkbase>
