<?xml version="1.0" encoding="UTF-8"?>
<!-- Generated by Fujitsu Interstage XWand B0255 -->
<link:linkbase xmlns:xsi="http://www.w3.org/2001/XMLSchema-instance" xsi:schemaLocation="http://www.xbrl.org/2003/linkbase http://www.xbrl.org/2003/xbrl-linkbase-2003-12-31.xsd" xmlns:se-cd-base="http://www.taxonomier.se/se/fr/cd-base/2021-10-31" xmlns:link="http://www.xbrl.org/2003/linkbase" xmlns:xbrli="http://www.xbrl.org/2003/instance" xmlns:xlink="http://www.w3.org/1999/xlink">
  <link:labelLink xlink:type="extended" xlink:role="http://www.xbrl.org/2003/role/link">
    <link:loc xlink:type="locator" xlink:href="se-cd-base-2021-10-31.xsd#se-cd-base_ForetagetsNamnAbstract" xlink:label="se-cd-base_ForetagetsNamnAbstract_4839" xlink:title="se-cd-base_ForetagetsNamnAbstract_4839"/>
    <link:label xlink:type="resource" xlink:label="se-cd-base_ForetagetsNamnAbstract_4840" xlink:role="http://www.xbrl.org/2003/role/label" xlink:title="se-cd-base_ForetagetsNamnAbstract_4840" xml:lang="sv">Företagets namn (Presentation)</link:label>
    <link:labelArc xlink:type="arc" xlink:arcrole="http://www.xbrl.org/2003/arcrole/concept-label" xlink:from="se-cd-base_ForetagetsNamnAbstract_4839" xlink:to="se-cd-base_ForetagetsNamnAbstract_4840" xlink:title="label: se-cd-base_ForetagetsNamnAbstract_4839 to se-cd-base_ForetagetsNamnAbstract_4840"/>
    <link:loc xlink:type="locator" xlink:href="se-cd-base-2021-10-31.xsd#se-cd-base_ForetagetsNamn" xlink:label="se-cd-base_ForetagetsNamn_4841" xlink:title="se-cd-base_ForetagetsNamn_4841"/>
    <link:label xlink:type="resource" xlink:label="se-cd-base_ForetagetsNamn_4842" xlink:role="http://www.xbrl.org/2003/role/label" xlink:title="se-cd-base_ForetagetsNamn_4842" xml:lang="sv">Företagets nuvarande namn</link:label>
    <link:labelArc xlink:type="arc" xlink:arcrole="http://www.xbrl.org/2003/arcrole/concept-label" xlink:from="se-cd-base_ForetagetsNamn_4841" xlink:to="se-cd-base_ForetagetsNamn_4842" xlink:title="label: se-cd-base_ForetagetsNamn_4841 to se-cd-base_ForetagetsNamn_4842"/>
    <link:loc xlink:type="locator" xlink:href="se-cd-base-2021-10-31.xsd#se-cd-base_ForetagetsTidigareNamn" xlink:label="se-cd-base_ForetagetsTidigareNamn_4843" xlink:title="se-cd-base_ForetagetsTidigareNamn_4843"/>
    <link:label xlink:type="resource" xlink:label="se-cd-base_ForetagetsTidigareNamn_4844" xlink:role="http://www.xbrl.org/2003/role/label" xlink:title="se-cd-base_ForetagetsTidigareNamn_4844" xml:lang="sv">Företagets tidigare namn</link:label>
    <link:labelArc xlink:type="arc" xlink:arcrole="http://www.xbrl.org/2003/arcrole/concept-label" xlink:from="se-cd-base_ForetagetsTidigareNamn_4843" xlink:to="se-cd-base_ForetagetsTidigareNamn_4844" xlink:title="label: se-cd-base_ForetagetsTidigareNamn_4843 to se-cd-base_ForetagetsTidigareNamn_4844"/>
    <link:loc xlink:type="locator" xlink:href="se-cd-base-2021-10-31.xsd#se-cd-base_Organisationsnummer" xlink:label="se-cd-base_Organisationsnummer_4845" xlink:title="se-cd-base_Organisationsnummer_4845"/>
    <link:label xlink:type="resource" xlink:label="se-cd-base_Organisationsnummer_4846" xlink:role="http://www.xbrl.org/2003/role/label" xlink:title="se-cd-base_Organisationsnummer_4846" xml:lang="sv">Organisationsnummer</link:label>
    <link:labelArc xlink:type="arc" xlink:arcrole="http://www.xbrl.org/2003/arcrole/concept-label" xlink:from="se-cd-base_Organisationsnummer_4845" xlink:to="se-cd-base_Organisationsnummer_4846" xlink:title="label: se-cd-base_Organisationsnummer_4845 to se-cd-base_Organisationsnummer_4846"/>
    <link:loc xlink:type="locator" xlink:href="se-cd-base-2021-10-31.xsd#se-cd-base_ForetagetsSate" xlink:label="se-cd-base_ForetagetsSate_4847" xlink:title="se-cd-base_ForetagetsSate_4847"/>
    <link:label xlink:type="resource" xlink:label="se-cd-base_ForetagetsSate_4848" xlink:role="http://www.xbrl.org/2003/role/label" xlink:title="se-cd-base_ForetagetsSate_4848" xml:lang="sv">Företagets säte</link:label>
    <link:labelArc xlink:type="arc" xlink:arcrole="http://www.xbrl.org/2003/arcrole/concept-label" xlink:from="se-cd-base_ForetagetsSate_4847" xlink:to="se-cd-base_ForetagetsSate_4848" xlink:title="label: se-cd-base_ForetagetsSate_4847 to se-cd-base_ForetagetsSate_4848"/>
    <link:loc xlink:type="locator" xlink:href="se-cd-base-2021-10-31.xsd#se-cd-base_MatEnhet" xlink:label="se-cd-base_MatEnhet_4853" xlink:title="se-cd-base_MatEnhet_4853"/>
    <link:label xlink:type="resource" xlink:label="se-cd-base_MatEnhet_4854" xlink:role="http://www.xbrl.org/2003/role/label" xlink:title="se-cd-base_MatEnhet_4854" xml:lang="sv">Mätenhet för redovisade belopp</link:label>
    <link:labelArc xlink:type="arc" xlink:arcrole="http://www.xbrl.org/2003/arcrole/concept-label" xlink:from="se-cd-base_MatEnhet_4853" xlink:to="se-cd-base_MatEnhet_4854" xlink:title="label: se-cd-base_MatEnhet_4853 to se-cd-base_MatEnhet_4854"/>
    <link:loc xlink:type="locator" xlink:href="se-cd-base-2021-10-31.xsd#se-cd-base_RakenskapsarAbstract" xlink:label="se-cd-base_RakenskapsarAbstract_4857" xlink:title="se-cd-base_RakenskapsarAbstract_4857"/>
    <link:label xlink:type="resource" xlink:label="se-cd-base_RakenskapsarAbstract_4858" xlink:role="http://www.xbrl.org/2003/role/label" xlink:title="se-cd-base_RakenskapsarAbstract_4858" xml:lang="sv">Räkenskapsår (Presentation)</link:label>
    <link:labelArc xlink:type="arc" xlink:arcrole="http://www.xbrl.org/2003/arcrole/concept-label" xlink:from="se-cd-base_RakenskapsarAbstract_4857" xlink:to="se-cd-base_RakenskapsarAbstract_4858" xlink:title="label: se-cd-base_RakenskapsarAbstract_4857 to se-cd-base_RakenskapsarAbstract_4858"/>
    <link:loc xlink:type="locator" xlink:href="se-cd-base-2021-10-31.xsd#se-cd-base_RakenskapsarForstaDag" xlink:label="se-cd-base_RakenskapsarForstaDag_4859" xlink:title="se-cd-base_RakenskapsarForstaDag_4859"/>
    <link:label xlink:type="resource" xlink:label="se-cd-base_RakenskapsarForstaDag_4860" xlink:role="http://www.xbrl.org/2003/role/label" xlink:title="se-cd-base_RakenskapsarForstaDag_4860" xml:lang="sv">Räkenskapsårets första dag</link:label>
    <link:labelArc xlink:type="arc" xlink:arcrole="http://www.xbrl.org/2003/arcrole/concept-label" xlink:from="se-cd-base_RakenskapsarForstaDag_4859" xlink:to="se-cd-base_RakenskapsarForstaDag_4860" xlink:title="label: se-cd-base_RakenskapsarForstaDag_4859 to se-cd-base_RakenskapsarForstaDag_4860"/>
    <link:loc xlink:type="locator" xlink:href="se-cd-base-2021-10-31.xsd#se-cd-base_RakenskapsarSistaDag" xlink:label="se-cd-base_RakenskapsarSistaDag_4861" xlink:title="se-cd-base_RakenskapsarSistaDag_4861"/>
    <link:label xlink:type="resource" xlink:label="se-cd-base_RakenskapsarSistaDag_4862" xlink:role="http://www.xbrl.org/2003/role/label" xlink:title="se-cd-base_RakenskapsarSistaDag_4862" xml:lang="sv">Räkenskapsårets sista dag</link:label>
    <link:labelArc xlink:type="arc" xlink:arcrole="http://www.xbrl.org/2003/arcrole/concept-label" xlink:from="se-cd-base_RakenskapsarSistaDag_4861" xlink:to="se-cd-base_RakenskapsarSistaDag_4862" xlink:title="label: se-cd-base_RakenskapsarSistaDag_4861 to se-cd-base_RakenskapsarSistaDag_4862"/>
    <link:loc xlink:type="locator" xlink:href="se-cd-base-2021-10-31.xsd#se-cd-base_ValtRevisionsbolagsnamn" xlink:label="se-cd-base_ValtRevisionsbolagsnamn_4863" xlink:title="se-cd-base_ValtRevisionsbolagsnamn_4863"/>
    <link:label xlink:type="resource" xlink:label="se-cd-base_ValtRevisionsbolagsnamn_4864" xlink:role="http://www.xbrl.org/2003/role/label" xlink:title="se-cd-base_ValtRevisionsbolagsnamn_4864" xml:lang="sv">Valt revisionsbolags namn</link:label>
    <link:labelArc xlink:type="arc" xlink:arcrole="http://www.xbrl.org/2003/arcrole/concept-label" xlink:from="se-cd-base_ValtRevisionsbolagsnamn_4863" xlink:to="se-cd-base_ValtRevisionsbolagsnamn_4864" xlink:title="label: se-cd-base_ValtRevisionsbolagsnamn_4863 to se-cd-base_ValtRevisionsbolagsnamn_4864"/>
    <link:loc xlink:type="locator" xlink:href="se-cd-base-2021-10-31.xsd#se-cd-base_BeloppsformatDomain" xlink:label="BeloppsformatDomain" xlink:title="BeloppsformatDomain"/>
    <link:label xlink:type="resource" xlink:label="label_BeloppsformatDomain" xlink:role="http://www.xbrl.org/2003/role/label" xlink:title="label_BeloppsformatDomain" xml:lang="sv" id="label_BeloppsformatDomain">Beloppsformat som används i handlingen (Värdedomän)</link:label>
    <link:labelArc xlink:type="arc" xlink:arcrole="http://www.xbrl.org/2003/arcrole/concept-label" xlink:from="BeloppsformatDomain" xlink:to="label_BeloppsformatDomain" xlink:title="label: BeloppsformatDomain to label_BeloppsformatDomain"/>
    <link:loc xlink:type="locator" xlink:href="se-cd-base-2021-10-31.xsd#se-cd-base_LandForetagetsSateDomain" xlink:label="LandskodDomain" xlink:title="LandskodDomain"/>
    <link:label xlink:type="resource" xlink:label="label_LandskodDomain" xlink:role="http://www.xbrl.org/2003/role/label" xlink:title="label_LandskodDomain" xml:lang="sv" id="label_LandskodDomain">Land i vilket företaget har sitt säte (Värdedomän)</link:label>
    <link:labelArc xlink:type="arc" xlink:arcrole="http://www.xbrl.org/2003/arcrole/concept-label" xlink:from="LandskodDomain" xlink:to="label_LandskodDomain" xlink:title="label: LandskodDomain to label_LandskodDomain"/>
    <link:loc xlink:type="locator" xlink:href="se-cd-base-2021-10-31.xsd#se-cd-base_SprakHandlingUpprattadDomain" xlink:label="SprakkodDomain" xlink:title="SprakkodDomain"/>
    <link:label xlink:type="resource" xlink:label="label_SprakkodDomain" xlink:role="http://www.xbrl.org/2003/role/label" xlink:title="label_SprakkodDomain" xml:lang="sv" id="label_SprakkodDomain">Språk som handlingen är upprättad på (Värdedomän)</link:label>
    <link:labelArc xlink:type="arc" xlink:arcrole="http://www.xbrl.org/2003/arcrole/concept-label" xlink:from="SprakkodDomain" xlink:to="label_SprakkodDomain" xlink:title="label: SprakkodDomain to label_SprakkodDomain"/>
    <link:loc xlink:type="locator" xlink:href="se-cd-base-2021-10-31.xsd#se-cd-base_SprakHandlingUpprattadList" xlink:label="SprakHandlingUpprattadList" xlink:title="SprakHandlingUpprattadList"/>
    <link:label xlink:type="resource" xlink:label="label_SprakHandlingUpprattadList" xlink:role="http://www.xbrl.org/2003/role/label" xlink:title="label_SprakHandlingUpprattadList" xml:lang="sv" id="label_SprakHandlingUpprattadList">Språk som handlingen är upprättad på (Vallista)</link:label>
    <link:labelArc xlink:type="arc" xlink:arcrole="http://www.xbrl.org/2003/arcrole/concept-label" xlink:from="SprakHandlingUpprattadList" xlink:to="label_SprakHandlingUpprattadList" xlink:title="label: SprakHandlingUpprattadList to label_SprakHandlingUpprattadList"/>
    <link:loc xlink:type="locator" xlink:href="se-cd-base-2021-10-31.xsd#se-cd-base_RedovisningsvalutaHandlingList" xlink:label="RedovisningsvalutaHandlingList" xlink:title="RedovisningsvalutaHandlingList"/>
    <link:label xlink:type="resource" xlink:label="label_RedovisningsvalutaHandlingList" xlink:role="http://www.xbrl.org/2003/role/label" xlink:title="label_RedovisningsvalutaHandlingList" xml:lang="sv" id="label_RedovisningsvalutaHandlingList">Redovisningsvaluta för rapporten (Vallista)</link:label>
    <link:labelArc xlink:type="arc" xlink:arcrole="http://www.xbrl.org/2003/arcrole/concept-label" xlink:from="RedovisningsvalutaHandlingList" xlink:to="label_RedovisningsvalutaHandlingList" xlink:title="label: RedovisningsvalutaHandlingList to label_RedovisningsvalutaHandlingList"/>
    <link:loc xlink:type="locator" xlink:href="se-cd-base-2021-10-31.xsd#se-cd-base_RedovisningsvalutaHandlingDomain" xlink:label="RedovisningsvalutaHandlingDomain" xlink:title="RedovisningsvalutaHandlingDomain"/>
    <link:label xlink:type="resource" xlink:label="label_RedovisningsvalutaHandlingDomain" xlink:role="http://www.xbrl.org/2003/role/label" xlink:title="label_RedovisningsvalutaHandlingDomain" xml:lang="sv" id="label_RedovisningsvalutaHandlingDomain">Redovisningsvaluta för rapporten (Värdedomän)</link:label>
    <link:labelArc xlink:type="arc" xlink:arcrole="http://www.xbrl.org/2003/arcrole/concept-label" xlink:from="RedovisningsvalutaHandlingDomain" xlink:to="label_RedovisningsvalutaHandlingDomain" xlink:title="label: RedovisningsvalutaHandlingDomain to label_RedovisningsvalutaHandlingDomain"/>
    <link:loc xlink:type="locator" xlink:href="se-cd-base-2021-10-31.xsd#se-cd-base_BeloppsformatList" xlink:label="BeloppsformatList" xlink:title="BeloppsformatList"/>
    <link:label xlink:type="resource" xlink:label="label_BeloppsformatList" xlink:role="http://www.xbrl.org/2003/role/label" xlink:title="label_BeloppsformatList" xml:lang="sv" id="label_BeloppsformatList">Beloppsformat som används i handlingen (Vallista)</link:label>
    <link:labelArc xlink:type="arc" xlink:arcrole="http://www.xbrl.org/2003/arcrole/concept-label" xlink:from="BeloppsformatList" xlink:to="label_BeloppsformatList" xlink:title="label: BeloppsformatList to label_BeloppsformatList"/>
    <link:loc xlink:type="locator" xlink:href="se-cd-base-2021-10-31.xsd#se-cd-base_LandForetagetsSateList" xlink:label="LandForetagetsSateList" xlink:title="LandForetagetsSateList"/>
    <link:label xlink:type="resource" xlink:label="label_LandForetagetsSateList" xlink:role="http://www.xbrl.org/2003/role/label" xlink:title="label_LandForetagetsSateList" xml:lang="sv" id="label_LandForetagetsSateList">Land i vilket företaget har sitt säte (Vallista)</link:label>
    <link:labelArc xlink:type="arc" xlink:arcrole="http://www.xbrl.org/2003/arcrole/concept-label" xlink:from="LandForetagetsSateList" xlink:to="label_LandForetagetsSateList" xlink:title="label: LandForetagetsSateList to label_LandForetagetsSateList"/>
    <link:loc xlink:type="locator" xlink:href="se-cd-base-2021-10-31.xsd#se-cd-base_DelarsperiodAbstract" xlink:label="DelarsperiodAbstract" xlink:title="DelarsperiodAbstract"/>
    <link:label xlink:type="resource" xlink:label="label_DelarsperiodAbstract" xlink:role="http://www.xbrl.org/2003/role/label" xlink:title="label_DelarsperiodAbstract" xml:lang="sv" id="label_DelarsperiodAbstract">Delårsperiod (Presentation)</link:label>
    <link:labelArc xlink:type="arc" xlink:arcrole="http://www.xbrl.org/2003/arcrole/concept-label" xlink:from="DelarsperiodAbstract" xlink:to="label_DelarsperiodAbstract" xlink:title="label: DelarsperiodAbstract to label_DelarsperiodAbstract"/>
    <link:loc xlink:type="locator" xlink:href="se-cd-base-2021-10-31.xsd#se-cd-base_DelarsperiodForstaDag" xlink:label="DelarsperiodForstaDag" xlink:title="DelarsperiodForstaDag"/>
    <link:label xlink:type="resource" xlink:label="label_DelarsperiodForstaDag" xlink:role="http://www.xbrl.org/2003/role/label" xlink:title="label_DelarsperiodForstaDag" xml:lang="sv" id="label_DelarsperiodForstaDag">Delårsperiodens första dag</link:label>
    <link:labelArc xlink:type="arc" xlink:arcrole="http://www.xbrl.org/2003/arcrole/concept-label" xlink:from="DelarsperiodForstaDag" xlink:to="label_DelarsperiodForstaDag" xlink:title="label: DelarsperiodForstaDag to label_DelarsperiodForstaDag"/>
    <link:loc xlink:type="locator" xlink:href="se-cd-base-2021-10-31.xsd#se-cd-base_DelarsperiodSistaDag" xlink:label="DelarsperiodSistaDag" xlink:title="DelarsperiodSistaDag"/>
    <link:label xlink:type="resource" xlink:label="label_DelarsperiodSistaDag" xlink:role="http://www.xbrl.org/2003/role/label" xlink:title="label_DelarsperiodSistaDag" xml:lang="sv" id="label_DelarsperiodSistaDag">Delårsperiodens sista dag</link:label>
    <link:labelArc xlink:type="arc" xlink:arcrole="http://www.xbrl.org/2003/arcrole/concept-label" xlink:from="DelarsperiodSistaDag" xlink:to="label_DelarsperiodSistaDag" xlink:title="label: DelarsperiodSistaDag to label_DelarsperiodSistaDag"/>
    <link:loc xlink:type="locator" xlink:href="se-cd-base-2021-10-31.xsd#se-cd-base_Rapportmanad" xlink:label="newItem" xlink:title="newItem"/>
    <link:label xlink:type="resource" xlink:label="label_Rapportmanad" xlink:role="http://www.xbrl.org/2003/role/label" xlink:title="label_Rapportmanad" xml:lang="sv" id="label_Rapportmanad">Kalendermånad som rapporten avser</link:label>
    <link:labelArc xlink:type="arc" xlink:arcrole="http://www.xbrl.org/2003/arcrole/concept-label" xlink:from="newItem" xlink:to="label_Rapportmanad" xlink:title="label: Rapportmanad to label_Rapportmanad"/>
    <link:loc xlink:type="locator" xlink:href="se-cd-base-2021-10-31.xsd#se-cd-base_KontaktuppgifterAbstract" xlink:label="KontaktuppgifterAbstract" xlink:title="KontaktuppgifterAbstract"/>
    <link:label xlink:type="resource" xlink:label="label_KontaktuppgifterAbstract" xlink:role="http://www.xbrl.org/2003/role/label" xlink:title="label_KontaktuppgifterAbstract" xml:lang="sv" id="label_KontaktuppgifterAbstract">Kontaktuppgifter (Presentation)</link:label>
    <link:labelArc xlink:type="arc" xlink:arcrole="http://www.xbrl.org/2003/arcrole/concept-label" xlink:from="KontaktuppgifterAbstract" xlink:to="label_KontaktuppgifterAbstract" xlink:title="label: KontaktuppgifterAbstract to label_KontaktuppgifterAbstract"/>
    <link:loc xlink:type="locator" xlink:href="se-cd-base-2021-10-31.xsd#se-cd-base_KontaktpersonFornamn" xlink:label="KontaktpersonFornamn" xlink:title="KontaktpersonFornamn"/>
    <link:label xlink:type="resource" xlink:label="label_KontaktpersonFornamn" xlink:role="http://www.xbrl.org/2003/role/label" xlink:title="label_KontaktpersonFornamn" xml:lang="sv" id="label_KontaktpersonFornamn">Kontaktperson förnamn</link:label>
    <link:labelArc xlink:type="arc" xlink:arcrole="http://www.xbrl.org/2003/arcrole/concept-label" xlink:from="KontaktpersonFornamn" xlink:to="label_KontaktpersonFornamn" xlink:title="label: KontaktpersonFornamn to label_KontaktpersonFornamn"/>
    <link:loc xlink:type="locator" xlink:href="se-cd-base-2021-10-31.xsd#se-cd-base_KontaktpersonEfternamn" xlink:label="KontaktpersonEfternamn" xlink:title="KontaktpersonEfternamn"/>
    <link:label xlink:type="resource" xlink:label="label_KontaktpersonEfternamn" xlink:role="http://www.xbrl.org/2003/role/label" xlink:title="label_KontaktpersonEfternamn" xml:lang="sv" id="label_KontaktpersonEfternamn">Kontaktperson efternamn</link:label>
    <link:labelArc xlink:type="arc" xlink:arcrole="http://www.xbrl.org/2003/arcrole/concept-label" xlink:from="KontaktpersonEfternamn" xlink:to="label_KontaktpersonEfternamn" xlink:title="label: KontaktpersonEfternamn to label_KontaktpersonEfternamn"/>
    <link:loc xlink:type="locator" xlink:href="se-cd-base-2021-10-31.xsd#se-cd-base_KontaktpersonEpost" xlink:label="KontaktpersonEpost" xlink:title="KontaktpersonEpost"/>
    <link:label xlink:type="resource" xlink:label="label_KontaktpersonEpost" xlink:role="http://www.xbrl.org/2003/role/label" xlink:title="label_KontaktpersonEpost" xml:lang="sv" id="label_KontaktpersonEpost">Kontaktperson epost</link:label>
    <link:labelArc xlink:type="arc" xlink:arcrole="http://www.xbrl.org/2003/arcrole/concept-label" xlink:from="KontaktpersonEpost" xlink:to="label_KontaktpersonEpost" xlink:title="label: KontaktpersonEpost to label_KontaktpersonEpost"/>
    <link:loc xlink:type="locator" xlink:href="se-cd-base-2021-10-31.xsd#se-cd-base_KontaktpersonTelefon" xlink:label="KontaktpersonTelefon" xlink:title="KontaktpersonTelefon"/>
    <link:label xlink:type="resource" xlink:label="label_KontaktpersonTelefon" xlink:role="http://www.xbrl.org/2003/role/label" xlink:title="label_KontaktpersonTelefon" xml:lang="sv" id="label_KontaktpersonTelefon">Kontaktperson telefonnummer</link:label>
    <link:labelArc xlink:type="arc" xlink:arcrole="http://www.xbrl.org/2003/arcrole/concept-label" xlink:from="KontaktpersonTelefon" xlink:to="label_KontaktpersonTelefon" xlink:title="label: KontaktpersonTelefon to label_KontaktpersonTelefon"/>
    <link:loc xlink:type="locator" xlink:href="se-cd-base-2021-10-31.xsd#se-cd-base_KontaktpersonKommentar" xlink:label="KontaktpersonKommentar" xlink:title="KontaktpersonKommentar"/>
    <link:label xlink:type="resource" xlink:label="label_KontaktpersonKommentar" xlink:role="http://www.xbrl.org/2003/role/label" xlink:title="label_KontaktpersonKommentar" xml:lang="sv" id="label_KontaktpersonKommentar">Kontaktperson kommentar</link:label>
    <link:labelArc xlink:type="arc" xlink:arcrole="http://www.xbrl.org/2003/arcrole/concept-label" xlink:from="KontaktpersonKommentar" xlink:to="label_KontaktpersonKommentar" xlink:title="label: KontaktpersonKommentar to label_KontaktpersonKommentar"/>
    <link:loc xlink:type="locator" xlink:href="se-cd-base-2021-10-31.xsd#se-cd-base_AllmanInformationAbstract" xlink:label="AllmanInformationAbstract" xlink:title="AllmanInformationAbstract"/>
    <link:label xlink:type="resource" xlink:label="label_AllmanInformationAbstract" xlink:role="http://www.xbrl.org/2003/role/label" xlink:title="label_AllmanInformationAbstract" xml:lang="sv" id="label_AllmanInformationAbstract">Allmän information</link:label>
    <link:labelArc xlink:type="arc" xlink:arcrole="http://www.xbrl.org/2003/arcrole/concept-label" xlink:from="AllmanInformationAbstract" xlink:to="label_AllmanInformationAbstract" xlink:title="label: AllmanInformationAbstract to label_AllmanInformationAbstract"/>
    <link:loc xlink:type="locator" xlink:href="se-cd-base-2021-10-31.xsd#se-cd-base_AllmanInformationForetagetAbstract" xlink:label="AllmanInformationForetagetAbstract" xlink:title="AllmanInformationForetagetAbstract"/>
    <link:label xlink:type="resource" xlink:label="label_AllmanInformationForetagetAbstract" xlink:role="http://www.xbrl.org/2003/role/label" xlink:title="label_AllmanInformationForetagetAbstract" xml:lang="sv" id="label_AllmanInformationForetagetAbstract">Allmän information om företaget (Presentation)</link:label>
    <link:labelArc xlink:type="arc" xlink:arcrole="http://www.xbrl.org/2003/arcrole/concept-label" xlink:from="AllmanInformationForetagetAbstract" xlink:to="label_AllmanInformationForetagetAbstract" xlink:title="label: AllmanInformationForetagetAbstract to label_AllmanInformationForetagetAbstract"/>
    <link:loc xlink:type="locator" xlink:href="se-cd-base-2021-10-31.xsd#se-cd-base_Transaktionsdatum" xlink:label="Transaktionsdatum" xlink:title="Transaktionsdatum"/>
    <link:label xlink:type="resource" xlink:label="label_Transaktionsdatum" xlink:role="http://www.xbrl.org/2003/role/label" xlink:title="label_Transaktionsdatum" xml:lang="sv" id="label_Transaktionsdatum">Transaktionsdatum</link:label>
    <link:labelArc xlink:type="arc" xlink:arcrole="http://www.xbrl.org/2003/arcrole/concept-label" xlink:from="Transaktionsdatum" xlink:to="label_Transaktionsdatum" xlink:title="label: Transaktionsdatum to label_Transaktionsdatum"/>
    <link:loc xlink:type="locator" xlink:href="se-cd-base-2021-10-31.xsd#se-cd-base_PersonnummerEllerOrganisationsnummer" xlink:label="PersonnummerEllerOrganisationsnummer" xlink:title="PersonnummerEllerOrganisationsnummer"/>
    <link:label xlink:type="resource" xlink:label="label_PersonnummerEllerOrganisationsnummer" xlink:role="http://www.xbrl.org/2003/role/label" xlink:title="label_PersonnummerEllerOrganisationsnummer" xml:lang="sv" id="label_PersonnummerEllerOrganisationsnummer">Personnummer eller organisationsnummer</link:label>
    <link:labelArc xlink:type="arc" xlink:arcrole="http://www.xbrl.org/2003/arcrole/concept-label" xlink:from="PersonnummerEllerOrganisationsnummer" xlink:to="label_PersonnummerEllerOrganisationsnummer" xlink:title="label: PersonnummerEllerOrganisationsnummer to label_PersonnummerEllerOrganisationsnummer"/>
    <link:loc xlink:type="locator" xlink:href="se-cd-base-2021-10-31.xsd#se-cd-base_RakenskapsarDelagtForetagAbstract" xlink:label="RakenskapsarDelagtForetagAbstract" xlink:title="RakenskapsarDelagtForetagAbstract"/>
    <link:label xlink:type="resource" xlink:label="label_RakenskapsarDelagtForetagAbstract" xlink:role="http://www.xbrl.org/2003/role/label" xlink:title="label_RakenskapsarDelagtForetagAbstract" xml:lang="sv" id="label_RakenskapsarDelagtForetagAbstract">Räkenskapsår för det delägda företaget (Presentation)</link:label>
    <link:labelArc xlink:type="arc" xlink:arcrole="http://www.xbrl.org/2003/arcrole/concept-label" xlink:from="RakenskapsarDelagtForetagAbstract" xlink:to="label_RakenskapsarDelagtForetagAbstract" xlink:title="label: RakenskapsarDelagtForetagAbstract to label_RakenskapsarDelagtForetagAbstract"/>
    <link:loc xlink:type="locator" xlink:href="se-cd-base-2021-10-31.xsd#se-cd-base_RakenskapsarForstaDagDelagtForetag" xlink:label="RakenskapsarForstaDagDelagtForetag" xlink:title="RakenskapsarForstaDagDelagtForetag"/>
    <link:label xlink:type="resource" xlink:label="label_RakenskapsarForstaDagDelagtForetag" xlink:role="http://www.xbrl.org/2003/role/label" xlink:title="label_RakenskapsarForstaDagDelagtForetag" xml:lang="sv" id="label_RakenskapsarForstaDagDelagtForetag">Räkenskapsårets första dag för det delägda företaget</link:label>
    <link:labelArc xlink:type="arc" xlink:arcrole="http://www.xbrl.org/2003/arcrole/concept-label" xlink:from="RakenskapsarForstaDagDelagtForetag" xlink:to="label_RakenskapsarForstaDagDelagtForetag" xlink:title="label: RakenskapsarForstaDagDelagtForetag to label_RakenskapsarForstaDagDelagtForetag"/>
    <link:loc xlink:type="locator" xlink:href="se-cd-base-2021-10-31.xsd#se-cd-base_RakenskapsarSistaDagDelagtForetag" xlink:label="RakenskapsarSistaDagDelagtForetag" xlink:title="RakenskapsarSistaDagDelagtForetag"/>
    <link:label xlink:type="resource" xlink:label="label_RakenskapsarSistaDagDelagtForetag" xlink:role="http://www.xbrl.org/2003/role/label" xlink:title="label_RakenskapsarSistaDagDelagtForetag" xml:lang="sv" id="label_RakenskapsarSistaDagDelagtForetag">Räkenskapsårets sista dag för det delägda företaget</link:label>
    <link:labelArc xlink:type="arc" xlink:arcrole="http://www.xbrl.org/2003/arcrole/concept-label" xlink:from="RakenskapsarSistaDagDelagtForetag" xlink:to="label_RakenskapsarSistaDagDelagtForetag" xlink:title="label: RakenskapsarSistaDagDelagtForetag to label_RakenskapsarSistaDagDelagtForetag"/>
    <link:loc xlink:type="locator" xlink:href="se-cd-base-2021-10-31.xsd#se-cd-base_OrganisationsnummerDelagtForetag" xlink:label="OrganisationsnummerDelagtForetag" xlink:title="OrganisationsnummerDelagtForetag"/>
    <link:label xlink:type="resource" xlink:label="label_OrganisationsnummerDelagtForetag" xlink:role="http://www.xbrl.org/2003/role/label" xlink:title="label_OrganisationsnummerDelagtForetag" xml:lang="sv" id="label_OrganisationsnummerDelagtForetag">Organisationsnummer för det delägda företaget</link:label>
    <link:labelArc xlink:type="arc" xlink:arcrole="http://www.xbrl.org/2003/arcrole/concept-label" xlink:from="OrganisationsnummerDelagtForetag" xlink:to="label_OrganisationsnummerDelagtForetag" xlink:title="label: OrganisationsnummerDelagtForetag to label_OrganisationsnummerDelagtForetag"/>
    <link:loc xlink:type="locator" xlink:href="se-cd-base-2021-10-31.xsd#se-cd-base_UtlandsktForetag" xlink:label="UtlandsktForetag" xlink:title="UtlandsktForetag"/>
    <link:label xlink:type="resource" xlink:label="label_UtlandsktForetag" xlink:role="http://www.xbrl.org/2003/role/label" xlink:title="label_UtlandsktForetag" xml:lang="sv" id="label_UtlandsktForetag">Företaget är ett utländskt företag</link:label>
    <link:labelArc xlink:type="arc" xlink:arcrole="http://www.xbrl.org/2003/arcrole/concept-label" xlink:from="UtlandsktForetag" xlink:to="label_UtlandsktForetag" xlink:title="label: UtlandsktForetag to label_UtlandsktForetag"/>
    <link:loc xlink:type="locator" xlink:href="se-cd-base-2021-10-31.xsd#se-cd-base_AllmanInformationDelagdaForetagAbstract" xlink:label="AllmanInformationDelagtForetagAbstract" xlink:title="AllmanInformationDelagtForetagAbstract"/>
    <link:label xlink:type="resource" xlink:label="label_AllmanInformationDelagtForetagAbstract" xlink:role="http://www.xbrl.org/2003/role/label" xlink:title="label_AllmanInformationDelagtForetagAbstract" xml:lang="sv" id="label_AllmanInformationDelagtForetagAbstract">Allmän information om det delägda företaget (Presentation)</link:label>
    <link:labelArc xlink:type="arc" xlink:arcrole="http://www.xbrl.org/2003/arcrole/concept-label" xlink:from="AllmanInformationDelagtForetagAbstract" xlink:to="label_AllmanInformationDelagtForetagAbstract" xlink:title="label: AllmanInformationDelagtForetagAbstract to label_AllmanInformationDelagtForetagAbstract"/>
    <link:loc xlink:type="locator" xlink:href="se-cd-base-2021-10-31.xsd#se-cd-base_ForetraddJuridiskPersonAgareHandelsbolag" xlink:label="ForetraddJuridiskPersonAgareHandelsbolag" xlink:title="ForetraddJuridiskPersonAgareHandelsbolag"/>
    <link:label xlink:type="resource" xlink:label="label_ForetraddJuridiskPersonAgareHandelsbolag" xlink:role="http://www.xbrl.org/2003/role/label" xlink:title="label_ForetraddJuridiskPersonAgareHandelsbolag" xml:lang="sv" id="label_ForetraddJuridiskPersonAgareHandelsbolag">Företrädd juridisk person som är ägare till handelsbolag</link:label>
    <link:labelArc xlink:type="arc" xlink:arcrole="http://www.xbrl.org/2003/arcrole/concept-label" xlink:from="ForetraddJuridiskPersonAgareHandelsbolag" xlink:to="label_ForetraddJuridiskPersonAgareHandelsbolag" xlink:title="label: ForetraddJuridiskPersonAgareHandelsbolag to label_ForetraddJuridiskPersonAgareHandelsbolag"/>
    <link:loc xlink:type="locator" xlink:href="se-cd-base-2021-10-31.xsd#se-cd-base_UtlandsktForetagEllerUtlandskPerson" xlink:label="UtlandsktForetagEllerUtlandskPerson" xlink:title="UtlandsktForetagEllerUtlandskPerson"/>
    <link:label xlink:type="resource" xlink:label="label_UtlandsktForetagEllerUtlandskPerson" xlink:role="http://www.xbrl.org/2003/role/label" xlink:title="label_UtlandsktForetagEllerUtlandskPerson" xml:lang="sv" id="label_UtlandsktForetagEllerUtlandskPerson">Företaget är ett utländskt företag eller personen är en utländsk person</link:label>
    <link:labelArc xlink:type="arc" xlink:arcrole="http://www.xbrl.org/2003/arcrole/concept-label" xlink:from="UtlandsktForetagEllerUtlandskPerson" xlink:to="label_UtlandsktForetagEllerUtlandskPerson" xlink:title="label: UtlandsktForetagEllerUtlandskPerson to label_UtlandsktForetagEllerUtlandskPerson"/>
  </link:labelLink>
</link:linkbase>
