<?xml version="1.0" encoding="UTF-8"?>
<!-- Generated by Fujitsu Interstage XWand B0255 -->
<link:linkbase xmlns:xsi="http://www.w3.org/2001/XMLSchema-instance" xsi:schemaLocation="http://www.xbrl.org/2004/ref http://www.xbrl.org/2004/ref-2004-08-10.xsd http://www.xbrl.org/2003/linkbase http://www.xbrl.org/2003/xbrl-linkbase-2003-12-31.xsd" xmlns:se-cd-base="http://www.taxonomier.se/se/fr/cd-base/2021-10-31" xmlns:link="http://www.xbrl.org/2003/linkbase" xmlns:ref="http://www.xbrl.org/2004/ref" xmlns:xlink="http://www.w3.org/1999/xlink" xmlns:xbrli="http://www.xbrl.org/2003/instance">
  <link:roleRef roleURI="http://www.taxonomier.se/se/fr/role/reference/legislation/abl" xlink:type="simple" xlink:href="../../../shared/role/se-leg-role/2021-10-31/se-leg-role-2021-10-31.xsd#LEG_ROLE_ABL"/>
  <link:referenceLink xlink:type="extended" xlink:role="http://www.taxonomier.se/se/fr/role/reference/legislation/abl">
    <link:loc xlink:type="locator" xlink:href="se-cd-base-2021-10-31.xsd#se-cd-base_ValtRevisionsbolagsnamn" xlink:label="label_ValtRevisionsbolagsnamn_0" xlink:title="label_ValtRevisionsbolagsnamn_0"/>
    <link:reference xlink:type="resource" xlink:label="res_ValtRevisionsbolagsnamn_0" xlink:role="http://www.xbrl.org/2003/role/reference" xlink:title="res_ValtRevisionsbolagsnamn_0" id="res_ValtRevisionsbolagsnamn_0">
      <ref:Name>ABL</ref:Name>
      <ref:Number>2005:551</ref:Number>
      <ref:Chapter>9</ref:Chapter>
      <ref:Paragraph>19</ref:Paragraph>
    </link:reference>
    <link:referenceArc xlink:type="arc" xlink:arcrole="http://www.xbrl.org/2003/arcrole/concept-reference" xlink:from="label_ValtRevisionsbolagsnamn_0" xlink:to="res_ValtRevisionsbolagsnamn_0" xlink:title="reference: label_ValtRevisionsbolagsnamn_0 to res_ValtRevisionsbolagsnamn_0"/>
    <link:loc xlink:type="locator" xlink:href="se-cd-base-2021-10-31.xsd#se-cd-base_ValtRevisionsbolagsnamn" xlink:label="label_ValtRevisionsbolagsnamn_1" xlink:title="label_ValtRevisionsbolagsnamn_1"/>
    <link:reference xlink:type="resource" xlink:label="res_ValtRevisionsbolagsnamn_1" xlink:role="http://www.xbrl.org/2003/role/reference" xlink:title="res_ValtRevisionsbolagsnamn_1" id="res_ValtRevisionsbolagsnamn_1">
      <ref:Name>ABL</ref:Name>
      <ref:Number>2005:551</ref:Number>
      <ref:Chapter>9</ref:Chapter>
      <ref:Paragraph>28</ref:Paragraph>
    </link:reference>
    <link:referenceArc xlink:type="arc" xlink:arcrole="http://www.xbrl.org/2003/arcrole/concept-reference" xlink:from="label_ValtRevisionsbolagsnamn_1" xlink:to="res_ValtRevisionsbolagsnamn_1" xlink:title="reference: label_ValtRevisionsbolagsnamn_1 to res_ValtRevisionsbolagsnamn_1"/>
  </link:referenceLink>
</link:linkbase>
