<?xml version="1.0" encoding="UTF-8"?>
<!-- Generated by Fujitsu Interstage XWand B0255 -->
<link:linkbase xmlns:xsi="http://www.w3.org/2001/XMLSchema-instance" xsi:schemaLocation="http://www.xbrl.org/2004/ref http://www.xbrl.org/2004/ref-2004-08-10.xsd http://www.xbrl.org/2003/linkbase http://www.xbrl.org/2003/xbrl-linkbase-2003-12-31.xsd" xmlns:link="http://www.xbrl.org/2003/linkbase" xmlns:ref="http://www.xbrl.org/2004/ref" xmlns:xbrli="http://www.xbrl.org/2003/instance" xmlns:xlink="http://www.w3.org/1999/xlink">
  <link:roleRef roleURI="http://www.taxonomier.se/se/fr/role/reference/legislation/fol" xlink:type="simple" xlink:href="../../../shared/role/se-leg-role/2021-10-31/se-leg-role-2021-10-31.xsd#LEG_ROLE_FOL"/>
  <link:referenceLink xlink:type="extended" xlink:role="http://www.taxonomier.se/se/fr/role/reference/legislation/fol">
    <link:loc xlink:type="locator" xlink:href="se-cd-base-2021-10-31.xsd#se-cd-base_PersonnummerEllerOrganisationsnummer" xlink:label="PersonnummerEllerOrganisationsnummer" xlink:title="PersonnummerEllerOrganisationsnummer"/>
    <link:reference xlink:type="resource" xlink:label="reference_PersonnummerEllerOrganisationsnummer" xlink:role="http://www.xbrl.org/2003/role/reference" xlink:title="reference_PersonnummerEllerOrganisationsnummer" id="reference_PersonnummerEllerOrganisationsnummer">
      <ref:Name>FOL</ref:Name>
      <ref:Number>1991:481</ref:Number>
      <ref:Paragraph>18</ref:Paragraph>
    </link:reference>
    <link:referenceArc xlink:type="arc" xlink:arcrole="http://www.xbrl.org/2003/arcrole/concept-reference" xlink:from="PersonnummerEllerOrganisationsnummer" xlink:to="reference_PersonnummerEllerOrganisationsnummer" xlink:title="reference: PersonnummerEllerOrganisationsnummer to reference_PersonnummerEllerOrganisationsnummer"/>
  </link:referenceLink>
</link:linkbase>
