<?xml version="1.0" encoding="UTF-8"?>
<!-- Generated by Fujitsu Interstage XWand B0251 -->
<link:linkbase xmlns:xsi="http://www.w3.org/2001/XMLSchema-instance" xsi:schemaLocation="http://www.xbrl.org/2003/linkbase http://www.xbrl.org/2003/xbrl-linkbase-2003-12-31.xsd" xmlns:se-arc-ext="http://www.far.se/se/fr/audit/arc-ext/2020-12-01" xmlns:link="http://www.xbrl.org/2003/linkbase" xmlns:xlink="http://www.w3.org/1999/xlink" xmlns:xbrli="http://www.xbrl.org/2003/instance">
  <link:labelLink xlink:type="extended" xlink:role="http://www.xbrl.org/2003/role/link">
    <link:loc xlink:type="locator" xlink:href="../../../../base/se-ar-base/2020-12-01/se-ar-base-2020-12-01.xsd#se-ar-base_RapportArsredovisningAbstract" xlink:label="RapportArsredovisningenAbstract" xlink:title="RapportArsredovisningenAbstract"/>
    <link:label xlink:type="resource" xlink:label="label_RapportArsredovisningenAbstract" xlink:role="http://www.xbrl.org/2003/role/terseLabel" xlink:title="label_RapportArsredovisningenAbstract" xml:lang="sv" id="label_RapportArsredovisningenAbstract">Rapport om årsredovisningen och koncernredovisningen</link:label>
    <link:labelArc xlink:type="arc" xlink:arcrole="http://www.xbrl.org/2003/arcrole/concept-label" xlink:from="RapportArsredovisningenAbstract" xlink:to="label_RapportArsredovisningenAbstract" xlink:title="label: RapportArsredovisningenAbstract to label_RapportArsredovisningenAbstract" use="optional" priority="0" order="1.0"/>
    <link:loc xlink:type="locator" xlink:href="../../../../base/se-ar-base/2020-12-01/se-ar-base-2020-12-01.xsd#se-ar-base_GrundUttalanden" xlink:label="GrundUttalanden" xlink:title="GrundUttalanden"/>
    <link:label xlink:type="resource" xlink:label="label_GrundUttalanden" xlink:role="http://www.xbrl.org/2003/role/terseLabel" xlink:title="label_GrundUttalanden" xml:lang="sv" id="label_GrundUttalanden">Grund för uttalanden</link:label>
    <link:labelArc xlink:type="arc" xlink:arcrole="http://www.xbrl.org/2003/arcrole/concept-label" xlink:from="GrundUttalanden" xlink:to="label_GrundUttalanden" xlink:title="label: GrundUttalanden to label_GrundUttalanden" use="optional" priority="0" order="1.0"/>
    <link:loc xlink:type="locator" xlink:href="../../../../base/se-ar-base/2020-12-01/se-ar-base-2020-12-01.xsd#se-ar-base_OvrigaUpplysningar" xlink:label="OvrigaUpplysningar" xlink:title="OvrigaUpplysningar"/>
    <link:label xlink:type="resource" xlink:label="label_OvrigaUpplysningar" xlink:role="http://www.xbrl.org/2003/role/terseLabel" xlink:title="label_OvrigaUpplysningar" xml:lang="sv" id="label_OvrigaUpplysningar">Övrig(a) upplysning(ar)</link:label>
    <link:labelArc xlink:type="arc" xlink:arcrole="http://www.xbrl.org/2003/arcrole/concept-label" xlink:from="OvrigaUpplysningar" xlink:to="label_OvrigaUpplysningar" xlink:title="label: OvrigaUpplysningar to label_OvrigaUpplysningar" use="optional" priority="0" order="1.0"/>
    <link:loc xlink:type="locator" xlink:href="../../../../base/se-ar-base/2020-12-01/se-ar-base-2020-12-01.xsd#se-ar-base_AnnanInformationArsredovisningen" xlink:label="AnnanInformationArsredovisningen" xlink:title="AnnanInformationArsredovisningen"/>
    <link:label xlink:type="resource" xlink:label="label_AnnanInformationArsredovisningen" xlink:role="http://www.xbrl.org/2003/role/terseLabel" xlink:title="label_AnnanInformationArsredovisningen" xml:lang="sv" id="label_AnnanInformationArsredovisningen">Annan information än årsredovisningen och koncernredovisningen</link:label>
    <link:labelArc xlink:type="arc" xlink:arcrole="http://www.xbrl.org/2003/arcrole/concept-label" xlink:from="AnnanInformationArsredovisningen" xlink:to="label_AnnanInformationArsredovisningen" xlink:title="label: AnnanInformationArsredovisningen to label_AnnanInformationArsredovisningen"/>
    <link:loc xlink:type="locator" xlink:href="../../../../base/se-ar-base/2020-12-01/se-ar-base-2020-12-01.xsd#se-ar-base_AnsvarAbstract" xlink:label="AnsvarAbstract" xlink:title="AnsvarAbstract"/>
    <link:label xlink:type="resource" xlink:label="label_AnsvarAbstract" xlink:role="http://www.xbrl.org/2003/role/terseLabel" xlink:title="label_AnsvarAbstract" xml:lang="sv" id="label_AnsvarAbstract">Ansvar</link:label>
    <link:labelArc xlink:type="arc" xlink:arcrole="http://www.xbrl.org/2003/arcrole/concept-label" xlink:from="AnsvarAbstract" xlink:to="label_AnsvarAbstract" xlink:title="label: AnsvarAbstract to label_AnsvarAbstract" use="optional" priority="0" order="1.0"/>
    <link:loc xlink:type="locator" xlink:href="../../../../base/se-ar-base/2020-12-01/se-ar-base-2020-12-01.xsd#se-ar-base_StyrelsenVerkstallandeDirektorAnsvar" xlink:label="StyrelsensVerkstallandeDirektorensAnsvar" xlink:title="StyrelsensVerkstallandeDirektorensAnsvar"/>
    <link:label xlink:type="resource" xlink:label="label_StyrelsensVerkstallandeDirektorensAnsvar" xlink:role="http://www.xbrl.org/2003/role/terseLabel" xlink:title="label_StyrelsensVerkstallandeDirektorensAnsvar" xml:lang="sv" id="label_StyrelsensVerkstallandeDirektorensAnsvar">Styrelsens och verkställande direktörens ansvar</link:label>
    <link:labelArc xlink:type="arc" xlink:arcrole="http://www.xbrl.org/2003/arcrole/concept-label" xlink:from="StyrelsensVerkstallandeDirektorensAnsvar" xlink:to="label_StyrelsensVerkstallandeDirektorensAnsvar" xlink:title="label: StyrelsensVerkstallandeDirektorensAnsvar to label_StyrelsensVerkstallandeDirektorensAnsvar" use="optional" priority="0" order="1.0"/>
    <link:loc xlink:type="locator" xlink:href="../../../../base/se-ar-base/2020-12-01/se-ar-base-2020-12-01.xsd#se-ar-base_StyrelsenAnsvar" xlink:label="StyrelsensAnsvar" xlink:title="StyrelsensAnsvar"/>
    <link:label xlink:type="resource" xlink:label="label_StyrelsensAnsvar" xlink:role="http://www.xbrl.org/2003/role/terseLabel" xlink:title="label_StyrelsensAnsvar" xml:lang="sv" id="label_StyrelsensAnsvar">Styrelsens ansvar</link:label>
    <link:labelArc xlink:type="arc" xlink:arcrole="http://www.xbrl.org/2003/arcrole/concept-label" xlink:from="StyrelsensAnsvar" xlink:to="label_StyrelsensAnsvar" xlink:title="label: StyrelsensAnsvar to label_StyrelsensAnsvar" use="optional" priority="0" order="1.0"/>
    <link:loc xlink:type="locator" xlink:href="../../../../base/se-ar-base/2020-12-01/se-ar-base-2020-12-01.xsd#se-ar-base_LikvidatorAnsvar" xlink:label="LikvidatornsAnsvar" xlink:title="LikvidatornsAnsvar"/>
    <link:label xlink:type="resource" xlink:label="label_LikvidatornsAnsvar" xlink:role="http://www.xbrl.org/2003/role/terseLabel" xlink:title="label_LikvidatornsAnsvar" xml:lang="sv" id="label_LikvidatornsAnsvar">Likvidatorns ansvar</link:label>
    <link:labelArc xlink:type="arc" xlink:arcrole="http://www.xbrl.org/2003/arcrole/concept-label" xlink:from="LikvidatornsAnsvar" xlink:to="label_LikvidatornsAnsvar" xlink:title="label: LikvidatornsAnsvar to label_LikvidatornsAnsvar" use="optional" priority="0" order="1.0"/>
    <link:loc xlink:type="locator" xlink:href="../../../../base/se-ar-base/2020-12-01/se-ar-base-2020-12-01.xsd#se-ar-base_RevisorAnsvar" xlink:label="RevisornsAnsvar" xlink:title="RevisornsAnsvar"/>
    <link:label xlink:type="resource" xlink:label="label_RevisornsAnsvar" xlink:role="http://www.xbrl.org/2003/role/terseLabel" xlink:title="label_RevisornsAnsvar" xml:lang="sv" id="label_RevisornsAnsvar">Revisorns ansvar</link:label>
    <link:labelArc xlink:type="arc" xlink:arcrole="http://www.xbrl.org/2003/arcrole/concept-label" xlink:from="RevisornsAnsvar" xlink:to="label_RevisornsAnsvar" xlink:title="label: RevisornsAnsvar to label_RevisornsAnsvar" use="optional" priority="0" order="1.0"/>
    <link:loc xlink:type="locator" xlink:href="../../../../base/se-ar-base/2020-12-01/se-ar-base-2020-12-01.xsd#se-ar-base_RapportAndraKravLagForfattningAbstract" xlink:label="RapportAndraKravLagarForfattningarAbstract" xlink:title="RapportAndraKravLagarForfattningarAbstract"/>
    <link:label xlink:type="resource" xlink:label="label_RapportAndraKravLagarForfattningarAbstract" xlink:role="http://www.xbrl.org/2003/role/terseLabel" xlink:title="label_RapportAndraKravLagarForfattningarAbstract" xml:lang="sv" id="label_RapportAndraKravLagarForfattningarAbstract">Rapport om andra krav enligt lagar och andra författningar</link:label>
    <link:labelArc xlink:type="arc" xlink:arcrole="http://www.xbrl.org/2003/arcrole/concept-label" xlink:from="RapportAndraKravLagarForfattningarAbstract" xlink:to="label_RapportAndraKravLagarForfattningarAbstract" xlink:title="label: RapportAndraKravLagarForfattningarAbstract to label_RapportAndraKravLagarForfattningarAbstract" use="optional" priority="0" order="1.0"/>
    <link:loc xlink:type="locator" xlink:href="../../../../base/se-ar-base/2020-12-01/se-ar-base-2020-12-01.xsd#se-ar-base_AndraKravLagForfattningGrundUttalanden" xlink:label="AndraKravLagarForfattningarGrundUttalanden" xlink:title="AndraKravLagarForfattningarGrundUttalanden"/>
    <link:label xlink:type="resource" xlink:label="label_AndraKravLagarForfattningarGrundUttalanden" xlink:role="http://www.xbrl.org/2003/role/terseLabel" xlink:title="label_AndraKravLagarForfattningarGrundUttalanden" xml:lang="sv" id="label_AndraKravLagarForfattningarGrundUttalanden">Grund för uttalanden</link:label>
    <link:labelArc xlink:type="arc" xlink:arcrole="http://www.xbrl.org/2003/arcrole/concept-label" xlink:from="AndraKravLagarForfattningarGrundUttalanden" xlink:to="label_AndraKravLagarForfattningarGrundUttalanden" xlink:title="label: AndraKravLagarForfattningarGrundUttalanden to label_AndraKravLagarForfattningarGrundUttalanden" use="optional" priority="0" order="1.0"/>
    <link:loc xlink:type="locator" xlink:href="../../../../base/se-ar-base/2020-12-01/se-ar-base-2020-12-01.xsd#se-ar-base_AndraKravLagForfattningOvrigUpplysning" xlink:label="AndraKravLagarForfattningarOvrigUpplysning" xlink:title="AndraKravLagarForfattningarOvrigUpplysning"/>
    <link:label xlink:type="resource" xlink:label="label_AndraKravLagarForfattningarOvrigUpplysning" xlink:role="http://www.xbrl.org/2003/role/terseLabel" xlink:title="label_AndraKravLagarForfattningarOvrigUpplysning" xml:lang="sv" id="label_AndraKravLagarForfattningarOvrigUpplysning">Övrig(a) upplysning(ar)</link:label>
    <link:labelArc xlink:type="arc" xlink:arcrole="http://www.xbrl.org/2003/arcrole/concept-label" xlink:from="AndraKravLagarForfattningarOvrigUpplysning" xlink:to="label_AndraKravLagarForfattningarOvrigUpplysning" xlink:title="label: AndraKravLagarForfattningarOvrigUpplysning to label_AndraKravLagarForfattningarOvrigUpplysning" use="optional" priority="0" order="1.0"/>
    <link:loc xlink:type="locator" xlink:href="../../../../base/se-ar-base/2020-12-01/se-ar-base-2020-12-01.xsd#se-ar-base_AndraKravLagForfattningAnsvarAbstract" xlink:label="AndraKravLagarForfattningarAnsvarAbstract" xlink:title="AndraKravLagarForfattningarAnsvarAbstract"/>
    <link:label xlink:type="resource" xlink:label="label_AndraKravLagarForfattningarAnsvarAbstract" xlink:role="http://www.xbrl.org/2003/role/terseLabel" xlink:title="label_AndraKravLagarForfattningarAnsvarAbstract" xml:lang="sv" id="label_AndraKravLagarForfattningarAnsvarAbstract">Ansvar</link:label>
    <link:labelArc xlink:type="arc" xlink:arcrole="http://www.xbrl.org/2003/arcrole/concept-label" xlink:from="AndraKravLagarForfattningarAnsvarAbstract" xlink:to="label_AndraKravLagarForfattningarAnsvarAbstract" xlink:title="label: AndraKravLagarForfattningarAnsvarAbstract to label_AndraKravLagarForfattningarAnsvarAbstract" use="optional" priority="0" order="1.0"/>
    <link:loc xlink:type="locator" xlink:href="../../../../base/se-ar-base/2020-12-01/se-ar-base-2020-12-01.xsd#se-ar-base_AndraKravLagForfattningStyrelseVerkstallandeDirektorAnsvar" xlink:label="AndraKravLagarForfattningarStyrelsensVerkstallandeDirektorensAnsvar" xlink:title="AndraKravLagarForfattningarStyrelsensVerkstallandeDirektorensAnsvar"/>
    <link:label xlink:type="resource" xlink:label="label_AndraKravLagarForfattningarStyrelsensVerkstallandeDirektorensAnsvar" xlink:role="http://www.xbrl.org/2003/role/terseLabel" xlink:title="label_AndraKravLagarForfattningarStyrelsensVerkstallandeDirektorensAnsvar" xml:lang="sv" id="label_AndraKravLagarForfattningarStyrelsensVerkstallandeDirektorensAnsvar">Styrelsens och verkställande direktörens ansvar</link:label>
    <link:labelArc xlink:type="arc" xlink:arcrole="http://www.xbrl.org/2003/arcrole/concept-label" xlink:from="AndraKravLagarForfattningarStyrelsensVerkstallandeDirektorensAnsvar" xlink:to="label_AndraKravLagarForfattningarStyrelsensVerkstallandeDirektorensAnsvar" xlink:title="label: AndraKravLagarForfattningarStyrelsensVerkstallandeDirektorensAnsvar to label_AndraKravLagarForfattningarStyrelsensVerkstallandeDirektorensAnsvar" use="optional" priority="0" order="1.0"/>
    <link:loc xlink:type="locator" xlink:href="../../../../base/se-ar-base/2020-12-01/se-ar-base-2020-12-01.xsd#se-ar-base_AndraKravLagForfattningStyrelseAnsvar" xlink:label="AndraKravLagarForfattningarStyrelsensAnsvar" xlink:title="AndraKravLagarForfattningarStyrelsensAnsvar"/>
    <link:label xlink:type="resource" xlink:label="label_AndraKravLagarForfattningarStyrelsensAnsvar" xlink:role="http://www.xbrl.org/2003/role/terseLabel" xlink:title="label_AndraKravLagarForfattningarStyrelsensAnsvar" xml:lang="sv" id="label_AndraKravLagarForfattningarStyrelsensAnsvar">Styrelsens ansvar</link:label>
    <link:labelArc xlink:type="arc" xlink:arcrole="http://www.xbrl.org/2003/arcrole/concept-label" xlink:from="AndraKravLagarForfattningarStyrelsensAnsvar" xlink:to="label_AndraKravLagarForfattningarStyrelsensAnsvar" xlink:title="label: AndraKravLagarForfattningarStyrelsensAnsvar to label_AndraKravLagarForfattningarStyrelsensAnsvar" use="optional" priority="0" order="1.0"/>
    <link:loc xlink:type="locator" xlink:href="../../../../base/se-ar-base/2020-12-01/se-ar-base-2020-12-01.xsd#se-ar-base_AndraKravLagForfattningLikvidatorAnsvar" xlink:label="AndraKravLagarForfattningarLikvidatornsAnsvar" xlink:title="AndraKravLagarForfattningarLikvidatornsAnsvar"/>
    <link:label xlink:type="resource" xlink:label="label_AndraKravLagarForfattningarLikvidatornsAnsvar" xlink:role="http://www.xbrl.org/2003/role/terseLabel" xlink:title="label_AndraKravLagarForfattningarLikvidatornsAnsvar" xml:lang="sv" id="label_AndraKravLagarForfattningarLikvidatornsAnsvar">Likvidatorns ansvar</link:label>
    <link:labelArc xlink:type="arc" xlink:arcrole="http://www.xbrl.org/2003/arcrole/concept-label" xlink:from="AndraKravLagarForfattningarLikvidatornsAnsvar" xlink:to="label_AndraKravLagarForfattningarLikvidatornsAnsvar" xlink:title="label: AndraKravLagarForfattningarLikvidatornsAnsvar to label_AndraKravLagarForfattningarLikvidatornsAnsvar" use="optional" priority="0" order="1.0"/>
    <link:loc xlink:type="locator" xlink:href="../../../../base/se-ar-base/2020-12-01/se-ar-base-2020-12-01.xsd#se-ar-base_AndraKravLagForfattningRevisorAnsvar" xlink:label="AndraKravLagarForfattningarRevisornsAnsvar" xlink:title="AndraKravLagarForfattningarRevisornsAnsvar"/>
    <link:label xlink:type="resource" xlink:label="label_AndraKravLagarForfattningarRevisornsAnsvar" xlink:role="http://www.xbrl.org/2003/role/terseLabel" xlink:title="label_AndraKravLagarForfattningarRevisornsAnsvar" xml:lang="sv" id="label_AndraKravLagarForfattningarRevisornsAnsvar">Revisorns ansvar</link:label>
    <link:labelArc xlink:type="arc" xlink:arcrole="http://www.xbrl.org/2003/arcrole/concept-label" xlink:from="AndraKravLagarForfattningarRevisornsAnsvar" xlink:to="label_AndraKravLagarForfattningarRevisornsAnsvar" xlink:title="label: AndraKravLagarForfattningarRevisornsAnsvar to label_AndraKravLagarForfattningarRevisornsAnsvar" use="optional" priority="0" order="1.0"/>
    <link:loc xlink:type="locator" xlink:href="../../../../base/se-ar-base/2020-12-01/se-ar-base-2020-12-01.xsd#se-ar-base_AndraKravLagForfattningAnmarkning" xlink:label="AndraKravLagarForfattningarAnmarkning" xlink:title="AndraKravLagarForfattningarAnmarkning"/>
    <link:label xlink:type="resource" xlink:label="label_AndraKravLagarForfattningarAnmarkning" xlink:role="http://www.xbrl.org/2003/role/terseLabel" xlink:title="label_AndraKravLagarForfattningarAnmarkning" xml:lang="sv" id="label_AndraKravLagarForfattningarAnmarkning">Anmärkning(ar)</link:label>
    <link:labelArc xlink:type="arc" xlink:arcrole="http://www.xbrl.org/2003/arcrole/concept-label" xlink:from="AndraKravLagarForfattningarAnmarkning" xlink:to="label_AndraKravLagarForfattningarAnmarkning" xlink:title="label: AndraKravLagarForfattningarAnmarkning to label_AndraKravLagarForfattningarAnmarkning" use="optional" priority="0" order="1.0"/>
    <link:loc xlink:type="locator" xlink:href="../../../../base/se-ar-base/2020-12-01/se-ar-base-2020-12-01.xsd#se-ar-base_RevisionAvslutandeEtableringsort" xlink:label="RevisionensAvslutandeEtableringsort" xlink:title="RevisionensAvslutandeEtableringsort"/>
    <link:label xlink:type="resource" xlink:label="label_RevisionensAvslutandeEtableringsort" xlink:role="http://www.xbrl.org/2003/role/terseLabel" xlink:title="label_RevisionensAvslutandeEtableringsort" xml:lang="sv" id="label_RevisionensAvslutandeEtableringsort">Etableringsort</link:label>
    <link:labelArc xlink:type="arc" xlink:arcrole="http://www.xbrl.org/2003/arcrole/concept-label" xlink:from="RevisionensAvslutandeEtableringsort" xlink:to="label_RevisionensAvslutandeEtableringsort" xlink:title="label: RevisionensAvslutandeEtableringsort to label_RevisionensAvslutandeEtableringsort" use="optional" priority="0" order="1.0"/>
    <link:loc xlink:type="locator" xlink:href="../../../../base/se-ar-base/2020-12-01/se-ar-base-2020-12-01.xsd#se-ar-base_RevisionAvslutandeDatum" xlink:label="RevisionensAvslutandeDatum" xlink:title="RevisionensAvslutandeDatum"/>
    <link:label xlink:type="resource" xlink:label="label_RevisionensAvslutandeDatum" xlink:role="http://www.xbrl.org/2003/role/terseLabel" xlink:title="label_RevisionensAvslutandeDatum" xml:lang="sv" id="label_RevisionensAvslutandeDatum">Datum</link:label>
    <link:labelArc xlink:type="arc" xlink:arcrole="http://www.xbrl.org/2003/arcrole/concept-label" xlink:from="RevisionensAvslutandeDatum" xlink:to="label_RevisionensAvslutandeDatum" xlink:title="label: RevisionensAvslutandeDatum to label_RevisionensAvslutandeDatum" use="optional" priority="0" order="1.0"/>
    <link:loc xlink:type="locator" xlink:href="../../../../base/se-ar-base/2020-12-01/se-ar-base-2020-12-01.xsd#se-ar-base_UnderskriftRevisionsberattelseRevisorTilltalsnamn" xlink:label="UnderskriftRevisionsberattelseRevisorTilltalsnamn" xlink:title="UnderskriftRevisionsberattelseRevisorTilltalsnamn"/>
    <link:label xlink:type="resource" xlink:label="label_UnderskriftRevisionsberattelseRevisorTilltalsnamn" xlink:role="http://www.xbrl.org/2003/role/terseLabel" xlink:title="label_UnderskriftRevisionsberattelseRevisorTilltalsnamn" xml:lang="sv" id="label_UnderskriftRevisionsberattelseRevisorTilltalsnamn">Tilltalsnamn</link:label>
    <link:labelArc xlink:type="arc" xlink:arcrole="http://www.xbrl.org/2003/arcrole/concept-label" xlink:from="UnderskriftRevisionsberattelseRevisorTilltalsnamn" xlink:to="label_UnderskriftRevisionsberattelseRevisorTilltalsnamn" xlink:title="label: UnderskriftRevisionsberattelseRevisorTilltalsnamn to label_UnderskriftRevisionsberattelseRevisorTilltalsnamn" use="optional" priority="0" order="1.0"/>
    <link:loc xlink:type="locator" xlink:href="../../../../base/se-ar-base/2020-12-01/se-ar-base-2020-12-01.xsd#se-ar-base_UnderskriftRevisionsberattelseRevisorEfternamn" xlink:label="UnderskriftRevisionsberattelseRevisorEfternamn" xlink:title="UnderskriftRevisionsberattelseRevisorEfternamn"/>
    <link:label xlink:type="resource" xlink:label="label_UnderskriftRevisionsberattelseRevisorEfternamn" xlink:role="http://www.xbrl.org/2003/role/terseLabel" xlink:title="label_UnderskriftRevisionsberattelseRevisorEfternamn" xml:lang="sv" id="label_UnderskriftRevisionsberattelseRevisorEfternamn">Efternamn</link:label>
    <link:labelArc xlink:type="arc" xlink:arcrole="http://www.xbrl.org/2003/arcrole/concept-label" xlink:from="UnderskriftRevisionsberattelseRevisorEfternamn" xlink:to="label_UnderskriftRevisionsberattelseRevisorEfternamn" xlink:title="label: UnderskriftRevisionsberattelseRevisorEfternamn to label_UnderskriftRevisionsberattelseRevisorEfternamn" use="optional" priority="0" order="1.0"/>
    <link:loc xlink:type="locator" xlink:href="../../../../base/se-ar-base/2020-12-01/se-ar-base-2020-12-01.xsd#se-ar-base_UnderskriftRevisionsberattelseRevisorTitel" xlink:label="UnderskriftRevisionsberattelseRevisorTitel" xlink:title="UnderskriftRevisionsberattelseRevisorTitel"/>
    <link:label xlink:type="resource" xlink:label="label_UnderskriftRevisionsberattelseRevisorTitel" xlink:role="http://www.xbrl.org/2003/role/terseLabel" xlink:title="label_UnderskriftRevisionsberattelseRevisorTitel" xml:lang="sv" id="label_UnderskriftRevisionsberattelseRevisorTitel">Titel</link:label>
    <link:labelArc xlink:type="arc" xlink:arcrole="http://www.xbrl.org/2003/arcrole/concept-label" xlink:from="UnderskriftRevisionsberattelseRevisorTitel" xlink:to="label_UnderskriftRevisionsberattelseRevisorTitel" xlink:title="label: UnderskriftRevisionsberattelseRevisorTitel to label_UnderskriftRevisionsberattelseRevisorTitel" use="optional" priority="0" order="1.0"/>
    <link:loc xlink:type="locator" xlink:href="../../../../base/se-ar-base/2020-12-01/se-ar-base-2020-12-01.xsd#se-ar-base_OvrigInformationAbstract" xlink:label="OvrigInformationAbstract" xlink:title="OvrigInformationAbstract"/>
    <link:label xlink:type="resource" xlink:label="label_OvrigInformationAbstract" xlink:role="http://www.xbrl.org/2003/role/terseLabel" xlink:title="label_OvrigInformationAbstract" xml:lang="sv" id="label_OvrigInformationAbstract">Övrig information</link:label>
    <link:labelArc xlink:type="arc" xlink:arcrole="http://www.xbrl.org/2003/arcrole/concept-label" xlink:from="OvrigInformationAbstract" xlink:to="label_OvrigInformationAbstract" xlink:title="label: OvrigInformationAbstract to label_OvrigInformationAbstract" use="optional" priority="0" order="1.0"/>
    <link:loc xlink:type="locator" xlink:href="../../../../base/se-ar-base/2020-12-01/se-ar-base-2020-12-01.xsd#se-ar-base_UnderskriftRevisionsberattelseRevisorHuvudansvarig" xlink:label="UnderskriftRevisionsberattelseRevisorHuvudansvarig" xlink:title="UnderskriftRevisionsberattelseRevisorHuvudansvarig"/>
    <link:label xlink:type="resource" xlink:label="label_UnderskriftRevisionsberattelseRevisorHuvudansvarig" xlink:role="http://www.xbrl.org/2003/role/terseLabel" xlink:title="label_UnderskriftRevisionsberattelseRevisorHuvudansvarig" xml:lang="sv" id="label_UnderskriftRevisionsberattelseRevisorHuvudansvarig">Huvudansvarig revisor</link:label>
    <link:labelArc xlink:type="arc" xlink:arcrole="http://www.xbrl.org/2003/arcrole/concept-label" xlink:from="UnderskriftRevisionsberattelseRevisorHuvudansvarig" xlink:to="label_UnderskriftRevisionsberattelseRevisorHuvudansvarig" xlink:title="label: UnderskriftRevisionsberattelseRevisorHuvudansvarig to label_UnderskriftRevisionsberattelseRevisorHuvudansvarig" use="optional" priority="0" order="1.0"/>
    <link:loc xlink:type="locator" xlink:href="../../../../base/se-ar-base/2020-12-01/se-ar-base-2020-12-01.xsd#se-ar-base_UnderskriftRevisionsberattelseTuple" xlink:label="UnderskriftRevisionsberattelseTuple" xlink:title="UnderskriftRevisionsberattelseTuple"/>
    <link:label xlink:type="resource" xlink:label="label_UnderskriftRevisionsberattelseTuple" xlink:role="http://www.xbrl.org/2003/role/terseLabel" xlink:title="label_UnderskriftRevisionsberattelseTuple" xml:lang="sv" id="label_UnderskriftRevisionsberattelseTuple">Underskrifter av revisorer</link:label>
    <link:labelArc xlink:type="arc" xlink:arcrole="http://www.xbrl.org/2003/arcrole/concept-label" xlink:from="UnderskriftRevisionsberattelseTuple" xlink:to="label_UnderskriftRevisionsberattelseTuple" xlink:title="label: UnderskriftRevisionsberattelseTuple to label_UnderskriftRevisionsberattelseTuple" use="optional" priority="0" order="1.0"/>
    <link:loc xlink:type="locator" xlink:href="../../../../base/se-ar-base/2020-12-01/se-ar-base-2020-12-01.xsd#se-ar-base_UttalandenTuple" xlink:label="UttalandenTuple" xlink:title="UttalandenTuple"/>
    <link:label xlink:type="resource" xlink:label="label_UttalandenTuple_2" xlink:role="http://www.xbrl.org/2003/role/terseLabel" xlink:title="label_UttalandenTuple" xml:lang="sv" id="label_UttalandenTuple_2">Uttalanden om årsredovisningen och koncerenredovisningen</link:label>
    <link:labelArc xlink:type="arc" xlink:arcrole="http://www.xbrl.org/2003/arcrole/concept-label" xlink:from="UttalandenTuple" xlink:to="label_UttalandenTuple_2" xlink:title="label: UttalandenTuple to label_UttalandenTuple" use="optional" priority="0" order="1.0"/>
    <link:loc xlink:type="locator" xlink:href="../../../../base/se-ar-base/2020-12-01/se-ar-base-2020-12-01.xsd#se-ar-base_AndraKravLagForfattningUttalandenTuple" xlink:label="AndraKravLagForfattningUttalandenTuple" xlink:title="AndraKravLagForfattningUttalandenTuple"/>
    <link:label xlink:type="resource" xlink:label="label_AndraKravLagForfattningUttalandenTuple_2" xlink:role="http://www.xbrl.org/2003/role/terseLabel" xlink:title="label_AndraKravLagForfattningUttalandenTuple" xml:lang="sv" id="label_AndraKravLagForfattningUttalandenTuple_2">Uttalanden om andra krav enligt lagar och andra författningar</link:label>
    <link:labelArc xlink:type="arc" xlink:arcrole="http://www.xbrl.org/2003/arcrole/concept-label" xlink:from="AndraKravLagForfattningUttalandenTuple" xlink:to="label_AndraKravLagForfattningUttalandenTuple_2" xlink:title="label: AndraKravLagForfattningUttalandenTuple to label_AndraKravLagForfattningUttalandenTuple" use="optional" priority="0" order="1.0"/>
    <link:loc xlink:type="locator" xlink:href="../../../../base/se-ar-base/2020-12-01/se-ar-base-2020-12-01.xsd#se-ar-base_AndraKravLagForfattningUttalandenRubrik" xlink:label="AndraKravLagForfattningUttalandenRubrik" xlink:title="AndraKravLagForfattningUttalandenRubrik"/>
    <link:label xlink:type="resource" xlink:label="label_AndraKravLagForfattningUttalandenRubrik" xlink:role="http://www.xbrl.org/2003/role/terseLabel" xlink:title="label_AndraKravLagForfattningUttalandenRubrik" xml:lang="sv" id="label_AndraKravLagForfattningUttalandenRubrik">Revisorns rubrik till sina uttalanden</link:label>
    <link:labelArc xlink:type="arc" xlink:arcrole="http://www.xbrl.org/2003/arcrole/concept-label" xlink:from="AndraKravLagForfattningUttalandenRubrik" xlink:to="label_AndraKravLagForfattningUttalandenRubrik" xlink:title="label: AndraKravLagForfattningUttalandenRubrik to label_AndraKravLagForfattningUttalandenRubrik"/>
    <link:loc xlink:type="locator" xlink:href="../../../../base/se-ar-base/2020-12-01/se-ar-base-2020-12-01.xsd#se-ar-base_AndraKravLagForfattningUttalandenText" xlink:label="AndraKravLagForfattningUttalandenText" xlink:title="AndraKravLagForfattningUttalandenText"/>
    <link:label xlink:type="resource" xlink:label="label_AndraKravLagForfattningUttalandenText" xlink:role="http://www.xbrl.org/2003/role/terseLabel" xlink:title="label_AndraKravLagForfattningUttalandenText" xml:lang="sv" id="label_AndraKravLagForfattningUttalandenText">Text i avsnittet om uttalanden</link:label>
    <link:labelArc xlink:type="arc" xlink:arcrole="http://www.xbrl.org/2003/arcrole/concept-label" xlink:from="AndraKravLagForfattningUttalandenText" xlink:to="label_AndraKravLagForfattningUttalandenText" xlink:title="label: AndraKravLagForfattningUttalandenText to label_AndraKravLagForfattningUttalandenText"/>
  </link:labelLink>
</link:linkbase>
