<?xml version="1.0" encoding="UTF-8"?>
<!-- Generated by Fujitsu Interstage XWand B0255 -->
<link:linkbase xmlns:xsi="http://www.w3.org/2001/XMLSchema-instance" xsi:schemaLocation="http://www.xbrl.org/2003/linkbase http://www.xbrl.org/2003/xbrl-linkbase-2003-12-31.xsd" xmlns:se-k3-ext="http://www.taxonomier.se/se/fr/gaap/k3-ext/2021-10-31" xmlns:link="http://www.xbrl.org/2003/linkbase" xmlns:xbrli="http://www.xbrl.org/2003/instance" xmlns:xlink="http://www.w3.org/1999/xlink">
  <link:roleRef roleURI="http://www.taxonomier.se/se/fr/role/list/handling/pateckningsmening/revisionsberattelse" xlink:type="simple" xlink:href="../../../../base/se-gen-base/2021-10-31/se-gen-base-2021-10-31.xsd#LIST_RPRRBR"/>
  <link:roleRef roleURI="http://www.taxonomier.se/se/fr/role/list/handling/finansiellrapport" xlink:type="simple" xlink:href="../../../../base/se-gen-base/2021-10-31/se-gen-base-2021-10-31.xsd#LIST_FR"/>
  <link:arcroleRef arcroleURI="http://xbrl.org/int/dim/arcrole/domain-member" xlink:type="simple" xlink:href="http://www.xbrl.org/2005/xbrldt-2005.xsd#domain-member"/>
  <link:definitionLink xlink:type="extended" xlink:role="http://www.taxonomier.se/se/fr/role/list/handling/pateckningsmening/revisionsberattelse">
    <link:loc xlink:type="locator" xlink:href="../../../../base/se-gen-base/2021-10-31/se-gen-base-2021-10-31.xsd#se-gen-base_RevisorspateckningRevisionsberattelseAvstyrktResultatrakningenBalansrakningenDomain" xlink:label="RevisorspateckningRevisionsberattelseAvstyrktResultatrakningenBalansrakningenDomain" xlink:title="RevisorspateckningRevisionsberattelseAvstyrktResultatrakningenBalansrakningenDomain"/>
    <link:loc xlink:type="locator" xlink:href="../../../../base/se-mem-base/2021-10-31/se-mem-base-2021-10-31.xsd#se-mem-base_RevisorspateckningMeningAvstyrktAttResultatrakningBalansrakningFaststallsMember" xlink:label="RevisorspateckningMeningAvstyrktAttResultatrakningBalansrakningFaststallsMember" xlink:title="RevisorspateckningMeningAvstyrktAttResultatrakningBalansrakningFaststallsMember"/>
    <link:definitionArc xlink:type="arc" xlink:arcrole="http://xbrl.org/int/dim/arcrole/domain-member" xlink:from="RevisorspateckningRevisionsberattelseAvstyrktResultatrakningenBalansrakningenDomain" xlink:to="RevisorspateckningMeningAvstyrktAttResultatrakningBalansrakningFaststallsMember" xlink:title="definition: RevisorspateckningRevisionsberattelseAvstyrktResultatrakningenBalansrakningenDomain to RevisorspateckningMeningAvstyrktAttResultatrakningBalansrakningFaststallsMember" order="1.0"/>
    <link:loc xlink:type="locator" xlink:href="../../../../base/se-mem-base/2021-10-31/se-mem-base-2021-10-31.xsd#se-mem-base_RevisorspateckningMeningAvstyrktAttResultatrakningFaststallsMember" xlink:label="RevisorspateckningMeningAvstyrktAttResultatrakningFaststallsMember" xlink:title="RevisorspateckningMeningAvstyrktAttResultatrakningFaststallsMember"/>
    <link:definitionArc xlink:type="arc" xlink:arcrole="http://xbrl.org/int/dim/arcrole/domain-member" xlink:from="RevisorspateckningRevisionsberattelseAvstyrktResultatrakningenBalansrakningenDomain" xlink:to="RevisorspateckningMeningAvstyrktAttResultatrakningFaststallsMember" xlink:title="definition: RevisorspateckningRevisionsberattelseAvstyrktResultatrakningenBalansrakningenDomain to RevisorspateckningMeningAvstyrktAttResultatrakningFaststallsMember" order="2.0"/>
    <link:loc xlink:type="locator" xlink:href="../../../../base/se-mem-base/2021-10-31/se-mem-base-2021-10-31.xsd#se-mem-base_RevisorspateckningMeningAvstyrktAttBalansrakningFaststallsMember" xlink:label="RevisorspateckningMeningAvstyrktAttBalansrakningFaststallsMember" xlink:title="RevisorspateckningMeningAvstyrktAttBalansrakningFaststallsMember"/>
    <link:definitionArc xlink:type="arc" xlink:arcrole="http://xbrl.org/int/dim/arcrole/domain-member" xlink:from="RevisorspateckningRevisionsberattelseAvstyrktResultatrakningenBalansrakningenDomain" xlink:to="RevisorspateckningMeningAvstyrktAttBalansrakningFaststallsMember" xlink:title="definition: RevisorspateckningRevisionsberattelseAvstyrktResultatrakningenBalansrakningenDomain to RevisorspateckningMeningAvstyrktAttBalansrakningFaststallsMember" order="3.0"/>
    <link:loc xlink:type="locator" xlink:href="../../../../base/se-mem-base/2021-10-31/se-mem-base-2021-10-31.xsd#se-mem-base_RevisorspateckningMeningAvstyrktAttResultatrakningVarkenTillEllerAvstyrktBalansrakningFaststallsMember" xlink:label="RevisorspateckningMeningAvstyrktAttResultatrakningVarkenTillEllerAvstyrktBalansrakningFaststallsMember" xlink:title="RevisorspateckningMeningAvstyrktAttResultatrakningVarkenTillEllerAvstyrktBalansrakningFaststallsMember"/>
    <link:definitionArc xlink:type="arc" xlink:arcrole="http://xbrl.org/int/dim/arcrole/domain-member" xlink:from="RevisorspateckningRevisionsberattelseAvstyrktResultatrakningenBalansrakningenDomain" xlink:to="RevisorspateckningMeningAvstyrktAttResultatrakningVarkenTillEllerAvstyrktBalansrakningFaststallsMember" xlink:title="definition: RevisorspateckningRevisionsberattelseAvstyrktResultatrakningenBalansrakningenDomain to RevisorspateckningMeningAvstyrktAttResultatrakningVarkenTillEllerAvstyrktBalansrakningFaststallsMember" order="15.0"/>
    <link:loc xlink:type="locator" xlink:href="../../../../base/se-mem-base/2021-10-31/se-mem-base-2021-10-31.xsd#se-mem-base_RevisorspateckningMeningAvstyrktAttBalanstrakningVarkenTillEllerAvstyrktResultatrakningFaststallsMember" xlink:label="RevisorspateckningMeningAvstyrktAttBalanstrakningVarkenTillEllerAvstyrktResultatrakningFaststallsMember" xlink:title="RevisorspateckningMeningAvstyrktAttBalanstrakningVarkenTillEllerAvstyrktResultatrakningFaststallsMember"/>
    <link:definitionArc xlink:type="arc" xlink:arcrole="http://xbrl.org/int/dim/arcrole/domain-member" xlink:from="RevisorspateckningRevisionsberattelseAvstyrktResultatrakningenBalansrakningenDomain" xlink:to="RevisorspateckningMeningAvstyrktAttBalanstrakningVarkenTillEllerAvstyrktResultatrakningFaststallsMember" xlink:title="definition: RevisorspateckningRevisionsberattelseAvstyrktResultatrakningenBalansrakningenDomain to RevisorspateckningMeningAvstyrktAttBalanstrakningVarkenTillEllerAvstyrktResultatrakningFaststallsMember" order="16.0"/>
    <link:loc xlink:type="locator" xlink:href="../../../../base/se-mem-base/2021-10-31/se-mem-base-2021-10-31.xsd#se-mem-base_RevisorspateckningMeningVarkenTillEllerAvstyrktAttResultatrakningBalansrakningFaststallsMember" xlink:label="RevisorspateckningMeningVarkenTillEllerAvstyrktAttResultatrakningBalansrakningFaststallsMember" xlink:title="RevisorspateckningMeningVarkenTillEllerAvstyrktAttResultatrakningBalansrakningFaststallsMember"/>
    <link:definitionArc xlink:type="arc" xlink:arcrole="http://xbrl.org/int/dim/arcrole/domain-member" xlink:from="RevisorspateckningRevisionsberattelseAvstyrktResultatrakningenBalansrakningenDomain" xlink:to="RevisorspateckningMeningVarkenTillEllerAvstyrktAttResultatrakningBalansrakningFaststallsMember" xlink:title="definition: RevisorspateckningRevisionsberattelseAvstyrktResultatrakningenBalansrakningenDomain to RevisorspateckningMeningVarkenTillEllerAvstyrktAttResultatrakningBalansrakningFaststallsMember" order="4.0"/>
    <link:loc xlink:type="locator" xlink:href="../../../../base/se-mem-base/2021-10-31/se-mem-base-2021-10-31.xsd#se-mem-base_RevisorspateckningMeningVarkenTillEllerAvstyrktAttResultatrakningFaststallsMember" xlink:label="RevisorspateckningMeningVarkenTillEllerAvstyrktAttResultatrakningFaststallsMember" xlink:title="RevisorspateckningMeningVarkenTillEllerAvstyrktAttResultatrakningFaststallsMember"/>
    <link:definitionArc xlink:type="arc" xlink:arcrole="http://xbrl.org/int/dim/arcrole/domain-member" xlink:from="RevisorspateckningRevisionsberattelseAvstyrktResultatrakningenBalansrakningenDomain" xlink:to="RevisorspateckningMeningVarkenTillEllerAvstyrktAttResultatrakningFaststallsMember" xlink:title="definition: RevisorspateckningRevisionsberattelseAvstyrktResultatrakningenBalansrakningenDomain to RevisorspateckningMeningVarkenTillEllerAvstyrktAttResultatrakningFaststallsMember" order="5.0"/>
    <link:loc xlink:type="locator" xlink:href="../../../../base/se-mem-base/2021-10-31/se-mem-base-2021-10-31.xsd#se-mem-base_RevisorspateckningMeningVarkenTillEllerAvstyrktAttBalansrakningFaststallsMember" xlink:label="RevisorspateckningMeningVarkenTillEllerAvstyrktAttBalansrakningFaststallsMember" xlink:title="RevisorspateckningMeningVarkenTillEllerAvstyrktAttBalansrakningFaststallsMember"/>
    <link:definitionArc xlink:type="arc" xlink:arcrole="http://xbrl.org/int/dim/arcrole/domain-member" xlink:from="RevisorspateckningRevisionsberattelseAvstyrktResultatrakningenBalansrakningenDomain" xlink:to="RevisorspateckningMeningVarkenTillEllerAvstyrktAttBalansrakningFaststallsMember" xlink:title="definition: RevisorspateckningRevisionsberattelseAvstyrktResultatrakningenBalansrakningenDomain to RevisorspateckningMeningVarkenTillEllerAvstyrktAttBalansrakningFaststallsMember" order="6.0"/>
    <link:loc xlink:type="locator" xlink:href="../../../../base/se-mem-base/2021-10-31/se-mem-base-2021-10-31.xsd#se-mem-base_RevisorspateckningMeningAvstyrktAttResultatrakningBalansrakningenKoncernresultatKoncernbalansrakningFaststallsMember" xlink:label="RevisorspateckningMeningAvstyrktAttResultatrakningBalansrakningenKoncernresultatKoncernbalansrakningFaststallsMember" xlink:title="RevisorspateckningMeningAvstyrktAttResultatrakningBalansrakningenKoncernresultatKoncernbalansrakningFaststallsMember"/>
    <link:definitionArc xlink:type="arc" xlink:arcrole="http://xbrl.org/int/dim/arcrole/domain-member" xlink:from="RevisorspateckningRevisionsberattelseAvstyrktResultatrakningenBalansrakningenDomain" xlink:to="RevisorspateckningMeningAvstyrktAttResultatrakningBalansrakningenKoncernresultatKoncernbalansrakningFaststallsMember" xlink:title="definition: RevisorspateckningRevisionsberattelseAvstyrktResultatrakningenBalansrakningenDomain to RevisorspateckningMeningAvstyrktAttResultatrakningBalansrakningenKoncernresultatKoncernbalansrakningFaststallsMember" order="7.0"/>
    <link:loc xlink:type="locator" xlink:href="../../../../base/se-mem-base/2021-10-31/se-mem-base-2021-10-31.xsd#se-mem-base_RevisorspateckningMeningAvstyrktAttResultatrakningKoncernresultatrakningFaststallsMember" xlink:label="RevisorspateckningMeningAvstyrktAttResultatrakningKoncernresultatrakningFaststallsMember" xlink:title="RevisorspateckningMeningAvstyrktAttResultatrakningKoncernresultatrakningFaststallsMember"/>
    <link:definitionArc xlink:type="arc" xlink:arcrole="http://xbrl.org/int/dim/arcrole/domain-member" xlink:from="RevisorspateckningRevisionsberattelseAvstyrktResultatrakningenBalansrakningenDomain" xlink:to="RevisorspateckningMeningAvstyrktAttResultatrakningKoncernresultatrakningFaststallsMember" xlink:title="definition: RevisorspateckningRevisionsberattelseAvstyrktResultatrakningenBalansrakningenDomain to RevisorspateckningMeningAvstyrktAttResultatrakningKoncernresultatrakningFaststallsMember" order="8.0"/>
    <link:loc xlink:type="locator" xlink:href="../../../../base/se-mem-base/2021-10-31/se-mem-base-2021-10-31.xsd#se-mem-base_RevisorspateckningMeningAvstyrktAttBalansrakningKoncernbalansrakningFaststallsMember" xlink:label="RevisorspateckningMeningAvstyrktAttBalansrakningKoncernbalansrakningFaststallsMember" xlink:title="RevisorspateckningMeningAvstyrktAttBalansrakningKoncernbalansrakningFaststallsMember"/>
    <link:definitionArc xlink:type="arc" xlink:arcrole="http://xbrl.org/int/dim/arcrole/domain-member" xlink:from="RevisorspateckningRevisionsberattelseAvstyrktResultatrakningenBalansrakningenDomain" xlink:to="RevisorspateckningMeningAvstyrktAttBalansrakningKoncernbalansrakningFaststallsMember" xlink:title="definition: RevisorspateckningRevisionsberattelseAvstyrktResultatrakningenBalansrakningenDomain to RevisorspateckningMeningAvstyrktAttBalansrakningKoncernbalansrakningFaststallsMember" order="9.0"/>
    <link:loc xlink:type="locator" xlink:href="../../../../base/se-mem-base/2021-10-31/se-mem-base-2021-10-31.xsd#se-mem-base_RevisorspateckningMeningAvstyrktAttKoncernresultatrakningKoncernbalansrakningFaststallsMember" xlink:label="RevisorspateckningMeningAvstyrktAttKoncernresultatrakningKoncernbalansrakningFaststallsMember" xlink:title="RevisorspateckningMeningAvstyrktAttKoncernresultatrakningKoncernbalansrakningFaststallsMember"/>
    <link:definitionArc xlink:type="arc" xlink:arcrole="http://xbrl.org/int/dim/arcrole/domain-member" xlink:from="RevisorspateckningRevisionsberattelseAvstyrktResultatrakningenBalansrakningenDomain" xlink:to="RevisorspateckningMeningAvstyrktAttKoncernresultatrakningKoncernbalansrakningFaststallsMember" xlink:title="definition: RevisorspateckningRevisionsberattelseAvstyrktResultatrakningenBalansrakningenDomain to RevisorspateckningMeningAvstyrktAttKoncernresultatrakningKoncernbalansrakningFaststallsMember" order="10.0"/>
    <link:loc xlink:type="locator" xlink:href="../../../../base/se-mem-base/2021-10-31/se-mem-base-2021-10-31.xsd#se-mem-base_RevisorspateckningMeningAvstyrktAttKoncernresultatrakningFaststallsMember" xlink:label="RevisorspateckningMeningAvstyrktAttKoncernresultatrakningFaststallsMember" xlink:title="RevisorspateckningMeningAvstyrktAttKoncernresultatrakningFaststallsMember"/>
    <link:definitionArc xlink:type="arc" xlink:arcrole="http://xbrl.org/int/dim/arcrole/domain-member" xlink:from="RevisorspateckningRevisionsberattelseAvstyrktResultatrakningenBalansrakningenDomain" xlink:to="RevisorspateckningMeningAvstyrktAttKoncernresultatrakningFaststallsMember" xlink:title="definition: RevisorspateckningRevisionsberattelseAvstyrktResultatrakningenBalansrakningenDomain to RevisorspateckningMeningAvstyrktAttKoncernresultatrakningFaststallsMember" order="11.0"/>
    <link:loc xlink:type="locator" xlink:href="../../../../base/se-mem-base/2021-10-31/se-mem-base-2021-10-31.xsd#se-mem-base_RevisorspateckningMeningAvstyrktAttKoncernbalansrakningFaststallsMember" xlink:label="RevisorspateckningMeningAvstyrktAttKoncernbalansrakningFaststallsMember" xlink:title="RevisorspateckningMeningAvstyrktAttKoncernbalansrakningFaststallsMember"/>
    <link:definitionArc xlink:type="arc" xlink:arcrole="http://xbrl.org/int/dim/arcrole/domain-member" xlink:from="RevisorspateckningRevisionsberattelseAvstyrktResultatrakningenBalansrakningenDomain" xlink:to="RevisorspateckningMeningAvstyrktAttKoncernbalansrakningFaststallsMember" xlink:title="definition: RevisorspateckningRevisionsberattelseAvstyrktResultatrakningenBalansrakningenDomain to RevisorspateckningMeningAvstyrktAttKoncernbalansrakningFaststallsMember" order="12.0"/>
    <link:loc xlink:type="locator" xlink:href="../../../../base/se-mem-base/2021-10-31/se-mem-base-2021-10-31.xsd#se-mem-base_RevisorspateckningMeningAvstyrktAttResultatrakningKoncernbalansrakningFaststallsMember" xlink:label="RevisorspateckningMeningAvstyrktAttResultatrakningKoncernbalansrakningFaststallsMember" xlink:title="RevisorspateckningMeningAvstyrktAttResultatrakningKoncernbalansrakningFaststallsMember"/>
    <link:definitionArc xlink:type="arc" xlink:arcrole="http://xbrl.org/int/dim/arcrole/domain-member" xlink:from="RevisorspateckningRevisionsberattelseAvstyrktResultatrakningenBalansrakningenDomain" xlink:to="RevisorspateckningMeningAvstyrktAttResultatrakningKoncernbalansrakningFaststallsMember" xlink:title="definition: RevisorspateckningRevisionsberattelseAvstyrktResultatrakningenBalansrakningenDomain to RevisorspateckningMeningAvstyrktAttResultatrakningKoncernbalansrakningFaststallsMember" order="13.0"/>
    <link:loc xlink:type="locator" xlink:href="../../../../base/se-mem-base/2021-10-31/se-mem-base-2021-10-31.xsd#se-mem-base_RevisorspateckningMeningAvstyrktAttBalansrakningKoncernresultatrakningFaststallsMember" xlink:label="RevisorspateckningMeningAvstyrktAttBalansrakningKoncernresultatrakningFaststallsMember" xlink:title="RevisorspateckningMeningAvstyrktAttBalansrakningKoncernresultatrakningFaststallsMember"/>
    <link:definitionArc xlink:type="arc" xlink:arcrole="http://xbrl.org/int/dim/arcrole/domain-member" xlink:from="RevisorspateckningRevisionsberattelseAvstyrktResultatrakningenBalansrakningenDomain" xlink:to="RevisorspateckningMeningAvstyrktAttBalansrakningKoncernresultatrakningFaststallsMember" xlink:title="definition: RevisorspateckningRevisionsberattelseAvstyrktResultatrakningenBalansrakningenDomain to RevisorspateckningMeningAvstyrktAttBalansrakningKoncernresultatrakningFaststallsMember" order="14.0"/>
    <link:loc xlink:type="locator" xlink:href="../../../../base/se-mem-base/2021-10-31/se-mem-base-2021-10-31.xsd#se-mem-base_RevisorspateckningMeningAvstyrktAttKoncernresultatrakningVarkenTillEllerAvstyrktKoncernbalansrakningFaststallsMember" xlink:label="RevisorspateckningMeningAvstyrktAttKoncernresultatrakningVarkenTillEllerAvstyrktKoncernbalansrakningFaststallsMember" xlink:title="RevisorspateckningMeningAvstyrktAttKoncernresultatrakningVarkenTillEllerAvstyrktKoncernbalansrakningFaststallsMember"/>
    <link:definitionArc xlink:type="arc" xlink:arcrole="http://xbrl.org/int/dim/arcrole/domain-member" xlink:from="RevisorspateckningRevisionsberattelseAvstyrktResultatrakningenBalansrakningenDomain" xlink:to="RevisorspateckningMeningAvstyrktAttKoncernresultatrakningVarkenTillEllerAvstyrktKoncernbalansrakningFaststallsMember" xlink:title="definition: RevisorspateckningRevisionsberattelseAvstyrktResultatrakningenBalansrakningenDomain to RevisorspateckningMeningAvstyrktAttKoncernresultatrakningVarkenTillEllerAvstyrktKoncernbalansrakningFaststallsMember" order="17.0"/>
    <link:loc xlink:type="locator" xlink:href="../../../../base/se-mem-base/2021-10-31/se-mem-base-2021-10-31.xsd#se-mem-base_RevisorspateckningMeningAvstyrktAttKoncernbalansrakningVarkenTillEllerAvstyrktKoncernresultatrakningFaststallsMember" xlink:label="RevisorspateckningMeningAvstyrktAttKoncernbalansrakningVarkenTillEllerAvstyrktKoncernresultatrakningFaststallsMember" xlink:title="RevisorspateckningMeningAvstyrktAttKoncernbalansrakningVarkenTillEllerAvstyrktKoncernresultatrakningFaststallsMember"/>
    <link:definitionArc xlink:type="arc" xlink:arcrole="http://xbrl.org/int/dim/arcrole/domain-member" xlink:from="RevisorspateckningRevisionsberattelseAvstyrktResultatrakningenBalansrakningenDomain" xlink:to="RevisorspateckningMeningAvstyrktAttKoncernbalansrakningVarkenTillEllerAvstyrktKoncernresultatrakningFaststallsMember" xlink:title="definition: RevisorspateckningRevisionsberattelseAvstyrktResultatrakningenBalansrakningenDomain to RevisorspateckningMeningAvstyrktAttKoncernbalansrakningVarkenTillEllerAvstyrktKoncernresultatrakningFaststallsMember" order="18.0"/>
    <link:loc xlink:type="locator" xlink:href="../../../../base/se-mem-base/2021-10-31/se-mem-base-2021-10-31.xsd#se-mem-base_RevisorspateckningMeningVarkenTillEllerAvstyrktAttResultatrakningBalansrakningKoncernResultatKoncernBalansrakningFaststallsMember" xlink:label="RevisorspateckningMeningVarkenTillEllerAvstyrktAttResultatrakningBalansrakningKoncernResultatKoncernBalansrakningFaststallsMember" xlink:title="RevisorspateckningMeningVarkenTillEllerAvstyrktAttResultatrakningBalansrakningKoncernResultatKoncernBalansrakningFaststallsMember"/>
    <link:definitionArc xlink:type="arc" xlink:arcrole="http://xbrl.org/int/dim/arcrole/domain-member" xlink:from="RevisorspateckningRevisionsberattelseAvstyrktResultatrakningenBalansrakningenDomain" xlink:to="RevisorspateckningMeningVarkenTillEllerAvstyrktAttResultatrakningBalansrakningKoncernResultatKoncernBalansrakningFaststallsMember" xlink:title="definition: RevisorspateckningRevisionsberattelseAvstyrktResultatrakningenBalansrakningenDomain to RevisorspateckningMeningVarkenTillEllerAvstyrktAttResultatrakningBalansrakningKoncernResultatKoncernBalansrakningFaststallsMember" order="19.0"/>
    <link:loc xlink:type="locator" xlink:href="../../../../base/se-mem-base/2021-10-31/se-mem-base-2021-10-31.xsd#se-mem-base_RevisorspateckningMeningVarkenTillEllerAvstyrktAttResultatrakningKoncernresultatrakningFaststallsMember" xlink:label="RevisorspateckningMeningVarkenTillEllerAvstyrktAttResultatrakningKoncernresultatrakningFaststallsMember" xlink:title="RevisorspateckningMeningVarkenTillEllerAvstyrktAttResultatrakningKoncernresultatrakningFaststallsMember"/>
    <link:definitionArc xlink:type="arc" xlink:arcrole="http://xbrl.org/int/dim/arcrole/domain-member" xlink:from="RevisorspateckningRevisionsberattelseAvstyrktResultatrakningenBalansrakningenDomain" xlink:to="RevisorspateckningMeningVarkenTillEllerAvstyrktAttResultatrakningKoncernresultatrakningFaststallsMember" xlink:title="definition: RevisorspateckningRevisionsberattelseAvstyrktResultatrakningenBalansrakningenDomain to RevisorspateckningMeningVarkenTillEllerAvstyrktAttResultatrakningKoncernresultatrakningFaststallsMember" order="20.0"/>
    <link:loc xlink:type="locator" xlink:href="../../../../base/se-mem-base/2021-10-31/se-mem-base-2021-10-31.xsd#se-mem-base_RevisorspateckningMeningVarkenTillEllerAvstyrktAttBalansrakningKoncernbalansrakningFaststallsMember" xlink:label="RevisorspateckningMeningVarkenTillEllerAvstyrktAttBalansrakningKoncernbalansrakningFaststallsMember" xlink:title="RevisorspateckningMeningVarkenTillEllerAvstyrktAttBalansrakningKoncernbalansrakningFaststallsMember"/>
    <link:definitionArc xlink:type="arc" xlink:arcrole="http://xbrl.org/int/dim/arcrole/domain-member" xlink:from="RevisorspateckningRevisionsberattelseAvstyrktResultatrakningenBalansrakningenDomain" xlink:to="RevisorspateckningMeningVarkenTillEllerAvstyrktAttBalansrakningKoncernbalansrakningFaststallsMember" xlink:title="definition: RevisorspateckningRevisionsberattelseAvstyrktResultatrakningenBalansrakningenDomain to RevisorspateckningMeningVarkenTillEllerAvstyrktAttBalansrakningKoncernbalansrakningFaststallsMember" order="21.0"/>
    <link:loc xlink:type="locator" xlink:href="../../../../base/se-mem-base/2021-10-31/se-mem-base-2021-10-31.xsd#se-mem-base_RevisorspateckningMeningVarkenTillEllerAvstyrktAttKoncernresultatrakningKoncernbalansrakningFaststallsMember" xlink:label="RevisorspateckningMeningVarkenTillEllerAvstyrktAttKoncernresultatrakningKoncernbalansrakningFaststallsMember" xlink:title="RevisorspateckningMeningVarkenTillEllerAvstyrktAttKoncernresultatrakningKoncernbalansrakningFaststallsMember"/>
    <link:definitionArc xlink:type="arc" xlink:arcrole="http://xbrl.org/int/dim/arcrole/domain-member" xlink:from="RevisorspateckningRevisionsberattelseAvstyrktResultatrakningenBalansrakningenDomain" xlink:to="RevisorspateckningMeningVarkenTillEllerAvstyrktAttKoncernresultatrakningKoncernbalansrakningFaststallsMember" xlink:title="definition: RevisorspateckningRevisionsberattelseAvstyrktResultatrakningenBalansrakningenDomain to RevisorspateckningMeningVarkenTillEllerAvstyrktAttKoncernresultatrakningKoncernbalansrakningFaststallsMember" order="22.0"/>
    <link:loc xlink:type="locator" xlink:href="../../../../base/se-mem-base/2021-10-31/se-mem-base-2021-10-31.xsd#se-mem-base_RevisorspateckningMeningVarkenTillEllerAvstyrktAttKoncernresultatrakningFaststallsMember" xlink:label="RevisorspateckningMeningVarkenTillEllerAvstyrktAttKoncernresultatrakningFaststallsMember" xlink:title="RevisorspateckningMeningVarkenTillEllerAvstyrktAttKoncernresultatrakningFaststallsMember"/>
    <link:definitionArc xlink:type="arc" xlink:arcrole="http://xbrl.org/int/dim/arcrole/domain-member" xlink:from="RevisorspateckningRevisionsberattelseAvstyrktResultatrakningenBalansrakningenDomain" xlink:to="RevisorspateckningMeningVarkenTillEllerAvstyrktAttKoncernresultatrakningFaststallsMember" xlink:title="definition: RevisorspateckningRevisionsberattelseAvstyrktResultatrakningenBalansrakningenDomain to RevisorspateckningMeningVarkenTillEllerAvstyrktAttKoncernresultatrakningFaststallsMember" order="23.0"/>
    <link:loc xlink:type="locator" xlink:href="../../../../base/se-mem-base/2021-10-31/se-mem-base-2021-10-31.xsd#se-mem-base_RevisorspateckningMeningVarkenTillEllerAvstyrktAttKoncernbalansrakningFaststallsMember" xlink:label="RevisorspateckningMeningVarkenTillEllerAvstyrktAttKoncernbalansrakningFaststallsMember" xlink:title="RevisorspateckningMeningVarkenTillEllerAvstyrktAttKoncernbalansrakningFaststallsMember"/>
    <link:definitionArc xlink:type="arc" xlink:arcrole="http://xbrl.org/int/dim/arcrole/domain-member" xlink:from="RevisorspateckningRevisionsberattelseAvstyrktResultatrakningenBalansrakningenDomain" xlink:to="RevisorspateckningMeningVarkenTillEllerAvstyrktAttKoncernbalansrakningFaststallsMember" xlink:title="definition: RevisorspateckningRevisionsberattelseAvstyrktResultatrakningenBalansrakningenDomain to RevisorspateckningMeningVarkenTillEllerAvstyrktAttKoncernbalansrakningFaststallsMember" order="24.0"/>
    <link:loc xlink:type="locator" xlink:href="../../../../base/se-mem-base/2021-10-31/se-mem-base-2021-10-31.xsd#se-mem-base_RevisorspateckningMeningVarkenTillEllerAvstyrktAttResultatrakningKoncernbalansrakningFaststallsMember" xlink:label="RevisorspateckningMeningVarkenTillEllerAvstyrktAttResultatrakningKoncernbalansrakningFaststallsMember" xlink:title="RevisorspateckningMeningVarkenTillEllerAvstyrktAttResultatrakningKoncernbalansrakningFaststallsMember"/>
    <link:definitionArc xlink:type="arc" xlink:arcrole="http://xbrl.org/int/dim/arcrole/domain-member" xlink:from="RevisorspateckningRevisionsberattelseAvstyrktResultatrakningenBalansrakningenDomain" xlink:to="RevisorspateckningMeningVarkenTillEllerAvstyrktAttResultatrakningKoncernbalansrakningFaststallsMember" xlink:title="definition: RevisorspateckningRevisionsberattelseAvstyrktResultatrakningenBalansrakningenDomain to RevisorspateckningMeningVarkenTillEllerAvstyrktAttResultatrakningKoncernbalansrakningFaststallsMember" order="25.0"/>
    <link:loc xlink:type="locator" xlink:href="../../../../base/se-mem-base/2021-10-31/se-mem-base-2021-10-31.xsd#se-mem-base_RevisorspateckningMeningVarkenTillEllerAvstyrktAttBalansrakningKoncernresultatrakningFaststallsMember" xlink:label="RevisorspateckningMeningVarkenTillEllerAvstyrktAttBalansrakningKoncernresultatrakningFaststallsMember" xlink:title="RevisorspateckningMeningVarkenTillEllerAvstyrktAttBalansrakningKoncernresultatrakningFaststallsMember"/>
    <link:definitionArc xlink:type="arc" xlink:arcrole="http://xbrl.org/int/dim/arcrole/domain-member" xlink:from="RevisorspateckningRevisionsberattelseAvstyrktResultatrakningenBalansrakningenDomain" xlink:to="RevisorspateckningMeningVarkenTillEllerAvstyrktAttBalansrakningKoncernresultatrakningFaststallsMember" xlink:title="definition: RevisorspateckningRevisionsberattelseAvstyrktResultatrakningenBalansrakningenDomain to RevisorspateckningMeningVarkenTillEllerAvstyrktAttBalansrakningKoncernresultatrakningFaststallsMember" order="26.0"/>
  </link:definitionLink>
  <link:definitionLink xlink:type="extended" xlink:role="http://www.taxonomier.se/se/fr/role/list/handling/finansiellrapport">
    <link:loc xlink:type="locator" xlink:href="../../../../base/se-gen-base/2021-10-31/se-gen-base-2021-10-31.xsd#se-gen-base_FinansiellRapportDomain" xlink:label="FinansiellRapportDomain" xlink:title="FinansiellRapportDomain"/>
    <link:loc xlink:type="locator" xlink:href="../../../../base/se-mem-base/2021-10-31/se-mem-base-2021-10-31.xsd#se-mem-base_FinansiellRapportStyrelsenAvgerArsredovisningMember" xlink:label="FinansiellRapportStyrelsenAvgerArsredovisningMember" xlink:title="FinansiellRapportStyrelsenAvgerArsredovisningMember"/>
    <link:definitionArc xlink:type="arc" xlink:arcrole="http://xbrl.org/int/dim/arcrole/domain-member" xlink:from="FinansiellRapportDomain" xlink:to="FinansiellRapportStyrelsenAvgerArsredovisningMember" xlink:title="definition: FinansiellRapportDomain to FinansiellRapportStyrelsenAvgerArsredovisningMember" order="1.0"/>
    <link:loc xlink:type="locator" xlink:href="../../../../base/se-mem-base/2021-10-31/se-mem-base-2021-10-31.xsd#se-mem-base_FinansiellRapportStyrelsenVerkstallandeDirektorenAvgerArsredovisningMember" xlink:label="FinansiellRapportStyrelsenVerkstallandeDirektorenAvgerArsredovisningMember" xlink:title="FinansiellRapportStyrelsenVerkstallandeDirektorenAvgerArsredovisningMember"/>
    <link:definitionArc xlink:type="arc" xlink:arcrole="http://xbrl.org/int/dim/arcrole/domain-member" xlink:from="FinansiellRapportDomain" xlink:to="FinansiellRapportStyrelsenVerkstallandeDirektorenAvgerArsredovisningMember" xlink:title="definition: FinansiellRapportDomain to FinansiellRapportStyrelsenVerkstallandeDirektorenAvgerArsredovisningMember" order="2.0"/>
    <link:loc xlink:type="locator" xlink:href="../../../../base/se-mem-base/2021-10-31/se-mem-base-2021-10-31.xsd#se-mem-base_FinansiellRapportStyrelsenAvgerArsredovisningKoncernredovisningMember" xlink:label="FinansiellRapportStyrelsenAvgerArsredovisningKoncernredovisningMember" xlink:title="FinansiellRapportStyrelsenAvgerArsredovisningKoncernredovisningMember"/>
    <link:definitionArc xlink:type="arc" xlink:arcrole="http://xbrl.org/int/dim/arcrole/domain-member" xlink:from="FinansiellRapportDomain" xlink:to="FinansiellRapportStyrelsenAvgerArsredovisningKoncernredovisningMember" xlink:title="definition: FinansiellRapportDomain to FinansiellRapportStyrelsenAvgerArsredovisningKoncernredovisningMember" order="4.0"/>
    <link:loc xlink:type="locator" xlink:href="../../../../base/se-mem-base/2021-10-31/se-mem-base-2021-10-31.xsd#se-mem-base_FinansiellRapportStyrelsenVerkstallandeDirektorenAvgerArsredovisningKoncernredovisningMember" xlink:label="FinansiellRapportStyrelsenVerkstallandeDirektorenAvgerArsredovisningKoncernredovisningMember" xlink:title="FinansiellRapportStyrelsenVerkstallandeDirektorenAvgerArsredovisningKoncernredovisningMember"/>
    <link:definitionArc xlink:type="arc" xlink:arcrole="http://xbrl.org/int/dim/arcrole/domain-member" xlink:from="FinansiellRapportDomain" xlink:to="FinansiellRapportStyrelsenVerkstallandeDirektorenAvgerArsredovisningKoncernredovisningMember" xlink:title="definition: FinansiellRapportDomain to FinansiellRapportStyrelsenVerkstallandeDirektorenAvgerArsredovisningKoncernredovisningMember" order="5.0"/>
    <link:loc xlink:type="locator" xlink:href="../../../../base/se-mem-base/2021-10-31/se-mem-base-2021-10-31.xsd#se-mem-base_FinansiellRapportLikvidatornAvgerArsredovisningMember" xlink:label="FinansiellRapportLikvidatornAvgerArsredovisningMember" xlink:title="FinansiellRapportLikvidatornAvgerArsredovisningMember"/>
    <link:definitionArc xlink:type="arc" xlink:arcrole="http://xbrl.org/int/dim/arcrole/domain-member" xlink:from="FinansiellRapportDomain" xlink:to="FinansiellRapportLikvidatornAvgerArsredovisningMember" xlink:title="definition: FinansiellRapportDomain to FinansiellRapportLikvidatornAvgerArsredovisningMember" order="3.0"/>
    <link:loc xlink:type="locator" xlink:href="../../../../base/se-mem-base/2021-10-31/se-mem-base-2021-10-31.xsd#se-mem-base_FinansiellRapportLikvidatornAvgerArsredovisningKoncernredovisningMember" xlink:label="FinansiellRapportLikvidatornAvgerArsredovisningKoncernredovisningMember" xlink:title="FinansiellRapportLikvidatornAvgerArsredovisningKoncernredovisningMember"/>
    <link:definitionArc xlink:type="arc" xlink:arcrole="http://xbrl.org/int/dim/arcrole/domain-member" xlink:from="FinansiellRapportDomain" xlink:to="FinansiellRapportLikvidatornAvgerArsredovisningKoncernredovisningMember" xlink:title="definition: FinansiellRapportDomain to FinansiellRapportLikvidatornAvgerArsredovisningKoncernredovisningMember" order="6.0"/>
  </link:definitionLink>
</link:linkbase>
