<?xml version="1.0" encoding="UTF-8"?>
<!-- Generated by Fujitsu Interstage XWand B0255 -->
<link:linkbase xmlns:xsi="http://www.w3.org/2001/XMLSchema-instance" xsi:schemaLocation="http://www.xbrl.org/2003/linkbase http://www.xbrl.org/2003/xbrl-linkbase-2003-12-31.xsd" xmlns:se-k3-ext="http://www.taxonomier.se/se/fr/gaap/k3-ext/2021-10-31" xmlns:link="http://www.xbrl.org/2003/linkbase" xmlns:xlink="http://www.w3.org/1999/xlink" xmlns:xbrli="http://www.xbrl.org/2003/instance">
  <link:labelLink xlink:type="extended" xlink:role="http://www.xbrl.org/2003/role/link">
    <link:loc xlink:type="locator" xlink:href="../../../../base/se-cd-base/2021-10-31/se-cd-base-2021-10-31.xsd#se-cd-base_AllmanInformationAbstract" xlink:label="AllmanInformationAbstract" xlink:title="AllmanInformationAbstract"/>
    <link:label xlink:type="resource" xlink:label="label_AllmanInformationAbstract" xlink:role="http://www.xbrl.org/2003/role/definitionGuidance" xlink:title="label_AllmanInformationAbstract" xml:lang="sv" id="label_AllmanInformationAbstract">Delrapport för allmän information om företaget och rapporten</link:label>
    <link:labelArc xlink:type="arc" xlink:arcrole="http://www.xbrl.org/2003/arcrole/concept-label" xlink:from="AllmanInformationAbstract" xlink:to="label_AllmanInformationAbstract" xlink:title="label: AllmanInformationAbstract to label_AllmanInformationAbstract"/>
    <link:loc xlink:type="locator" xlink:href="../../../../base/se-gen-base/2021-10-31/se-gen-base-2021-10-31.xsd#se-gen-base_ForvaltningsberattelseAbstract" xlink:label="ForvaltningsberattelseAbstract" xlink:title="ForvaltningsberattelseAbstract"/>
    <link:label xlink:type="resource" xlink:label="label_ForvaltningsberattelseAbstract" xlink:role="http://www.xbrl.org/2003/role/definitionGuidance" xlink:title="label_ForvaltningsberattelseAbstract" xml:lang="sv" id="label_ForvaltningsberattelseAbstract">Delrapport som kompletterar informationen i bl.a. resultat- och balansräkningen och bidrar till en rättvisande översikt över utvecklingen av företagets verksamhet, ställning och resultat</link:label>
    <link:labelArc xlink:type="arc" xlink:arcrole="http://www.xbrl.org/2003/arcrole/concept-label" xlink:from="ForvaltningsberattelseAbstract" xlink:to="label_ForvaltningsberattelseAbstract" xlink:title="label: ForvaltningsberattelseAbstract to label_ForvaltningsberattelseAbstract"/>
    <link:loc xlink:type="locator" xlink:href="../../../../base/se-gen-base/2021-10-31/se-gen-base-2021-10-31.xsd#se-gen-base_Rorelseresultat" xlink:label="locRorelseresultat_18" xlink:title="locRorelseresultat_18"/>
    <link:label xlink:type="resource" xlink:label="lblRorelseresultat_18" xlink:role="http://www.xbrl.org/2003/role/definitionGuidance" xlink:title="lblRorelseresultat_18" xml:lang="sv">Vid tillämpning av kapitalandelsmetoden ingår även Andelar i intresseföretags och gemensamt styrda företags resultat och Realisationsresultat vid försäljning av intresseföretag och gemensamt styrda företag</link:label>
    <link:labelArc xlink:type="arc" xlink:arcrole="http://www.xbrl.org/2003/arcrole/concept-label" xlink:from="locRorelseresultat_18" xlink:to="lblRorelseresultat_18" xlink:title="label: locRorelseresultat_18 to lblRorelseresultat_18"/>
    <link:loc xlink:type="locator" xlink:href="../../../../base/se-gen-base/2021-10-31/se-gen-base-2021-10-31.xsd#se-gen-base_BalanseratResultat" xlink:label="BalanseratResultat" xlink:title="BalanseratResultat"/>
    <link:label xlink:type="resource" xlink:label="label_BalanseratResultat" xlink:role="http://www.xbrl.org/2003/role/definitionGuidance" xlink:title="label_BalanseratResultat" xml:lang="sv" id="label_BalanseratResultat">Kan även omfatta aktieägartillskott och fri överkursfond</link:label>
    <link:labelArc xlink:type="arc" xlink:arcrole="http://www.xbrl.org/2003/arcrole/concept-label" xlink:from="BalanseratResultat" xlink:to="label_BalanseratResultat" xlink:title="label: BalanseratResultat to label_BalanseratResultat"/>
    <link:loc xlink:type="locator" xlink:href="../../../../base/se-gen-base/2021-10-31/se-gen-base-2021-10-31.xsd#se-gen-base_FrittEgetKapital" xlink:label="locFrittEgetKapital_6" xlink:title="locFrittEgetKapital_6"/>
    <link:label xlink:type="resource" xlink:label="lblFrittEgetKapital_6" xlink:role="http://www.xbrl.org/2003/role/definitionGuidance" xlink:title="lblFrittEgetKapital_6" xml:lang="sv">Normalt sammanslagning av följande poster; Fri överkursfond, Fond för verkligt värde, Balanserat resultat och Periodens resultat</link:label>
    <link:labelArc xlink:type="arc" xlink:arcrole="http://www.xbrl.org/2003/arcrole/concept-label" xlink:from="locFrittEgetKapital_6" xlink:to="lblFrittEgetKapital_6" xlink:title="label: locFrittEgetKapital_6 to lblFrittEgetKapital_6"/>
    <link:loc xlink:type="locator" xlink:href="../../../../base/se-gen-base/2021-10-31/se-gen-base-2021-10-31.xsd#se-gen-base_ForandringEgetKapitalAbstract" xlink:label="ForandringEgetKapitalAbstract" xlink:title="ForandringEgetKapitalAbstract"/>
    <link:label xlink:type="resource" xlink:label="label_ForandringEgetKapitalAbstract" xlink:role="http://www.xbrl.org/2003/role/definitionGuidance" xlink:title="label_ForandringEgetKapitalAbstract" xml:lang="sv" id="label_ForandringEgetKapitalAbstract">Delrapport för specifikation av förändringar i eget kapital</link:label>
    <link:labelArc xlink:type="arc" xlink:arcrole="http://www.xbrl.org/2003/arcrole/concept-label" xlink:from="ForandringEgetKapitalAbstract" xlink:to="label_ForandringEgetKapitalAbstract" xlink:title="label: ForandringEgetKapitalAbstract to label_ForandringEgetKapitalAbstract"/>
    <link:loc xlink:type="locator" xlink:href="../../../../base/se-gen-base/2021-10-31/se-gen-base-2021-10-31.xsd#se-gen-base_Reservfond" xlink:label="Reservfond" xlink:title="Reservfond"/>
    <link:label xlink:type="resource" xlink:label="label_Reservfond" xlink:role="http://www.xbrl.org/2003/role/definitionGuidance" xlink:title="label_Reservfond" xml:lang="sv" id="label_Reservfond">Frivillig fond sedan år 2006. Obligatorisk fond enligt aktiebolagslagen fram till år 2006, då företag tvingades att sätta av sina första vinster till reservfonden tills den uppgick till 20 % av aktiekapitalet</link:label>
    <link:labelArc xlink:type="arc" xlink:arcrole="http://www.xbrl.org/2003/arcrole/concept-label" xlink:from="Reservfond" xlink:to="label_Reservfond" xlink:title="label: Reservfond to label_Reservfond"/>
    <link:loc xlink:type="locator" xlink:href="../../../../base/se-gen-base/2021-10-31/se-gen-base-2021-10-31.xsd#se-gen-base_EgetKapital" xlink:label="locEgetKapital_16" xlink:title="locEgetKapital_16"/>
    <link:label xlink:type="resource" xlink:label="lblEgetKapital_16" xlink:role="http://www.xbrl.org/2003/role/definitionGuidance" xlink:title="lblEgetKapital_16" xml:lang="sv">Sammanslagning av bundet och fritt eget kapital</link:label>
    <link:labelArc xlink:type="arc" xlink:arcrole="http://www.xbrl.org/2003/arcrole/concept-label" xlink:from="locEgetKapital_16" xlink:to="lblEgetKapital_16" xlink:title="label: locEgetKapital_16 to lblEgetKapital_16"/>
    <link:loc xlink:type="locator" xlink:href="../../../../base/se-gen-base/2021-10-31/se-gen-base-2021-10-31.xsd#se-gen-base_ResultatrakningKostnadsslagsindeladAbstract" xlink:label="ResultatrakningKostnadsslagsindeladAbstract" xlink:title="ResultatrakningKostnadsslagsindeladAbstract"/>
    <link:label xlink:type="resource" xlink:label="label_ResultatrakningKostnadsslagsindeladAbstract" xlink:role="http://www.xbrl.org/2003/role/definitionGuidance" xlink:title="label_ResultatrakningKostnadsslagsindeladAbstract" xml:lang="sv" id="label_ResultatrakningKostnadsslagsindeladAbstract">Delrapport för resultaträkning där periodens intäkter och kostnader struktureras enligt uppställningsform för kostnadsslagsindelad resultaträkning enligt årsredovisningslagen</link:label>
    <link:labelArc xlink:type="arc" xlink:arcrole="http://www.xbrl.org/2003/arcrole/concept-label" xlink:from="ResultatrakningKostnadsslagsindeladAbstract" xlink:to="label_ResultatrakningKostnadsslagsindeladAbstract" xlink:title="label: ResultatrakningKostnadsslagsindeladAbstract to label_ResultatrakningKostnadsslagsindeladAbstract"/>
    <link:loc xlink:type="locator" xlink:href="../../../../base/se-gen-base/2021-10-31/se-gen-base-2021-10-31.xsd#se-gen-base_OvrigaRorelseintakter" xlink:label="OvrigaRorelseintakter" xlink:title="OvrigaRorelseintakter"/>
    <link:label xlink:type="resource" xlink:label="label_OvrigaRorelseintakter" xlink:role="http://www.xbrl.org/2003/role/definitionGuidance" xlink:title="label_OvrigaRorelseintakter" xml:lang="sv" id="label_OvrigaRorelseintakter">I K3 övriga rörelseintäkter som inte redovisas i egen post</link:label>
    <link:labelArc xlink:type="arc" xlink:arcrole="http://www.xbrl.org/2003/arcrole/concept-label" xlink:from="OvrigaRorelseintakter" xlink:to="label_OvrigaRorelseintakter" xlink:title="label: OvrigaRorelseintakter to label_OvrigaRorelseintakter"/>
    <link:loc xlink:type="locator" xlink:href="../../../../base/se-gen-base/2021-10-31/se-gen-base-2021-10-31.xsd#se-gen-base_RorelseintakterLagerforandringarMm" xlink:label="locRorelseintakterLagerforandringarMm_11" xlink:title="locRorelseintakterLagerforandringarMm_11"/>
    <link:label xlink:type="resource" xlink:label="lblRorelseintakterLagerforandringarMm_11" xlink:role="http://www.xbrl.org/2003/role/definitionGuidance" xlink:title="lblRorelseintakterLagerforandringarMm_11" xml:lang="sv">Normalt sammanslagning av följande poster i en kostnadsslagsindelad resultaträkning; Nettoomsättning, Förändring av lager av färdiga varor och av varor under tillverkning, inklusive pågående arbeten för annans räkning, Aktiverat arbete för egen räkning och Övriga rörelseintäkter</link:label>
    <link:labelArc xlink:type="arc" xlink:arcrole="http://www.xbrl.org/2003/arcrole/concept-label" xlink:from="locRorelseintakterLagerforandringarMm_11" xlink:to="lblRorelseintakterLagerforandringarMm_11" xlink:title="label: locRorelseintakterLagerforandringarMm_11 to lblRorelseintakterLagerforandringarMm_11"/>
    <link:loc xlink:type="locator" xlink:href="../../../../base/se-gen-base/2021-10-31/se-gen-base-2021-10-31.xsd#se-gen-base_OvrigaRorelsekostnader" xlink:label="OvrigaRorelsekostnader" xlink:title="OvrigaRorelsekostnader"/>
    <link:label xlink:type="resource" xlink:label="label_OvrigaRorelsekostnader" xlink:role="http://www.xbrl.org/2003/role/definitionGuidance" xlink:title="label_OvrigaRorelsekostnader" xml:lang="sv" id="label_OvrigaRorelsekostnader">I K3 övriga rörelsekostnader som inte redovisas i egen post</link:label>
    <link:labelArc xlink:type="arc" xlink:arcrole="http://www.xbrl.org/2003/arcrole/concept-label" xlink:from="OvrigaRorelsekostnader" xlink:to="label_OvrigaRorelsekostnader" xlink:title="label: OvrigaRorelsekostnader to label_OvrigaRorelsekostnader"/>
    <link:loc xlink:type="locator" xlink:href="../../../../base/se-gen-base/2021-10-31/se-gen-base-2021-10-31.xsd#se-gen-base_Rorelsekostnader" xlink:label="locRorelsekostnader_8" xlink:title="locRorelsekostnader_8"/>
    <link:label xlink:type="resource" xlink:label="lblRorelsekostnader_8" xlink:role="http://www.xbrl.org/2003/role/definitionGuidance" xlink:title="lblRorelsekostnader_8" xml:lang="sv">Normalt sammanslagning av följande poster i en kostnadsslagsindelad resultaträkning; Råvaror och förnödenheter, Handelsvaror, Övriga externa kostnader, Personalkostnader, Avskrivningar och nedskrivningar av materiella och immateriella anläggningstillgångar inklusive återföringar av nedskrivningar, Nedskrivningar av omsättningstillgångar utöver normala nedskrivningar och Övriga rörelsekostnader</link:label>
    <link:labelArc xlink:type="arc" xlink:arcrole="http://www.xbrl.org/2003/arcrole/concept-label" xlink:from="locRorelsekostnader_8" xlink:to="lblRorelsekostnader_8" xlink:title="label: locRorelsekostnader_8 to lblRorelsekostnader_8"/>
    <link:loc xlink:type="locator" xlink:href="../../../../base/se-gen-base/2021-10-31/se-gen-base-2021-10-31.xsd#se-gen-base_FinansiellaPoster" xlink:label="locFinansiellaPoster_12" xlink:title="locFinansiellaPoster_12"/>
    <link:label xlink:type="resource" xlink:label="lblFinansiellaPoster_12" xlink:role="http://www.xbrl.org/2003/role/definitionGuidance" xlink:title="lblFinansiellaPoster_12" xml:lang="sv">Normalt resultat från andelar i koncernföretag, andelar intresseföretag och gemensamt styrda företag, övriga företag som det finns ett ägarintresse i samt övriga värdepapper och fordringar som är anläggningstillgångar, Övriga ränteintäkter och liknande resultatposter, Nedskrivningar av finansiella anläggningstillgångar och kortfristiga placeringar samt Räntekostnader och liknande resultatposter</link:label>
    <link:labelArc xlink:type="arc" xlink:arcrole="http://www.xbrl.org/2003/arcrole/concept-label" xlink:from="locFinansiellaPoster_12" xlink:to="lblFinansiellaPoster_12" xlink:title="label: locFinansiellaPoster_12 to lblFinansiellaPoster_12"/>
    <link:loc xlink:type="locator" xlink:href="../../../../base/se-gen-base/2021-10-31/se-gen-base-2021-10-31.xsd#se-gen-base_AndraBokslutsdispositioner" xlink:label="AndraBokslutsdispositioner" xlink:title="AndraBokslutsdispositioner"/>
    <link:label xlink:type="resource" xlink:label="label_AndraBokslutsdispositioner" xlink:role="http://www.xbrl.org/2003/role/definitionGuidance" xlink:title="label_AndraBokslutsdispositioner" xml:lang="sv" id="label_AndraBokslutsdispositioner">I K3 andra bokslutsdispositioner som inte redovisas i egen post</link:label>
    <link:labelArc xlink:type="arc" xlink:arcrole="http://www.xbrl.org/2003/arcrole/concept-label" xlink:from="AndraBokslutsdispositioner" xlink:to="label_AndraBokslutsdispositioner" xlink:title="label: AndraBokslutsdispositioner to label_AndraBokslutsdispositioner"/>
    <link:loc xlink:type="locator" xlink:href="../../../../base/se-gen-base/2021-10-31/se-gen-base-2021-10-31.xsd#se-gen-base_ResultatrakningKostnadsslagsindeladForkortadAbstract" xlink:label="ResultatrakningKostnadsslagsindeladForkortadAbstract" xlink:title="ResultatrakningKostnadsslagsindeladForkortadAbstract"/>
    <link:label xlink:type="resource" xlink:label="label_ResultatrakningKostnadsslagsindeladForkortadAbstract" xlink:role="http://www.xbrl.org/2003/role/definitionGuidance" xlink:title="label_ResultatrakningKostnadsslagsindeladForkortadAbstract" xml:lang="sv" id="label_ResultatrakningKostnadsslagsindeladForkortadAbstract">Delrapport för resultaträkning där periodens intäkter och kostnader struktureras enligt uppställningsform för kostnadsslagsindelad resultaträkning samt redovisas i s.k. förkortad form, där mindre företag får slå samman vissa poster enligt årsredovisningslagen</link:label>
    <link:labelArc xlink:type="arc" xlink:arcrole="http://www.xbrl.org/2003/arcrole/concept-label" xlink:from="ResultatrakningKostnadsslagsindeladForkortadAbstract" xlink:to="label_ResultatrakningKostnadsslagsindeladForkortadAbstract" xlink:title="label: ResultatrakningKostnadsslagsindeladForkortadAbstract to label_ResultatrakningKostnadsslagsindeladForkortadAbstract"/>
    <link:loc xlink:type="locator" xlink:href="../../../../base/se-gen-base/2021-10-31/se-gen-base-2021-10-31.xsd#se-gen-base_ResultatrakningFunktionsindeladAbstract" xlink:label="ResultatrakningFunktionsindeladAbstract" xlink:title="ResultatrakningFunktionsindeladAbstract"/>
    <link:label xlink:type="resource" xlink:label="label_ResultatrakningFunktionsindeladAbstract" xlink:role="http://www.xbrl.org/2003/role/definitionGuidance" xlink:title="label_ResultatrakningFunktionsindeladAbstract" xml:lang="sv" id="label_ResultatrakningFunktionsindeladAbstract">Delrapport för resultaträkning där periodens intäkter och kostnader struktureras enligt uppställningsform för funktionsindelad resultaträkning enligt årsredovisningslagen</link:label>
    <link:labelArc xlink:type="arc" xlink:arcrole="http://www.xbrl.org/2003/arcrole/concept-label" xlink:from="ResultatrakningFunktionsindeladAbstract" xlink:to="label_ResultatrakningFunktionsindeladAbstract" xlink:title="label: ResultatrakningFunktionsindeladAbstract to label_ResultatrakningFunktionsindeladAbstract"/>
    <link:loc xlink:type="locator" xlink:href="../../../../base/se-gen-base/2021-10-31/se-gen-base-2021-10-31.xsd#se-gen-base_OvrigaRorelsekostnaderFunktionsindelad" xlink:label="OvrigaRorelsekostnaderFunktionsindelad" xlink:title="OvrigaRorelsekostnaderFunktionsindelad"/>
    <link:label xlink:type="resource" xlink:label="label_OvrigaRorelsekostnaderFunktionsindelad" xlink:role="http://www.xbrl.org/2003/role/definitionGuidance" xlink:title="label_OvrigaRorelsekostnaderFunktionsindelad" xml:lang="sv" id="label_OvrigaRorelsekostnaderFunktionsindelad">I K3 övriga rörelsekostnader som inte redovisas i egen post</link:label>
    <link:labelArc xlink:type="arc" xlink:arcrole="http://www.xbrl.org/2003/arcrole/concept-label" xlink:from="OvrigaRorelsekostnaderFunktionsindelad" xlink:to="label_OvrigaRorelsekostnaderFunktionsindelad" xlink:title="label: OvrigaRorelsekostnaderFunktionsindelad to label_OvrigaRorelsekostnaderFunktionsindelad"/>
    <link:loc xlink:type="locator" xlink:href="../../../../base/se-gen-base/2021-10-31/se-gen-base-2021-10-31.xsd#se-gen-base_ResultatrakningFunktionsindeladForkortadAbstract" xlink:label="ResultatrakningFunktionsindeladForkortadAbstract" xlink:title="ResultatrakningFunktionsindeladForkortadAbstract"/>
    <link:label xlink:type="resource" xlink:label="label_ResultatrakningFunktionsindeladForkortadAbstract" xlink:role="http://www.xbrl.org/2003/role/definitionGuidance" xlink:title="label_ResultatrakningFunktionsindeladForkortadAbstract" xml:lang="sv" id="label_ResultatrakningFunktionsindeladForkortadAbstract">Delrapport för resultaträkning där periodens intäkter och kostnader struktureras enligt uppställningsform för funktionssindelad resultaträkning samt redovisas i s.k. förkortad form, där mindre företag får slå samman vissa poster enligt årsredovisningslagen</link:label>
    <link:labelArc xlink:type="arc" xlink:arcrole="http://www.xbrl.org/2003/arcrole/concept-label" xlink:from="ResultatrakningFunktionsindeladForkortadAbstract" xlink:to="label_ResultatrakningFunktionsindeladForkortadAbstract" xlink:title="label: ResultatrakningFunktionsindeladForkortadAbstract to label_ResultatrakningFunktionsindeladForkortadAbstract"/>
    <link:loc xlink:type="locator" xlink:href="../../../../base/se-gen-base/2021-10-31/se-gen-base-2021-10-31.xsd#se-gen-base_BalansrakningAbstract" xlink:label="BalansrakningAbstract" xlink:title="BalansrakningAbstract"/>
    <link:label xlink:type="resource" xlink:label="label_BalansrakningAbstract" xlink:role="http://www.xbrl.org/2003/role/definitionGuidance" xlink:title="label_BalansrakningAbstract" xml:lang="sv" id="label_BalansrakningAbstract">Delrapport för balansräkning som visar samtliga tillgångar, avsättningar och skulder samt eget kapital den sista dagen i perioden, enligt uppställningsform i årsredovisningslagen</link:label>
    <link:labelArc xlink:type="arc" xlink:arcrole="http://www.xbrl.org/2003/arcrole/concept-label" xlink:from="BalansrakningAbstract" xlink:to="label_BalansrakningAbstract" xlink:title="label: BalansrakningAbstract to label_BalansrakningAbstract"/>
    <link:loc xlink:type="locator" xlink:href="../../../../base/se-gen-base/2021-10-31/se-gen-base-2021-10-31.xsd#se-gen-base_ImmateriellaAnlaggningstillgangar" xlink:label="locImmateriellaAnlaggningstillgangar_19" xlink:title="locImmateriellaAnlaggningstillgangar_19"/>
    <link:label xlink:type="resource" xlink:label="lblImmateriellaAnlaggningstillgangar_19" xlink:role="http://www.xbrl.org/2003/role/definitionGuidance" xlink:title="lblImmateriellaAnlaggningstillgangar_19" xml:lang="sv">Normalt sammanslagning av följande poster; Balanserade utgifter för utvecklingsarbeten och liknande arbeten, Koncessioner, patent, licenser, varumärken samt liknande rättigheter, Hyresrätter och liknande rättigheter, Goodwill samt Pågående utvecklingsarbeten och förskott avseende immateriella anläggningstillgångar</link:label>
    <link:labelArc xlink:type="arc" xlink:arcrole="http://www.xbrl.org/2003/arcrole/concept-label" xlink:from="locImmateriellaAnlaggningstillgangar_19" xlink:to="lblImmateriellaAnlaggningstillgangar_19" xlink:title="label: locImmateriellaAnlaggningstillgangar_19 to lblImmateriellaAnlaggningstillgangar_19"/>
    <link:loc xlink:type="locator" xlink:href="../../../../base/se-gen-base/2021-10-31/se-gen-base-2021-10-31.xsd#se-gen-base_OvrigaMateriellaAnlaggningstillgangar" xlink:label="OvrigaMateriellaAnlaggningstillgangar" xlink:title="OvrigaMateriellaAnlaggningstillgangar"/>
    <link:label xlink:type="resource" xlink:label="label_OvrigaMateriellaAnlaggningstillgangar" xlink:role="http://www.xbrl.org/2003/role/definitionGuidance" xlink:title="label_OvrigaMateriellaAnlaggningstillgangar" xml:lang="sv" id="label_OvrigaMateriellaAnlaggningstillgangar">I K3 övriga materiella anläggningstillgångar som inte redovisas i egen post</link:label>
    <link:labelArc xlink:type="arc" xlink:arcrole="http://www.xbrl.org/2003/arcrole/concept-label" xlink:from="OvrigaMateriellaAnlaggningstillgangar" xlink:to="label_OvrigaMateriellaAnlaggningstillgangar" xlink:title="label: OvrigaMateriellaAnlaggningstillgangar to label_OvrigaMateriellaAnlaggningstillgangar"/>
    <link:loc xlink:type="locator" xlink:href="../../../../base/se-gen-base/2021-10-31/se-gen-base-2021-10-31.xsd#se-gen-base_MateriellaAnlaggningstillgangar" xlink:label="locMateriellaAnlaggningstillgangar_0" xlink:title="locMateriellaAnlaggningstillgangar_0"/>
    <link:label xlink:type="resource" xlink:label="lblMateriellaAnlaggningstillgangar_0" xlink:role="http://www.xbrl.org/2003/role/definitionGuidance" xlink:title="lblMateriellaAnlaggningstillgangar_0" xml:lang="sv">Normalt sammanslagning av följande poster; Byggnader och mark, Maskiner och andra tekniska anläggningar, Inventarier, verktyg och installationer, Förbättringsutgifter på annans fastighet, Pågående nyanläggningar och förskott avseende materiella anläggningstillgångar samt Övriga materiella anläggningstillgångar</link:label>
    <link:labelArc xlink:type="arc" xlink:arcrole="http://www.xbrl.org/2003/arcrole/concept-label" xlink:from="locMateriellaAnlaggningstillgangar_0" xlink:to="lblMateriellaAnlaggningstillgangar_0" xlink:title="label: locMateriellaAnlaggningstillgangar_0 to lblMateriellaAnlaggningstillgangar_0"/>
    <link:loc xlink:type="locator" xlink:href="../../../../base/se-gen-base/2021-10-31/se-gen-base-2021-10-31.xsd#se-gen-base_AndraLangfristigaFordringar" xlink:label="AndraLangfristigaFordringar" xlink:title="AndraLangfristigaFordringar"/>
    <link:label xlink:type="resource" xlink:label="label_AndraLangfristigaFordringar" xlink:role="http://www.xbrl.org/2003/role/definitionGuidance" xlink:title="label_AndraLangfristigaFordringar" xml:lang="sv" id="label_AndraLangfristigaFordringar">I K3 inte heller uppskjuten skattefordran</link:label>
    <link:labelArc xlink:type="arc" xlink:arcrole="http://www.xbrl.org/2003/arcrole/concept-label" xlink:from="AndraLangfristigaFordringar" xlink:to="label_AndraLangfristigaFordringar" xlink:title="label: AndraLangfristigaFordringar to label_AndraLangfristigaFordringar"/>
    <link:loc xlink:type="locator" xlink:href="../../../../base/se-gen-base/2021-10-31/se-gen-base-2021-10-31.xsd#se-gen-base_FinansiellaAnlaggningstillgangar" xlink:label="locFinansiellaAnlaggningstillgangar_9" xlink:title="locFinansiellaAnlaggningstillgangar_9"/>
    <link:label xlink:type="resource" xlink:label="lblFinansiellaAnlaggningstillgangar_9" xlink:role="http://www.xbrl.org/2003/role/definitionGuidance" xlink:title="lblFinansiellaAnlaggningstillgangar_9" xml:lang="sv">Normalt sammanslagning av följande poster; Andelar i koncernföretag, Fordringar hos koncernföretag, Andelar i intresseföretag och gemensamt styrda företag, Fordringar hos intresseföretag och gemensamt styrda företag, Ägarintressen i övriga företag, Fordringar hos övriga företag som det finns ett ägarintresse i, Andra långfristiga värdepappersinnehav, Lån till delägare eller närstående, Uppskjuten skattefordran och Andra långfristiga fordringar</link:label>
    <link:labelArc xlink:type="arc" xlink:arcrole="http://www.xbrl.org/2003/arcrole/concept-label" xlink:from="locFinansiellaAnlaggningstillgangar_9" xlink:to="lblFinansiellaAnlaggningstillgangar_9" xlink:title="label: locFinansiellaAnlaggningstillgangar_9 to lblFinansiellaAnlaggningstillgangar_9"/>
    <link:loc xlink:type="locator" xlink:href="../../../../base/se-gen-base/2021-10-31/se-gen-base-2021-10-31.xsd#se-gen-base_OvrigaLagertillgangar" xlink:label="locOvrigaLagertillgangar_21" xlink:title="locOvrigaLagertillgangar_21"/>
    <link:label xlink:type="resource" xlink:label="lblOvrigaLagertillgangar_21" xlink:role="http://www.xbrl.org/2003/role/definitionGuidance" xlink:title="lblOvrigaLagertillgangar_21" xml:lang="sv">I K3 övriga lagertillgångar som inte redovisas i egen post</link:label>
    <link:labelArc xlink:type="arc" xlink:arcrole="http://www.xbrl.org/2003/arcrole/concept-label" xlink:from="locOvrigaLagertillgangar_21" xlink:to="lblOvrigaLagertillgangar_21" xlink:title="label: locOvrigaLagertillgangar_21 to lblOvrigaLagertillgangar_21"/>
    <link:loc xlink:type="locator" xlink:href="../../../../base/se-gen-base/2021-10-31/se-gen-base-2021-10-31.xsd#se-gen-base_PagaendeArbetenAnnansRakningOmsattningstillgangar" xlink:label="locPagaendeArbetenAnnansRakningOmsattningstillgangar_2" xlink:title="locPagaendeArbetenAnnansRakningOmsattningstillgangar_2"/>
    <link:label xlink:type="resource" xlink:label="lblPagaendeArbetenAnnansRakningOmsattningstillgangar_2" xlink:role="http://www.xbrl.org/2003/role/definitionGuidance" xlink:title="lblPagaendeArbetenAnnansRakningOmsattningstillgangar_2" xml:lang="sv">Ackumulerade nedlagda utgifter minskade med ackumulerade erhållna förskott från kunder, då utgifterna överstiger förskotten</link:label>
    <link:labelArc xlink:type="arc" xlink:arcrole="http://www.xbrl.org/2003/arcrole/concept-label" xlink:from="locPagaendeArbetenAnnansRakningOmsattningstillgangar_2" xlink:to="lblPagaendeArbetenAnnansRakningOmsattningstillgangar_2" xlink:title="label: locPagaendeArbetenAnnansRakningOmsattningstillgangar_2 to lblPagaendeArbetenAnnansRakningOmsattningstillgangar_2"/>
    <link:loc xlink:type="locator" xlink:href="../../../../base/se-gen-base/2021-10-31/se-gen-base-2021-10-31.xsd#se-gen-base_VarulagerMm" xlink:label="locVarulagerMm_20" xlink:title="locVarulagerMm_20"/>
    <link:label xlink:type="resource" xlink:label="lblVarulagerMm_20" xlink:role="http://www.xbrl.org/2003/role/definitionGuidance" xlink:title="lblVarulagerMm_20" xml:lang="sv">Normalt sammanslagning av följande lagerposter; Lager av råvaror och förnödenheter, Lager av varor under tillverkning, Lager av färdiga egentillverkade varor samt varor som har köpts för vidareförsäljning (handelsvaror), Övriga lagertillgångar, Pågående arbeten för annans räkning (Tillgång) och Förskott till leverantörer</link:label>
    <link:labelArc xlink:type="arc" xlink:arcrole="http://www.xbrl.org/2003/arcrole/concept-label" xlink:from="locVarulagerMm_20" xlink:to="lblVarulagerMm_20" xlink:title="label: locVarulagerMm_20 to lblVarulagerMm_20"/>
    <link:loc xlink:type="locator" xlink:href="../../../../base/se-gen-base/2021-10-31/se-gen-base-2021-10-31.xsd#se-gen-base_OvrigaFordringarKortfristiga" xlink:label="locOvrigaFordringarKortfristiga_17" xlink:title="locOvrigaFordringarKortfristiga_17"/>
    <link:label xlink:type="resource" xlink:label="lblOvrigaFordringarKortfristiga_17" xlink:role="http://www.xbrl.org/2003/role/definitionGuidance" xlink:title="lblOvrigaFordringarKortfristiga_17" xml:lang="sv">I K3 även andra kortfristiga fordringar än aktuell skattefordran. Andra kortfristiga fordringar som inte redovisas i egen post</link:label>
    <link:labelArc xlink:type="arc" xlink:arcrole="http://www.xbrl.org/2003/arcrole/concept-label" xlink:from="locOvrigaFordringarKortfristiga_17" xlink:to="lblOvrigaFordringarKortfristiga_17" xlink:title="label: locOvrigaFordringarKortfristiga_17 to lblOvrigaFordringarKortfristiga_17"/>
    <link:loc xlink:type="locator" xlink:href="../../../../base/se-gen-base/2021-10-31/se-gen-base-2021-10-31.xsd#se-gen-base_KortfristigaFordringar" xlink:label="locKortfristigaFordringar_3" xlink:title="locKortfristigaFordringar_3"/>
    <link:label xlink:type="resource" xlink:label="lblKortfristigaFordringar_3" xlink:role="http://www.xbrl.org/2003/role/definitionGuidance" xlink:title="lblKortfristigaFordringar_3" xml:lang="sv">Normalt sammanslagning av följande kortfristiga poster; Kundfordringar, Kortfristiga fordringar hos koncernföretag, Kortfristiga fordringar hos intresseföretag och gemensamt styrda företag, Kortfristiga fordringar hos övriga företag som det finns ett ägarintresse i, Aktuell skattefordran, Övriga kortfristiga fordringar, Upparbetad men ej fakturerad intäkt, Förutbetalda kostnader och upplupna intäkter</link:label>
    <link:labelArc xlink:type="arc" xlink:arcrole="http://www.xbrl.org/2003/arcrole/concept-label" xlink:from="locKortfristigaFordringar_3" xlink:to="lblKortfristigaFordringar_3" xlink:title="label: locKortfristigaFordringar_3 to lblKortfristigaFordringar_3"/>
    <link:loc xlink:type="locator" xlink:href="../../../../base/se-gen-base/2021-10-31/se-gen-base-2021-10-31.xsd#se-gen-base_KortfristigaPlaceringar" xlink:label="locKortfristigaPlaceringar_22" xlink:title="locKortfristigaPlaceringar_22"/>
    <link:label xlink:type="resource" xlink:label="lblKortfristigaPlaceringar_22" xlink:role="http://www.xbrl.org/2003/role/definitionGuidance" xlink:title="lblKortfristigaPlaceringar_22" xml:lang="sv">Normalt sammanslagning av följande kortfristiga poster; Kortfristiga andelar i koncernföretag och Övriga kortfristiga placeringar</link:label>
    <link:labelArc xlink:type="arc" xlink:arcrole="http://www.xbrl.org/2003/arcrole/concept-label" xlink:from="locKortfristigaPlaceringar_22" xlink:to="lblKortfristigaPlaceringar_22" xlink:title="label: locKortfristigaPlaceringar_22 to lblKortfristigaPlaceringar_22"/>
    <link:loc xlink:type="locator" xlink:href="../../../../base/se-gen-base/2021-10-31/se-gen-base-2021-10-31.xsd#se-gen-base_Omsattningstillgangar" xlink:label="Omsattningstillgangar" xlink:title="Omsattningstillgangar"/>
    <link:label xlink:type="resource" xlink:label="label_Omsattningstillgangar" xlink:role="http://www.xbrl.org/2003/role/definitionGuidance" xlink:title="label_Omsattningstillgangar" xml:lang="sv" id="label_Omsattningstillgangar">Tillgångar som avses att säljas eller förbrukas under verksamhetens normala cykel, förvärvas primärt för handelsändamål, avses att realiseras inom tolv månader eller utgörs av likvida medel</link:label>
    <link:labelArc xlink:type="arc" xlink:arcrole="http://www.xbrl.org/2003/arcrole/concept-label" xlink:from="Omsattningstillgangar" xlink:to="label_Omsattningstillgangar" xlink:title="label: Omsattningstillgangar to label_Omsattningstillgangar"/>
    <link:loc xlink:type="locator" xlink:href="../../../../base/se-gen-base/2021-10-31/se-gen-base-2021-10-31.xsd#se-gen-base_Tillgangar" xlink:label="locTillgangar_4" xlink:title="locTillgangar_4"/>
    <link:label xlink:type="resource" xlink:label="lblTillgangar_4" xlink:role="http://www.xbrl.org/2003/role/definitionGuidance" xlink:title="lblTillgangar_4" xml:lang="sv">Består av; Tecknat men ej inbetalt kapital, Immateriella anläggningstillgångar, Materiella anläggningstillgångar, Finansiella anläggningstillgångar, Varulager, Kortfristiga fordringar, Kortfristiga placeringar och Kassa och bank</link:label>
    <link:labelArc xlink:type="arc" xlink:arcrole="http://www.xbrl.org/2003/arcrole/concept-label" xlink:from="locTillgangar_4" xlink:to="lblTillgangar_4" xlink:title="label: locTillgangar_4 to lblTillgangar_4"/>
    <link:loc xlink:type="locator" xlink:href="../../../../base/se-gen-base/2021-10-31/se-gen-base-2021-10-31.xsd#se-gen-base_BundetEgetKapital" xlink:label="locBundetEgetKapital_14" xlink:title="locBundetEgetKapital_14"/>
    <link:label xlink:type="resource" xlink:label="lblBundetEgetKapital_14" xlink:role="http://www.xbrl.org/2003/role/definitionGuidance" xlink:title="lblBundetEgetKapital_14" xml:lang="sv">Normalt sammanslagning av följande poster; Aktiekapital, Pågående ny- och fondemission, Bunden överkursfond, Uppskrivningsfond, Reservfond, Kapitalandelsfond och Fond för utvecklingsutgifter</link:label>
    <link:labelArc xlink:type="arc" xlink:arcrole="http://www.xbrl.org/2003/arcrole/concept-label" xlink:from="locBundetEgetKapital_14" xlink:to="lblBundetEgetKapital_14" xlink:title="label: locBundetEgetKapital_14 to lblBundetEgetKapital_14"/>
    <link:loc xlink:type="locator" xlink:href="../../../../base/se-gen-base/2021-10-31/se-gen-base-2021-10-31.xsd#se-gen-base_AndraObeskattadeReserver" xlink:label="AndraObeskattadeReserver" xlink:title="AndraObeskattadeReserver"/>
    <link:label xlink:type="resource" xlink:label="label_AndraObeskattadeReserver" xlink:role="http://www.xbrl.org/2003/role/definitionGuidance" xlink:title="label_AndraObeskattadeReserver" xml:lang="sv" id="label_AndraObeskattadeReserver">I K3 andra obeskattade reserver som inte redovisas i egen post</link:label>
    <link:labelArc xlink:type="arc" xlink:arcrole="http://www.xbrl.org/2003/arcrole/concept-label" xlink:from="AndraObeskattadeReserver" xlink:to="label_AndraObeskattadeReserver" xlink:title="label: AndraObeskattadeReserver to label_AndraObeskattadeReserver"/>
    <link:loc xlink:type="locator" xlink:href="../../../../base/se-gen-base/2021-10-31/se-gen-base-2021-10-31.xsd#se-gen-base_ObeskattadeReserver" xlink:label="locObeskattadeReserver_1" xlink:title="locObeskattadeReserver_1"/>
    <link:label xlink:type="resource" xlink:label="lblObeskattadeReserver_1" xlink:role="http://www.xbrl.org/2003/role/definitionGuidance" xlink:title="lblObeskattadeReserver_1" xml:lang="sv">Normalt sammanslagning av följande poster; Periodiseringsfonder, Ackumulerade överavskrivningar, Ersättningsfonder och Andra obeskattade reserver</link:label>
    <link:labelArc xlink:type="arc" xlink:arcrole="http://www.xbrl.org/2003/arcrole/concept-label" xlink:from="locObeskattadeReserver_1" xlink:to="lblObeskattadeReserver_1" xlink:title="label: locObeskattadeReserver_1 to lblObeskattadeReserver_1"/>
    <link:loc xlink:type="locator" xlink:href="../../../../base/se-gen-base/2021-10-31/se-gen-base-2021-10-31.xsd#se-gen-base_AvsattningarOvrigSkatt" xlink:label="AvsattningarOvrigSkatt" xlink:title="AvsattningarOvrigSkatt"/>
    <link:label xlink:type="resource" xlink:label="label_AvsattningarOvrigSkatt" xlink:role="http://www.xbrl.org/2003/role/definitionGuidance" xlink:title="label_AvsattningarOvrigSkatt" xml:lang="sv" id="label_AvsattningarOvrigSkatt">I K3 avsättningar för övriga skatter som inte redovisas i egen post</link:label>
    <link:labelArc xlink:type="arc" xlink:arcrole="http://www.xbrl.org/2003/arcrole/concept-label" xlink:from="AvsattningarOvrigSkatt" xlink:to="label_AvsattningarOvrigSkatt" xlink:title="label: AvsattningarOvrigSkatt to label_AvsattningarOvrigSkatt"/>
    <link:loc xlink:type="locator" xlink:href="../../../../base/se-gen-base/2021-10-31/se-gen-base-2021-10-31.xsd#se-gen-base_OvrigaAvsattningar" xlink:label="OvrigaAvsattningar" xlink:title="OvrigaAvsattningar"/>
    <link:label xlink:type="resource" xlink:label="label_OvrigaAvsattningar" xlink:role="http://www.xbrl.org/2003/role/definitionGuidance" xlink:title="label_OvrigaAvsattningar" xml:lang="sv" id="label_OvrigaAvsattningar">I K3 även andra avsättningar än för skatter. Övriga avsättningar som inte redovisas i egen post</link:label>
    <link:labelArc xlink:type="arc" xlink:arcrole="http://www.xbrl.org/2003/arcrole/concept-label" xlink:from="OvrigaAvsattningar" xlink:to="label_OvrigaAvsattningar" xlink:title="label: OvrigaAvsattningar to label_OvrigaAvsattningar"/>
    <link:loc xlink:type="locator" xlink:href="../../../../base/se-gen-base/2021-10-31/se-gen-base-2021-10-31.xsd#se-gen-base_Avsattningar" xlink:label="locAvsattningar_10" xlink:title="locAvsattningar_10"/>
    <link:label xlink:type="resource" xlink:label="lblAvsattningar_10" xlink:role="http://www.xbrl.org/2003/role/definitionGuidance" xlink:title="lblAvsattningar_10" xml:lang="sv">Normalt sammanslagning av följande poster; Avsättningar för pensioner och liknande förpliktelser, Uppskjuten skatteskuld, Avsättningar för övriga skatter och Övriga avsättningar</link:label>
    <link:labelArc xlink:type="arc" xlink:arcrole="http://www.xbrl.org/2003/arcrole/concept-label" xlink:from="locAvsattningar_10" xlink:to="lblAvsattningar_10" xlink:title="label: locAvsattningar_10 to lblAvsattningar_10"/>
    <link:loc xlink:type="locator" xlink:href="../../../../base/se-gen-base/2021-10-31/se-gen-base-2021-10-31.xsd#se-gen-base_OvrigaLangfristigaSkulder" xlink:label="OvrigaLangfristigaSkulder" xlink:title="OvrigaLangfristigaSkulder"/>
    <link:label xlink:type="resource" xlink:label="label_OvrigaLangfristigaSkulder" xlink:role="http://www.xbrl.org/2003/role/definitionGuidance" xlink:title="label_OvrigaLangfristigaSkulder" xml:lang="sv" id="label_OvrigaLangfristigaSkulder">I K3 andra långfristiga skulder som inte redovisas i egen post</link:label>
    <link:labelArc xlink:type="arc" xlink:arcrole="http://www.xbrl.org/2003/arcrole/concept-label" xlink:from="OvrigaLangfristigaSkulder" xlink:to="label_OvrigaLangfristigaSkulder" xlink:title="label: OvrigaLangfristigaSkulder to label_OvrigaLangfristigaSkulder"/>
    <link:loc xlink:type="locator" xlink:href="../../../../base/se-gen-base/2021-10-31/se-gen-base-2021-10-31.xsd#se-gen-base_LangfristigaSkulder" xlink:label="locLangfristigaSkulder_5" xlink:title="locLangfristigaSkulder_5"/>
    <link:label xlink:type="resource" xlink:label="lblLangfristigaSkulder_5" xlink:role="http://www.xbrl.org/2003/role/definitionGuidance" xlink:title="lblLangfristigaSkulder_5" xml:lang="sv">I K3 även skulder som regleras på längre sikt än inom den normala verksamhetscykeln eller innehas för annan verksamhet än för handelsändamål. Även skulder när en ovillkorad rätt innehas att senarelägga skuldens reglering i minst tolv månader efter balansdagen. Normalt sammanslagning av följande långfristiga poster; Obligationslån, Långfristiga skulder till kreditinstitut, Långfristiga skulder till koncernföretag, Långfristiga skulder till intresseföretag och gemensamt styrda företag, Långfristiga skulder till övriga företag som det finns ett ägarintresse i och Övriga långfristiga skulder</link:label>
    <link:labelArc xlink:type="arc" xlink:arcrole="http://www.xbrl.org/2003/arcrole/concept-label" xlink:from="locLangfristigaSkulder_5" xlink:to="lblLangfristigaSkulder_5" xlink:title="label: locLangfristigaSkulder_5 to lblLangfristigaSkulder_5"/>
    <link:loc xlink:type="locator" xlink:href="../../../../base/se-gen-base/2021-10-31/se-gen-base-2021-10-31.xsd#se-gen-base_PagaendeArbetenAnnansRakningKortfristigaSkulder" xlink:label="locPagaendeArbetenAnnansRakningKortfristigaSkulder_15" xlink:title="locPagaendeArbetenAnnansRakningKortfristigaSkulder_15"/>
    <link:label xlink:type="resource" xlink:label="lblPagaendeArbetenAnnansRakningKortfristigaSkulder_15" xlink:role="http://www.xbrl.org/2003/role/definitionGuidance" xlink:title="lblPagaendeArbetenAnnansRakningKortfristigaSkulder_15" xml:lang="sv">Ackumulerade nedlagda utgifter minskade med ackumulerade erhållna förskott från kunder, då förskotten överstiger utgifterna</link:label>
    <link:labelArc xlink:type="arc" xlink:arcrole="http://www.xbrl.org/2003/arcrole/concept-label" xlink:from="locPagaendeArbetenAnnansRakningKortfristigaSkulder_15" xlink:to="lblPagaendeArbetenAnnansRakningKortfristigaSkulder_15" xlink:title="label: locPagaendeArbetenAnnansRakningKortfristigaSkulder_15 to lblPagaendeArbetenAnnansRakningKortfristigaSkulder_15"/>
    <link:loc xlink:type="locator" xlink:href="../../../../base/se-gen-base/2021-10-31/se-gen-base-2021-10-31.xsd#se-gen-base_OvrigaKortfristigaSkulder" xlink:label="OvrigaKortfristigaSkulder" xlink:title="OvrigaKortfristigaSkulder"/>
    <link:label xlink:type="resource" xlink:label="label_OvrigaKortfristigaSkulder" xlink:role="http://www.xbrl.org/2003/role/definitionGuidance" xlink:title="label_OvrigaKortfristigaSkulder" xml:lang="sv" id="label_OvrigaKortfristigaSkulder">För K3 även beräknad och/eller fastställd skuld för innevarande och tidigare räkenskapsår; fastighetsskatt eller motsvarande, särskild löneskatt på pensionskostnaden, samt avkastningsskatt eventuellt minskad med F-skatteinbetalningar till skattekontot</link:label>
    <link:labelArc xlink:type="arc" xlink:arcrole="http://www.xbrl.org/2003/arcrole/concept-label" xlink:from="OvrigaKortfristigaSkulder" xlink:to="label_OvrigaKortfristigaSkulder" xlink:title="label: OvrigaKortfristigaSkulder to label_OvrigaKortfristigaSkulder"/>
    <link:loc xlink:type="locator" xlink:href="../../../../base/se-gen-base/2021-10-31/se-gen-base-2021-10-31.xsd#se-gen-base_KortfristigaSkulder" xlink:label="locKortfristigaSkulder_7" xlink:title="locKortfristigaSkulder_7"/>
    <link:label xlink:type="resource" xlink:label="lblKortfristigaSkulder_7" xlink:role="http://www.xbrl.org/2003/role/definitionGuidance" xlink:title="lblKortfristigaSkulder_7" xml:lang="sv">I K3 även skulder som avses regleras under den normala verksamhetscykeln eller innehas för handelsändamål. Även skulder när en ovillkorad rätt inte innehas att senarelägga skuldens reglering i minst tolv månader efter balansdagen. Normalt sammanslagning av följande poster; Kortfristiga skulder till kreditinstitut, Förskott från kunder, Pågående arbeten för annans räkning (Skuld), Leverantörsskulder, Växelskulder, Kortfristiga skulder till koncernföretag, Kortfristiga skulder till intresseföretag och gemensamt styrda företag, Kortfristiga skulder till övriga företag som det finns ägarintresse i, Aktuella skatteskulder, Övriga kortfristiga skulder, Fakturerad men ej upparbetad intäkt och Upplupna kostnader och förutbetalda intäkter</link:label>
    <link:labelArc xlink:type="arc" xlink:arcrole="http://www.xbrl.org/2003/arcrole/concept-label" xlink:from="locKortfristigaSkulder_7" xlink:to="lblKortfristigaSkulder_7" xlink:title="label: locKortfristigaSkulder_7 to lblKortfristigaSkulder_7"/>
    <link:loc xlink:type="locator" xlink:href="../../../../base/se-gen-base/2021-10-31/se-gen-base-2021-10-31.xsd#se-gen-base_BalansrakningForkortadAbstract" xlink:label="BalansrakningForkortadAbstract" xlink:title="BalansrakningForkortadAbstract"/>
    <link:label xlink:type="resource" xlink:label="label_BalansrakningForkortadAbstract" xlink:role="http://www.xbrl.org/2003/role/definitionGuidance" xlink:title="label_BalansrakningForkortadAbstract" xml:lang="sv" id="label_BalansrakningForkortadAbstract">Delrapport för balansräkning som visar tillgångar, eget kapital, avsättningar och skulder på balansdagen den sista dagen i perioden i s.k. förkortad form, där mindre företag får slå samman vissa poster i balansräkningen enligt årsredovisningslagen</link:label>
    <link:labelArc xlink:type="arc" xlink:arcrole="http://www.xbrl.org/2003/arcrole/concept-label" xlink:from="BalansrakningForkortadAbstract" xlink:to="label_BalansrakningForkortadAbstract" xlink:title="label: BalansrakningForkortadAbstract to label_BalansrakningForkortadAbstract"/>
    <link:loc xlink:type="locator" xlink:href="../../../../base/se-gen-base/2021-10-31/se-gen-base-2021-10-31.xsd#se-gen-base_LamnadeKapitaltillskottInvesteringsverksamheten" xlink:label="LamnadeKapitaltillskottInvesteringsverksamheten" xlink:title="LamnadeKapitaltillskottInvesteringsverksamheten"/>
    <link:label xlink:type="resource" xlink:label="label_LamnadeKapitaltillskottInvesteringsverksamheten" xlink:role="http://www.xbrl.org/2003/role/definitionGuidance" xlink:title="label_LamnadeKapitaltillskottInvesteringsverksamheten" xml:lang="sv" id="label_LamnadeKapitaltillskottInvesteringsverksamheten">Minskning av kassaflöde vid lämnade aktieägartillskott</link:label>
    <link:labelArc xlink:type="arc" xlink:arcrole="http://www.xbrl.org/2003/arcrole/concept-label" xlink:from="LamnadeKapitaltillskottInvesteringsverksamheten" xlink:to="label_LamnadeKapitaltillskottInvesteringsverksamheten" xlink:title="label: LamnadeKapitaltillskottInvesteringsverksamheten to label_LamnadeKapitaltillskottInvesteringsverksamheten"/>
    <link:loc xlink:type="locator" xlink:href="../../../../base/se-gen-base/2021-10-31/se-gen-base-2021-10-31.xsd#se-gen-base_NoterAbstract" xlink:label="NoterAbstract" xlink:title="NoterAbstract"/>
    <link:label xlink:type="resource" xlink:label="label_NoterAbstract" xlink:role="http://www.xbrl.org/2003/role/definitionGuidance" xlink:title="label_NoterAbstract" xml:lang="sv" id="label_NoterAbstract">Delrapport med upplysningar om redovisnings- och värderingsprinciper, uppskattningar och bedömningar samt ytterligare specifikationer av innehållet i resultaträkning, balansräkning och kassaflödesanalys m.m. enligt årsredovisningslagen</link:label>
    <link:labelArc xlink:type="arc" xlink:arcrole="http://www.xbrl.org/2003/arcrole/concept-label" xlink:from="NoterAbstract" xlink:to="label_NoterAbstract" xlink:title="label: NoterAbstract to label_NoterAbstract"/>
    <link:loc xlink:type="locator" xlink:href="../../../../base/se-gen-base/2021-10-31/se-gen-base-2021-10-31.xsd#se-gen-base_OvrigaRorelseintakterIntaktsslagBenamning" xlink:label="OvrigaRorelseintakterIntaktsslagBenamning" xlink:title="OvrigaRorelseintakterIntaktsslagBenamning"/>
    <link:label xlink:type="resource" xlink:label="label_OvrigaRorelseintakterIntaktsslagBenamning" xlink:role="http://www.xbrl.org/2003/role/definitionGuidance" xlink:title="label_OvrigaRorelseintakterIntaktsslagBenamning" xml:lang="sv" id="label_OvrigaRorelseintakterIntaktsslagBenamning">I K3 andra övriga rörelseintäkter än offentliga bidrag</link:label>
    <link:labelArc xlink:type="arc" xlink:arcrole="http://www.xbrl.org/2003/arcrole/concept-label" xlink:from="OvrigaRorelseintakterIntaktsslagBenamning" xlink:to="label_OvrigaRorelseintakterIntaktsslagBenamning" xlink:title="label: OvrigaRorelseintakterIntaktsslagBenamning to label_OvrigaRorelseintakterIntaktsslagBenamning"/>
    <link:loc xlink:type="locator" xlink:href="../../../../base/se-gen-base/2021-10-31/se-gen-base-2021-10-31.xsd#se-gen-base_GoodwillForandringAnskaffningsvardenFusion" xlink:label="GoodwillForandringAnskaffningsvardenFusion" xlink:title="GoodwillForandringAnskaffningsvardenFusion"/>
    <link:label xlink:type="resource" xlink:label="label_GoodwillForandringAnskaffningsvardenFusion" xlink:role="http://www.xbrl.org/2003/role/definitionGuidance" xlink:title="label_GoodwillForandringAnskaffningsvardenFusion" xml:lang="sv" id="label_GoodwillForandringAnskaffningsvardenFusion">I en årsredovisning endast ökning av anskaffningsvärden</link:label>
    <link:labelArc xlink:type="arc" xlink:arcrole="http://www.xbrl.org/2003/arcrole/concept-label" xlink:from="GoodwillForandringAnskaffningsvardenFusion" xlink:to="label_GoodwillForandringAnskaffningsvardenFusion" xlink:title="label: GoodwillForandringAnskaffningsvardenFusion to label_GoodwillForandringAnskaffningsvardenFusion"/>
    <link:loc xlink:type="locator" xlink:href="../../../../base/se-gen-base/2021-10-31/se-gen-base-2021-10-31.xsd#se-gen-base_GoodwillForandringAvskrivningarAterfordaAvskrivningarFusion" xlink:label="GoodwillForandringAvskrivningarAterfordaAvskrivningarFusion" xlink:title="GoodwillForandringAvskrivningarAterfordaAvskrivningarFusion"/>
    <link:label xlink:type="resource" xlink:label="label_GoodwillForandringAvskrivningarAterfordaAvskrivningarFusion" xlink:role="http://www.xbrl.org/2003/role/definitionGuidance" xlink:title="label_GoodwillForandringAvskrivningarAterfordaAvskrivningarFusion" xml:lang="sv" id="label_GoodwillForandringAvskrivningarAterfordaAvskrivningarFusion">I en årsredovisning endast ökning av ackumulerade avskrivningar</link:label>
    <link:labelArc xlink:type="arc" xlink:arcrole="http://www.xbrl.org/2003/arcrole/concept-label" xlink:from="GoodwillForandringAvskrivningarAterfordaAvskrivningarFusion" xlink:to="label_GoodwillForandringAvskrivningarAterfordaAvskrivningarFusion" xlink:title="label: GoodwillForandringAvskrivningarAterfordaAvskrivningarFusion to label_GoodwillForandringAvskrivningarAterfordaAvskrivningarFusion"/>
    <link:loc xlink:type="locator" xlink:href="../../../../base/se-gen-base/2021-10-31/se-gen-base-2021-10-31.xsd#se-gen-base_GoodwillForandringNedskrivningarFusion" xlink:label="GoodwillForandringNedskrivningarFusion" xlink:title="GoodwillForandringNedskrivningarFusion"/>
    <link:label xlink:type="resource" xlink:label="label_GoodwillForandringNedskrivningarFusion" xlink:role="http://www.xbrl.org/2003/role/definitionGuidance" xlink:title="label_GoodwillForandringNedskrivningarFusion" xml:lang="sv" id="label_GoodwillForandringNedskrivningarFusion">I en årsredovisning endast ökning av ackumulerade nedskrivningar</link:label>
    <link:labelArc xlink:type="arc" xlink:arcrole="http://www.xbrl.org/2003/arcrole/concept-label" xlink:from="GoodwillForandringNedskrivningarFusion" xlink:to="label_GoodwillForandringNedskrivningarFusion" xlink:title="label: GoodwillForandringNedskrivningarFusion to label_GoodwillForandringNedskrivningarFusion"/>
    <link:loc xlink:type="locator" xlink:href="../../../../base/se-gen-base/2021-10-31/se-gen-base-2021-10-31.xsd#se-gen-base_ByggnaderMarkForandringAnskaffningsvardenFusion" xlink:label="ByggnaderMarkForandringAnskaffningsvardenFusion" xlink:title="ByggnaderMarkForandringAnskaffningsvardenFusion"/>
    <link:label xlink:type="resource" xlink:label="label_ByggnaderMarkForandringAnskaffningsvardenFusion" xlink:role="http://www.xbrl.org/2003/role/definitionGuidance" xlink:title="label_ByggnaderMarkForandringAnskaffningsvardenFusion" xml:lang="sv" id="label_ByggnaderMarkForandringAnskaffningsvardenFusion">I en årsredovisning endast ökning av anskaffningsvärden</link:label>
    <link:labelArc xlink:type="arc" xlink:arcrole="http://www.xbrl.org/2003/arcrole/concept-label" xlink:from="ByggnaderMarkForandringAnskaffningsvardenFusion" xlink:to="label_ByggnaderMarkForandringAnskaffningsvardenFusion" xlink:title="label: ByggnaderMarkForandringAnskaffningsvardenFusion to label_ByggnaderMarkForandringAnskaffningsvardenFusion"/>
    <link:loc xlink:type="locator" xlink:href="../../../../base/se-gen-base/2021-10-31/se-gen-base-2021-10-31.xsd#se-gen-base_ByggnaderMarkForandringAvskrivningarFusion" xlink:label="ByggnaderMarkForandringAvskrivningarFusion" xlink:title="ByggnaderMarkForandringAvskrivningarFusion"/>
    <link:label xlink:type="resource" xlink:label="label_ByggnaderMarkForandringAvskrivningarFusion" xlink:role="http://www.xbrl.org/2003/role/definitionGuidance" xlink:title="label_ByggnaderMarkForandringAvskrivningarFusion" xml:lang="sv" id="label_ByggnaderMarkForandringAvskrivningarFusion">I en årsredovisning endast ökning av ackumulerade avskrivningar</link:label>
    <link:labelArc xlink:type="arc" xlink:arcrole="http://www.xbrl.org/2003/arcrole/concept-label" xlink:from="ByggnaderMarkForandringAvskrivningarFusion" xlink:to="label_ByggnaderMarkForandringAvskrivningarFusion" xlink:title="label: ByggnaderMarkForandringAvskrivningarFusion to label_ByggnaderMarkForandringAvskrivningarFusion"/>
    <link:loc xlink:type="locator" xlink:href="../../../../base/se-gen-base/2021-10-31/se-gen-base-2021-10-31.xsd#se-gen-base_ByggnaderMarkForandringUppskrivningarFusion" xlink:label="ByggnaderMarkForandringUppskrivningarFusion" xlink:title="ByggnaderMarkForandringUppskrivningarFusion"/>
    <link:label xlink:type="resource" xlink:label="label_ByggnaderMarkForandringUppskrivningarFusion" xlink:role="http://www.xbrl.org/2003/role/definitionGuidance" xlink:title="label_ByggnaderMarkForandringUppskrivningarFusion" xml:lang="sv" id="label_ByggnaderMarkForandringUppskrivningarFusion">I en årsredovisning endast ökning av ackumulerade uppskrivningar</link:label>
    <link:labelArc xlink:type="arc" xlink:arcrole="http://www.xbrl.org/2003/arcrole/concept-label" xlink:from="ByggnaderMarkForandringUppskrivningarFusion" xlink:to="label_ByggnaderMarkForandringUppskrivningarFusion" xlink:title="label: ByggnaderMarkForandringUppskrivningarFusion to label_ByggnaderMarkForandringUppskrivningarFusion"/>
    <link:loc xlink:type="locator" xlink:href="../../../../base/se-gen-base/2021-10-31/se-gen-base-2021-10-31.xsd#se-gen-base_ByggnaderMarkForandringNedskrivningarFusion" xlink:label="ByggnaderMarkForandringNedskrivningarFusion" xlink:title="ByggnaderMarkForandringNedskrivningarFusion"/>
    <link:label xlink:type="resource" xlink:label="label_ByggnaderMarkForandringNedskrivningarFusion" xlink:role="http://www.xbrl.org/2003/role/definitionGuidance" xlink:title="label_ByggnaderMarkForandringNedskrivningarFusion" xml:lang="sv" id="label_ByggnaderMarkForandringNedskrivningarFusion">I en årsredovisning endast ökning av ackumulerade nedskrivningar</link:label>
    <link:labelArc xlink:type="arc" xlink:arcrole="http://www.xbrl.org/2003/arcrole/concept-label" xlink:from="ByggnaderMarkForandringNedskrivningarFusion" xlink:to="label_ByggnaderMarkForandringNedskrivningarFusion" xlink:title="label: ByggnaderMarkForandringNedskrivningarFusion to label_ByggnaderMarkForandringNedskrivningarFusion"/>
    <link:loc xlink:type="locator" xlink:href="../../../../base/se-gen-base/2021-10-31/se-gen-base-2021-10-31.xsd#se-gen-base_MaskinerAndraTekniskaAnlaggningarForandringAnskaffningsvardenFusion" xlink:label="MaskinerAndraTekniskaAnlaggningarForandringAnskaffningsvardenFusion" xlink:title="MaskinerAndraTekniskaAnlaggningarForandringAnskaffningsvardenFusion"/>
    <link:label xlink:type="resource" xlink:label="label_MaskinerAndraTekniskaAnlaggningarForandringAnskaffningsvardenFusion" xlink:role="http://www.xbrl.org/2003/role/definitionGuidance" xlink:title="label_MaskinerAndraTekniskaAnlaggningarForandringAnskaffningsvardenFusion" xml:lang="sv" id="label_MaskinerAndraTekniskaAnlaggningarForandringAnskaffningsvardenFusion">I en årsredovisning endast ökning av anskaffningsvärden</link:label>
    <link:labelArc xlink:type="arc" xlink:arcrole="http://www.xbrl.org/2003/arcrole/concept-label" xlink:from="MaskinerAndraTekniskaAnlaggningarForandringAnskaffningsvardenFusion" xlink:to="label_MaskinerAndraTekniskaAnlaggningarForandringAnskaffningsvardenFusion" xlink:title="label: MaskinerAndraTekniskaAnlaggningarForandringAnskaffningsvardenFusion to label_MaskinerAndraTekniskaAnlaggningarForandringAnskaffningsvardenFusion"/>
    <link:loc xlink:type="locator" xlink:href="../../../../base/se-gen-base/2021-10-31/se-gen-base-2021-10-31.xsd#se-gen-base_MaskinerAndraTekniskaAnlaggningarForandringAvskrivningarFusion" xlink:label="MaskinerAndraTekniskaAnlaggningarForandringAvskrivningarFusion" xlink:title="MaskinerAndraTekniskaAnlaggningarForandringAvskrivningarFusion"/>
    <link:label xlink:type="resource" xlink:label="label_MaskinerAndraTekniskaAnlaggningarForandringAvskrivningarFusion" xlink:role="http://www.xbrl.org/2003/role/definitionGuidance" xlink:title="label_MaskinerAndraTekniskaAnlaggningarForandringAvskrivningarFusion" xml:lang="sv" id="label_MaskinerAndraTekniskaAnlaggningarForandringAvskrivningarFusion">I en årsredovisning endast ökning av ackumulerade avskrivningar</link:label>
    <link:labelArc xlink:type="arc" xlink:arcrole="http://www.xbrl.org/2003/arcrole/concept-label" xlink:from="MaskinerAndraTekniskaAnlaggningarForandringAvskrivningarFusion" xlink:to="label_MaskinerAndraTekniskaAnlaggningarForandringAvskrivningarFusion" xlink:title="label: MaskinerAndraTekniskaAnlaggningarForandringAvskrivningarFusion to label_MaskinerAndraTekniskaAnlaggningarForandringAvskrivningarFusion"/>
    <link:loc xlink:type="locator" xlink:href="../../../../base/se-gen-base/2021-10-31/se-gen-base-2021-10-31.xsd#se-gen-base_MaskinerAndraTekniskaAnlaggningarForandringUppskrivningarFusion" xlink:label="MaskinerAndraTekniskaAnlaggningarForandringUppskrivningarFusion" xlink:title="MaskinerAndraTekniskaAnlaggningarForandringUppskrivningarFusion"/>
    <link:label xlink:type="resource" xlink:label="label_MaskinerAndraTekniskaAnlaggningarForandringUppskrivningarFusion" xlink:role="http://www.xbrl.org/2003/role/definitionGuidance" xlink:title="label_MaskinerAndraTekniskaAnlaggningarForandringUppskrivningarFusion" xml:lang="sv" id="label_MaskinerAndraTekniskaAnlaggningarForandringUppskrivningarFusion">I en årsredovisning endast ökning av ackumulerade uppskrivningar</link:label>
    <link:labelArc xlink:type="arc" xlink:arcrole="http://www.xbrl.org/2003/arcrole/concept-label" xlink:from="MaskinerAndraTekniskaAnlaggningarForandringUppskrivningarFusion" xlink:to="label_MaskinerAndraTekniskaAnlaggningarForandringUppskrivningarFusion" xlink:title="label: MaskinerAndraTekniskaAnlaggningarForandringUppskrivningarFusion to label_MaskinerAndraTekniskaAnlaggningarForandringUppskrivningarFusion"/>
    <link:loc xlink:type="locator" xlink:href="../../../../base/se-gen-base/2021-10-31/se-gen-base-2021-10-31.xsd#se-gen-base_MaskinerAndraTekniskaAnlaggningarForandringNedskrivningarFusion" xlink:label="MaskinerAndraTekniskaAnlaggningarForandringNedskrivningarFusion" xlink:title="MaskinerAndraTekniskaAnlaggningarForandringNedskrivningarFusion"/>
    <link:label xlink:type="resource" xlink:label="label_MaskinerAndraTekniskaAnlaggningarForandringNedskrivningarFusion" xlink:role="http://www.xbrl.org/2003/role/definitionGuidance" xlink:title="label_MaskinerAndraTekniskaAnlaggningarForandringNedskrivningarFusion" xml:lang="sv" id="label_MaskinerAndraTekniskaAnlaggningarForandringNedskrivningarFusion">I en årsredovisning endast ökning av ackumulerade nedskrivningar</link:label>
    <link:labelArc xlink:type="arc" xlink:arcrole="http://www.xbrl.org/2003/arcrole/concept-label" xlink:from="MaskinerAndraTekniskaAnlaggningarForandringNedskrivningarFusion" xlink:to="label_MaskinerAndraTekniskaAnlaggningarForandringNedskrivningarFusion" xlink:title="label: MaskinerAndraTekniskaAnlaggningarForandringNedskrivningarFusion to label_MaskinerAndraTekniskaAnlaggningarForandringNedskrivningarFusion"/>
    <link:loc xlink:type="locator" xlink:href="../../../../base/se-gen-base/2021-10-31/se-gen-base-2021-10-31.xsd#se-gen-base_InventarierVerktygInstallationerForandringAnskaffningsvardenFusion" xlink:label="InventarierVerktygInstallationerForandringAnskaffningsvardenFusion" xlink:title="InventarierVerktygInstallationerForandringAnskaffningsvardenFusion"/>
    <link:label xlink:type="resource" xlink:label="label_InventarierVerktygInstallationerForandringAnskaffningsvardenFusion" xlink:role="http://www.xbrl.org/2003/role/definitionGuidance" xlink:title="label_InventarierVerktygInstallationerForandringAnskaffningsvardenFusion" xml:lang="sv" id="label_InventarierVerktygInstallationerForandringAnskaffningsvardenFusion">I en årsredovisning endast ökning av anskaffningsvärden</link:label>
    <link:labelArc xlink:type="arc" xlink:arcrole="http://www.xbrl.org/2003/arcrole/concept-label" xlink:from="InventarierVerktygInstallationerForandringAnskaffningsvardenFusion" xlink:to="label_InventarierVerktygInstallationerForandringAnskaffningsvardenFusion" xlink:title="label: InventarierVerktygInstallationerForandringAnskaffningsvardenFusion to label_InventarierVerktygInstallationerForandringAnskaffningsvardenFusion"/>
    <link:loc xlink:type="locator" xlink:href="../../../../base/se-gen-base/2021-10-31/se-gen-base-2021-10-31.xsd#se-gen-base_InventarierVerktygInstallationerForandringAvskrivningarFusion" xlink:label="InventarierVerktygInstallationerForandringAvskrivningarFusion" xlink:title="InventarierVerktygInstallationerForandringAvskrivningarFusion"/>
    <link:label xlink:type="resource" xlink:label="label_InventarierVerktygInstallationerForandringAvskrivningarFusion" xlink:role="http://www.xbrl.org/2003/role/definitionGuidance" xlink:title="label_InventarierVerktygInstallationerForandringAvskrivningarFusion" xml:lang="sv" id="label_InventarierVerktygInstallationerForandringAvskrivningarFusion">I en årsredovisning endast ökning av ackumulerade avskrivningar</link:label>
    <link:labelArc xlink:type="arc" xlink:arcrole="http://www.xbrl.org/2003/arcrole/concept-label" xlink:from="InventarierVerktygInstallationerForandringAvskrivningarFusion" xlink:to="label_InventarierVerktygInstallationerForandringAvskrivningarFusion" xlink:title="label: InventarierVerktygInstallationerForandringAvskrivningarFusion to label_InventarierVerktygInstallationerForandringAvskrivningarFusion"/>
    <link:loc xlink:type="locator" xlink:href="../../../../base/se-gen-base/2021-10-31/se-gen-base-2021-10-31.xsd#se-gen-base_InventarierVerktygInstallationerForandringUppskrivningarFusion" xlink:label="InventarierVerktygInstallationerForandringUppskrivningarFusion" xlink:title="InventarierVerktygInstallationerForandringUppskrivningarFusion"/>
    <link:label xlink:type="resource" xlink:label="label_InventarierVerktygInstallationerForandringUppskrivningarFusion" xlink:role="http://www.xbrl.org/2003/role/definitionGuidance" xlink:title="label_InventarierVerktygInstallationerForandringUppskrivningarFusion" xml:lang="sv" id="label_InventarierVerktygInstallationerForandringUppskrivningarFusion">I en årsredovisning endast ökning av ackumulerade uppskrivningar</link:label>
    <link:labelArc xlink:type="arc" xlink:arcrole="http://www.xbrl.org/2003/arcrole/concept-label" xlink:from="InventarierVerktygInstallationerForandringUppskrivningarFusion" xlink:to="label_InventarierVerktygInstallationerForandringUppskrivningarFusion" xlink:title="label: InventarierVerktygInstallationerForandringUppskrivningarFusion to label_InventarierVerktygInstallationerForandringUppskrivningarFusion"/>
    <link:loc xlink:type="locator" xlink:href="../../../../base/se-gen-base/2021-10-31/se-gen-base-2021-10-31.xsd#se-gen-base_InventarierVerktygInstallationerForandringNedskrivningarFusion" xlink:label="InventarierVerktygInstallationerForandringNedskrivningarFusion" xlink:title="InventarierVerktygInstallationerForandringNedskrivningarFusion"/>
    <link:label xlink:type="resource" xlink:label="label_InventarierVerktygInstallationerForandringNedskrivningarFusion" xlink:role="http://www.xbrl.org/2003/role/definitionGuidance" xlink:title="label_InventarierVerktygInstallationerForandringNedskrivningarFusion" xml:lang="sv" id="label_InventarierVerktygInstallationerForandringNedskrivningarFusion">I en årsredovisning endast ökning av ackumulerade nedskrivningar</link:label>
    <link:labelArc xlink:type="arc" xlink:arcrole="http://www.xbrl.org/2003/arcrole/concept-label" xlink:from="InventarierVerktygInstallationerForandringNedskrivningarFusion" xlink:to="label_InventarierVerktygInstallationerForandringNedskrivningarFusion" xlink:title="label: InventarierVerktygInstallationerForandringNedskrivningarFusion to label_InventarierVerktygInstallationerForandringNedskrivningarFusion"/>
    <link:loc xlink:type="locator" xlink:href="../../../../base/se-gen-base/2021-10-31/se-gen-base-2021-10-31.xsd#se-gen-base_OvrigaMateriellaAnlaggningstillgangarForandringAnskaffningsvardenFusion" xlink:label="OvrigaMateriellaAnlaggningstillgangarForandringAnskaffningsvardenFusion" xlink:title="OvrigaMateriellaAnlaggningstillgangarForandringAnskaffningsvardenFusion"/>
    <link:label xlink:type="resource" xlink:label="label_OvrigaMateriellaAnlaggningstillgangarForandringAnskaffningsvardenFusion" xlink:role="http://www.xbrl.org/2003/role/definitionGuidance" xlink:title="label_OvrigaMateriellaAnlaggningstillgangarForandringAnskaffningsvardenFusion" xml:lang="sv" id="label_OvrigaMateriellaAnlaggningstillgangarForandringAnskaffningsvardenFusion">I en årsredovisning endast ökning av anskaffningsvärden</link:label>
    <link:labelArc xlink:type="arc" xlink:arcrole="http://www.xbrl.org/2003/arcrole/concept-label" xlink:from="OvrigaMateriellaAnlaggningstillgangarForandringAnskaffningsvardenFusion" xlink:to="label_OvrigaMateriellaAnlaggningstillgangarForandringAnskaffningsvardenFusion" xlink:title="label: OvrigaMateriellaAnlaggningstillgangarForandringAnskaffningsvardenFusion to label_OvrigaMateriellaAnlaggningstillgangarForandringAnskaffningsvardenFusion"/>
    <link:loc xlink:type="locator" xlink:href="../../../../base/se-gen-base/2021-10-31/se-gen-base-2021-10-31.xsd#se-gen-base_OvrigaMateriellaAnlaggningstillgangarForandringAvskrivningarFusion" xlink:label="OvrigaMateriellaAnlaggningstillgangarForandringAvskrivningarFusion" xlink:title="OvrigaMateriellaAnlaggningstillgangarForandringAvskrivningarFusion"/>
    <link:label xlink:type="resource" xlink:label="label_OvrigaMateriellaAnlaggningstillgangarForandringAvskrivningarFusion" xlink:role="http://www.xbrl.org/2003/role/definitionGuidance" xlink:title="label_OvrigaMateriellaAnlaggningstillgangarForandringAvskrivningarFusion" xml:lang="sv" id="label_OvrigaMateriellaAnlaggningstillgangarForandringAvskrivningarFusion">I en årsredovisning endast ökning av ackumulerade avskrivningar</link:label>
    <link:labelArc xlink:type="arc" xlink:arcrole="http://www.xbrl.org/2003/arcrole/concept-label" xlink:from="OvrigaMateriellaAnlaggningstillgangarForandringAvskrivningarFusion" xlink:to="label_OvrigaMateriellaAnlaggningstillgangarForandringAvskrivningarFusion" xlink:title="label: OvrigaMateriellaAnlaggningstillgangarForandringAvskrivningarFusion to label_OvrigaMateriellaAnlaggningstillgangarForandringAvskrivningarFusion"/>
    <link:loc xlink:type="locator" xlink:href="../../../../base/se-gen-base/2021-10-31/se-gen-base-2021-10-31.xsd#se-gen-base_OvrigaMateriellaAnlaggningstillgangarUppskrivningarFusion" xlink:label="OvrigaMateriellaAnlaggningstillgangarUppskrivningarFusion" xlink:title="OvrigaMateriellaAnlaggningstillgangarUppskrivningarFusion"/>
    <link:label xlink:type="resource" xlink:label="label_OvrigaMateriellaAnlaggningstillgangarUppskrivningarFusion" xlink:role="http://www.xbrl.org/2003/role/definitionGuidance" xlink:title="label_OvrigaMateriellaAnlaggningstillgangarUppskrivningarFusion" xml:lang="sv" id="label_OvrigaMateriellaAnlaggningstillgangarUppskrivningarFusion">I en årsredovisning endast ökning av ackumulerade uppskrivningar</link:label>
    <link:labelArc xlink:type="arc" xlink:arcrole="http://www.xbrl.org/2003/arcrole/concept-label" xlink:from="OvrigaMateriellaAnlaggningstillgangarUppskrivningarFusion" xlink:to="label_OvrigaMateriellaAnlaggningstillgangarUppskrivningarFusion" xlink:title="label: OvrigaMateriellaAnlaggningstillgangarUppskrivningarFusion to label_OvrigaMateriellaAnlaggningstillgangarUppskrivningarFusion"/>
    <link:loc xlink:type="locator" xlink:href="../../../../base/se-gen-base/2021-10-31/se-gen-base-2021-10-31.xsd#se-gen-base_OvrigaMateriellaAnlaggningstillgangarForandringNedskrivningarFusion" xlink:label="OvrigaMateriellaAnlaggningstillgangarForandringNedskrivningarFusion" xlink:title="OvrigaMateriellaAnlaggningstillgangarForandringNedskrivningarFusion"/>
    <link:label xlink:type="resource" xlink:label="label_OvrigaMateriellaAnlaggningstillgangarForandringNedskrivningarFusion" xlink:role="http://www.xbrl.org/2003/role/definitionGuidance" xlink:title="label_OvrigaMateriellaAnlaggningstillgangarForandringNedskrivningarFusion" xml:lang="sv" id="label_OvrigaMateriellaAnlaggningstillgangarForandringNedskrivningarFusion">I en årsredovisning endast ökning av ackumulerade nedskrivningar</link:label>
    <link:labelArc xlink:type="arc" xlink:arcrole="http://www.xbrl.org/2003/arcrole/concept-label" xlink:from="OvrigaMateriellaAnlaggningstillgangarForandringNedskrivningarFusion" xlink:to="label_OvrigaMateriellaAnlaggningstillgangarForandringNedskrivningarFusion" xlink:title="label: OvrigaMateriellaAnlaggningstillgangarForandringNedskrivningarFusion to label_OvrigaMateriellaAnlaggningstillgangarForandringNedskrivningarFusion"/>
    <link:loc xlink:type="locator" xlink:href="../../../../base/se-gen-base/2021-10-31/se-gen-base-2021-10-31.xsd#se-gen-base_SammansattningLikvidaMedelTillgodohavandeKoncernkonto" xlink:label="SammansattningLikvidaMedelTillgodohavandeKoncernkonto" xlink:title="SammansattningLikvidaMedelTillgodohavandeKoncernkonto"/>
    <link:label xlink:type="resource" xlink:label="label_SammansattningLikvidaMedelTillgodohavandeKoncernkonto" xlink:role="http://www.xbrl.org/2003/role/definitionGuidance" xlink:title="label_SammansattningLikvidaMedelTillgodohavandeKoncernkonto" xml:lang="sv" id="label_SammansattningLikvidaMedelTillgodohavandeKoncernkonto">Företagets andel av medel på ett koncernkonto</link:label>
    <link:labelArc xlink:type="arc" xlink:arcrole="http://www.xbrl.org/2003/arcrole/concept-label" xlink:from="SammansattningLikvidaMedelTillgodohavandeKoncernkonto" xlink:to="label_SammansattningLikvidaMedelTillgodohavandeKoncernkonto" xlink:title="label: SammansattningLikvidaMedelTillgodohavandeKoncernkonto to label_SammansattningLikvidaMedelTillgodohavandeKoncernkonto"/>
    <link:loc xlink:type="locator" xlink:href="../../../../base/se-gen-base/2021-10-31/se-gen-base-2021-10-31.xsd#se-gen-base_NotFusion" xlink:label="NotFusion" xlink:title="NotFusion"/>
    <link:label xlink:type="resource" xlink:label="label_NotFusion" xlink:role="http://www.xbrl.org/2003/role/definitionGuidance" xlink:title="label_NotFusion" xml:lang="sv" id="label_NotFusion">BFNAR 2020:5 får tillämpas på fusioner med fusionsdag från och med den 16 oktober 2020. BFNAR 1999:1 och 2003:2 får tillämpas på fusioner med fusionsdag till och med den 31 december 2021</link:label>
    <link:labelArc xlink:type="arc" xlink:arcrole="http://www.xbrl.org/2003/arcrole/concept-label" xlink:from="NotFusion" xlink:to="label_NotFusion" xlink:title="label: NotFusion to label_NotFusion"/>
    <link:loc xlink:type="locator" xlink:href="../../../../base/se-gen-base/2021-10-31/se-gen-base-2021-10-31.xsd#se-gen-base_FusioneratBolagAbstract" xlink:label="FusioneratBolagAbstract" xlink:title="FusioneratBolagAbstract"/>
    <link:label xlink:type="resource" xlink:label="label_FusioneratBolagAbstract" xlink:role="http://www.xbrl.org/2003/role/definitionGuidance" xlink:title="label_FusioneratBolagAbstract" xml:lang="sv" id="label_FusioneratBolagAbstract">BFNAR 2020:5 får tillämpas på fusioner med fusionsdag från och med den 16 oktober 2020. BFNAR 1999:1 och 2003:2 får tillämpas på fusioner med fusionsdag till och med den 31 december 2021</link:label>
    <link:labelArc xlink:type="arc" xlink:arcrole="http://www.xbrl.org/2003/arcrole/concept-label" xlink:from="FusioneratBolagAbstract" xlink:to="label_FusioneratBolagAbstract" xlink:title="label: FusioneratBolagAbstract to label_FusioneratBolagAbstract"/>
    <link:loc xlink:type="locator" xlink:href="../../../../base/se-gen-base/2021-10-31/se-gen-base-2021-10-31.xsd#se-gen-base_FusionBolagFusionsdag" xlink:label="FusionBolagFusionsdag" xlink:title="FusionBolagFusionsdag"/>
    <link:label xlink:type="resource" xlink:label="label_FusionBolagFusionsdag" xlink:role="http://www.xbrl.org/2003/role/definitionGuidance" xlink:title="label_FusionBolagFusionsdag" xml:lang="sv" id="label_FusionBolagFusionsdag">BFNAR 2020:5 får tillämpas på fusioner med fusionsdag från och med den 16 oktober 2020. BFNAR 1999:1 och 2003:2 får tillämpas på fusioner med fusionsdag till och med den 31 december 2021</link:label>
    <link:labelArc xlink:type="arc" xlink:arcrole="http://www.xbrl.org/2003/arcrole/concept-label" xlink:from="FusionBolagFusionsdag" xlink:to="label_FusionBolagFusionsdag" xlink:title="label: FusionBolagFusionsdag to label_FusionBolagFusionsdag"/>
    <link:loc xlink:type="locator" xlink:href="../../../../base/se-gen-base/2021-10-31/se-gen-base-2021-10-31.xsd#se-gen-base_FusionBolagOvertagetForetagNettoomsattningForeFusionenRegistrering" xlink:label="FusionBolagOvertagetForetagNettoomsattningForeFusionenRegistrering" xlink:title="FusionBolagOvertagetForetagNettoomsattningForeFusionenRegistrering"/>
    <link:label xlink:type="resource" xlink:label="label_FusionBolagOvertagetForetagNettoomsattningForeFusionenRegistrering" xlink:role="http://www.xbrl.org/2003/role/definitionGuidance" xlink:title="label_FusionBolagOvertagetForetagNettoomsattningForeFusionenRegistrering" xml:lang="sv" id="label_FusionBolagOvertagetForetagNettoomsattningForeFusionenRegistrering">BFNAR 2020:5 får tillämpas på fusioner med fusionsdag från och med den 16 oktober 2020. BFNAR 1999:1 och 2003:2 får tillämpas på fusioner med fusionsdag till och med den 31 december 2021</link:label>
    <link:labelArc xlink:type="arc" xlink:arcrole="http://www.xbrl.org/2003/arcrole/concept-label" xlink:from="FusionBolagOvertagetForetagNettoomsattningForeFusionenRegistrering" xlink:to="label_FusionBolagOvertagetForetagNettoomsattningForeFusionenRegistrering" xlink:title="label: FusionBolagOvertagetForetagNettoomsattningForeFusionenRegistrering to label_FusionBolagOvertagetForetagNettoomsattningForeFusionenRegistrering"/>
    <link:loc xlink:type="locator" xlink:href="../../../../base/se-gen-base/2021-10-31/se-gen-base-2021-10-31.xsd#se-gen-base_FusionBolagOvertagetForetagRorelseresultatForeFusionenRegistrering" xlink:label="FusionBolagOvertagetForetagRorelseresultatForeFusionenRegistrering" xlink:title="FusionBolagOvertagetForetagRorelseresultatForeFusionenRegistrering"/>
    <link:label xlink:type="resource" xlink:label="label_FusionBolagOvertagetForetagRorelseresultatForeFusionenRegistrering" xlink:role="http://www.xbrl.org/2003/role/definitionGuidance" xlink:title="label_FusionBolagOvertagetForetagRorelseresultatForeFusionenRegistrering" xml:lang="sv" id="label_FusionBolagOvertagetForetagRorelseresultatForeFusionenRegistrering">BFNAR 2020:5 får tillämpas på fusioner med fusionsdag från och med den 16 oktober 2020. BFNAR 1999:1 och 2003:2 får tillämpas på fusioner med fusionsdag till och med den 31 december 2021</link:label>
    <link:labelArc xlink:type="arc" xlink:arcrole="http://www.xbrl.org/2003/arcrole/concept-label" xlink:from="FusionBolagOvertagetForetagRorelseresultatForeFusionenRegistrering" xlink:to="label_FusionBolagOvertagetForetagRorelseresultatForeFusionenRegistrering" xlink:title="label: FusionBolagOvertagetForetagRorelseresultatForeFusionenRegistrering to label_FusionBolagOvertagetForetagRorelseresultatForeFusionenRegistrering"/>
    <link:loc xlink:type="locator" xlink:href="../../../../base/se-gen-base/2021-10-31/se-gen-base-2021-10-31.xsd#se-gen-base_FusionBolagOvertagetForetagNettoomsattningInteRedovisatOvertagandeForetage" xlink:label="FusionBolagOvertagetForetagNettoomsattningInteRedovisatOvertagandeForetage" xlink:title="FusionBolagOvertagetForetagNettoomsattningInteRedovisatOvertagandeForetage"/>
    <link:label xlink:type="resource" xlink:label="label_FusionBolagOvertagetForetagNettoomsattningInteRedovisatOvertagandeForetage" xlink:role="http://www.xbrl.org/2003/role/definitionGuidance" xlink:title="label_FusionBolagOvertagetForetagNettoomsattningInteRedovisatOvertagandeForetage" xml:lang="sv" id="label_FusionBolagOvertagetForetagNettoomsattningInteRedovisatOvertagandeForetage">BFNAR 2020:5 får tillämpas på fusioner med fusionsdag från och med den 16 oktober 2020. BFNAR 1999:1 och 2003:2 får tillämpas på fusioner med fusionsdag till och med den 31 december 2021</link:label>
    <link:labelArc xlink:type="arc" xlink:arcrole="http://www.xbrl.org/2003/arcrole/concept-label" xlink:from="FusionBolagOvertagetForetagNettoomsattningInteRedovisatOvertagandeForetage" xlink:to="label_FusionBolagOvertagetForetagNettoomsattningInteRedovisatOvertagandeForetage" xlink:title="label: FusionBolagOvertagetForetagNettoomsattningInteRedovisatOvertagandeForetage to label_FusionBolagOvertagetForetagNettoomsattningInteRedovisatOvertagandeForetage"/>
    <link:loc xlink:type="locator" xlink:href="../../../../base/se-gen-base/2021-10-31/se-gen-base-2021-10-31.xsd#se-gen-base_FusionBolagOvertagetForetagRorelseresultatInteRedovisatOvertagandeForetage" xlink:label="FusionBolagOvertagetForetagRorelseresultatInteRedovisatOvertagandeForetage" xlink:title="FusionBolagOvertagetForetagRorelseresultatInteRedovisatOvertagandeForetage"/>
    <link:label xlink:type="resource" xlink:label="label_FusionBolagOvertagetForetagRorelseresultatInteRedovisatOvertagandeForetage" xlink:role="http://www.xbrl.org/2003/role/definitionGuidance" xlink:title="label_FusionBolagOvertagetForetagRorelseresultatInteRedovisatOvertagandeForetage" xml:lang="sv" id="label_FusionBolagOvertagetForetagRorelseresultatInteRedovisatOvertagandeForetage">BFNAR 2020:5 får tillämpas på fusioner med fusionsdag från och med den 16 oktober 2020. BFNAR 1999:1 och 2003:2 får tillämpas på fusioner med fusionsdag till och med den 31 december 2021</link:label>
    <link:labelArc xlink:type="arc" xlink:arcrole="http://www.xbrl.org/2003/arcrole/concept-label" xlink:from="FusionBolagOvertagetForetagRorelseresultatInteRedovisatOvertagandeForetage" xlink:to="label_FusionBolagOvertagetForetagRorelseresultatInteRedovisatOvertagandeForetage" xlink:title="label: FusionBolagOvertagetForetagRorelseresultatInteRedovisatOvertagandeForetage to label_FusionBolagOvertagetForetagRorelseresultatInteRedovisatOvertagandeForetage"/>
    <link:loc xlink:type="locator" xlink:href="../../../../base/se-gen-base/2021-10-31/se-gen-base-2021-10-31.xsd#se-gen-base_FusionOverlatandeForetagBalansrakningTypTillgangSkuld" xlink:label="FusionOverlatandeForetagBalansrakningTypTillgangSkuld" xlink:title="FusionOverlatandeForetagBalansrakningTypTillgangSkuld"/>
    <link:label xlink:type="resource" xlink:label="label_FusionOverlatandeForetagBalansrakningTypTillgangSkuld" xlink:role="http://www.xbrl.org/2003/role/definitionGuidance" xlink:title="label_FusionOverlatandeForetagBalansrakningTypTillgangSkuld" xml:lang="sv" id="label_FusionOverlatandeForetagBalansrakningTypTillgangSkuld">BFNAR 2020:5 får tillämpas på fusioner med fusionsdag från och med den 16 oktober 2020. BFNAR 1999:1 och 2003:2 får tillämpas på fusioner med fusionsdag till och med den 31 december 2021</link:label>
    <link:labelArc xlink:type="arc" xlink:arcrole="http://www.xbrl.org/2003/arcrole/concept-label" xlink:from="FusionOverlatandeForetagBalansrakningTypTillgangSkuld" xlink:to="label_FusionOverlatandeForetagBalansrakningTypTillgangSkuld" xlink:title="label: FusionOverlatandeForetagBalansrakningTypTillgangSkuld to label_FusionOverlatandeForetagBalansrakningTypTillgangSkuld"/>
    <link:loc xlink:type="locator" xlink:href="../../../../base/se-gen-base/2021-10-31/se-gen-base-2021-10-31.xsd#se-gen-base_FusionOverlatandeForetagBalansrakningBelopp" xlink:label="FusionOverlatandeForetagBalansrakningBelopp" xlink:title="FusionOverlatandeForetagBalansrakningBelopp"/>
    <link:label xlink:type="resource" xlink:label="label_FusionOverlatandeForetagBalansrakningBelopp" xlink:role="http://www.xbrl.org/2003/role/definitionGuidance" xlink:title="label_FusionOverlatandeForetagBalansrakningBelopp" xml:lang="sv" id="label_FusionOverlatandeForetagBalansrakningBelopp">BFNAR 2020:5 får tillämpas på fusioner med fusionsdag från och med den 16 oktober 2020. BFNAR 1999:1 och 2003:2 får tillämpas på fusioner med fusionsdag till och med den 31 december 2021</link:label>
    <link:labelArc xlink:type="arc" xlink:arcrole="http://www.xbrl.org/2003/arcrole/concept-label" xlink:from="FusionOverlatandeForetagBalansrakningBelopp" xlink:to="label_FusionOverlatandeForetagBalansrakningBelopp" xlink:title="label: FusionOverlatandeForetagBalansrakningBelopp to label_FusionOverlatandeForetagBalansrakningBelopp"/>
    <link:loc xlink:type="locator" xlink:href="../../../../base/se-gen-base/2021-10-31/se-gen-base-2021-10-31.xsd#se-gen-base_NotFusionKommentar" xlink:label="NotFusionKommentar" xlink:title="NotFusionKommentar"/>
    <link:label xlink:type="resource" xlink:label="label_NotFusionKommentar" xlink:role="http://www.xbrl.org/2003/role/definitionGuidance" xlink:title="label_NotFusionKommentar" xml:lang="sv" id="label_NotFusionKommentar">BFNAR 2020:5 får tillämpas på fusioner med fusionsdag från och med den 16 oktober 2020. BFNAR 1999:1 och 2003:2 får tillämpas på fusioner med fusionsdag till och med den 31 december 2021</link:label>
    <link:labelArc xlink:type="arc" xlink:arcrole="http://www.xbrl.org/2003/arcrole/concept-label" xlink:from="NotFusionKommentar" xlink:to="label_NotFusionKommentar" xlink:title="label: NotFusionKommentar to label_NotFusionKommentar"/>
    <link:loc xlink:type="locator" xlink:href="../../../../base/se-gen-base/2021-10-31/se-gen-base-2021-10-31.xsd#se-gen-base_UndertecknandeForetradareRevisionspateckningAbstract" xlink:label="UndertecknandeForetradareRevisionspateckningAbstract" xlink:title="UndertecknandeForetradareRevisionspateckningAbstract"/>
    <link:label xlink:type="resource" xlink:label="label_UndertecknandeForetradareRevisionspateckningAbstract" xlink:role="http://www.xbrl.org/2003/role/definitionGuidance" xlink:title="label_UndertecknandeForetradareRevisionspateckningAbstract" xml:lang="sv" id="label_UndertecknandeForetradareRevisionspateckningAbstract">Delrapport för undertecknande av finansiell rapport av företrädare och revisionspåteckning. Om koncernredovisning upprättas, gäller underskriften av företrädare och revisorns påteckning även för koncernredovisning. Punkt 3.4 i BFNAR 2012:1 har upphävts och ska inte tillämpas för räkenskapsår som avslutas den 31 december 2021 eller senare</link:label>
    <link:labelArc xlink:type="arc" xlink:arcrole="http://www.xbrl.org/2003/arcrole/concept-label" xlink:from="UndertecknandeForetradareRevisionspateckningAbstract" xlink:to="label_UndertecknandeForetradareRevisionspateckningAbstract" xlink:title="label: UndertecknandeForetradareRevisionspateckningAbstract to label_UndertecknandeForetradareRevisionspateckningAbstract"/>
    <link:loc xlink:type="locator" xlink:href="../../../../base/se-gen-base/2021-10-31/se-gen-base-2021-10-31.xsd#se-gen-base_UndertecknandeArsredovisningAbstract" xlink:label="UndertecknandeArsredovisningAbstract" xlink:title="UndertecknandeArsredovisningAbstract"/>
    <link:label xlink:type="resource" xlink:label="label_UndertecknandeArsredovisningAbstract" xlink:role="http://www.xbrl.org/2003/role/definitionGuidance" xlink:title="label_UndertecknandeArsredovisningAbstract" xml:lang="sv" id="label_UndertecknandeArsredovisningAbstract">Om koncernredovisning upprättas, gäller underskriften av företrädare och revisorns påteckning även för koncernredovisning. Punkt 3.4 i BFNAR 2012:1 har upphävts och ska inte tillämpas för räkenskapsår som avslutas den 31 december 2021 eller senare</link:label>
    <link:labelArc xlink:type="arc" xlink:arcrole="http://www.xbrl.org/2003/arcrole/concept-label" xlink:from="UndertecknandeArsredovisningAbstract" xlink:to="label_UndertecknandeArsredovisningAbstract" xlink:title="label: UndertecknandeArsredovisningAbstract to label_UndertecknandeArsredovisningAbstract"/>
    <link:loc xlink:type="locator" xlink:href="../../../../base/se-gen-base/2021-10-31/se-gen-base-2021-10-31.xsd#se-gen-base_UndertecknandeArsredovisningDatum" xlink:label="UndertecknandeArsredovisningDatum" xlink:title="UndertecknandeArsredovisningDatum"/>
    <link:label xlink:type="resource" xlink:label="label_UndertecknandeArsredovisningDatum" xlink:role="http://www.xbrl.org/2003/role/definitionGuidance" xlink:title="label_UndertecknandeArsredovisningDatum" xml:lang="sv" id="label_UndertecknandeArsredovisningDatum">Används i årsredovisningar för räkenskapsår som avslutas tidigare än den 31 december 2021 och för räkenskapsår som inleds 1 juli 2024 eller senare. Om koncernredovisning upprättas, gäller dateringen även koncernredovisningen</link:label>
    <link:labelArc xlink:type="arc" xlink:arcrole="http://www.xbrl.org/2003/arcrole/concept-label" xlink:from="UndertecknandeArsredovisningDatum" xlink:to="label_UndertecknandeArsredovisningDatum" xlink:title="label: UndertecknandeArsredovisningDatum to label_UndertecknandeArsredovisningDatum"/>
    <link:loc xlink:type="locator" xlink:href="../../../../base/se-gen-base/2021-10-31/se-gen-base-2021-10-31.xsd#se-gen-base_UnderskriftArsredovisningForetradareAvvikandemening" xlink:label="UnderskriftArsredovisningForetradareAvvikandemening" xlink:title="UnderskriftArsredovisningForetradareAvvikandemening"/>
    <link:label xlink:type="resource" xlink:label="label_UnderskriftArsredovisningForetradareAvvikandemening" xlink:role="http://www.xbrl.org/2003/role/definitionGuidance" xlink:title="label_UnderskriftArsredovisningForetradareAvvikandemening" xml:lang="sv" id="label_UnderskriftArsredovisningForetradareAvvikandemening">Punkt 3.4 i BFNAR 2012:1 har upphävts och ska inte tillämpas för räkenskapsår som avslutas den 31 december 2021 eller senare</link:label>
    <link:labelArc xlink:type="arc" xlink:arcrole="http://www.xbrl.org/2003/arcrole/concept-label" xlink:from="UnderskriftArsredovisningForetradareAvvikandemening" xlink:to="label_UnderskriftArsredovisningForetradareAvvikandemening" xlink:title="label: UnderskriftArsredovisningForetradareAvvikandemening to label_UnderskriftArsredovisningForetradareAvvikandemening"/>
    <link:loc xlink:type="locator" xlink:href="../../../../base/se-gen-base/2021-10-31/se-gen-base-2021-10-31.xsd#se-gen-base_RevisorspateckningAbstract" xlink:label="RevisorspateckningAbstract" xlink:title="RevisorspateckningAbstract"/>
    <link:label xlink:type="resource" xlink:label="label_RevisorspateckningAbstract" xlink:role="http://www.xbrl.org/2003/role/definitionGuidance" xlink:title="label_RevisorspateckningAbstract" xml:lang="sv" id="label_RevisorspateckningAbstract">Om koncernredovisning upprättas så gäller revisorspåteckningen även för koncernredovisning</link:label>
    <link:labelArc xlink:type="arc" xlink:arcrole="http://www.xbrl.org/2003/arcrole/concept-label" xlink:from="RevisorspateckningAbstract" xlink:to="label_RevisorspateckningAbstract" xlink:title="label: RevisorspateckningAbstract to label_RevisorspateckningAbstract"/>
    <link:loc xlink:type="locator" xlink:href="../../../../base/se-gen-base/2021-10-31/se-gen-base-2021-10-31.xsd#se-gen-base_RevisorspateckningRevisionsberattelseEnligtStandardutformning" xlink:label="RevisorspateckningRevisionsberattelseEnligtStandardutformning" xlink:title="RevisorspateckningRevisionsberattelseEnligtStandardutformning"/>
    <link:label xlink:type="resource" xlink:label="label_RevisorspateckningRevisionsberattelseEnligtStandardutformning" xlink:role="http://www.xbrl.org/2003/role/definitionGuidance" xlink:title="label_RevisorspateckningRevisionsberattelseEnligtStandardutformning" xml:lang="sv" id="label_RevisorspateckningRevisionsberattelseEnligtStandardutformning">Om koncernredovisning upprättas så gäller tidpunkten när revisor lämnat en revisionsberättelse utan modifierade uttalanden i revisionsberättelsen del 1</link:label>
    <link:labelArc xlink:type="arc" xlink:arcrole="http://www.xbrl.org/2003/arcrole/concept-label" xlink:from="RevisorspateckningRevisionsberattelseEnligtStandardutformning" xlink:to="label_RevisorspateckningRevisionsberattelseEnligtStandardutformning" xlink:title="label: RevisorspateckningRevisionsberattelseEnligtStandardutformning to label_RevisorspateckningRevisionsberattelseEnligtStandardutformning"/>
    <link:loc xlink:type="locator" xlink:href="../../../../base/se-gen-base/2021-10-31/se-gen-base-2021-10-31.xsd#se-gen-base_RevisorspateckningRevisionsberattelseAvvikerStandardutformning" xlink:label="RevisorspateckningRevisionsberattelseAvvikerStandardutformning" xlink:title="RevisorspateckningRevisionsberattelseAvvikerStandardutformning"/>
    <link:label xlink:type="resource" xlink:label="label_RevisorspateckningRevisionsberattelseAvvikerStandardutformning" xlink:role="http://www.xbrl.org/2003/role/definitionGuidance" xlink:title="label_RevisorspateckningRevisionsberattelseAvvikerStandardutformning" xml:lang="sv" id="label_RevisorspateckningRevisionsberattelseAvvikerStandardutformning">Om koncernredovisning upprättas så gäller tidpunkten när revisor lämnat en revisionsberättelse med modifierade uttalande i revisionsberättelsen del 1</link:label>
    <link:labelArc xlink:type="arc" xlink:arcrole="http://www.xbrl.org/2003/arcrole/concept-label" xlink:from="RevisorspateckningRevisionsberattelseAvvikerStandardutformning" xlink:to="label_RevisorspateckningRevisionsberattelseAvvikerStandardutformning" xlink:title="label: RevisorspateckningRevisionsberattelseAvvikerStandardutformning to label_RevisorspateckningRevisionsberattelseAvvikerStandardutformning"/>
    <link:loc xlink:type="locator" xlink:href="../../../../base/se-gen-base/2021-10-31/se-gen-base-2021-10-31.xsd#se-gen-base_FinansiellRapportList" xlink:label="locFinansiellRapportList_13" xlink:title="locFinansiellRapportList_13"/>
    <link:label xlink:type="resource" xlink:label="lblFinansiellRapportList_13" xlink:role="http://www.xbrl.org/2003/role/definitionGuidance" xlink:title="lblFinansiellRapportList_13" xml:lang="sv">Anger om årsredovisningen avges av styrelsen, styrelsen och verkställande direktören eller, i förekommande fall, av likvidatorn</link:label>
    <link:labelArc xlink:type="arc" xlink:arcrole="http://www.xbrl.org/2003/arcrole/concept-label" xlink:from="locFinansiellRapportList_13" xlink:to="lblFinansiellRapportList_13" xlink:title="label: locFinansiellRapportList_13 to lblFinansiellRapportList_13"/>
    <link:loc xlink:type="locator" xlink:href="../../../../base/se-gen-base/2021-10-31/se-gen-base-2021-10-31.xsd#se-gen-base_OvrigaRorelseintakterIntaktsslag" xlink:label="OvrigaRorelseintakterIntaktsslag" xlink:title="OvrigaRorelseintakterIntaktsslag"/>
    <link:label xlink:type="resource" xlink:label="label_OvrigaRorelseintakterIntaktsslag" xlink:role="http://www.xbrl.org/2003/role/definitionGuidance" xlink:title="label_OvrigaRorelseintakterIntaktsslag" xml:lang="sv" id="label_OvrigaRorelseintakterIntaktsslag">I K3 andra övriga rörelseintäkter än offentliga bidrag</link:label>
    <link:labelArc xlink:type="arc" xlink:arcrole="http://www.xbrl.org/2003/arcrole/concept-label" xlink:from="OvrigaRorelseintakterIntaktsslag" xlink:to="label_OvrigaRorelseintakterIntaktsslag" xlink:title="label: OvrigaRorelseintakterIntaktsslag to label_OvrigaRorelseintakterIntaktsslag"/>
    <link:loc xlink:type="locator" xlink:href="../../../../base/se-gen-base/2021-10-31/se-gen-base-2021-10-31.xsd#se-gen-base_KassaflodesanalysIndirektAbstract" xlink:label="KassaflodesanalysIndirektAbstract" xlink:title="KassaflodesanalysIndirektAbstract"/>
    <link:label xlink:type="resource" xlink:label="label_KassaflodesanalysIndirektAbstract" xlink:role="http://www.xbrl.org/2003/role/definitionGuidance" xlink:title="label_KassaflodesanalysIndirektAbstract" xml:lang="sv" id="label_KassaflodesanalysIndirektAbstract">Delrapport där kassaflödet redovisas enligt indirekt metod</link:label>
    <link:labelArc xlink:type="arc" xlink:arcrole="http://www.xbrl.org/2003/arcrole/concept-label" xlink:from="KassaflodesanalysIndirektAbstract" xlink:to="label_KassaflodesanalysIndirektAbstract" xlink:title="label: KassaflodesanalysIndirektAbstract to label_KassaflodesanalysIndirektAbstract"/>
    <link:loc xlink:type="locator" xlink:href="../../../../base/se-gen-base/2021-10-31/se-gen-base-2021-10-31.xsd#se-gen-base_UndertecknandeDatum" xlink:label="UndertecknandeDatum" xlink:title="UndertecknandeDatum"/>
    <link:label xlink:type="resource" xlink:label="label_UndertecknandeDatum" xlink:role="http://www.xbrl.org/2003/role/definitionGuidance" xlink:title="label_UndertecknandeDatum" xml:lang="sv" id="label_UndertecknandeDatum">Ska användas i årsredovisningar för räkenskapsår som avslutas 31 december 2021 eller senare. Om koncernredovisning upprättas, gäller datum för undertecknande även koncernredovisningen</link:label>
    <link:labelArc xlink:type="arc" xlink:arcrole="http://www.xbrl.org/2003/arcrole/concept-label" xlink:from="UndertecknandeDatum" xlink:to="label_UndertecknandeDatum" xlink:title="label: UndertecknandeDatum to label_UndertecknandeDatum"/>
    <link:loc xlink:type="locator" xlink:href="../../shared/concept/se-gaap-ext/2021-10-31/se-gaap-ext-2021-10-31.xsd#se-gaap-ext_OvrigaRorelseintakterIntaktsslagTuple" xlink:label="OvrigaRorelseintakterIntaktsslagTuple" xlink:title="OvrigaRorelseintakterIntaktsslagTuple"/>
    <link:label xlink:type="resource" xlink:label="label_OvrigaRorelseintakterIntaktsslagTuple" xlink:role="http://www.xbrl.org/2003/role/definitionGuidance" xlink:title="label_OvrigaRorelseintakterIntaktsslagTuple" xml:lang="sv" id="label_OvrigaRorelseintakterIntaktsslagTuple">I K3 andra övriga rörelseintäkter än offentliga bidrag</link:label>
    <link:labelArc xlink:type="arc" xlink:arcrole="http://www.xbrl.org/2003/arcrole/concept-label" xlink:from="OvrigaRorelseintakterIntaktsslagTuple" xlink:to="label_OvrigaRorelseintakterIntaktsslagTuple" xlink:title="label: OvrigaRorelseintakterIntaktsslagTuple to label_OvrigaRorelseintakterIntaktsslagTuple"/>
    <link:loc xlink:type="locator" xlink:href="../../shared/concept/se-gaap-ext/2021-10-31/se-gaap-ext-2021-10-31.xsd#se-gaap-ext_UnderskriftArsredovisningForetradareTuple" xlink:label="UnderskriftArsredovisningForetradareTuple" xlink:title="UnderskriftArsredovisningForetradareTuple"/>
    <link:label xlink:type="resource" xlink:label="label_UnderskriftArsredovisningForetradareTuple" xlink:role="http://www.xbrl.org/2003/role/definitionGuidance" xlink:title="label_UnderskriftArsredovisningForetradareTuple" xml:lang="sv" id="label_UnderskriftArsredovisningForetradareTuple">Datum för undertecknande ska användas i årsredovisningar för räkenskapsår som avslutas 31 december 2021 eller senare. Punkt 3.4 i BFNAR 2012:1 har upphävts och ska inte tillämpas för räkenskapsår som avslutas den 31 december 2021 eller senare</link:label>
    <link:labelArc xlink:type="arc" xlink:arcrole="http://www.xbrl.org/2003/arcrole/concept-label" xlink:from="UnderskriftArsredovisningForetradareTuple" xlink:to="label_UnderskriftArsredovisningForetradareTuple" xlink:title="label: UnderskriftArsredovisningForetradareTuple to label_UnderskriftArsredovisningForetradareTuple"/>
    <link:loc xlink:type="locator" xlink:href="../../shared/concept/se-gaap-ext/2021-10-31/se-gaap-ext-2021-10-31.xsd#se-gaap-ext_FusionBolagTuple" xlink:label="FusionBolagTuple" xlink:title="FusionBolagTuple"/>
    <link:label xlink:type="resource" xlink:label="label_FusionBolagTuple" xlink:role="http://www.xbrl.org/2003/role/definitionGuidance" xlink:title="label_FusionBolagTuple" xml:lang="sv" id="label_FusionBolagTuple">BFNAR 2020:5 får tillämpas på fusioner med fusionsdag från och med den 16 oktober 2020. BFNAR 1999:1 och 2003:2 får tillämpas på fusioner med fusionsdag till och med den 31 december 2021</link:label>
    <link:labelArc xlink:type="arc" xlink:arcrole="http://www.xbrl.org/2003/arcrole/concept-label" xlink:from="FusionBolagTuple" xlink:to="label_FusionBolagTuple" xlink:title="label: FusionBolagTuple to label_FusionBolagTuple"/>
    <link:loc xlink:type="locator" xlink:href="../../shared/concept/se-gaap-ext/2021-10-31/se-gaap-ext-2021-10-31.xsd#se-gaap-ext_FusionOverlatandeForetagBalansrakningTuple" xlink:label="FusionOverlatandeForetagBalansrakningTuple" xlink:title="FusionOverlatandeForetagBalansrakningTuple"/>
    <link:label xlink:type="resource" xlink:label="label_FusionOverlatandeForetagBalansrakningTuple" xlink:role="http://www.xbrl.org/2003/role/definitionGuidance" xlink:title="label_FusionOverlatandeForetagBalansrakningTuple" xml:lang="sv" id="label_FusionOverlatandeForetagBalansrakningTuple">BFNAR 2020:5 får tillämpas på fusioner med fusionsdag från och med den 16 oktober 2020. BFNAR 1999:1 och 2003:2 får tillämpas på fusioner med fusionsdag till och med den 31 december 2021</link:label>
    <link:labelArc xlink:type="arc" xlink:arcrole="http://www.xbrl.org/2003/arcrole/concept-label" xlink:from="FusionOverlatandeForetagBalansrakningTuple" xlink:to="label_FusionOverlatandeForetagBalansrakningTuple" xlink:title="label: FusionOverlatandeForetagBalansrakningTuple to label_FusionOverlatandeForetagBalansrakningTuple"/>
  </link:labelLink>
</link:linkbase>
