<?xml version="1.0" encoding="UTF-8"?><!--Versionsdatum/revision: 2024-09-12/2025-02-11_14:50:52--><!--Infil   : file:///O:/xmlstr/TaxSam/Inkomstdeklaration 2/2024-09-12 FINAL/Iteration 84 - FINAL LEV 2024-06-12 - FULL INK3 INK4 N3B/2025-02-11_13.19.41_10_KontrolleraOchGenerera_v2.08.xsl.xml--><!--XSLT-fil: file:///O:/xmlstr/TaxSam/Inkomstdeklaration 2/2024-09-12 FINAL/Iteration 84 - FINAL LEV 2024-06-12 - FULL INK3 INK4 N3B/30_UtokaAnpassadeBasskiktet_v2.14.xsl--><!--XSLT-fil: file:///O:/xmlstr/TaxSam/Inkomstdeklaration 2/2024-09-12 FINAL/Iteration 84 - FINAL LEV 2024-06-12 - FULL INK3 INK4 N3B/XSLTallmanKod_v1.05.xsl--><link:linkbase xmlns:xsi="http://www.w3.org/2001/XMLSchema-instance" xmlns:link="http://www.xbrl.org/2003/linkbase" xmlns:xlink="http://www.w3.org/1999/xlink" xsi:schemaLocation="http://www.xbrl.org/2003/linkbase http://www.xbrl.org/2003/xbrl-linkbase-2003-12-31.xsd">
	<link:labelLink xlink:type="extended" xlink:role="http://www.xbrl.org/2003/role/link">
		<link:loc xlink:type="locator" xlink:href="se-ink3-ext-2024-09-12.xsd#se-ink3-ext_ForeningensEllerTrossamfundetsAndamalEnligtStadgarnaTuple" xlink:label="term_locator_ForeningensEllerTrossamfundetsAndamalEnligtStadgarnaTuple" xlink:title="term_locator_ForeningensEllerTrossamfundetsAndamalEnligtStadgarnaTuple"/>
		<link:label xlink:type="resource" xlink:label="term_resource_ForeningensEllerTrossamfundetsAndamalEnligtStadgarnaTuple_1716_label" xlink:role="http://www.xbrl.org/2003/role/label" xlink:title="term_resource_ForeningensEllerTrossamfundetsAndamalEnligtStadgarnaTuple_1716_label" xml:lang="sv">Föreningens eller trossamfundets ändamål enligt stadgarna (Tabell)</link:label>
		<link:labelArc xlink:type="arc" xlink:arcrole="http://www.xbrl.org/2003/arcrole/concept-label" xlink:from="term_locator_ForeningensEllerTrossamfundetsAndamalEnligtStadgarnaTuple" xlink:to="term_resource_ForeningensEllerTrossamfundetsAndamalEnligtStadgarnaTuple_1716_label" xlink:title="reference: term_locator_ForeningensEllerTrossamfundetsAndamalEnligtStadgarnaTuple to term_resource_ForeningensEllerTrossamfundetsAndamalEnligtStadgarnaTuple_1716_label"/>
		<link:loc xlink:type="locator" xlink:href="se-ink3-ext-2024-09-12.xsd#se-ink3-ext_FastighetensUthyrdaDelTuple" xlink:label="term_locator_FastighetensUthyrdaDelTuple" xlink:title="term_locator_FastighetensUthyrdaDelTuple"/>
		<link:label xlink:type="resource" xlink:label="term_resource_FastighetensUthyrdaDelTuple_1749_label" xlink:role="http://www.xbrl.org/2003/role/label" xlink:title="term_resource_FastighetensUthyrdaDelTuple_1749_label" xml:lang="sv">Fastighetens uthyrda del (Tabell)</link:label>
		<link:labelArc xlink:type="arc" xlink:arcrole="http://www.xbrl.org/2003/arcrole/concept-label" xlink:from="term_locator_FastighetensUthyrdaDelTuple" xlink:to="term_resource_FastighetensUthyrdaDelTuple_1749_label" xlink:title="reference: term_locator_FastighetensUthyrdaDelTuple to term_resource_FastighetensUthyrdaDelTuple_1749_label"/>
		<link:loc xlink:type="locator" xlink:href="se-ink3-ext-2024-09-12.xsd#se-ink3-ext_StiftelsensAndamalEnligtStadgarnaTuple" xlink:label="term_locator_StiftelsensAndamalEnligtStadgarnaTuple" xlink:title="term_locator_StiftelsensAndamalEnligtStadgarnaTuple"/>
		<link:label xlink:type="resource" xlink:label="term_resource_StiftelsensAndamalEnligtStadgarnaTuple_1825_label" xlink:role="http://www.xbrl.org/2003/role/label" xlink:title="term_resource_StiftelsensAndamalEnligtStadgarnaTuple_1825_label" xml:lang="sv">Stiftelsens ändamål enligt stadgarna (Tabell)</link:label>
		<link:labelArc xlink:type="arc" xlink:arcrole="http://www.xbrl.org/2003/arcrole/concept-label" xlink:from="term_locator_StiftelsensAndamalEnligtStadgarnaTuple" xlink:to="term_resource_StiftelsensAndamalEnligtStadgarnaTuple_1825_label" xlink:title="reference: term_locator_StiftelsensAndamalEnligtStadgarnaTuple to term_resource_StiftelsensAndamalEnligtStadgarnaTuple_1825_label"/>
	</link:labelLink>
</link:linkbase>