<?xml version="1.0" encoding="UTF-8"?><!--Versionsdatum/revision: 2024-09-12/2025-02-11_14:50:52--><!--Infil   : file:///O:/xmlstr/TaxSam/Inkomstdeklaration 2/2024-09-12 FINAL/Iteration 84 - FINAL LEV 2024-06-12 - FULL INK3 INK4 N3B/2025-02-11_13.19.41_10_KontrolleraOchGenerera_v2.08.xsl.xml--><!--XSLT-fil: file:///O:/xmlstr/TaxSam/Inkomstdeklaration 2/2024-09-12 FINAL/Iteration 84 - FINAL LEV 2024-06-12 - FULL INK3 INK4 N3B/30_UtokaAnpassadeBasskiktet_v2.14.xsl--><!--XSLT-fil: file:///O:/xmlstr/TaxSam/Inkomstdeklaration 2/2024-09-12 FINAL/Iteration 84 - FINAL LEV 2024-06-12 - FULL INK3 INK4 N3B/XSLTallmanKod_v1.05.xsl--><link:linkbase xmlns:xsi="http://www.w3.org/2001/XMLSchema-instance" xmlns:link="http://www.xbrl.org/2003/linkbase" xmlns:xlink="http://www.w3.org/1999/xlink" xsi:schemaLocation="http://www.xbrl.org/2003/linkbase http://www.xbrl.org/2003/xbrl-linkbase-2003-12-31.xsd">
	<link:labelLink xlink:type="extended" xlink:role="http://www.xbrl.org/2003/role/link">
		<link:loc xlink:type="locator" xlink:href="se-ink3-ext-2024-09-12.xsd#se-ink3-ext_ForeningensEllerTrossamfundetsAndamalEnligtStadgarnaTuple" xlink:label="beskrivning_locator_ForeningensEllerTrossamfundetsAndamalEnligtStadgarnaTuple" xlink:title="beskrivning_locator_ForeningensEllerTrossamfundetsAndamalEnligtStadgarnaTuple"/>
		<link:label xlink:type="resource" xlink:label="beskrivning_resource_ForeningensEllerTrossamfundetsAndamalEnligtStadgarnaTuple_1716_documentation" xlink:role="http://www.xbrl.org/2003/role/documentation" xlink:title="beskrivning_resource_ForeningensEllerTrossamfundetsAndamalEnligtStadgarnaTuple_1716_documentation" xml:lang="sv">Specifikation av föreningens eller trossamfundets ändamål enligt stadgarna</link:label>
		<link:labelArc xlink:type="arc" xlink:arcrole="http://www.xbrl.org/2003/arcrole/concept-label" xlink:from="beskrivning_locator_ForeningensEllerTrossamfundetsAndamalEnligtStadgarnaTuple" xlink:to="beskrivning_resource_ForeningensEllerTrossamfundetsAndamalEnligtStadgarnaTuple_1716_documentation" xlink:title="reference: beskrivning_locator_ForeningensEllerTrossamfundetsAndamalEnligtStadgarnaTuple to beskrivning_resource_ForeningensEllerTrossamfundetsAndamalEnligtStadgarnaTuple_1716_documentation"/>
		<link:loc xlink:type="locator" xlink:href="se-ink3-ext-2024-09-12.xsd#se-ink3-ext_StiftelsensAndamalEnligtStadgarnaTuple" xlink:label="beskrivning_locator_StiftelsensAndamalEnligtStadgarnaTuple" xlink:title="beskrivning_locator_StiftelsensAndamalEnligtStadgarnaTuple"/>
		<link:label xlink:type="resource" xlink:label="beskrivning_resource_StiftelsensAndamalEnligtStadgarnaTuple_1825_documentation" xlink:role="http://www.xbrl.org/2003/role/documentation" xlink:title="beskrivning_resource_StiftelsensAndamalEnligtStadgarnaTuple_1825_documentation" xml:lang="sv">Specifikation av stiftelsens ändamål enligt stadgarna</link:label>
		<link:labelArc xlink:type="arc" xlink:arcrole="http://www.xbrl.org/2003/arcrole/concept-label" xlink:from="beskrivning_locator_StiftelsensAndamalEnligtStadgarnaTuple" xlink:to="beskrivning_resource_StiftelsensAndamalEnligtStadgarnaTuple_1825_documentation" xlink:title="reference: beskrivning_locator_StiftelsensAndamalEnligtStadgarnaTuple to beskrivning_resource_StiftelsensAndamalEnligtStadgarnaTuple_1825_documentation"/>
	</link:labelLink>
</link:linkbase>