<?xml version="1.0" encoding="UTF-8"?>
<!-- Generated by Fujitsu Interstage XWand B0255 -->
<link:linkbase xmlns:xsi="http://www.w3.org/2001/XMLSchema-instance" xsi:schemaLocation="http://www.xbrl.org/2004/ref http://www.xbrl.org/2004/ref-2004-08-10.xsd http://www.xbrl.org/2003/linkbase http://www.xbrl.org/2003/xbrl-linkbase-2003-12-31.xsd" xmlns:link="http://www.xbrl.org/2003/linkbase" xmlns:ref="http://www.xbrl.org/2004/ref" xmlns:xbrli="http://www.xbrl.org/2003/instance" xmlns:xlink="http://www.w3.org/1999/xlink">
  <link:roleRef roleURI="http://www.taxonomier.se/se/fr/role/reference/miscellaneous/bas/konto/2024/tillgangar" xlink:type="simple" xlink:href="../../../../../shared/role/se-misc-role/2021-10-31/se-misc-role-2021-10-31.xsd#BASKONTO_2024_TILLG"/>
  <link:roleRef roleURI="http://www.taxonomier.se/se/fr/role/reference/miscellaneous/bfn/bfnar" xlink:type="simple" xlink:href="../../../../../shared/role/se-misc-role/2021-10-31/se-misc-role-2021-10-31.xsd#BFNAR"/>
  <link:referenceLink xlink:type="extended" xlink:role="http://www.taxonomier.se/se/fr/role/reference/miscellaneous/bfn/bfnar" id="BFNAR"/>
  <link:referenceLink xlink:type="extended" xlink:role="http://www.taxonomier.se/se/fr/role/reference/miscellaneous/bas/konto/2024/tillgangar">
    <link:loc xlink:type="locator" xlink:href="../../../../../base/se-gen-base/2021-10-31/se-gen-base-2021-10-31.xsd#se-gen-base_OvrigaFordringarKortfristiga" xlink:label="OvrigaFordringarKortfristiga" xlink:title="OvrigaFordringarKortfristiga"/>
    <link:reference xlink:type="resource" xlink:label="reference_OvrigaFordringarKortfristiga" xlink:role="http://www.xbrl.org/2003/role/reference" xlink:title="reference_OvrigaFordringarKortfristiga" id="reference_OvrigaFordringarKortfristiga">
      <ref:Publisher>BAS</ref:Publisher>
      <ref:Name>BAS-konto</ref:Name>
      <ref:Number>164x</ref:Number>
    </link:reference>
    <link:referenceArc xlink:type="arc" xlink:arcrole="http://www.xbrl.org/2003/arcrole/concept-reference" xlink:from="OvrigaFordringarKortfristiga" xlink:to="reference_OvrigaFordringarKortfristiga" xlink:title="reference: OvrigaFordringarKortfristiga to reference_OvrigaFordringarKortfristiga"/>
  </link:referenceLink>
</link:linkbase>
