<?xml version="1.0" encoding="UTF-8"?>
<!-- Generated by Fujitsu Interstage XWand B0255 -->
<link:linkbase xmlns:xsi="http://www.w3.org/2001/XMLSchema-instance" xsi:schemaLocation="http://www.xbrl.org/2003/linkbase http://www.xbrl.org/2003/xbrl-linkbase-2003-12-31.xsd" xmlns:se-k2-ab-ext="http://www.taxonomier.se/se/fr/gaap/k2-ab-ext/2024-09-12" xmlns:link="http://www.xbrl.org/2003/linkbase" xmlns:xlink="http://www.w3.org/1999/xlink" xmlns:xbrli="http://www.xbrl.org/2003/instance">
  <link:roleRef roleURI="http://www.taxonomier.se/se/fr/role/list/handling/finansiellrapport" xlink:type="simple" xlink:href="../../../../../base/se-gen-base/2021-10-31/se-gen-base-2021-10-31.xsd#LIST_FR"/>
  <link:roleRef roleURI="http://www.taxonomier.se/se/fr/role/list/handling/pateckningsmening/revisionsberattelse" xlink:type="simple" xlink:href="../../../../../base/se-gen-base/2021-10-31/se-gen-base-2021-10-31.xsd#LIST_RPRRBR"/>
  <link:roleRef roleURI="http://www.taxonomier.se/se/fr/role/list/foretag/utdelningar" xlink:type="simple" xlink:href="../../../../../base/se-gen-base/2021-10-31/se-gen-base-2021-10-31.xsd#LIST_FFU"/>
  <link:roleRef roleURI="http://www.taxonomier.se/se/fr/role/list/handling/finansiellrapportfilialer" xlink:type="simple" xlink:href="../../../../../base/se-gen-base/2021-10-31/se-gen-base-2021-10-31.xsd#LIST_FRF"/>
  <link:roleRef roleURI="http://www.taxonomier.se/se/fr/role/list/handling/finansiellrapporthandelsbolag" xlink:type="simple" xlink:href="../../../../../base/se-gen-base/2021-10-31/se-gen-base-2021-10-31.xsd#LIST_FRH"/>
  <link:arcroleRef arcroleURI="http://xbrl.org/int/dim/arcrole/domain-member" xlink:type="simple" xlink:href="http://www.xbrl.org/2005/xbrldt-2005.xsd#domain-member"/>
  <link:definitionLink xlink:type="extended" xlink:role="http://www.taxonomier.se/se/fr/role/list/handling/finansiellrapport">
    <link:loc xlink:type="locator" xlink:href="../../../../../base/se-gen-base/2021-10-31/se-gen-base-2021-10-31.xsd#se-gen-base_FinansiellRapportDomain" xlink:label="FinansiellRapportDomain" xlink:title="FinansiellRapportDomain"/>
    <link:loc xlink:type="locator" xlink:href="../../../../../base/se-mem-base/2021-10-31/se-mem-base-2021-10-31.xsd#se-mem-base_FinansiellRapportStyrelsenAvgerArsredovisningMember" xlink:label="FinansiellRapportStyrelsenAvgerArsredovisningMember" xlink:title="FinansiellRapportStyrelsenAvgerArsredovisningMember"/>
    <link:definitionArc xlink:type="arc" xlink:arcrole="http://xbrl.org/int/dim/arcrole/domain-member" xlink:from="FinansiellRapportDomain" xlink:to="FinansiellRapportStyrelsenAvgerArsredovisningMember" xlink:title="definition: FinansiellRapportDomain to FinansiellRapportStyrelsenAvgerArsredovisningMember" order="1.0"/>
    <link:loc xlink:type="locator" xlink:href="../../../../../base/se-mem-base/2021-10-31/se-mem-base-2021-10-31.xsd#se-mem-base_FinansiellRapportStyrelsenVerkstallandeDirektorenAvgerArsredovisningMember" xlink:label="FinansiellRapportStyrelsenVerkstallandeDirektorenAvgerArsredovisningMember" xlink:title="FinansiellRapportStyrelsenVerkstallandeDirektorenAvgerArsredovisningMember"/>
    <link:definitionArc xlink:type="arc" xlink:arcrole="http://xbrl.org/int/dim/arcrole/domain-member" xlink:from="FinansiellRapportDomain" xlink:to="FinansiellRapportStyrelsenVerkstallandeDirektorenAvgerArsredovisningMember" xlink:title="definition: FinansiellRapportDomain to FinansiellRapportStyrelsenVerkstallandeDirektorenAvgerArsredovisningMember" order="2.0"/>
    <link:loc xlink:type="locator" xlink:href="../../../../../base/se-mem-base/2021-10-31/se-mem-base-2021-10-31.xsd#se-mem-base_FinansiellRapportLikvidatornAvgerArsredovisningMember" xlink:label="FinansiellRapportLikvidatornAvgerArsredovisningMember" xlink:title="FinansiellRapportLikvidatornAvgerArsredovisningMember"/>
    <link:definitionArc xlink:type="arc" xlink:arcrole="http://xbrl.org/int/dim/arcrole/domain-member" xlink:from="FinansiellRapportDomain" xlink:to="FinansiellRapportLikvidatornAvgerArsredovisningMember" xlink:title="definition: FinansiellRapportDomain to FinansiellRapportLikvidatornAvgerArsredovisningMember" order="3.0"/>
  </link:definitionLink>
  <link:definitionLink xlink:type="extended" xlink:role="http://www.taxonomier.se/se/fr/role/list/handling/pateckningsmening/revisionsberattelse">
    <link:loc xlink:type="locator" xlink:href="../../../../../base/se-gen-base/2021-10-31/se-gen-base-2021-10-31.xsd#se-gen-base_RevisorspateckningRevisionsberattelseAvstyrktResultatrakningenBalansrakningenDomain" xlink:label="RevisorspateckningRevisionsberattelseAvstyrktResultatrakningenBalansrakningenDomain" xlink:title="RevisorspateckningRevisionsberattelseAvstyrktResultatrakningenBalansrakningenDomain"/>
    <link:loc xlink:type="locator" xlink:href="../../../../../base/se-mem-base/2021-10-31/se-mem-base-2021-10-31.xsd#se-mem-base_RevisorspateckningMeningAvstyrktAttResultatrakningBalansrakningFaststallsMember" xlink:label="RevisorspateckningMeningAvstyrktAttResultatrakningBalansrakningFaststallsMember" xlink:title="RevisorspateckningMeningAvstyrktAttResultatrakningBalansrakningFaststallsMember"/>
    <link:definitionArc xlink:type="arc" xlink:arcrole="http://xbrl.org/int/dim/arcrole/domain-member" xlink:from="RevisorspateckningRevisionsberattelseAvstyrktResultatrakningenBalansrakningenDomain" xlink:to="RevisorspateckningMeningAvstyrktAttResultatrakningBalansrakningFaststallsMember" xlink:title="definition: RevisorspateckningRevisionsberattelseAvstyrktResultatrakningenBalansrakningenDomain to RevisorspateckningMeningAvstyrktAttResultatrakningBalansrakningFaststallsMember" order="1.0"/>
    <link:loc xlink:type="locator" xlink:href="../../../../../base/se-mem-base/2021-10-31/se-mem-base-2021-10-31.xsd#se-mem-base_RevisorspateckningMeningAvstyrktAttResultatrakningFaststallsMember" xlink:label="RevisorspateckningMeningAvstyrktAttResultatrakningFaststallsMember" xlink:title="RevisorspateckningMeningAvstyrktAttResultatrakningFaststallsMember"/>
    <link:definitionArc xlink:type="arc" xlink:arcrole="http://xbrl.org/int/dim/arcrole/domain-member" xlink:from="RevisorspateckningRevisionsberattelseAvstyrktResultatrakningenBalansrakningenDomain" xlink:to="RevisorspateckningMeningAvstyrktAttResultatrakningFaststallsMember" xlink:title="definition: RevisorspateckningRevisionsberattelseAvstyrktResultatrakningenBalansrakningenDomain to RevisorspateckningMeningAvstyrktAttResultatrakningFaststallsMember" order="2.0"/>
    <link:loc xlink:type="locator" xlink:href="../../../../../base/se-mem-base/2021-10-31/se-mem-base-2021-10-31.xsd#se-mem-base_RevisorspateckningMeningAvstyrktAttBalansrakningFaststallsMember" xlink:label="RevisorspateckningMeningAvstyrktAttBalansrakningFaststallsMember" xlink:title="RevisorspateckningMeningAvstyrktAttBalansrakningFaststallsMember"/>
    <link:definitionArc xlink:type="arc" xlink:arcrole="http://xbrl.org/int/dim/arcrole/domain-member" xlink:from="RevisorspateckningRevisionsberattelseAvstyrktResultatrakningenBalansrakningenDomain" xlink:to="RevisorspateckningMeningAvstyrktAttBalansrakningFaststallsMember" xlink:title="definition: RevisorspateckningRevisionsberattelseAvstyrktResultatrakningenBalansrakningenDomain to RevisorspateckningMeningAvstyrktAttBalansrakningFaststallsMember" order="3.0"/>
    <link:loc xlink:type="locator" xlink:href="../../../../../base/se-mem-base/2021-10-31/se-mem-base-2021-10-31.xsd#se-mem-base_RevisorspateckningMeningAvstyrktAttResultatrakningVarkenTillEllerAvstyrktBalansrakningFaststallsMember" xlink:label="RevisorspateckningMeningAvstyrktAttResultatrakningVarkenTillEllerAvstyrktBalansrakningFaststallsMember" xlink:title="RevisorspateckningMeningAvstyrktAttResultatrakningVarkenTillEllerAvstyrktBalansrakningFaststallsMember"/>
    <link:definitionArc xlink:type="arc" xlink:arcrole="http://xbrl.org/int/dim/arcrole/domain-member" xlink:from="RevisorspateckningRevisionsberattelseAvstyrktResultatrakningenBalansrakningenDomain" xlink:to="RevisorspateckningMeningAvstyrktAttResultatrakningVarkenTillEllerAvstyrktBalansrakningFaststallsMember" xlink:title="definition: RevisorspateckningRevisionsberattelseAvstyrktResultatrakningenBalansrakningenDomain to RevisorspateckningMeningAvstyrktAttResultatrakningVarkenTillEllerAvstyrktBalansrakningFaststallsMember" order="4.0"/>
    <link:loc xlink:type="locator" xlink:href="../../../../../base/se-mem-base/2021-10-31/se-mem-base-2021-10-31.xsd#se-mem-base_RevisorspateckningMeningAvstyrktAttBalanstrakningVarkenTillEllerAvstyrktResultatrakningFaststallsMember" xlink:label="RevisorspateckningMeningAvstyrktAttBalanstrakningVarkenTillEllerAvstyrktResultatrakningFaststallsMember" xlink:title="RevisorspateckningMeningAvstyrktAttBalanstrakningVarkenTillEllerAvstyrktResultatrakningFaststallsMember"/>
    <link:definitionArc xlink:type="arc" xlink:arcrole="http://xbrl.org/int/dim/arcrole/domain-member" xlink:from="RevisorspateckningRevisionsberattelseAvstyrktResultatrakningenBalansrakningenDomain" xlink:to="RevisorspateckningMeningAvstyrktAttBalanstrakningVarkenTillEllerAvstyrktResultatrakningFaststallsMember" xlink:title="definition: RevisorspateckningRevisionsberattelseAvstyrktResultatrakningenBalansrakningenDomain to RevisorspateckningMeningAvstyrktAttBalanstrakningVarkenTillEllerAvstyrktResultatrakningFaststallsMember" order="5.0"/>
    <link:loc xlink:type="locator" xlink:href="../../../../../base/se-mem-base/2021-10-31/se-mem-base-2021-10-31.xsd#se-mem-base_RevisorspateckningMeningVarkenTillEllerAvstyrktAttResultatrakningBalansrakningFaststallsMember" xlink:label="RevisorspateckningMeningVarkenTillEllerAvstyrktAttResultatrakningBalansrakningFaststallsMember" xlink:title="RevisorspateckningMeningVarkenTillEllerAvstyrktAttResultatrakningBalansrakningFaststallsMember"/>
    <link:definitionArc xlink:type="arc" xlink:arcrole="http://xbrl.org/int/dim/arcrole/domain-member" xlink:from="RevisorspateckningRevisionsberattelseAvstyrktResultatrakningenBalansrakningenDomain" xlink:to="RevisorspateckningMeningVarkenTillEllerAvstyrktAttResultatrakningBalansrakningFaststallsMember" xlink:title="definition: RevisorspateckningRevisionsberattelseAvstyrktResultatrakningenBalansrakningenDomain to RevisorspateckningMeningVarkenTillEllerAvstyrktAttResultatrakningBalansrakningFaststallsMember" order="6.0"/>
    <link:loc xlink:type="locator" xlink:href="../../../../../base/se-mem-base/2021-10-31/se-mem-base-2021-10-31.xsd#se-mem-base_RevisorspateckningMeningVarkenTillEllerAvstyrktAttResultatrakningFaststallsMember" xlink:label="RevisorspateckningMeningVarkenTillEllerAvstyrktAttResultatrakningFaststallsMember" xlink:title="RevisorspateckningMeningVarkenTillEllerAvstyrktAttResultatrakningFaststallsMember"/>
    <link:definitionArc xlink:type="arc" xlink:arcrole="http://xbrl.org/int/dim/arcrole/domain-member" xlink:from="RevisorspateckningRevisionsberattelseAvstyrktResultatrakningenBalansrakningenDomain" xlink:to="RevisorspateckningMeningVarkenTillEllerAvstyrktAttResultatrakningFaststallsMember" xlink:title="definition: RevisorspateckningRevisionsberattelseAvstyrktResultatrakningenBalansrakningenDomain to RevisorspateckningMeningVarkenTillEllerAvstyrktAttResultatrakningFaststallsMember" order="7.0"/>
    <link:loc xlink:type="locator" xlink:href="../../../../../base/se-mem-base/2021-10-31/se-mem-base-2021-10-31.xsd#se-mem-base_RevisorspateckningMeningVarkenTillEllerAvstyrktAttBalansrakningFaststallsMember" xlink:label="RevisorspateckningMeningVarkenTillEllerAvstyrktAttBalansrakningFaststallsMember" xlink:title="RevisorspateckningMeningVarkenTillEllerAvstyrktAttBalansrakningFaststallsMember"/>
    <link:definitionArc xlink:type="arc" xlink:arcrole="http://xbrl.org/int/dim/arcrole/domain-member" xlink:from="RevisorspateckningRevisionsberattelseAvstyrktResultatrakningenBalansrakningenDomain" xlink:to="RevisorspateckningMeningVarkenTillEllerAvstyrktAttBalansrakningFaststallsMember" xlink:title="definition: RevisorspateckningRevisionsberattelseAvstyrktResultatrakningenBalansrakningenDomain to RevisorspateckningMeningVarkenTillEllerAvstyrktAttBalansrakningFaststallsMember" order="8.0"/>
  </link:definitionLink>
  <link:definitionLink xlink:type="extended" xlink:role="http://www.taxonomier.se/se/fr/role/list/foretag/utdelningar">
    <link:loc xlink:type="locator" xlink:href="../../../../../base/se-gen-base/2021-10-31/se-gen-base-2021-10-31.xsd#se-gen-base_TypForetagUtdelningslistaDomain" xlink:label="TypForetagUtdelningslistaDomain" xlink:title="TypForetagUtdelningslistaDomain"/>
    <link:loc xlink:type="locator" xlink:href="../../../../../base/se-mem-base/2021-10-31/se-mem-base-2021-10-31.xsd#se-mem-base_KoncernforetagMember" xlink:label="KoncernforetagMember_2" xlink:title="KoncernforetagMember"/>
    <link:definitionArc xlink:type="arc" xlink:arcrole="http://xbrl.org/int/dim/arcrole/domain-member" xlink:from="TypForetagUtdelningslistaDomain" xlink:to="KoncernforetagMember_2" xlink:title="definition: TypForetagUtdelningslistaDomain to KoncernforetagMember" order="1.0"/>
    <link:loc xlink:type="locator" xlink:href="../../../../../base/se-mem-base/2021-10-31/se-mem-base-2021-10-31.xsd#se-mem-base_IntresseforetagGemensamtStyrdaForetagMember" xlink:label="IntresseforetagGemensamtStyrdaForetagMember_2" xlink:title="IntresseforetagGemensamtStyrdaForetagMember"/>
    <link:definitionArc xlink:type="arc" xlink:arcrole="http://xbrl.org/int/dim/arcrole/domain-member" xlink:from="TypForetagUtdelningslistaDomain" xlink:to="IntresseforetagGemensamtStyrdaForetagMember_2" xlink:title="definition: TypForetagUtdelningslistaDomain to IntresseforetagGemensamtStyrdaForetagMember" order="2.0"/>
    <link:loc xlink:type="locator" xlink:href="../../../../../base/se-mem-base/2021-10-31/se-mem-base-2021-10-31.xsd#se-mem-base_OvrigaForetagAgarintresseMember" xlink:label="OvrigaForetagAgarintresseMember_2" xlink:title="OvrigaForetagAgarintresseMember"/>
    <link:definitionArc xlink:type="arc" xlink:arcrole="http://xbrl.org/int/dim/arcrole/domain-member" xlink:from="TypForetagUtdelningslistaDomain" xlink:to="OvrigaForetagAgarintresseMember_2" xlink:title="definition: TypForetagUtdelningslistaDomain to OvrigaForetagAgarintresseMember" order="3.0"/>
  </link:definitionLink>
  <link:definitionLink xlink:type="extended" xlink:role="http://www.taxonomier.se/se/fr/role/list/handling/finansiellrapportfilialer"/>
  <link:definitionLink xlink:type="extended" xlink:role="http://www.taxonomier.se/se/fr/role/list/handling/finansiellrapporthandelsbolag"/>
</link:linkbase>
