<?xml version="1.0" encoding="UTF-8"?><!--Infil   : file:///O:/xmlstr/TaxSam/Inkomstdeklaration 2/INK2 FINAL/Iteration 14 - produktion/2022-05-17_18.39.40_10_KontrolleraOchGenerera_v1.00.xsl.xml--><!--XSLT-fil: file:///O:/xmlstr/TaxSam/Inkomstdeklaration 2/INK2 FINAL/Iteration 14 - produktion/20_UtokaBasskiktet_v1.00.xsl--><!--XSLT-fil: file:///O:/xmlstr/TaxSam/Inkomstdeklaration 2/INK2 FINAL/Iteration 14 - produktion/XSLTallmanKod_v1.00.xsl--><link:linkbase xmlns:xsi="http://www.w3.org/2001/XMLSchema-instance" xmlns:ref="http://www.xbrl.org/2004/ref" xmlns:link="http://www.xbrl.org/2003/linkbase" xmlns:xlink="http://www.w3.org/1999/xlink" xsi:schemaLocation="http://www.xbrl.org/2003/linkbase http://www.xbrl.org/2003/xbrl-linkbase-2003-12-31.xsd http://www.xbrl.org/2004/ref http://www.xbrl.org/2004/ref-2004-08-10.xsd">
	<link:roleRef roleURI="http://www.taxonomier.se/se/fr/role/reference/legislation/overgangsbestammelse" xlink:type="simple" xlink:href="../../../shared/role/se-leg-role/2021-10-31/se-leg-role-2021-10-31.xsd#LEG_ROLE_OVERGANGSBESTAMMELSE"/>
	<link:referenceLink xlink:type="extended" xlink:role="http://www.taxonomier.se/se/fr/role/reference/legislation/overgangsbestammelse" id="OVERGANGSBESTAMMELSE">
		<link:loc xlink:type="locator" xlink:href="se-tax-base-2022-05-24.xsd#se-tax-base_UnderlagForFastighetsavgiftAbstract" xlink:label="referens_locator_UnderlagForFastighetsavgiftAbstract_Overgangsbestammelse_125" xlink:title="referens_locator_UnderlagForFastighetsavgiftAbstract_Overgangsbestammelse_125"/>
		<link:reference xlink:type="resource" xlink:label="referens_resource_UnderlagForFastighetsavgiftAbstract_Overgangsbestammelse_125_reference" xlink:role="http://www.xbrl.org/2003/role/reference" xlink:title="referens_resource_UnderlagForFastighetsavgiftAbstract_Overgangsbestammelse_125_reference">
			<ref:Name>Övergångsbestämmelse</ref:Name>
			<ref:Number>2012:743</ref:Number>
			<ref:Subparagraph>3</ref:Subparagraph>
		</link:reference>
		<link:referenceArc xlink:type="arc" xlink:arcrole="http://www.xbrl.org/2003/arcrole/concept-reference" xlink:from="referens_locator_UnderlagForFastighetsavgiftAbstract_Overgangsbestammelse_125" xlink:to="referens_resource_UnderlagForFastighetsavgiftAbstract_Overgangsbestammelse_125_reference" xlink:title="reference: referens_locator_UnderlagForFastighetsavgiftAbstract_Overgangsbestammelse_125 to referens_resource_UnderlagForFastighetsavgiftAbstract_Overgangsbestammelse_125_reference"/>
		<link:loc xlink:type="locator" xlink:href="se-tax-base-2022-05-24.xsd#se-tax-base_UnderlagForFastighetsavgiftForSmahusAgarlagenhetHalvAvgift" xlink:label="referens_locator_UnderlagForFastighetsavgiftForSmahusAgarlagenhetHalvAvgift_Overgangsbestammelse_133" xlink:title="referens_locator_UnderlagForFastighetsavgiftForSmahusAgarlagenhetHalvAvgift_Overgangsbestammelse_133"/>
		<link:reference xlink:type="resource" xlink:label="referens_resource_UnderlagForFastighetsavgiftForSmahusAgarlagenhetHalvAvgift_Overgangsbestammelse_133_reference" xlink:role="http://www.xbrl.org/2003/role/reference" xlink:title="referens_resource_UnderlagForFastighetsavgiftForSmahusAgarlagenhetHalvAvgift_Overgangsbestammelse_133_reference">
			<ref:Name>Övergångsbestämmelse</ref:Name>
			<ref:Number>2012:743</ref:Number>
			<ref:Subparagraph>3</ref:Subparagraph>
		</link:reference>
		<link:referenceArc xlink:type="arc" xlink:arcrole="http://www.xbrl.org/2003/arcrole/concept-reference" xlink:from="referens_locator_UnderlagForFastighetsavgiftForSmahusAgarlagenhetHalvAvgift_Overgangsbestammelse_133" xlink:to="referens_resource_UnderlagForFastighetsavgiftForSmahusAgarlagenhetHalvAvgift_Overgangsbestammelse_133_reference" xlink:title="reference: referens_locator_UnderlagForFastighetsavgiftForSmahusAgarlagenhetHalvAvgift_Overgangsbestammelse_133 to referens_resource_UnderlagForFastighetsavgiftForSmahusAgarlagenhetHalvAvgift_Overgangsbestammelse_133_reference"/>
		<link:loc xlink:type="locator" xlink:href="se-tax-base-2022-05-24.xsd#se-tax-base_UnderlagForFastighetsavgiftForHyreshusBostaderHalvAvgift" xlink:label="referens_locator_UnderlagForFastighetsavgiftForHyreshusBostaderHalvAvgift_Overgangsbestammelse_142" xlink:title="referens_locator_UnderlagForFastighetsavgiftForHyreshusBostaderHalvAvgift_Overgangsbestammelse_142"/>
		<link:reference xlink:type="resource" xlink:label="referens_resource_UnderlagForFastighetsavgiftForHyreshusBostaderHalvAvgift_Overgangsbestammelse_142_reference" xlink:role="http://www.xbrl.org/2003/role/reference" xlink:title="referens_resource_UnderlagForFastighetsavgiftForHyreshusBostaderHalvAvgift_Overgangsbestammelse_142_reference">
			<ref:Name>Övergångsbestämmelse</ref:Name>
			<ref:Number>2012:743</ref:Number>
			<ref:Subparagraph>3</ref:Subparagraph>
		</link:reference>
		<link:referenceArc xlink:type="arc" xlink:arcrole="http://www.xbrl.org/2003/arcrole/concept-reference" xlink:from="referens_locator_UnderlagForFastighetsavgiftForHyreshusBostaderHalvAvgift_Overgangsbestammelse_142" xlink:to="referens_resource_UnderlagForFastighetsavgiftForHyreshusBostaderHalvAvgift_Overgangsbestammelse_142_reference" xlink:title="reference: referens_locator_UnderlagForFastighetsavgiftForHyreshusBostaderHalvAvgift_Overgangsbestammelse_142 to referens_resource_UnderlagForFastighetsavgiftForHyreshusBostaderHalvAvgift_Overgangsbestammelse_142_reference"/>
		<link:loc xlink:type="locator" xlink:href="se-tax-base-2022-05-24.xsd#se-tax-base_OkningAvSkattemassigtResultatMedAnledningAvUppraknatBeloppVidAterforingAvPeriodiseringsfond" xlink:label="referens_locator_OkningAvSkattemassigtResultatMedAnledningAvUppraknatBeloppVidAterforingAvPeriodiseringsfond_Overgangsbestammelse_735" xlink:title="referens_locator_OkningAvSkattemassigtResultatMedAnledningAvUppraknatBeloppVidAterforingAvPeriodiseringsfond_Overgangsbestammelse_735"/>
		<link:reference xlink:type="resource" xlink:label="referens_resource_OkningAvSkattemassigtResultatMedAnledningAvUppraknatBeloppVidAterforingAvPeriodiseringsfond_Overgangsbestammelse_735_reference" xlink:role="http://www.xbrl.org/2003/role/reference" xlink:title="referens_resource_OkningAvSkattemassigtResultatMedAnledningAvUppraknatBeloppVidAterforingAvPeriodiseringsfond_Overgangsbestammelse_735_reference">
			<ref:Name>Övergångsbestämmelse</ref:Name>
			<ref:Number>2018:1206</ref:Number>
			<ref:Subparagraph>5</ref:Subparagraph>
		</link:reference>
		<link:referenceArc xlink:type="arc" xlink:arcrole="http://www.xbrl.org/2003/arcrole/concept-reference" xlink:from="referens_locator_OkningAvSkattemassigtResultatMedAnledningAvUppraknatBeloppVidAterforingAvPeriodiseringsfond_Overgangsbestammelse_735" xlink:to="referens_resource_OkningAvSkattemassigtResultatMedAnledningAvUppraknatBeloppVidAterforingAvPeriodiseringsfond_Overgangsbestammelse_735_reference" xlink:title="reference: referens_locator_OkningAvSkattemassigtResultatMedAnledningAvUppraknatBeloppVidAterforingAvPeriodiseringsfond_Overgangsbestammelse_735 to referens_resource_OkningAvSkattemassigtResultatMedAnledningAvUppraknatBeloppVidAterforingAvPeriodiseringsfond_Overgangsbestammelse_735_reference"/>
	</link:referenceLink>
</link:linkbase>