<?xml version="1.0" encoding="UTF-8"?><!--Infil   : file:///O:/xmlstr/TaxSam/Inkomstdeklaration 2/INK2 FINAL/Iteration 14 - produktion/2022-05-17_18.39.40_10_KontrolleraOchGenerera_v1.00.xsl.xml--><!--XSLT-fil: file:///O:/xmlstr/TaxSam/Inkomstdeklaration 2/INK2 FINAL/Iteration 14 - produktion/20_UtokaBasskiktet_v1.00.xsl--><!--XSLT-fil: file:///O:/xmlstr/TaxSam/Inkomstdeklaration 2/INK2 FINAL/Iteration 14 - produktion/XSLTallmanKod_v1.00.xsl--><link:linkbase xmlns:xsi="http://www.w3.org/2001/XMLSchema-instance" xmlns:ref="http://www.xbrl.org/2004/ref" xmlns:link="http://www.xbrl.org/2003/linkbase" xmlns:xlink="http://www.w3.org/1999/xlink" xsi:schemaLocation="http://www.xbrl.org/2003/linkbase http://www.xbrl.org/2003/xbrl-linkbase-2003-12-31.xsd http://www.xbrl.org/2004/ref http://www.xbrl.org/2004/ref-2004-08-10.xsd">
	<link:roleRef roleURI="http://www.taxonomier.se/se/fr/role/reference/legislation/ra" xlink:type="simple" xlink:href="../../../shared/role/se-leg-role/2021-10-31/se-leg-role-2021-10-31.xsd#LEG_ROLE_RA"/>
	<link:referenceLink xlink:type="extended" xlink:role="http://www.taxonomier.se/se/fr/role/reference/legislation/ra" id="RA">
		<link:loc xlink:type="locator" xlink:href="se-tax-base-2022-05-24.xsd#se-tax-base_UnderlagForSarskildLoneskattAbstract" xlink:label="referens_locator_UnderlagForSarskildLoneskattAbstract_RA_52" xlink:title="referens_locator_UnderlagForSarskildLoneskattAbstract_RA_52"/>
		<link:reference xlink:type="resource" xlink:label="referens_resource_UnderlagForSarskildLoneskattAbstract_RA_52_reference" xlink:role="http://www.xbrl.org/2003/role/reference" xlink:title="referens_resource_UnderlagForSarskildLoneskattAbstract_RA_52_reference">
			<ref:Publisher>Högsta förvaltningsdomstolen</ref:Publisher>
			<ref:Name>RÅ</ref:Name>
			<ref:Number>2000 ref. 36</ref:Number>
		</link:reference>
		<link:referenceArc xlink:type="arc" xlink:arcrole="http://www.xbrl.org/2003/arcrole/concept-reference" xlink:from="referens_locator_UnderlagForSarskildLoneskattAbstract_RA_52" xlink:to="referens_resource_UnderlagForSarskildLoneskattAbstract_RA_52_reference" xlink:title="reference: referens_locator_UnderlagForSarskildLoneskattAbstract_RA_52 to referens_resource_UnderlagForSarskildLoneskattAbstract_RA_52_reference"/>
		<link:loc xlink:type="locator" xlink:href="se-tax-base-2022-05-24.xsd#se-tax-base_UnderlagForSarskildLoneskattAbstract" xlink:label="referens_locator_UnderlagForSarskildLoneskattAbstract_RA_53" xlink:title="referens_locator_UnderlagForSarskildLoneskattAbstract_RA_53"/>
		<link:reference xlink:type="resource" xlink:label="referens_resource_UnderlagForSarskildLoneskattAbstract_RA_53_reference" xlink:role="http://www.xbrl.org/2003/role/reference" xlink:title="referens_resource_UnderlagForSarskildLoneskattAbstract_RA_53_reference">
			<ref:Publisher>Högsta förvaltningsdomstolen</ref:Publisher>
			<ref:Name>RÅ</ref:Name>
			<ref:Number>2004 ref. 3</ref:Number>
		</link:reference>
		<link:referenceArc xlink:type="arc" xlink:arcrole="http://www.xbrl.org/2003/arcrole/concept-reference" xlink:from="referens_locator_UnderlagForSarskildLoneskattAbstract_RA_53" xlink:to="referens_resource_UnderlagForSarskildLoneskattAbstract_RA_53_reference" xlink:title="reference: referens_locator_UnderlagForSarskildLoneskattAbstract_RA_53 to referens_resource_UnderlagForSarskildLoneskattAbstract_RA_53_reference"/>
		<link:loc xlink:type="locator" xlink:href="se-tax-base-2022-05-24.xsd#se-tax-base_UnderlagForSarskildLoneskattAbstract" xlink:label="referens_locator_UnderlagForSarskildLoneskattAbstract_RA_54" xlink:title="referens_locator_UnderlagForSarskildLoneskattAbstract_RA_54"/>
		<link:reference xlink:type="resource" xlink:label="referens_resource_UnderlagForSarskildLoneskattAbstract_RA_54_reference" xlink:role="http://www.xbrl.org/2003/role/reference" xlink:title="referens_resource_UnderlagForSarskildLoneskattAbstract_RA_54_reference">
			<ref:Publisher>Högsta förvaltningsdomstolen</ref:Publisher>
			<ref:Name>RÅ</ref:Name>
			<ref:Number>2004 ref. 133</ref:Number>
		</link:reference>
		<link:referenceArc xlink:type="arc" xlink:arcrole="http://www.xbrl.org/2003/arcrole/concept-reference" xlink:from="referens_locator_UnderlagForSarskildLoneskattAbstract_RA_54" xlink:to="referens_resource_UnderlagForSarskildLoneskattAbstract_RA_54_reference" xlink:title="reference: referens_locator_UnderlagForSarskildLoneskattAbstract_RA_54 to referens_resource_UnderlagForSarskildLoneskattAbstract_RA_54_reference"/>
		<link:loc xlink:type="locator" xlink:href="se-tax-base-2022-05-24.xsd#se-tax-base_UnderlagForSarskildLoneskattAbstract" xlink:label="referens_locator_UnderlagForSarskildLoneskattAbstract_RA_55" xlink:title="referens_locator_UnderlagForSarskildLoneskattAbstract_RA_55"/>
		<link:reference xlink:type="resource" xlink:label="referens_resource_UnderlagForSarskildLoneskattAbstract_RA_55_reference" xlink:role="http://www.xbrl.org/2003/role/reference" xlink:title="referens_resource_UnderlagForSarskildLoneskattAbstract_RA_55_reference">
			<ref:Publisher>Högsta förvaltningsdomstolen</ref:Publisher>
			<ref:Name>RÅ</ref:Name>
			<ref:Number>2006 ref. 83</ref:Number>
		</link:reference>
		<link:referenceArc xlink:type="arc" xlink:arcrole="http://www.xbrl.org/2003/arcrole/concept-reference" xlink:from="referens_locator_UnderlagForSarskildLoneskattAbstract_RA_55" xlink:to="referens_resource_UnderlagForSarskildLoneskattAbstract_RA_55_reference" xlink:title="reference: referens_locator_UnderlagForSarskildLoneskattAbstract_RA_55 to referens_resource_UnderlagForSarskildLoneskattAbstract_RA_55_reference"/>
		<link:loc xlink:type="locator" xlink:href="se-tax-base-2022-05-24.xsd#se-tax-base_UnderlagForSarskildLoneskattAbstract" xlink:label="referens_locator_UnderlagForSarskildLoneskattAbstract_RA_56" xlink:title="referens_locator_UnderlagForSarskildLoneskattAbstract_RA_56"/>
		<link:reference xlink:type="resource" xlink:label="referens_resource_UnderlagForSarskildLoneskattAbstract_RA_56_reference" xlink:role="http://www.xbrl.org/2003/role/reference" xlink:title="referens_resource_UnderlagForSarskildLoneskattAbstract_RA_56_reference">
			<ref:Publisher>Högsta förvaltningsdomstolen</ref:Publisher>
			<ref:Name>RÅ</ref:Name>
			<ref:Number>2007 ref. 47</ref:Number>
		</link:reference>
		<link:referenceArc xlink:type="arc" xlink:arcrole="http://www.xbrl.org/2003/arcrole/concept-reference" xlink:from="referens_locator_UnderlagForSarskildLoneskattAbstract_RA_56" xlink:to="referens_resource_UnderlagForSarskildLoneskattAbstract_RA_56_reference" xlink:title="reference: referens_locator_UnderlagForSarskildLoneskattAbstract_RA_56 to referens_resource_UnderlagForSarskildLoneskattAbstract_RA_56_reference"/>
		<link:loc xlink:type="locator" xlink:href="se-tax-base-2022-05-24.xsd#se-tax-base_UnderlagForSarskildLoneskattAbstract" xlink:label="referens_locator_UnderlagForSarskildLoneskattAbstract_RA_57" xlink:title="referens_locator_UnderlagForSarskildLoneskattAbstract_RA_57"/>
		<link:reference xlink:type="resource" xlink:label="referens_resource_UnderlagForSarskildLoneskattAbstract_RA_57_reference" xlink:role="http://www.xbrl.org/2003/role/reference" xlink:title="referens_resource_UnderlagForSarskildLoneskattAbstract_RA_57_reference">
			<ref:Publisher>Högsta förvaltningsdomstolen</ref:Publisher>
			<ref:Name>RÅ</ref:Name>
			<ref:Number>1999 not. 154</ref:Number>
		</link:reference>
		<link:referenceArc xlink:type="arc" xlink:arcrole="http://www.xbrl.org/2003/arcrole/concept-reference" xlink:from="referens_locator_UnderlagForSarskildLoneskattAbstract_RA_57" xlink:to="referens_resource_UnderlagForSarskildLoneskattAbstract_RA_57_reference" xlink:title="reference: referens_locator_UnderlagForSarskildLoneskattAbstract_RA_57 to referens_resource_UnderlagForSarskildLoneskattAbstract_RA_57_reference"/>
		<link:loc xlink:type="locator" xlink:href="se-tax-base-2022-05-24.xsd#se-tax-base_UnderlagForSarskildLoneskattAbstract" xlink:label="referens_locator_UnderlagForSarskildLoneskattAbstract_RA_58" xlink:title="referens_locator_UnderlagForSarskildLoneskattAbstract_RA_58"/>
		<link:reference xlink:type="resource" xlink:label="referens_resource_UnderlagForSarskildLoneskattAbstract_RA_58_reference" xlink:role="http://www.xbrl.org/2003/role/reference" xlink:title="referens_resource_UnderlagForSarskildLoneskattAbstract_RA_58_reference">
			<ref:Publisher>Högsta förvaltningsdomstolen</ref:Publisher>
			<ref:Name>RÅ</ref:Name>
			<ref:Number>2000 not. 54</ref:Number>
		</link:reference>
		<link:referenceArc xlink:type="arc" xlink:arcrole="http://www.xbrl.org/2003/arcrole/concept-reference" xlink:from="referens_locator_UnderlagForSarskildLoneskattAbstract_RA_58" xlink:to="referens_resource_UnderlagForSarskildLoneskattAbstract_RA_58_reference" xlink:title="reference: referens_locator_UnderlagForSarskildLoneskattAbstract_RA_58 to referens_resource_UnderlagForSarskildLoneskattAbstract_RA_58_reference"/>
		<link:loc xlink:type="locator" xlink:href="se-tax-base-2022-05-24.xsd#se-tax-base_UnderlagForSarskildLoneskattAbstract" xlink:label="referens_locator_UnderlagForSarskildLoneskattAbstract_RA_59" xlink:title="referens_locator_UnderlagForSarskildLoneskattAbstract_RA_59"/>
		<link:reference xlink:type="resource" xlink:label="referens_resource_UnderlagForSarskildLoneskattAbstract_RA_59_reference" xlink:role="http://www.xbrl.org/2003/role/reference" xlink:title="referens_resource_UnderlagForSarskildLoneskattAbstract_RA_59_reference">
			<ref:Publisher>Högsta förvaltningsdomstolen</ref:Publisher>
			<ref:Name>RÅ</ref:Name>
			<ref:Number>2001 not. 166</ref:Number>
		</link:reference>
		<link:referenceArc xlink:type="arc" xlink:arcrole="http://www.xbrl.org/2003/arcrole/concept-reference" xlink:from="referens_locator_UnderlagForSarskildLoneskattAbstract_RA_59" xlink:to="referens_resource_UnderlagForSarskildLoneskattAbstract_RA_59_reference" xlink:title="reference: referens_locator_UnderlagForSarskildLoneskattAbstract_RA_59 to referens_resource_UnderlagForSarskildLoneskattAbstract_RA_59_reference"/>
		<link:loc xlink:type="locator" xlink:href="se-tax-base-2022-05-24.xsd#se-tax-base_UnderlagForSarskildLoneskattAbstract" xlink:label="referens_locator_UnderlagForSarskildLoneskattAbstract_RA_60" xlink:title="referens_locator_UnderlagForSarskildLoneskattAbstract_RA_60"/>
		<link:reference xlink:type="resource" xlink:label="referens_resource_UnderlagForSarskildLoneskattAbstract_RA_60_reference" xlink:role="http://www.xbrl.org/2003/role/reference" xlink:title="referens_resource_UnderlagForSarskildLoneskattAbstract_RA_60_reference">
			<ref:Publisher>Högsta förvaltningsdomstolen</ref:Publisher>
			<ref:Name>RÅ</ref:Name>
			<ref:Number>2002 not. 212</ref:Number>
		</link:reference>
		<link:referenceArc xlink:type="arc" xlink:arcrole="http://www.xbrl.org/2003/arcrole/concept-reference" xlink:from="referens_locator_UnderlagForSarskildLoneskattAbstract_RA_60" xlink:to="referens_resource_UnderlagForSarskildLoneskattAbstract_RA_60_reference" xlink:title="reference: referens_locator_UnderlagForSarskildLoneskattAbstract_RA_60 to referens_resource_UnderlagForSarskildLoneskattAbstract_RA_60_reference"/>
		<link:loc xlink:type="locator" xlink:href="se-tax-base-2022-05-24.xsd#se-tax-base_UnderlagForSarskildLoneskattAbstract" xlink:label="referens_locator_UnderlagForSarskildLoneskattAbstract_RA_61" xlink:title="referens_locator_UnderlagForSarskildLoneskattAbstract_RA_61"/>
		<link:reference xlink:type="resource" xlink:label="referens_resource_UnderlagForSarskildLoneskattAbstract_RA_61_reference" xlink:role="http://www.xbrl.org/2003/role/reference" xlink:title="referens_resource_UnderlagForSarskildLoneskattAbstract_RA_61_reference">
			<ref:Publisher>Högsta förvaltningsdomstolen</ref:Publisher>
			<ref:Name>RÅ</ref:Name>
			<ref:Number>2004 not. 136</ref:Number>
		</link:reference>
		<link:referenceArc xlink:type="arc" xlink:arcrole="http://www.xbrl.org/2003/arcrole/concept-reference" xlink:from="referens_locator_UnderlagForSarskildLoneskattAbstract_RA_61" xlink:to="referens_resource_UnderlagForSarskildLoneskattAbstract_RA_61_reference" xlink:title="reference: referens_locator_UnderlagForSarskildLoneskattAbstract_RA_61 to referens_resource_UnderlagForSarskildLoneskattAbstract_RA_61_reference"/>
		<link:loc xlink:type="locator" xlink:href="se-tax-base-2022-05-24.xsd#se-tax-base_PositivtUnderlagForSarskildLoneskattPaPensionskostnader" xlink:label="referens_locator_PositivtUnderlagForSarskildLoneskattPaPensionskostnader_RA_66" xlink:title="referens_locator_PositivtUnderlagForSarskildLoneskattPaPensionskostnader_RA_66"/>
		<link:reference xlink:type="resource" xlink:label="referens_resource_PositivtUnderlagForSarskildLoneskattPaPensionskostnader_RA_66_reference" xlink:role="http://www.xbrl.org/2003/role/reference" xlink:title="referens_resource_PositivtUnderlagForSarskildLoneskattPaPensionskostnader_RA_66_reference">
			<ref:Publisher>Högsta förvaltningsdomstolen</ref:Publisher>
			<ref:Name>RÅ</ref:Name>
			<ref:Number>2000 ref. 36</ref:Number>
		</link:reference>
		<link:referenceArc xlink:type="arc" xlink:arcrole="http://www.xbrl.org/2003/arcrole/concept-reference" xlink:from="referens_locator_PositivtUnderlagForSarskildLoneskattPaPensionskostnader_RA_66" xlink:to="referens_resource_PositivtUnderlagForSarskildLoneskattPaPensionskostnader_RA_66_reference" xlink:title="reference: referens_locator_PositivtUnderlagForSarskildLoneskattPaPensionskostnader_RA_66 to referens_resource_PositivtUnderlagForSarskildLoneskattPaPensionskostnader_RA_66_reference"/>
		<link:loc xlink:type="locator" xlink:href="se-tax-base-2022-05-24.xsd#se-tax-base_PositivtUnderlagForSarskildLoneskattPaPensionskostnader" xlink:label="referens_locator_PositivtUnderlagForSarskildLoneskattPaPensionskostnader_RA_67" xlink:title="referens_locator_PositivtUnderlagForSarskildLoneskattPaPensionskostnader_RA_67"/>
		<link:reference xlink:type="resource" xlink:label="referens_resource_PositivtUnderlagForSarskildLoneskattPaPensionskostnader_RA_67_reference" xlink:role="http://www.xbrl.org/2003/role/reference" xlink:title="referens_resource_PositivtUnderlagForSarskildLoneskattPaPensionskostnader_RA_67_reference">
			<ref:Publisher>Högsta förvaltningsdomstolen</ref:Publisher>
			<ref:Name>RÅ</ref:Name>
			<ref:Number>2004 ref. 3</ref:Number>
		</link:reference>
		<link:referenceArc xlink:type="arc" xlink:arcrole="http://www.xbrl.org/2003/arcrole/concept-reference" xlink:from="referens_locator_PositivtUnderlagForSarskildLoneskattPaPensionskostnader_RA_67" xlink:to="referens_resource_PositivtUnderlagForSarskildLoneskattPaPensionskostnader_RA_67_reference" xlink:title="reference: referens_locator_PositivtUnderlagForSarskildLoneskattPaPensionskostnader_RA_67 to referens_resource_PositivtUnderlagForSarskildLoneskattPaPensionskostnader_RA_67_reference"/>
		<link:loc xlink:type="locator" xlink:href="se-tax-base-2022-05-24.xsd#se-tax-base_PositivtUnderlagForSarskildLoneskattPaPensionskostnader" xlink:label="referens_locator_PositivtUnderlagForSarskildLoneskattPaPensionskostnader_RA_68" xlink:title="referens_locator_PositivtUnderlagForSarskildLoneskattPaPensionskostnader_RA_68"/>
		<link:reference xlink:type="resource" xlink:label="referens_resource_PositivtUnderlagForSarskildLoneskattPaPensionskostnader_RA_68_reference" xlink:role="http://www.xbrl.org/2003/role/reference" xlink:title="referens_resource_PositivtUnderlagForSarskildLoneskattPaPensionskostnader_RA_68_reference">
			<ref:Publisher>Högsta förvaltningsdomstolen</ref:Publisher>
			<ref:Name>RÅ</ref:Name>
			<ref:Number>2004 ref. 133</ref:Number>
		</link:reference>
		<link:referenceArc xlink:type="arc" xlink:arcrole="http://www.xbrl.org/2003/arcrole/concept-reference" xlink:from="referens_locator_PositivtUnderlagForSarskildLoneskattPaPensionskostnader_RA_68" xlink:to="referens_resource_PositivtUnderlagForSarskildLoneskattPaPensionskostnader_RA_68_reference" xlink:title="reference: referens_locator_PositivtUnderlagForSarskildLoneskattPaPensionskostnader_RA_68 to referens_resource_PositivtUnderlagForSarskildLoneskattPaPensionskostnader_RA_68_reference"/>
		<link:loc xlink:type="locator" xlink:href="se-tax-base-2022-05-24.xsd#se-tax-base_PositivtUnderlagForSarskildLoneskattPaPensionskostnader" xlink:label="referens_locator_PositivtUnderlagForSarskildLoneskattPaPensionskostnader_RA_69" xlink:title="referens_locator_PositivtUnderlagForSarskildLoneskattPaPensionskostnader_RA_69"/>
		<link:reference xlink:type="resource" xlink:label="referens_resource_PositivtUnderlagForSarskildLoneskattPaPensionskostnader_RA_69_reference" xlink:role="http://www.xbrl.org/2003/role/reference" xlink:title="referens_resource_PositivtUnderlagForSarskildLoneskattPaPensionskostnader_RA_69_reference">
			<ref:Publisher>Högsta förvaltningsdomstolen</ref:Publisher>
			<ref:Name>RÅ</ref:Name>
			<ref:Number>2006 ref. 83</ref:Number>
		</link:reference>
		<link:referenceArc xlink:type="arc" xlink:arcrole="http://www.xbrl.org/2003/arcrole/concept-reference" xlink:from="referens_locator_PositivtUnderlagForSarskildLoneskattPaPensionskostnader_RA_69" xlink:to="referens_resource_PositivtUnderlagForSarskildLoneskattPaPensionskostnader_RA_69_reference" xlink:title="reference: referens_locator_PositivtUnderlagForSarskildLoneskattPaPensionskostnader_RA_69 to referens_resource_PositivtUnderlagForSarskildLoneskattPaPensionskostnader_RA_69_reference"/>
		<link:loc xlink:type="locator" xlink:href="se-tax-base-2022-05-24.xsd#se-tax-base_PositivtUnderlagForSarskildLoneskattPaPensionskostnader" xlink:label="referens_locator_PositivtUnderlagForSarskildLoneskattPaPensionskostnader_RA_70" xlink:title="referens_locator_PositivtUnderlagForSarskildLoneskattPaPensionskostnader_RA_70"/>
		<link:reference xlink:type="resource" xlink:label="referens_resource_PositivtUnderlagForSarskildLoneskattPaPensionskostnader_RA_70_reference" xlink:role="http://www.xbrl.org/2003/role/reference" xlink:title="referens_resource_PositivtUnderlagForSarskildLoneskattPaPensionskostnader_RA_70_reference">
			<ref:Publisher>Högsta förvaltningsdomstolen</ref:Publisher>
			<ref:Name>RÅ</ref:Name>
			<ref:Number>2007 ref. 47</ref:Number>
		</link:reference>
		<link:referenceArc xlink:type="arc" xlink:arcrole="http://www.xbrl.org/2003/arcrole/concept-reference" xlink:from="referens_locator_PositivtUnderlagForSarskildLoneskattPaPensionskostnader_RA_70" xlink:to="referens_resource_PositivtUnderlagForSarskildLoneskattPaPensionskostnader_RA_70_reference" xlink:title="reference: referens_locator_PositivtUnderlagForSarskildLoneskattPaPensionskostnader_RA_70 to referens_resource_PositivtUnderlagForSarskildLoneskattPaPensionskostnader_RA_70_reference"/>
		<link:loc xlink:type="locator" xlink:href="se-tax-base-2022-05-24.xsd#se-tax-base_PositivtUnderlagForSarskildLoneskattPaPensionskostnader" xlink:label="referens_locator_PositivtUnderlagForSarskildLoneskattPaPensionskostnader_RA_71" xlink:title="referens_locator_PositivtUnderlagForSarskildLoneskattPaPensionskostnader_RA_71"/>
		<link:reference xlink:type="resource" xlink:label="referens_resource_PositivtUnderlagForSarskildLoneskattPaPensionskostnader_RA_71_reference" xlink:role="http://www.xbrl.org/2003/role/reference" xlink:title="referens_resource_PositivtUnderlagForSarskildLoneskattPaPensionskostnader_RA_71_reference">
			<ref:Publisher>Högsta förvaltningsdomstolen</ref:Publisher>
			<ref:Name>RÅ</ref:Name>
			<ref:Number>1999 not. 154</ref:Number>
		</link:reference>
		<link:referenceArc xlink:type="arc" xlink:arcrole="http://www.xbrl.org/2003/arcrole/concept-reference" xlink:from="referens_locator_PositivtUnderlagForSarskildLoneskattPaPensionskostnader_RA_71" xlink:to="referens_resource_PositivtUnderlagForSarskildLoneskattPaPensionskostnader_RA_71_reference" xlink:title="reference: referens_locator_PositivtUnderlagForSarskildLoneskattPaPensionskostnader_RA_71 to referens_resource_PositivtUnderlagForSarskildLoneskattPaPensionskostnader_RA_71_reference"/>
		<link:loc xlink:type="locator" xlink:href="se-tax-base-2022-05-24.xsd#se-tax-base_PositivtUnderlagForSarskildLoneskattPaPensionskostnader" xlink:label="referens_locator_PositivtUnderlagForSarskildLoneskattPaPensionskostnader_RA_72" xlink:title="referens_locator_PositivtUnderlagForSarskildLoneskattPaPensionskostnader_RA_72"/>
		<link:reference xlink:type="resource" xlink:label="referens_resource_PositivtUnderlagForSarskildLoneskattPaPensionskostnader_RA_72_reference" xlink:role="http://www.xbrl.org/2003/role/reference" xlink:title="referens_resource_PositivtUnderlagForSarskildLoneskattPaPensionskostnader_RA_72_reference">
			<ref:Publisher>Högsta förvaltningsdomstolen</ref:Publisher>
			<ref:Name>RÅ</ref:Name>
			<ref:Number>2000 not. 54</ref:Number>
		</link:reference>
		<link:referenceArc xlink:type="arc" xlink:arcrole="http://www.xbrl.org/2003/arcrole/concept-reference" xlink:from="referens_locator_PositivtUnderlagForSarskildLoneskattPaPensionskostnader_RA_72" xlink:to="referens_resource_PositivtUnderlagForSarskildLoneskattPaPensionskostnader_RA_72_reference" xlink:title="reference: referens_locator_PositivtUnderlagForSarskildLoneskattPaPensionskostnader_RA_72 to referens_resource_PositivtUnderlagForSarskildLoneskattPaPensionskostnader_RA_72_reference"/>
		<link:loc xlink:type="locator" xlink:href="se-tax-base-2022-05-24.xsd#se-tax-base_PositivtUnderlagForSarskildLoneskattPaPensionskostnader" xlink:label="referens_locator_PositivtUnderlagForSarskildLoneskattPaPensionskostnader_RA_73" xlink:title="referens_locator_PositivtUnderlagForSarskildLoneskattPaPensionskostnader_RA_73"/>
		<link:reference xlink:type="resource" xlink:label="referens_resource_PositivtUnderlagForSarskildLoneskattPaPensionskostnader_RA_73_reference" xlink:role="http://www.xbrl.org/2003/role/reference" xlink:title="referens_resource_PositivtUnderlagForSarskildLoneskattPaPensionskostnader_RA_73_reference">
			<ref:Publisher>Högsta förvaltningsdomstolen</ref:Publisher>
			<ref:Name>RÅ</ref:Name>
			<ref:Number>2001 not. 166</ref:Number>
		</link:reference>
		<link:referenceArc xlink:type="arc" xlink:arcrole="http://www.xbrl.org/2003/arcrole/concept-reference" xlink:from="referens_locator_PositivtUnderlagForSarskildLoneskattPaPensionskostnader_RA_73" xlink:to="referens_resource_PositivtUnderlagForSarskildLoneskattPaPensionskostnader_RA_73_reference" xlink:title="reference: referens_locator_PositivtUnderlagForSarskildLoneskattPaPensionskostnader_RA_73 to referens_resource_PositivtUnderlagForSarskildLoneskattPaPensionskostnader_RA_73_reference"/>
		<link:loc xlink:type="locator" xlink:href="se-tax-base-2022-05-24.xsd#se-tax-base_PositivtUnderlagForSarskildLoneskattPaPensionskostnader" xlink:label="referens_locator_PositivtUnderlagForSarskildLoneskattPaPensionskostnader_RA_74" xlink:title="referens_locator_PositivtUnderlagForSarskildLoneskattPaPensionskostnader_RA_74"/>
		<link:reference xlink:type="resource" xlink:label="referens_resource_PositivtUnderlagForSarskildLoneskattPaPensionskostnader_RA_74_reference" xlink:role="http://www.xbrl.org/2003/role/reference" xlink:title="referens_resource_PositivtUnderlagForSarskildLoneskattPaPensionskostnader_RA_74_reference">
			<ref:Publisher>Högsta förvaltningsdomstolen</ref:Publisher>
			<ref:Name>RÅ</ref:Name>
			<ref:Number>2002 not. 212</ref:Number>
		</link:reference>
		<link:referenceArc xlink:type="arc" xlink:arcrole="http://www.xbrl.org/2003/arcrole/concept-reference" xlink:from="referens_locator_PositivtUnderlagForSarskildLoneskattPaPensionskostnader_RA_74" xlink:to="referens_resource_PositivtUnderlagForSarskildLoneskattPaPensionskostnader_RA_74_reference" xlink:title="reference: referens_locator_PositivtUnderlagForSarskildLoneskattPaPensionskostnader_RA_74 to referens_resource_PositivtUnderlagForSarskildLoneskattPaPensionskostnader_RA_74_reference"/>
		<link:loc xlink:type="locator" xlink:href="se-tax-base-2022-05-24.xsd#se-tax-base_PositivtUnderlagForSarskildLoneskattPaPensionskostnader" xlink:label="referens_locator_PositivtUnderlagForSarskildLoneskattPaPensionskostnader_RA_75" xlink:title="referens_locator_PositivtUnderlagForSarskildLoneskattPaPensionskostnader_RA_75"/>
		<link:reference xlink:type="resource" xlink:label="referens_resource_PositivtUnderlagForSarskildLoneskattPaPensionskostnader_RA_75_reference" xlink:role="http://www.xbrl.org/2003/role/reference" xlink:title="referens_resource_PositivtUnderlagForSarskildLoneskattPaPensionskostnader_RA_75_reference">
			<ref:Publisher>Högsta förvaltningsdomstolen</ref:Publisher>
			<ref:Name>RÅ</ref:Name>
			<ref:Number>2004 not. 136</ref:Number>
		</link:reference>
		<link:referenceArc xlink:type="arc" xlink:arcrole="http://www.xbrl.org/2003/arcrole/concept-reference" xlink:from="referens_locator_PositivtUnderlagForSarskildLoneskattPaPensionskostnader_RA_75" xlink:to="referens_resource_PositivtUnderlagForSarskildLoneskattPaPensionskostnader_RA_75_reference" xlink:title="reference: referens_locator_PositivtUnderlagForSarskildLoneskattPaPensionskostnader_RA_75 to referens_resource_PositivtUnderlagForSarskildLoneskattPaPensionskostnader_RA_75_reference"/>
		<link:loc xlink:type="locator" xlink:href="se-tax-base-2022-05-24.xsd#se-tax-base_NegativtUnderlagForSarskildLoneskattPaPensionskostnader" xlink:label="referens_locator_NegativtUnderlagForSarskildLoneskattPaPensionskostnader_RA_81" xlink:title="referens_locator_NegativtUnderlagForSarskildLoneskattPaPensionskostnader_RA_81"/>
		<link:reference xlink:type="resource" xlink:label="referens_resource_NegativtUnderlagForSarskildLoneskattPaPensionskostnader_RA_81_reference" xlink:role="http://www.xbrl.org/2003/role/reference" xlink:title="referens_resource_NegativtUnderlagForSarskildLoneskattPaPensionskostnader_RA_81_reference">
			<ref:Publisher>Högsta förvaltningsdomstolen</ref:Publisher>
			<ref:Name>RÅ</ref:Name>
			<ref:Number>2000 ref. 36</ref:Number>
		</link:reference>
		<link:referenceArc xlink:type="arc" xlink:arcrole="http://www.xbrl.org/2003/arcrole/concept-reference" xlink:from="referens_locator_NegativtUnderlagForSarskildLoneskattPaPensionskostnader_RA_81" xlink:to="referens_resource_NegativtUnderlagForSarskildLoneskattPaPensionskostnader_RA_81_reference" xlink:title="reference: referens_locator_NegativtUnderlagForSarskildLoneskattPaPensionskostnader_RA_81 to referens_resource_NegativtUnderlagForSarskildLoneskattPaPensionskostnader_RA_81_reference"/>
		<link:loc xlink:type="locator" xlink:href="se-tax-base-2022-05-24.xsd#se-tax-base_NegativtUnderlagForSarskildLoneskattPaPensionskostnader" xlink:label="referens_locator_NegativtUnderlagForSarskildLoneskattPaPensionskostnader_RA_82" xlink:title="referens_locator_NegativtUnderlagForSarskildLoneskattPaPensionskostnader_RA_82"/>
		<link:reference xlink:type="resource" xlink:label="referens_resource_NegativtUnderlagForSarskildLoneskattPaPensionskostnader_RA_82_reference" xlink:role="http://www.xbrl.org/2003/role/reference" xlink:title="referens_resource_NegativtUnderlagForSarskildLoneskattPaPensionskostnader_RA_82_reference">
			<ref:Publisher>Högsta förvaltningsdomstolen</ref:Publisher>
			<ref:Name>RÅ</ref:Name>
			<ref:Number>2004 ref. 3</ref:Number>
		</link:reference>
		<link:referenceArc xlink:type="arc" xlink:arcrole="http://www.xbrl.org/2003/arcrole/concept-reference" xlink:from="referens_locator_NegativtUnderlagForSarskildLoneskattPaPensionskostnader_RA_82" xlink:to="referens_resource_NegativtUnderlagForSarskildLoneskattPaPensionskostnader_RA_82_reference" xlink:title="reference: referens_locator_NegativtUnderlagForSarskildLoneskattPaPensionskostnader_RA_82 to referens_resource_NegativtUnderlagForSarskildLoneskattPaPensionskostnader_RA_82_reference"/>
		<link:loc xlink:type="locator" xlink:href="se-tax-base-2022-05-24.xsd#se-tax-base_NegativtUnderlagForSarskildLoneskattPaPensionskostnader" xlink:label="referens_locator_NegativtUnderlagForSarskildLoneskattPaPensionskostnader_RA_83" xlink:title="referens_locator_NegativtUnderlagForSarskildLoneskattPaPensionskostnader_RA_83"/>
		<link:reference xlink:type="resource" xlink:label="referens_resource_NegativtUnderlagForSarskildLoneskattPaPensionskostnader_RA_83_reference" xlink:role="http://www.xbrl.org/2003/role/reference" xlink:title="referens_resource_NegativtUnderlagForSarskildLoneskattPaPensionskostnader_RA_83_reference">
			<ref:Publisher>Högsta förvaltningsdomstolen</ref:Publisher>
			<ref:Name>RÅ</ref:Name>
			<ref:Number>2004 ref. 133</ref:Number>
		</link:reference>
		<link:referenceArc xlink:type="arc" xlink:arcrole="http://www.xbrl.org/2003/arcrole/concept-reference" xlink:from="referens_locator_NegativtUnderlagForSarskildLoneskattPaPensionskostnader_RA_83" xlink:to="referens_resource_NegativtUnderlagForSarskildLoneskattPaPensionskostnader_RA_83_reference" xlink:title="reference: referens_locator_NegativtUnderlagForSarskildLoneskattPaPensionskostnader_RA_83 to referens_resource_NegativtUnderlagForSarskildLoneskattPaPensionskostnader_RA_83_reference"/>
		<link:loc xlink:type="locator" xlink:href="se-tax-base-2022-05-24.xsd#se-tax-base_NegativtUnderlagForSarskildLoneskattPaPensionskostnader" xlink:label="referens_locator_NegativtUnderlagForSarskildLoneskattPaPensionskostnader_RA_84" xlink:title="referens_locator_NegativtUnderlagForSarskildLoneskattPaPensionskostnader_RA_84"/>
		<link:reference xlink:type="resource" xlink:label="referens_resource_NegativtUnderlagForSarskildLoneskattPaPensionskostnader_RA_84_reference" xlink:role="http://www.xbrl.org/2003/role/reference" xlink:title="referens_resource_NegativtUnderlagForSarskildLoneskattPaPensionskostnader_RA_84_reference">
			<ref:Publisher>Högsta förvaltningsdomstolen</ref:Publisher>
			<ref:Name>RÅ</ref:Name>
			<ref:Number>2006 ref. 83</ref:Number>
		</link:reference>
		<link:referenceArc xlink:type="arc" xlink:arcrole="http://www.xbrl.org/2003/arcrole/concept-reference" xlink:from="referens_locator_NegativtUnderlagForSarskildLoneskattPaPensionskostnader_RA_84" xlink:to="referens_resource_NegativtUnderlagForSarskildLoneskattPaPensionskostnader_RA_84_reference" xlink:title="reference: referens_locator_NegativtUnderlagForSarskildLoneskattPaPensionskostnader_RA_84 to referens_resource_NegativtUnderlagForSarskildLoneskattPaPensionskostnader_RA_84_reference"/>
		<link:loc xlink:type="locator" xlink:href="se-tax-base-2022-05-24.xsd#se-tax-base_NegativtUnderlagForSarskildLoneskattPaPensionskostnader" xlink:label="referens_locator_NegativtUnderlagForSarskildLoneskattPaPensionskostnader_RA_85" xlink:title="referens_locator_NegativtUnderlagForSarskildLoneskattPaPensionskostnader_RA_85"/>
		<link:reference xlink:type="resource" xlink:label="referens_resource_NegativtUnderlagForSarskildLoneskattPaPensionskostnader_RA_85_reference" xlink:role="http://www.xbrl.org/2003/role/reference" xlink:title="referens_resource_NegativtUnderlagForSarskildLoneskattPaPensionskostnader_RA_85_reference">
			<ref:Publisher>Högsta förvaltningsdomstolen</ref:Publisher>
			<ref:Name>RÅ</ref:Name>
			<ref:Number>2007 ref. 47</ref:Number>
		</link:reference>
		<link:referenceArc xlink:type="arc" xlink:arcrole="http://www.xbrl.org/2003/arcrole/concept-reference" xlink:from="referens_locator_NegativtUnderlagForSarskildLoneskattPaPensionskostnader_RA_85" xlink:to="referens_resource_NegativtUnderlagForSarskildLoneskattPaPensionskostnader_RA_85_reference" xlink:title="reference: referens_locator_NegativtUnderlagForSarskildLoneskattPaPensionskostnader_RA_85 to referens_resource_NegativtUnderlagForSarskildLoneskattPaPensionskostnader_RA_85_reference"/>
		<link:loc xlink:type="locator" xlink:href="se-tax-base-2022-05-24.xsd#se-tax-base_NegativtUnderlagForSarskildLoneskattPaPensionskostnader" xlink:label="referens_locator_NegativtUnderlagForSarskildLoneskattPaPensionskostnader_RA_86" xlink:title="referens_locator_NegativtUnderlagForSarskildLoneskattPaPensionskostnader_RA_86"/>
		<link:reference xlink:type="resource" xlink:label="referens_resource_NegativtUnderlagForSarskildLoneskattPaPensionskostnader_RA_86_reference" xlink:role="http://www.xbrl.org/2003/role/reference" xlink:title="referens_resource_NegativtUnderlagForSarskildLoneskattPaPensionskostnader_RA_86_reference">
			<ref:Publisher>Högsta förvaltningsdomstolen</ref:Publisher>
			<ref:Name>RÅ</ref:Name>
			<ref:Number>1999 not. 154</ref:Number>
		</link:reference>
		<link:referenceArc xlink:type="arc" xlink:arcrole="http://www.xbrl.org/2003/arcrole/concept-reference" xlink:from="referens_locator_NegativtUnderlagForSarskildLoneskattPaPensionskostnader_RA_86" xlink:to="referens_resource_NegativtUnderlagForSarskildLoneskattPaPensionskostnader_RA_86_reference" xlink:title="reference: referens_locator_NegativtUnderlagForSarskildLoneskattPaPensionskostnader_RA_86 to referens_resource_NegativtUnderlagForSarskildLoneskattPaPensionskostnader_RA_86_reference"/>
		<link:loc xlink:type="locator" xlink:href="se-tax-base-2022-05-24.xsd#se-tax-base_NegativtUnderlagForSarskildLoneskattPaPensionskostnader" xlink:label="referens_locator_NegativtUnderlagForSarskildLoneskattPaPensionskostnader_RA_87" xlink:title="referens_locator_NegativtUnderlagForSarskildLoneskattPaPensionskostnader_RA_87"/>
		<link:reference xlink:type="resource" xlink:label="referens_resource_NegativtUnderlagForSarskildLoneskattPaPensionskostnader_RA_87_reference" xlink:role="http://www.xbrl.org/2003/role/reference" xlink:title="referens_resource_NegativtUnderlagForSarskildLoneskattPaPensionskostnader_RA_87_reference">
			<ref:Publisher>Högsta förvaltningsdomstolen</ref:Publisher>
			<ref:Name>RÅ</ref:Name>
			<ref:Number>2000 not. 54</ref:Number>
		</link:reference>
		<link:referenceArc xlink:type="arc" xlink:arcrole="http://www.xbrl.org/2003/arcrole/concept-reference" xlink:from="referens_locator_NegativtUnderlagForSarskildLoneskattPaPensionskostnader_RA_87" xlink:to="referens_resource_NegativtUnderlagForSarskildLoneskattPaPensionskostnader_RA_87_reference" xlink:title="reference: referens_locator_NegativtUnderlagForSarskildLoneskattPaPensionskostnader_RA_87 to referens_resource_NegativtUnderlagForSarskildLoneskattPaPensionskostnader_RA_87_reference"/>
		<link:loc xlink:type="locator" xlink:href="se-tax-base-2022-05-24.xsd#se-tax-base_NegativtUnderlagForSarskildLoneskattPaPensionskostnader" xlink:label="referens_locator_NegativtUnderlagForSarskildLoneskattPaPensionskostnader_RA_88" xlink:title="referens_locator_NegativtUnderlagForSarskildLoneskattPaPensionskostnader_RA_88"/>
		<link:reference xlink:type="resource" xlink:label="referens_resource_NegativtUnderlagForSarskildLoneskattPaPensionskostnader_RA_88_reference" xlink:role="http://www.xbrl.org/2003/role/reference" xlink:title="referens_resource_NegativtUnderlagForSarskildLoneskattPaPensionskostnader_RA_88_reference">
			<ref:Publisher>Högsta förvaltningsdomstolen</ref:Publisher>
			<ref:Name>RÅ</ref:Name>
			<ref:Number>2001 not. 166</ref:Number>
		</link:reference>
		<link:referenceArc xlink:type="arc" xlink:arcrole="http://www.xbrl.org/2003/arcrole/concept-reference" xlink:from="referens_locator_NegativtUnderlagForSarskildLoneskattPaPensionskostnader_RA_88" xlink:to="referens_resource_NegativtUnderlagForSarskildLoneskattPaPensionskostnader_RA_88_reference" xlink:title="reference: referens_locator_NegativtUnderlagForSarskildLoneskattPaPensionskostnader_RA_88 to referens_resource_NegativtUnderlagForSarskildLoneskattPaPensionskostnader_RA_88_reference"/>
		<link:loc xlink:type="locator" xlink:href="se-tax-base-2022-05-24.xsd#se-tax-base_NegativtUnderlagForSarskildLoneskattPaPensionskostnader" xlink:label="referens_locator_NegativtUnderlagForSarskildLoneskattPaPensionskostnader_RA_89" xlink:title="referens_locator_NegativtUnderlagForSarskildLoneskattPaPensionskostnader_RA_89"/>
		<link:reference xlink:type="resource" xlink:label="referens_resource_NegativtUnderlagForSarskildLoneskattPaPensionskostnader_RA_89_reference" xlink:role="http://www.xbrl.org/2003/role/reference" xlink:title="referens_resource_NegativtUnderlagForSarskildLoneskattPaPensionskostnader_RA_89_reference">
			<ref:Publisher>Högsta förvaltningsdomstolen</ref:Publisher>
			<ref:Name>RÅ</ref:Name>
			<ref:Number>2002 not. 212</ref:Number>
		</link:reference>
		<link:referenceArc xlink:type="arc" xlink:arcrole="http://www.xbrl.org/2003/arcrole/concept-reference" xlink:from="referens_locator_NegativtUnderlagForSarskildLoneskattPaPensionskostnader_RA_89" xlink:to="referens_resource_NegativtUnderlagForSarskildLoneskattPaPensionskostnader_RA_89_reference" xlink:title="reference: referens_locator_NegativtUnderlagForSarskildLoneskattPaPensionskostnader_RA_89 to referens_resource_NegativtUnderlagForSarskildLoneskattPaPensionskostnader_RA_89_reference"/>
		<link:loc xlink:type="locator" xlink:href="se-tax-base-2022-05-24.xsd#se-tax-base_NegativtUnderlagForSarskildLoneskattPaPensionskostnader" xlink:label="referens_locator_NegativtUnderlagForSarskildLoneskattPaPensionskostnader_RA_90" xlink:title="referens_locator_NegativtUnderlagForSarskildLoneskattPaPensionskostnader_RA_90"/>
		<link:reference xlink:type="resource" xlink:label="referens_resource_NegativtUnderlagForSarskildLoneskattPaPensionskostnader_RA_90_reference" xlink:role="http://www.xbrl.org/2003/role/reference" xlink:title="referens_resource_NegativtUnderlagForSarskildLoneskattPaPensionskostnader_RA_90_reference">
			<ref:Publisher>Högsta förvaltningsdomstolen</ref:Publisher>
			<ref:Name>RÅ</ref:Name>
			<ref:Number>2004 not. 136</ref:Number>
		</link:reference>
		<link:referenceArc xlink:type="arc" xlink:arcrole="http://www.xbrl.org/2003/arcrole/concept-reference" xlink:from="referens_locator_NegativtUnderlagForSarskildLoneskattPaPensionskostnader_RA_90" xlink:to="referens_resource_NegativtUnderlagForSarskildLoneskattPaPensionskostnader_RA_90_reference" xlink:title="reference: referens_locator_NegativtUnderlagForSarskildLoneskattPaPensionskostnader_RA_90 to referens_resource_NegativtUnderlagForSarskildLoneskattPaPensionskostnader_RA_90_reference"/>
		<link:loc xlink:type="locator" xlink:href="se-tax-base-2022-05-24.xsd#se-tax-base_UnderlagForAvkastningsskattAbstract" xlink:label="referens_locator_UnderlagForAvkastningsskattAbstract_RA_96" xlink:title="referens_locator_UnderlagForAvkastningsskattAbstract_RA_96"/>
		<link:reference xlink:type="resource" xlink:label="referens_resource_UnderlagForAvkastningsskattAbstract_RA_96_reference" xlink:role="http://www.xbrl.org/2003/role/reference" xlink:title="referens_resource_UnderlagForAvkastningsskattAbstract_RA_96_reference">
			<ref:Publisher>Högsta förvaltningsdomstolen</ref:Publisher>
			<ref:Name>RÅ</ref:Name>
			<ref:Number>1999 ref. 1</ref:Number>
		</link:reference>
		<link:referenceArc xlink:type="arc" xlink:arcrole="http://www.xbrl.org/2003/arcrole/concept-reference" xlink:from="referens_locator_UnderlagForAvkastningsskattAbstract_RA_96" xlink:to="referens_resource_UnderlagForAvkastningsskattAbstract_RA_96_reference" xlink:title="reference: referens_locator_UnderlagForAvkastningsskattAbstract_RA_96 to referens_resource_UnderlagForAvkastningsskattAbstract_RA_96_reference"/>
		<link:loc xlink:type="locator" xlink:href="se-tax-base-2022-05-24.xsd#se-tax-base_UnderlagForAvkastningsskattAbstract" xlink:label="referens_locator_UnderlagForAvkastningsskattAbstract_RA_97" xlink:title="referens_locator_UnderlagForAvkastningsskattAbstract_RA_97"/>
		<link:reference xlink:type="resource" xlink:label="referens_resource_UnderlagForAvkastningsskattAbstract_RA_97_reference" xlink:role="http://www.xbrl.org/2003/role/reference" xlink:title="referens_resource_UnderlagForAvkastningsskattAbstract_RA_97_reference">
			<ref:Publisher>Högsta förvaltningsdomstolen</ref:Publisher>
			<ref:Name>RÅ</ref:Name>
			<ref:Number>2004 ref. 30</ref:Number>
		</link:reference>
		<link:referenceArc xlink:type="arc" xlink:arcrole="http://www.xbrl.org/2003/arcrole/concept-reference" xlink:from="referens_locator_UnderlagForAvkastningsskattAbstract_RA_97" xlink:to="referens_resource_UnderlagForAvkastningsskattAbstract_RA_97_reference" xlink:title="reference: referens_locator_UnderlagForAvkastningsskattAbstract_RA_97 to referens_resource_UnderlagForAvkastningsskattAbstract_RA_97_reference"/>
		<link:loc xlink:type="locator" xlink:href="se-tax-base-2022-05-24.xsd#se-tax-base_UnderlagForAvkastningsskattAbstract" xlink:label="referens_locator_UnderlagForAvkastningsskattAbstract_RA_98" xlink:title="referens_locator_UnderlagForAvkastningsskattAbstract_RA_98"/>
		<link:reference xlink:type="resource" xlink:label="referens_resource_UnderlagForAvkastningsskattAbstract_RA_98_reference" xlink:role="http://www.xbrl.org/2003/role/reference" xlink:title="referens_resource_UnderlagForAvkastningsskattAbstract_RA_98_reference">
			<ref:Publisher>Högsta förvaltningsdomstolen</ref:Publisher>
			<ref:Name>RÅ</ref:Name>
			<ref:Number>2003 not. 116</ref:Number>
		</link:reference>
		<link:referenceArc xlink:type="arc" xlink:arcrole="http://www.xbrl.org/2003/arcrole/concept-reference" xlink:from="referens_locator_UnderlagForAvkastningsskattAbstract_RA_98" xlink:to="referens_resource_UnderlagForAvkastningsskattAbstract_RA_98_reference" xlink:title="reference: referens_locator_UnderlagForAvkastningsskattAbstract_RA_98 to referens_resource_UnderlagForAvkastningsskattAbstract_RA_98_reference"/>
		<link:loc xlink:type="locator" xlink:href="se-tax-base-2022-05-24.xsd#se-tax-base_UnderlagForAvkastningsskattAbstract" xlink:label="referens_locator_UnderlagForAvkastningsskattAbstract_RA_99" xlink:title="referens_locator_UnderlagForAvkastningsskattAbstract_RA_99"/>
		<link:reference xlink:type="resource" xlink:label="referens_resource_UnderlagForAvkastningsskattAbstract_RA_99_reference" xlink:role="http://www.xbrl.org/2003/role/reference" xlink:title="referens_resource_UnderlagForAvkastningsskattAbstract_RA_99_reference">
			<ref:Publisher>Högsta förvaltningsdomstolen</ref:Publisher>
			<ref:Name>RÅ</ref:Name>
			<ref:Number>2007 not. 173</ref:Number>
		</link:reference>
		<link:referenceArc xlink:type="arc" xlink:arcrole="http://www.xbrl.org/2003/arcrole/concept-reference" xlink:from="referens_locator_UnderlagForAvkastningsskattAbstract_RA_99" xlink:to="referens_resource_UnderlagForAvkastningsskattAbstract_RA_99_reference" xlink:title="reference: referens_locator_UnderlagForAvkastningsskattAbstract_RA_99 to referens_resource_UnderlagForAvkastningsskattAbstract_RA_99_reference"/>
		<link:loc xlink:type="locator" xlink:href="se-tax-base-2022-05-24.xsd#se-tax-base_UnderlagForAvkastningsskatt15ProcentForsakringsforetagMFlSamtAvsattTillPensioner" xlink:label="referens_locator_UnderlagForAvkastningsskatt15ProcentForsakringsforetagMFlSamtAvsattTillPensioner_RA_104" xlink:title="referens_locator_UnderlagForAvkastningsskatt15ProcentForsakringsforetagMFlSamtAvsattTillPensioner_RA_104"/>
		<link:reference xlink:type="resource" xlink:label="referens_resource_UnderlagForAvkastningsskatt15ProcentForsakringsforetagMFlSamtAvsattTillPensioner_RA_104_reference" xlink:role="http://www.xbrl.org/2003/role/reference" xlink:title="referens_resource_UnderlagForAvkastningsskatt15ProcentForsakringsforetagMFlSamtAvsattTillPensioner_RA_104_reference">
			<ref:Publisher>Högsta förvaltningsdomstolen</ref:Publisher>
			<ref:Name>RÅ</ref:Name>
			<ref:Number>1999 ref. 1</ref:Number>
		</link:reference>
		<link:referenceArc xlink:type="arc" xlink:arcrole="http://www.xbrl.org/2003/arcrole/concept-reference" xlink:from="referens_locator_UnderlagForAvkastningsskatt15ProcentForsakringsforetagMFlSamtAvsattTillPensioner_RA_104" xlink:to="referens_resource_UnderlagForAvkastningsskatt15ProcentForsakringsforetagMFlSamtAvsattTillPensioner_RA_104_reference" xlink:title="reference: referens_locator_UnderlagForAvkastningsskatt15ProcentForsakringsforetagMFlSamtAvsattTillPensioner_RA_104 to referens_resource_UnderlagForAvkastningsskatt15ProcentForsakringsforetagMFlSamtAvsattTillPensioner_RA_104_reference"/>
		<link:loc xlink:type="locator" xlink:href="se-tax-base-2022-05-24.xsd#se-tax-base_UnderlagForAvkastningsskatt15ProcentForsakringsforetagMFlSamtAvsattTillPensioner" xlink:label="referens_locator_UnderlagForAvkastningsskatt15ProcentForsakringsforetagMFlSamtAvsattTillPensioner_RA_105" xlink:title="referens_locator_UnderlagForAvkastningsskatt15ProcentForsakringsforetagMFlSamtAvsattTillPensioner_RA_105"/>
		<link:reference xlink:type="resource" xlink:label="referens_resource_UnderlagForAvkastningsskatt15ProcentForsakringsforetagMFlSamtAvsattTillPensioner_RA_105_reference" xlink:role="http://www.xbrl.org/2003/role/reference" xlink:title="referens_resource_UnderlagForAvkastningsskatt15ProcentForsakringsforetagMFlSamtAvsattTillPensioner_RA_105_reference">
			<ref:Publisher>Högsta förvaltningsdomstolen</ref:Publisher>
			<ref:Name>RÅ</ref:Name>
			<ref:Number>2004 ref. 30</ref:Number>
		</link:reference>
		<link:referenceArc xlink:type="arc" xlink:arcrole="http://www.xbrl.org/2003/arcrole/concept-reference" xlink:from="referens_locator_UnderlagForAvkastningsskatt15ProcentForsakringsforetagMFlSamtAvsattTillPensioner_RA_105" xlink:to="referens_resource_UnderlagForAvkastningsskatt15ProcentForsakringsforetagMFlSamtAvsattTillPensioner_RA_105_reference" xlink:title="reference: referens_locator_UnderlagForAvkastningsskatt15ProcentForsakringsforetagMFlSamtAvsattTillPensioner_RA_105 to referens_resource_UnderlagForAvkastningsskatt15ProcentForsakringsforetagMFlSamtAvsattTillPensioner_RA_105_reference"/>
		<link:loc xlink:type="locator" xlink:href="se-tax-base-2022-05-24.xsd#se-tax-base_UnderlagForAvkastningsskatt15ProcentForsakringsforetagMFlSamtAvsattTillPensioner" xlink:label="referens_locator_UnderlagForAvkastningsskatt15ProcentForsakringsforetagMFlSamtAvsattTillPensioner_RA_106" xlink:title="referens_locator_UnderlagForAvkastningsskatt15ProcentForsakringsforetagMFlSamtAvsattTillPensioner_RA_106"/>
		<link:reference xlink:type="resource" xlink:label="referens_resource_UnderlagForAvkastningsskatt15ProcentForsakringsforetagMFlSamtAvsattTillPensioner_RA_106_reference" xlink:role="http://www.xbrl.org/2003/role/reference" xlink:title="referens_resource_UnderlagForAvkastningsskatt15ProcentForsakringsforetagMFlSamtAvsattTillPensioner_RA_106_reference">
			<ref:Publisher>Högsta förvaltningsdomstolen</ref:Publisher>
			<ref:Name>RÅ</ref:Name>
			<ref:Number>2003 not. 116</ref:Number>
		</link:reference>
		<link:referenceArc xlink:type="arc" xlink:arcrole="http://www.xbrl.org/2003/arcrole/concept-reference" xlink:from="referens_locator_UnderlagForAvkastningsskatt15ProcentForsakringsforetagMFlSamtAvsattTillPensioner_RA_106" xlink:to="referens_resource_UnderlagForAvkastningsskatt15ProcentForsakringsforetagMFlSamtAvsattTillPensioner_RA_106_reference" xlink:title="reference: referens_locator_UnderlagForAvkastningsskatt15ProcentForsakringsforetagMFlSamtAvsattTillPensioner_RA_106 to referens_resource_UnderlagForAvkastningsskatt15ProcentForsakringsforetagMFlSamtAvsattTillPensioner_RA_106_reference"/>
		<link:loc xlink:type="locator" xlink:href="se-tax-base-2022-05-24.xsd#se-tax-base_UnderlagForAvkastningsskatt15ProcentForsakringsforetagMFlSamtAvsattTillPensioner" xlink:label="referens_locator_UnderlagForAvkastningsskatt15ProcentForsakringsforetagMFlSamtAvsattTillPensioner_RA_107" xlink:title="referens_locator_UnderlagForAvkastningsskatt15ProcentForsakringsforetagMFlSamtAvsattTillPensioner_RA_107"/>
		<link:reference xlink:type="resource" xlink:label="referens_resource_UnderlagForAvkastningsskatt15ProcentForsakringsforetagMFlSamtAvsattTillPensioner_RA_107_reference" xlink:role="http://www.xbrl.org/2003/role/reference" xlink:title="referens_resource_UnderlagForAvkastningsskatt15ProcentForsakringsforetagMFlSamtAvsattTillPensioner_RA_107_reference">
			<ref:Publisher>Högsta förvaltningsdomstolen</ref:Publisher>
			<ref:Name>RÅ</ref:Name>
			<ref:Number>2007 not. 173</ref:Number>
		</link:reference>
		<link:referenceArc xlink:type="arc" xlink:arcrole="http://www.xbrl.org/2003/arcrole/concept-reference" xlink:from="referens_locator_UnderlagForAvkastningsskatt15ProcentForsakringsforetagMFlSamtAvsattTillPensioner_RA_107" xlink:to="referens_resource_UnderlagForAvkastningsskatt15ProcentForsakringsforetagMFlSamtAvsattTillPensioner_RA_107_reference" xlink:title="reference: referens_locator_UnderlagForAvkastningsskatt15ProcentForsakringsforetagMFlSamtAvsattTillPensioner_RA_107 to referens_resource_UnderlagForAvkastningsskatt15ProcentForsakringsforetagMFlSamtAvsattTillPensioner_RA_107_reference"/>
		<link:loc xlink:type="locator" xlink:href="se-tax-base-2022-05-24.xsd#se-tax-base_UnderlagForAvkastningsskatt30ProcentForsakringsforetagMFl" xlink:label="referens_locator_UnderlagForAvkastningsskatt30ProcentForsakringsforetagMFl_RA_117" xlink:title="referens_locator_UnderlagForAvkastningsskatt30ProcentForsakringsforetagMFl_RA_117"/>
		<link:reference xlink:type="resource" xlink:label="referens_resource_UnderlagForAvkastningsskatt30ProcentForsakringsforetagMFl_RA_117_reference" xlink:role="http://www.xbrl.org/2003/role/reference" xlink:title="referens_resource_UnderlagForAvkastningsskatt30ProcentForsakringsforetagMFl_RA_117_reference">
			<ref:Publisher>Högsta förvaltningsdomstolen</ref:Publisher>
			<ref:Name>RÅ</ref:Name>
			<ref:Number>2003 not. 116</ref:Number>
		</link:reference>
		<link:referenceArc xlink:type="arc" xlink:arcrole="http://www.xbrl.org/2003/arcrole/concept-reference" xlink:from="referens_locator_UnderlagForAvkastningsskatt30ProcentForsakringsforetagMFl_RA_117" xlink:to="referens_resource_UnderlagForAvkastningsskatt30ProcentForsakringsforetagMFl_RA_117_reference" xlink:title="reference: referens_locator_UnderlagForAvkastningsskatt30ProcentForsakringsforetagMFl_RA_117 to referens_resource_UnderlagForAvkastningsskatt30ProcentForsakringsforetagMFl_RA_117_reference"/>
		<link:loc xlink:type="locator" xlink:href="se-tax-base-2022-05-24.xsd#se-tax-base_UnderlagForAvkastningsskatt30ProcentForsakringsforetagMFl" xlink:label="referens_locator_UnderlagForAvkastningsskatt30ProcentForsakringsforetagMFl_RA_118" xlink:title="referens_locator_UnderlagForAvkastningsskatt30ProcentForsakringsforetagMFl_RA_118"/>
		<link:reference xlink:type="resource" xlink:label="referens_resource_UnderlagForAvkastningsskatt30ProcentForsakringsforetagMFl_RA_118_reference" xlink:role="http://www.xbrl.org/2003/role/reference" xlink:title="referens_resource_UnderlagForAvkastningsskatt30ProcentForsakringsforetagMFl_RA_118_reference">
			<ref:Publisher>Högsta förvaltningsdomstolen</ref:Publisher>
			<ref:Name>RÅ</ref:Name>
			<ref:Number>2007 not. 173</ref:Number>
		</link:reference>
		<link:referenceArc xlink:type="arc" xlink:arcrole="http://www.xbrl.org/2003/arcrole/concept-reference" xlink:from="referens_locator_UnderlagForAvkastningsskatt30ProcentForsakringsforetagMFl_RA_118" xlink:to="referens_resource_UnderlagForAvkastningsskatt30ProcentForsakringsforetagMFl_RA_118_reference" xlink:title="reference: referens_locator_UnderlagForAvkastningsskatt30ProcentForsakringsforetagMFl_RA_118 to referens_resource_UnderlagForAvkastningsskatt30ProcentForsakringsforetagMFl_RA_118_reference"/>
	</link:referenceLink>
</link:linkbase>