<?xml version="1.0" encoding="UTF-8"?><!--Infil   : file:///O:/xmlstr/TaxSam/Inkomstdeklaration 2/INK2 FINAL/Iteration 14 - produktion/2022-05-17_18.39.40_10_KontrolleraOchGenerera_v1.00.xsl.xml--><!--XSLT-fil: file:///O:/xmlstr/TaxSam/Inkomstdeklaration 2/INK2 FINAL/Iteration 14 - produktion/20_UtokaBasskiktet_v1.00.xsl--><!--XSLT-fil: file:///O:/xmlstr/TaxSam/Inkomstdeklaration 2/INK2 FINAL/Iteration 14 - produktion/XSLTallmanKod_v1.00.xsl--><link:linkbase xmlns:xsi="http://www.w3.org/2001/XMLSchema-instance" xmlns:ref="http://www.xbrl.org/2004/ref" xmlns:link="http://www.xbrl.org/2003/linkbase" xmlns:xlink="http://www.w3.org/1999/xlink" xsi:schemaLocation="http://www.xbrl.org/2003/linkbase http://www.xbrl.org/2003/xbrl-linkbase-2003-12-31.xsd http://www.xbrl.org/2004/ref http://www.xbrl.org/2004/ref-2004-08-10.xsd">
	<link:roleRef roleURI="http://www.taxonomier.se/se/fr/role/reference/legislation/fsl" xlink:type="simple" xlink:href="../../../shared/role/se-leg-role/2021-10-31/se-leg-role-2021-10-31.xsd#LEG_ROLE_FSL"/>
	<link:referenceLink xlink:type="extended" xlink:role="http://www.taxonomier.se/se/fr/role/reference/legislation/fsl" id="FSL">
		<link:loc xlink:type="locator" xlink:href="se-tax-base-2022-05-24.xsd#se-tax-base_UnderlagForFastighetsskattAbstract" xlink:label="referens_locator_UnderlagForFastighetsskattAbstract_FSL_146" xlink:title="referens_locator_UnderlagForFastighetsskattAbstract_FSL_146"/>
		<link:reference xlink:type="resource" xlink:label="referens_resource_UnderlagForFastighetsskattAbstract_FSL_146_reference" xlink:role="http://www.xbrl.org/2003/role/reference" xlink:title="referens_resource_UnderlagForFastighetsskattAbstract_FSL_146_reference">
			<ref:Name>FSL</ref:Name>
			<ref:Number>1984:1052</ref:Number>
		</link:reference>
		<link:referenceArc xlink:type="arc" xlink:arcrole="http://www.xbrl.org/2003/arcrole/concept-reference" xlink:from="referens_locator_UnderlagForFastighetsskattAbstract_FSL_146" xlink:to="referens_resource_UnderlagForFastighetsskattAbstract_FSL_146_reference" xlink:title="reference: referens_locator_UnderlagForFastighetsskattAbstract_FSL_146 to referens_resource_UnderlagForFastighetsskattAbstract_FSL_146_reference"/>
		<link:loc xlink:type="locator" xlink:href="se-tax-base-2022-05-24.xsd#se-tax-base_UnderlagForFastighetsskattForSmahusAgarlagenhetTomtmarkByggnadUnderUppforande" xlink:label="referens_locator_UnderlagForFastighetsskattForSmahusAgarlagenhetTomtmarkByggnadUnderUppforande_FSL_149" xlink:title="referens_locator_UnderlagForFastighetsskattForSmahusAgarlagenhetTomtmarkByggnadUnderUppforande_FSL_149"/>
		<link:reference xlink:type="resource" xlink:label="referens_resource_UnderlagForFastighetsskattForSmahusAgarlagenhetTomtmarkByggnadUnderUppforande_FSL_149_reference" xlink:role="http://www.xbrl.org/2003/role/reference" xlink:title="referens_resource_UnderlagForFastighetsskattForSmahusAgarlagenhetTomtmarkByggnadUnderUppforande_FSL_149_reference">
			<ref:Name>FSL</ref:Name>
			<ref:Number>1984:1052</ref:Number>
		</link:reference>
		<link:referenceArc xlink:type="arc" xlink:arcrole="http://www.xbrl.org/2003/arcrole/concept-reference" xlink:from="referens_locator_UnderlagForFastighetsskattForSmahusAgarlagenhetTomtmarkByggnadUnderUppforande_FSL_149" xlink:to="referens_resource_UnderlagForFastighetsskattForSmahusAgarlagenhetTomtmarkByggnadUnderUppforande_FSL_149_reference" xlink:title="reference: referens_locator_UnderlagForFastighetsskattForSmahusAgarlagenhetTomtmarkByggnadUnderUppforande_FSL_149 to referens_resource_UnderlagForFastighetsskattForSmahusAgarlagenhetTomtmarkByggnadUnderUppforande_FSL_149_reference"/>
		<link:loc xlink:type="locator" xlink:href="se-tax-base-2022-05-24.xsd#se-tax-base_UnderlagForFastighetsskattForHyreshusTomtmarkBostaderUnderUppforande" xlink:label="referens_locator_UnderlagForFastighetsskattForHyreshusTomtmarkBostaderUnderUppforande_FSL_153" xlink:title="referens_locator_UnderlagForFastighetsskattForHyreshusTomtmarkBostaderUnderUppforande_FSL_153"/>
		<link:reference xlink:type="resource" xlink:label="referens_resource_UnderlagForFastighetsskattForHyreshusTomtmarkBostaderUnderUppforande_FSL_153_reference" xlink:role="http://www.xbrl.org/2003/role/reference" xlink:title="referens_resource_UnderlagForFastighetsskattForHyreshusTomtmarkBostaderUnderUppforande_FSL_153_reference">
			<ref:Name>FSL</ref:Name>
			<ref:Number>1984:1052</ref:Number>
		</link:reference>
		<link:referenceArc xlink:type="arc" xlink:arcrole="http://www.xbrl.org/2003/arcrole/concept-reference" xlink:from="referens_locator_UnderlagForFastighetsskattForHyreshusTomtmarkBostaderUnderUppforande_FSL_153" xlink:to="referens_resource_UnderlagForFastighetsskattForHyreshusTomtmarkBostaderUnderUppforande_FSL_153_reference" xlink:title="reference: referens_locator_UnderlagForFastighetsskattForHyreshusTomtmarkBostaderUnderUppforande_FSL_153 to referens_resource_UnderlagForFastighetsskattForHyreshusTomtmarkBostaderUnderUppforande_FSL_153_reference"/>
		<link:loc xlink:type="locator" xlink:href="se-tax-base-2022-05-24.xsd#se-tax-base_UnderlagForFastighetsskattForHyreshusLokaler" xlink:label="referens_locator_UnderlagForFastighetsskattForHyreshusLokaler_FSL_157" xlink:title="referens_locator_UnderlagForFastighetsskattForHyreshusLokaler_FSL_157"/>
		<link:reference xlink:type="resource" xlink:label="referens_resource_UnderlagForFastighetsskattForHyreshusLokaler_FSL_157_reference" xlink:role="http://www.xbrl.org/2003/role/reference" xlink:title="referens_resource_UnderlagForFastighetsskattForHyreshusLokaler_FSL_157_reference">
			<ref:Name>FSL</ref:Name>
			<ref:Number>1984:1052</ref:Number>
		</link:reference>
		<link:referenceArc xlink:type="arc" xlink:arcrole="http://www.xbrl.org/2003/arcrole/concept-reference" xlink:from="referens_locator_UnderlagForFastighetsskattForHyreshusLokaler_FSL_157" xlink:to="referens_resource_UnderlagForFastighetsskattForHyreshusLokaler_FSL_157_reference" xlink:title="reference: referens_locator_UnderlagForFastighetsskattForHyreshusLokaler_FSL_157 to referens_resource_UnderlagForFastighetsskattForHyreshusLokaler_FSL_157_reference"/>
		<link:loc xlink:type="locator" xlink:href="se-tax-base-2022-05-24.xsd#se-tax-base_UnderlagForFastighetsskattForIndustriElproduktionsenhetVarmekraftverkUtomVindkraftverk" xlink:label="referens_locator_UnderlagForFastighetsskattForIndustriElproduktionsenhetVarmekraftverkUtomVindkraftverk_FSL_161" xlink:title="referens_locator_UnderlagForFastighetsskattForIndustriElproduktionsenhetVarmekraftverkUtomVindkraftverk_FSL_161"/>
		<link:reference xlink:type="resource" xlink:label="referens_resource_UnderlagForFastighetsskattForIndustriElproduktionsenhetVarmekraftverkUtomVindkraftverk_FSL_161_reference" xlink:role="http://www.xbrl.org/2003/role/reference" xlink:title="referens_resource_UnderlagForFastighetsskattForIndustriElproduktionsenhetVarmekraftverkUtomVindkraftverk_FSL_161_reference">
			<ref:Name>FSL</ref:Name>
			<ref:Number>1984:1052</ref:Number>
		</link:reference>
		<link:referenceArc xlink:type="arc" xlink:arcrole="http://www.xbrl.org/2003/arcrole/concept-reference" xlink:from="referens_locator_UnderlagForFastighetsskattForIndustriElproduktionsenhetVarmekraftverkUtomVindkraftverk_FSL_161" xlink:to="referens_resource_UnderlagForFastighetsskattForIndustriElproduktionsenhetVarmekraftverkUtomVindkraftverk_FSL_161_reference" xlink:title="reference: referens_locator_UnderlagForFastighetsskattForIndustriElproduktionsenhetVarmekraftverkUtomVindkraftverk_FSL_161 to referens_resource_UnderlagForFastighetsskattForIndustriElproduktionsenhetVarmekraftverkUtomVindkraftverk_FSL_161_reference"/>
		<link:loc xlink:type="locator" xlink:href="se-tax-base-2022-05-24.xsd#se-tax-base_UnderlagForFastighetsskattForElproduktionsenhetVattenkraftverk" xlink:label="referens_locator_UnderlagForFastighetsskattForElproduktionsenhetVattenkraftverk_FSL_165" xlink:title="referens_locator_UnderlagForFastighetsskattForElproduktionsenhetVattenkraftverk_FSL_165"/>
		<link:reference xlink:type="resource" xlink:label="referens_resource_UnderlagForFastighetsskattForElproduktionsenhetVattenkraftverk_FSL_165_reference" xlink:role="http://www.xbrl.org/2003/role/reference" xlink:title="referens_resource_UnderlagForFastighetsskattForElproduktionsenhetVattenkraftverk_FSL_165_reference">
			<ref:Name>FSL</ref:Name>
			<ref:Number>1984:1052</ref:Number>
		</link:reference>
		<link:referenceArc xlink:type="arc" xlink:arcrole="http://www.xbrl.org/2003/arcrole/concept-reference" xlink:from="referens_locator_UnderlagForFastighetsskattForElproduktionsenhetVattenkraftverk_FSL_165" xlink:to="referens_resource_UnderlagForFastighetsskattForElproduktionsenhetVattenkraftverk_FSL_165_reference" xlink:title="reference: referens_locator_UnderlagForFastighetsskattForElproduktionsenhetVattenkraftverk_FSL_165 to referens_resource_UnderlagForFastighetsskattForElproduktionsenhetVattenkraftverk_FSL_165_reference"/>
		<link:loc xlink:type="locator" xlink:href="se-tax-base-2022-05-24.xsd#se-tax-base_UnderlagForFastighetsskattForElproduktionsenhetVindkraftverk" xlink:label="referens_locator_UnderlagForFastighetsskattForElproduktionsenhetVindkraftverk_FSL_169" xlink:title="referens_locator_UnderlagForFastighetsskattForElproduktionsenhetVindkraftverk_FSL_169"/>
		<link:reference xlink:type="resource" xlink:label="referens_resource_UnderlagForFastighetsskattForElproduktionsenhetVindkraftverk_FSL_169_reference" xlink:role="http://www.xbrl.org/2003/role/reference" xlink:title="referens_resource_UnderlagForFastighetsskattForElproduktionsenhetVindkraftverk_FSL_169_reference">
			<ref:Name>FSL</ref:Name>
			<ref:Number>1984:1052</ref:Number>
		</link:reference>
		<link:referenceArc xlink:type="arc" xlink:arcrole="http://www.xbrl.org/2003/arcrole/concept-reference" xlink:from="referens_locator_UnderlagForFastighetsskattForElproduktionsenhetVindkraftverk_FSL_169" xlink:to="referens_resource_UnderlagForFastighetsskattForElproduktionsenhetVindkraftverk_FSL_169_reference" xlink:title="reference: referens_locator_UnderlagForFastighetsskattForElproduktionsenhetVindkraftverk_FSL_169 to referens_resource_UnderlagForFastighetsskattForElproduktionsenhetVindkraftverk_FSL_169_reference"/>
	</link:referenceLink>
</link:linkbase>