<?xml version="1.0" encoding="UTF-8"?><!--Infil   : file:///O:/xmlstr/TaxSam/Inkomstdeklaration 2/INK2 FINAL/Iteration 14 - produktion/2022-05-17_18.39.40_10_KontrolleraOchGenerera_v1.00.xsl.xml--><!--XSLT-fil: file:///O:/xmlstr/TaxSam/Inkomstdeklaration 2/INK2 FINAL/Iteration 14 - produktion/20_UtokaBasskiktet_v1.00.xsl--><!--XSLT-fil: file:///O:/xmlstr/TaxSam/Inkomstdeklaration 2/INK2 FINAL/Iteration 14 - produktion/XSLTallmanKod_v1.00.xsl--><link:linkbase xmlns:xsi="http://www.w3.org/2001/XMLSchema-instance" xmlns:link="http://www.xbrl.org/2003/linkbase" xmlns:xlink="http://www.w3.org/1999/xlink" xsi:schemaLocation="http://www.xbrl.org/2003/linkbase http://www.xbrl.org/2003/xbrl-linkbase-2003-12-31.xsd">
	<link:labelLink xlink:type="extended" xlink:role="http://www.xbrl.org/2003/role/link">
		<link:loc xlink:type="locator" xlink:href="se-tax-base-2022-05-24.xsd#se-tax-base_OverskottAvNaringsverksamhet" xlink:label="dokumentation_locator_OverskottAvNaringsverksamhet" xlink:title="dokumentation_locator_OverskottAvNaringsverksamhet"/>
		<link:label xlink:type="resource" xlink:label="dokumentation_resource_OverskottAvNaringsverksamhet_35_documentation" xlink:role="http://www.xbrl.org/2003/role/documentation" xlink:title="dokumentation_resource_OverskottAvNaringsverksamhet_35_documentation" xml:lang="sv">Skattemässigt överskott av näringsverksamhet</link:label>
		<link:labelArc xlink:type="arc" xlink:arcrole="http://www.xbrl.org/2003/arcrole/concept-label" xlink:from="dokumentation_locator_OverskottAvNaringsverksamhet" xlink:to="dokumentation_resource_OverskottAvNaringsverksamhet_35_documentation" xlink:title="reference: dokumentation_locator_OverskottAvNaringsverksamhet to dokumentation_resource_OverskottAvNaringsverksamhet_35_documentation"/>
		<link:loc xlink:type="locator" xlink:href="se-tax-base-2022-05-24.xsd#se-tax-base_UnderskottAvNaringsverksamhet" xlink:label="dokumentation_locator_UnderskottAvNaringsverksamhet" xlink:title="dokumentation_locator_UnderskottAvNaringsverksamhet"/>
		<link:label xlink:type="resource" xlink:label="dokumentation_resource_UnderskottAvNaringsverksamhet_40_documentation" xlink:role="http://www.xbrl.org/2003/role/documentation" xlink:title="dokumentation_resource_UnderskottAvNaringsverksamhet_40_documentation" xml:lang="sv">Skattemässigt underskott av näringsverksamhet</link:label>
		<link:labelArc xlink:type="arc" xlink:arcrole="http://www.xbrl.org/2003/arcrole/concept-label" xlink:from="dokumentation_locator_UnderskottAvNaringsverksamhet" xlink:to="dokumentation_resource_UnderskottAvNaringsverksamhet_40_documentation" xlink:title="reference: dokumentation_locator_UnderskottAvNaringsverksamhet to dokumentation_resource_UnderskottAvNaringsverksamhet_40_documentation"/>
		<link:loc xlink:type="locator" xlink:href="se-tax-base-2022-05-24.xsd#se-tax-base_PositivtUnderlagForSarskildLoneskattPaPensionskostnader" xlink:label="dokumentation_locator_PositivtUnderlagForSarskildLoneskattPaPensionskostnader" xlink:title="dokumentation_locator_PositivtUnderlagForSarskildLoneskattPaPensionskostnader"/>
		<link:label xlink:type="resource" xlink:label="dokumentation_resource_PositivtUnderlagForSarskildLoneskattPaPensionskostnader_63_documentation" xlink:role="http://www.xbrl.org/2003/role/documentation" xlink:title="dokumentation_resource_PositivtUnderlagForSarskildLoneskattPaPensionskostnader_63_documentation" xml:lang="sv">Positivt underlag för särskild löneskatt på pensionskostnader t.ex. premie för tjänstepensionsförsäkring, överföring till pensionsstiftelse, avsättning enligt tryggandelagen, utbetalda pensioner som inte betalas enligt lag, m.m.</link:label>
		<link:labelArc xlink:type="arc" xlink:arcrole="http://www.xbrl.org/2003/arcrole/concept-label" xlink:from="dokumentation_locator_PositivtUnderlagForSarskildLoneskattPaPensionskostnader" xlink:to="dokumentation_resource_PositivtUnderlagForSarskildLoneskattPaPensionskostnader_63_documentation" xlink:title="reference: dokumentation_locator_PositivtUnderlagForSarskildLoneskattPaPensionskostnader to dokumentation_resource_PositivtUnderlagForSarskildLoneskattPaPensionskostnader_63_documentation"/>
		<link:loc xlink:type="locator" xlink:href="se-tax-base-2022-05-24.xsd#se-tax-base_NegativtUnderlagForSarskildLoneskattPaPensionskostnader" xlink:label="dokumentation_locator_NegativtUnderlagForSarskildLoneskattPaPensionskostnader" xlink:title="dokumentation_locator_NegativtUnderlagForSarskildLoneskattPaPensionskostnader"/>
		<link:label xlink:type="resource" xlink:label="dokumentation_resource_NegativtUnderlagForSarskildLoneskattPaPensionskostnader_78_documentation" xlink:role="http://www.xbrl.org/2003/role/documentation" xlink:title="dokumentation_resource_NegativtUnderlagForSarskildLoneskattPaPensionskostnader_78_documentation" xml:lang="sv">Negativt underlag för särskild löneskatt på pensionskostnader t.ex. premie för tjänstepensionsförsäkring, överföring till pensionsstiftelse, avsättning enligt tryggandelagen, utbetalda pensioner som inte betalas enligt lag, m.m.</link:label>
		<link:labelArc xlink:type="arc" xlink:arcrole="http://www.xbrl.org/2003/arcrole/concept-label" xlink:from="dokumentation_locator_NegativtUnderlagForSarskildLoneskattPaPensionskostnader" xlink:to="dokumentation_resource_NegativtUnderlagForSarskildLoneskattPaPensionskostnader_78_documentation" xlink:title="reference: dokumentation_locator_NegativtUnderlagForSarskildLoneskattPaPensionskostnader to dokumentation_resource_NegativtUnderlagForSarskildLoneskattPaPensionskostnader_78_documentation"/>
		<link:loc xlink:type="locator" xlink:href="se-tax-base-2022-05-24.xsd#se-tax-base_UnderlagForAvkastningsskatt15ProcentForsakringsforetagMFlSamtAvsattTillPensioner" xlink:label="dokumentation_locator_UnderlagForAvkastningsskatt15ProcentForsakringsforetagMFlSamtAvsattTillPensioner" xlink:title="dokumentation_locator_UnderlagForAvkastningsskatt15ProcentForsakringsforetagMFlSamtAvsattTillPensioner"/>
		<link:label xlink:type="resource" xlink:label="dokumentation_resource_UnderlagForAvkastningsskatt15ProcentForsakringsforetagMFlSamtAvsattTillPensioner_101_documentation" xlink:role="http://www.xbrl.org/2003/role/documentation" xlink:title="dokumentation_resource_UnderlagForAvkastningsskatt15ProcentForsakringsforetagMFlSamtAvsattTillPensioner_101_documentation" xml:lang="sv">Underlag för avkastningsskatt 15 % för försäkringsföretag m.fl. samt för arbetsgivare som med avdragsrätt gjort en avsättning enligt tryggandelagen</link:label>
		<link:labelArc xlink:type="arc" xlink:arcrole="http://www.xbrl.org/2003/arcrole/concept-label" xlink:from="dokumentation_locator_UnderlagForAvkastningsskatt15ProcentForsakringsforetagMFlSamtAvsattTillPensioner" xlink:to="dokumentation_resource_UnderlagForAvkastningsskatt15ProcentForsakringsforetagMFlSamtAvsattTillPensioner_101_documentation" xlink:title="reference: dokumentation_locator_UnderlagForAvkastningsskatt15ProcentForsakringsforetagMFlSamtAvsattTillPensioner to dokumentation_resource_UnderlagForAvkastningsskatt15ProcentForsakringsforetagMFlSamtAvsattTillPensioner_101_documentation"/>
		<link:loc xlink:type="locator" xlink:href="se-tax-base-2022-05-24.xsd#se-tax-base_UnderlagForAvkastningsskatt15ProcentUtlandskaPensionsforsakringar" xlink:label="dokumentation_locator_UnderlagForAvkastningsskatt15ProcentUtlandskaPensionsforsakringar" xlink:title="dokumentation_locator_UnderlagForAvkastningsskatt15ProcentUtlandskaPensionsforsakringar"/>
		<link:label xlink:type="resource" xlink:label="dokumentation_resource_UnderlagForAvkastningsskatt15ProcentUtlandskaPensionsforsakringar_110_documentation" xlink:role="http://www.xbrl.org/2003/role/documentation" xlink:title="dokumentation_resource_UnderlagForAvkastningsskatt15ProcentUtlandskaPensionsforsakringar_110_documentation" xml:lang="sv">Underlag för avkastningsskatt 15 % på utländska pensionsförsäkringar samt tjänstepension hos ett utländskt tjänstepensionsinstitut utan fast driftställe i Sverige</link:label>
		<link:labelArc xlink:type="arc" xlink:arcrole="http://www.xbrl.org/2003/arcrole/concept-label" xlink:from="dokumentation_locator_UnderlagForAvkastningsskatt15ProcentUtlandskaPensionsforsakringar" xlink:to="dokumentation_resource_UnderlagForAvkastningsskatt15ProcentUtlandskaPensionsforsakringar_110_documentation" xlink:title="reference: dokumentation_locator_UnderlagForAvkastningsskatt15ProcentUtlandskaPensionsforsakringar to dokumentation_resource_UnderlagForAvkastningsskatt15ProcentUtlandskaPensionsforsakringar_110_documentation"/>
		<link:loc xlink:type="locator" xlink:href="se-tax-base-2022-05-24.xsd#se-tax-base_UnderlagForAvkastningsskatt30ProcentForsakringsforetagMFl" xlink:label="dokumentation_locator_UnderlagForAvkastningsskatt30ProcentForsakringsforetagMFl" xlink:title="dokumentation_locator_UnderlagForAvkastningsskatt30ProcentForsakringsforetagMFl"/>
		<link:label xlink:type="resource" xlink:label="dokumentation_resource_UnderlagForAvkastningsskatt30ProcentForsakringsforetagMFl_114_documentation" xlink:role="http://www.xbrl.org/2003/role/documentation" xlink:title="dokumentation_resource_UnderlagForAvkastningsskatt30ProcentForsakringsforetagMFl_114_documentation" xml:lang="sv">Underlag för avkastningsskatt 30 % för försäkringsföretag m.fl. avseende kapitalförsäkring och tjänstepension i svenskt tjänstepensionsinstitut om avtalet är jämförbart med en kapitalförsäkring</link:label>
		<link:labelArc xlink:type="arc" xlink:arcrole="http://www.xbrl.org/2003/arcrole/concept-label" xlink:from="dokumentation_locator_UnderlagForAvkastningsskatt30ProcentForsakringsforetagMFl" xlink:to="dokumentation_resource_UnderlagForAvkastningsskatt30ProcentForsakringsforetagMFl_114_documentation" xlink:title="reference: dokumentation_locator_UnderlagForAvkastningsskatt30ProcentForsakringsforetagMFl to dokumentation_resource_UnderlagForAvkastningsskatt30ProcentForsakringsforetagMFl_114_documentation"/>
		<link:loc xlink:type="locator" xlink:href="se-tax-base-2022-05-24.xsd#se-tax-base_UnderlagForAvkastningsskatt30ProcentUtlandskaKapitalforsakringar" xlink:label="dokumentation_locator_UnderlagForAvkastningsskatt30ProcentUtlandskaKapitalforsakringar" xlink:title="dokumentation_locator_UnderlagForAvkastningsskatt30ProcentUtlandskaKapitalforsakringar"/>
		<link:label xlink:type="resource" xlink:label="dokumentation_resource_UnderlagForAvkastningsskatt30ProcentUtlandskaKapitalforsakringar_120_documentation" xlink:role="http://www.xbrl.org/2003/role/documentation" xlink:title="dokumentation_resource_UnderlagForAvkastningsskatt30ProcentUtlandskaKapitalforsakringar_120_documentation" xml:lang="sv">Underlag för avkastningsskatt 30 % på utländska kapitalförsäkringar samt tjänstepension hos ett utländskt tjänstepensionsinstitut utan fast driftställe i Sverige om avtalet är jämförbart med en kapitalförsäkring</link:label>
		<link:labelArc xlink:type="arc" xlink:arcrole="http://www.xbrl.org/2003/arcrole/concept-label" xlink:from="dokumentation_locator_UnderlagForAvkastningsskatt30ProcentUtlandskaKapitalforsakringar" xlink:to="dokumentation_resource_UnderlagForAvkastningsskatt30ProcentUtlandskaKapitalforsakringar_120_documentation" xlink:title="reference: dokumentation_locator_UnderlagForAvkastningsskatt30ProcentUtlandskaKapitalforsakringar to dokumentation_resource_UnderlagForAvkastningsskatt30ProcentUtlandskaKapitalforsakringar_120_documentation"/>
		<link:loc xlink:type="locator" xlink:href="se-tax-base-2022-05-24.xsd#se-tax-base_UnderlagForFastighetsavgiftForSmahusAgarlagenhetHelAvgift" xlink:label="dokumentation_locator_UnderlagForFastighetsavgiftForSmahusAgarlagenhetHelAvgift" xlink:title="dokumentation_locator_UnderlagForFastighetsavgiftForSmahusAgarlagenhetHelAvgift"/>
		<link:label xlink:type="resource" xlink:label="dokumentation_resource_UnderlagForFastighetsavgiftForSmahusAgarlagenhetHelAvgift_128_documentation" xlink:role="http://www.xbrl.org/2003/role/documentation" xlink:title="dokumentation_resource_UnderlagForFastighetsavgiftForSmahusAgarlagenhetHelAvgift_128_documentation" xml:lang="sv">Den som är ägare av en fastighet den 1 januari ska betala fastighetsavgift för hela kalenderåret</link:label>
		<link:labelArc xlink:type="arc" xlink:arcrole="http://www.xbrl.org/2003/arcrole/concept-label" xlink:from="dokumentation_locator_UnderlagForFastighetsavgiftForSmahusAgarlagenhetHelAvgift" xlink:to="dokumentation_resource_UnderlagForFastighetsavgiftForSmahusAgarlagenhetHelAvgift_128_documentation" xlink:title="reference: dokumentation_locator_UnderlagForFastighetsavgiftForSmahusAgarlagenhetHelAvgift to dokumentation_resource_UnderlagForFastighetsavgiftForSmahusAgarlagenhetHelAvgift_128_documentation"/>
		<link:loc xlink:type="locator" xlink:href="se-tax-base-2022-05-24.xsd#se-tax-base_UnderlagForFastighetsavgiftForSmahusAgarlagenhetHalvAvgift" xlink:label="dokumentation_locator_UnderlagForFastighetsavgiftForSmahusAgarlagenhetHalvAvgift" xlink:title="dokumentation_locator_UnderlagForFastighetsavgiftForSmahusAgarlagenhetHalvAvgift"/>
		<link:label xlink:type="resource" xlink:label="dokumentation_resource_UnderlagForFastighetsavgiftForSmahusAgarlagenhetHalvAvgift_132_documentation" xlink:role="http://www.xbrl.org/2003/role/documentation" xlink:title="dokumentation_resource_UnderlagForFastighetsavgiftForSmahusAgarlagenhetHalvAvgift_132_documentation" xml:lang="sv">Den som är ägare av en fastighet den 1 januari ska betala fastighetsavgift för hela kalenderåret</link:label>
		<link:labelArc xlink:type="arc" xlink:arcrole="http://www.xbrl.org/2003/arcrole/concept-label" xlink:from="dokumentation_locator_UnderlagForFastighetsavgiftForSmahusAgarlagenhetHalvAvgift" xlink:to="dokumentation_resource_UnderlagForFastighetsavgiftForSmahusAgarlagenhetHalvAvgift_132_documentation" xlink:title="reference: dokumentation_locator_UnderlagForFastighetsavgiftForSmahusAgarlagenhetHalvAvgift to dokumentation_resource_UnderlagForFastighetsavgiftForSmahusAgarlagenhetHalvAvgift_132_documentation"/>
		<link:loc xlink:type="locator" xlink:href="se-tax-base-2022-05-24.xsd#se-tax-base_UnderlagForFastighetsavgiftForHyreshusBostaderHelAvgift" xlink:label="dokumentation_locator_UnderlagForFastighetsavgiftForHyreshusBostaderHelAvgift" xlink:title="dokumentation_locator_UnderlagForFastighetsavgiftForHyreshusBostaderHelAvgift"/>
		<link:label xlink:type="resource" xlink:label="dokumentation_resource_UnderlagForFastighetsavgiftForHyreshusBostaderHelAvgift_137_documentation" xlink:role="http://www.xbrl.org/2003/role/documentation" xlink:title="dokumentation_resource_UnderlagForFastighetsavgiftForHyreshusBostaderHelAvgift_137_documentation" xml:lang="sv">Den som är ägare av en fastighet den 1 januari ska betala fastighetsavgift för hela kalenderåret</link:label>
		<link:labelArc xlink:type="arc" xlink:arcrole="http://www.xbrl.org/2003/arcrole/concept-label" xlink:from="dokumentation_locator_UnderlagForFastighetsavgiftForHyreshusBostaderHelAvgift" xlink:to="dokumentation_resource_UnderlagForFastighetsavgiftForHyreshusBostaderHelAvgift_137_documentation" xlink:title="reference: dokumentation_locator_UnderlagForFastighetsavgiftForHyreshusBostaderHelAvgift to dokumentation_resource_UnderlagForFastighetsavgiftForHyreshusBostaderHelAvgift_137_documentation"/>
		<link:loc xlink:type="locator" xlink:href="se-tax-base-2022-05-24.xsd#se-tax-base_UnderlagForFastighetsavgiftForHyreshusBostaderHalvAvgift" xlink:label="dokumentation_locator_UnderlagForFastighetsavgiftForHyreshusBostaderHalvAvgift" xlink:title="dokumentation_locator_UnderlagForFastighetsavgiftForHyreshusBostaderHalvAvgift"/>
		<link:label xlink:type="resource" xlink:label="dokumentation_resource_UnderlagForFastighetsavgiftForHyreshusBostaderHalvAvgift_141_documentation" xlink:role="http://www.xbrl.org/2003/role/documentation" xlink:title="dokumentation_resource_UnderlagForFastighetsavgiftForHyreshusBostaderHalvAvgift_141_documentation" xml:lang="sv">Den som är ägare av en fastighet den 1 januari ska betala fastighetsavgift för hela kalenderåret</link:label>
		<link:labelArc xlink:type="arc" xlink:arcrole="http://www.xbrl.org/2003/arcrole/concept-label" xlink:from="dokumentation_locator_UnderlagForFastighetsavgiftForHyreshusBostaderHalvAvgift" xlink:to="dokumentation_resource_UnderlagForFastighetsavgiftForHyreshusBostaderHalvAvgift_141_documentation" xlink:title="reference: dokumentation_locator_UnderlagForFastighetsavgiftForHyreshusBostaderHalvAvgift to dokumentation_resource_UnderlagForFastighetsavgiftForHyreshusBostaderHalvAvgift_141_documentation"/>
		<link:loc xlink:type="locator" xlink:href="se-tax-base-2022-05-24.xsd#se-tax-base_UnderlagForFastighetsskattForSmahusAgarlagenhetTomtmarkByggnadUnderUppforande" xlink:label="dokumentation_locator_UnderlagForFastighetsskattForSmahusAgarlagenhetTomtmarkByggnadUnderUppforande" xlink:title="dokumentation_locator_UnderlagForFastighetsskattForSmahusAgarlagenhetTomtmarkByggnadUnderUppforande"/>
		<link:label xlink:type="resource" xlink:label="dokumentation_resource_UnderlagForFastighetsskattForSmahusAgarlagenhetTomtmarkByggnadUnderUppforande_149_documentation" xlink:role="http://www.xbrl.org/2003/role/documentation" xlink:title="dokumentation_resource_UnderlagForFastighetsskattForSmahusAgarlagenhetTomtmarkByggnadUnderUppforande_149_documentation" xml:lang="sv">Den som är ägare av en fastighet den 1 januari ska betala fastighetsskatt för hela kalenderåret</link:label>
		<link:labelArc xlink:type="arc" xlink:arcrole="http://www.xbrl.org/2003/arcrole/concept-label" xlink:from="dokumentation_locator_UnderlagForFastighetsskattForSmahusAgarlagenhetTomtmarkByggnadUnderUppforande" xlink:to="dokumentation_resource_UnderlagForFastighetsskattForSmahusAgarlagenhetTomtmarkByggnadUnderUppforande_149_documentation" xlink:title="reference: dokumentation_locator_UnderlagForFastighetsskattForSmahusAgarlagenhetTomtmarkByggnadUnderUppforande to dokumentation_resource_UnderlagForFastighetsskattForSmahusAgarlagenhetTomtmarkByggnadUnderUppforande_149_documentation"/>
		<link:loc xlink:type="locator" xlink:href="se-tax-base-2022-05-24.xsd#se-tax-base_UnderlagForFastighetsskattForHyreshusTomtmarkBostaderUnderUppforande" xlink:label="dokumentation_locator_UnderlagForFastighetsskattForHyreshusTomtmarkBostaderUnderUppforande" xlink:title="dokumentation_locator_UnderlagForFastighetsskattForHyreshusTomtmarkBostaderUnderUppforande"/>
		<link:label xlink:type="resource" xlink:label="dokumentation_resource_UnderlagForFastighetsskattForHyreshusTomtmarkBostaderUnderUppforande_153_documentation" xlink:role="http://www.xbrl.org/2003/role/documentation" xlink:title="dokumentation_resource_UnderlagForFastighetsskattForHyreshusTomtmarkBostaderUnderUppforande_153_documentation" xml:lang="sv">Den som är ägare av en fastighet den 1 januari ska betala fastighetsskatt för hela kalenderåret</link:label>
		<link:labelArc xlink:type="arc" xlink:arcrole="http://www.xbrl.org/2003/arcrole/concept-label" xlink:from="dokumentation_locator_UnderlagForFastighetsskattForHyreshusTomtmarkBostaderUnderUppforande" xlink:to="dokumentation_resource_UnderlagForFastighetsskattForHyreshusTomtmarkBostaderUnderUppforande_153_documentation" xlink:title="reference: dokumentation_locator_UnderlagForFastighetsskattForHyreshusTomtmarkBostaderUnderUppforande to dokumentation_resource_UnderlagForFastighetsskattForHyreshusTomtmarkBostaderUnderUppforande_153_documentation"/>
		<link:loc xlink:type="locator" xlink:href="se-tax-base-2022-05-24.xsd#se-tax-base_UnderlagForFastighetsskattForHyreshusLokaler" xlink:label="dokumentation_locator_UnderlagForFastighetsskattForHyreshusLokaler" xlink:title="dokumentation_locator_UnderlagForFastighetsskattForHyreshusLokaler"/>
		<link:label xlink:type="resource" xlink:label="dokumentation_resource_UnderlagForFastighetsskattForHyreshusLokaler_157_documentation" xlink:role="http://www.xbrl.org/2003/role/documentation" xlink:title="dokumentation_resource_UnderlagForFastighetsskattForHyreshusLokaler_157_documentation" xml:lang="sv">Den som är ägare av en fastighet den 1 januari ska betala fastighetsskatt för hela kalenderåret</link:label>
		<link:labelArc xlink:type="arc" xlink:arcrole="http://www.xbrl.org/2003/arcrole/concept-label" xlink:from="dokumentation_locator_UnderlagForFastighetsskattForHyreshusLokaler" xlink:to="dokumentation_resource_UnderlagForFastighetsskattForHyreshusLokaler_157_documentation" xlink:title="reference: dokumentation_locator_UnderlagForFastighetsskattForHyreshusLokaler to dokumentation_resource_UnderlagForFastighetsskattForHyreshusLokaler_157_documentation"/>
		<link:loc xlink:type="locator" xlink:href="se-tax-base-2022-05-24.xsd#se-tax-base_UnderlagForFastighetsskattForIndustriElproduktionsenhetVarmekraftverkUtomVindkraftverk" xlink:label="dokumentation_locator_UnderlagForFastighetsskattForIndustriElproduktionsenhetVarmekraftverkUtomVindkraftverk" xlink:title="dokumentation_locator_UnderlagForFastighetsskattForIndustriElproduktionsenhetVarmekraftverkUtomVindkraftverk"/>
		<link:label xlink:type="resource" xlink:label="dokumentation_resource_UnderlagForFastighetsskattForIndustriElproduktionsenhetVarmekraftverkUtomVindkraftverk_161_documentation" xlink:role="http://www.xbrl.org/2003/role/documentation" xlink:title="dokumentation_resource_UnderlagForFastighetsskattForIndustriElproduktionsenhetVarmekraftverkUtomVindkraftverk_161_documentation" xml:lang="sv">Den som är ägare av en fastighet den 1 januari ska betala fastighetsskatt för hela kalenderåret</link:label>
		<link:labelArc xlink:type="arc" xlink:arcrole="http://www.xbrl.org/2003/arcrole/concept-label" xlink:from="dokumentation_locator_UnderlagForFastighetsskattForIndustriElproduktionsenhetVarmekraftverkUtomVindkraftverk" xlink:to="dokumentation_resource_UnderlagForFastighetsskattForIndustriElproduktionsenhetVarmekraftverkUtomVindkraftverk_161_documentation" xlink:title="reference: dokumentation_locator_UnderlagForFastighetsskattForIndustriElproduktionsenhetVarmekraftverkUtomVindkraftverk to dokumentation_resource_UnderlagForFastighetsskattForIndustriElproduktionsenhetVarmekraftverkUtomVindkraftverk_161_documentation"/>
		<link:loc xlink:type="locator" xlink:href="se-tax-base-2022-05-24.xsd#se-tax-base_UnderlagForFastighetsskattForElproduktionsenhetVattenkraftverk" xlink:label="dokumentation_locator_UnderlagForFastighetsskattForElproduktionsenhetVattenkraftverk" xlink:title="dokumentation_locator_UnderlagForFastighetsskattForElproduktionsenhetVattenkraftverk"/>
		<link:label xlink:type="resource" xlink:label="dokumentation_resource_UnderlagForFastighetsskattForElproduktionsenhetVattenkraftverk_165_documentation" xlink:role="http://www.xbrl.org/2003/role/documentation" xlink:title="dokumentation_resource_UnderlagForFastighetsskattForElproduktionsenhetVattenkraftverk_165_documentation" xml:lang="sv">Den som är ägare av en fastighet den 1 januari ska betala fastighetsskatt för hela kalenderåret</link:label>
		<link:labelArc xlink:type="arc" xlink:arcrole="http://www.xbrl.org/2003/arcrole/concept-label" xlink:from="dokumentation_locator_UnderlagForFastighetsskattForElproduktionsenhetVattenkraftverk" xlink:to="dokumentation_resource_UnderlagForFastighetsskattForElproduktionsenhetVattenkraftverk_165_documentation" xlink:title="reference: dokumentation_locator_UnderlagForFastighetsskattForElproduktionsenhetVattenkraftverk to dokumentation_resource_UnderlagForFastighetsskattForElproduktionsenhetVattenkraftverk_165_documentation"/>
		<link:loc xlink:type="locator" xlink:href="se-tax-base-2022-05-24.xsd#se-tax-base_UnderlagForFastighetsskattForElproduktionsenhetVindkraftverk" xlink:label="dokumentation_locator_UnderlagForFastighetsskattForElproduktionsenhetVindkraftverk" xlink:title="dokumentation_locator_UnderlagForFastighetsskattForElproduktionsenhetVindkraftverk"/>
		<link:label xlink:type="resource" xlink:label="dokumentation_resource_UnderlagForFastighetsskattForElproduktionsenhetVindkraftverk_169_documentation" xlink:role="http://www.xbrl.org/2003/role/documentation" xlink:title="dokumentation_resource_UnderlagForFastighetsskattForElproduktionsenhetVindkraftverk_169_documentation" xml:lang="sv">Den som är ägare av en fastighet den 1 januari ska betala fastighetsskatt för hela kalenderåret</link:label>
		<link:labelArc xlink:type="arc" xlink:arcrole="http://www.xbrl.org/2003/arcrole/concept-label" xlink:from="dokumentation_locator_UnderlagForFastighetsskattForElproduktionsenhetVindkraftverk" xlink:to="dokumentation_resource_UnderlagForFastighetsskattForElproduktionsenhetVindkraftverk_169_documentation" xlink:title="reference: dokumentation_locator_UnderlagForFastighetsskattForElproduktionsenhetVindkraftverk to dokumentation_resource_UnderlagForFastighetsskattForElproduktionsenhetVindkraftverk_169_documentation"/>
		<link:loc xlink:type="locator" xlink:href="se-tax-base-2022-05-24.xsd#se-tax-base_MinskningAvSkattemassigtResultatMedAnledningAvUppskovMedKapitalvinst" xlink:label="dokumentation_locator_MinskningAvSkattemassigtResultatMedAnledningAvUppskovMedKapitalvinst" xlink:title="dokumentation_locator_MinskningAvSkattemassigtResultatMedAnledningAvUppskovMedKapitalvinst"/>
		<link:label xlink:type="resource" xlink:label="dokumentation_resource_MinskningAvSkattemassigtResultatMedAnledningAvUppskovMedKapitalvinst_775_documentation" xlink:role="http://www.xbrl.org/2003/role/documentation" xlink:title="dokumentation_resource_MinskningAvSkattemassigtResultatMedAnledningAvUppskovMedKapitalvinst_775_documentation" xml:lang="sv">Minskning av skattemässigt resultat med anledning av uppskov med kapitalvinst vid andelsbyten m.m.</link:label>
		<link:labelArc xlink:type="arc" xlink:arcrole="http://www.xbrl.org/2003/arcrole/concept-label" xlink:from="dokumentation_locator_MinskningAvSkattemassigtResultatMedAnledningAvUppskovMedKapitalvinst" xlink:to="dokumentation_resource_MinskningAvSkattemassigtResultatMedAnledningAvUppskovMedKapitalvinst_775_documentation" xlink:title="reference: dokumentation_locator_MinskningAvSkattemassigtResultatMedAnledningAvUppskovMedKapitalvinst to dokumentation_resource_MinskningAvSkattemassigtResultatMedAnledningAvUppskovMedKapitalvinst_775_documentation"/>
		<link:loc xlink:type="locator" xlink:href="se-tax-base-2022-05-24.xsd#se-tax-base_OkningAvSkattemassigtResultatMedAnledningAvAterfortUppskovAvKapitalvinst" xlink:label="dokumentation_locator_OkningAvSkattemassigtResultatMedAnledningAvAterfortUppskovAvKapitalvinst" xlink:title="dokumentation_locator_OkningAvSkattemassigtResultatMedAnledningAvAterfortUppskovAvKapitalvinst"/>
		<link:label xlink:type="resource" xlink:label="dokumentation_resource_OkningAvSkattemassigtResultatMedAnledningAvAterfortUppskovAvKapitalvinst_784_documentation" xlink:role="http://www.xbrl.org/2003/role/documentation" xlink:title="dokumentation_resource_OkningAvSkattemassigtResultatMedAnledningAvAterfortUppskovAvKapitalvinst_784_documentation" xml:lang="sv">Ökning av skattemässigt resultat med anledning av återfört uppskov av kapitalvinst vid andelsbyten m.m.</link:label>
		<link:labelArc xlink:type="arc" xlink:arcrole="http://www.xbrl.org/2003/arcrole/concept-label" xlink:from="dokumentation_locator_OkningAvSkattemassigtResultatMedAnledningAvAterfortUppskovAvKapitalvinst" xlink:to="dokumentation_resource_OkningAvSkattemassigtResultatMedAnledningAvAterfortUppskovAvKapitalvinst_784_documentation" xlink:title="reference: dokumentation_locator_OkningAvSkattemassigtResultatMedAnledningAvAterfortUppskovAvKapitalvinst to dokumentation_resource_OkningAvSkattemassigtResultatMedAnledningAvAterfortUppskovAvKapitalvinst_784_documentation"/>
	</link:labelLink>
</link:linkbase>