<?xml version="1.0" encoding="UTF-8"?><!--Infil   : file:///O:/xmlstr/TaxSam/Inkomstdeklaration 2/INK2 FINAL/Iteration 14 - produktion/2022-05-17_18.39.40_10_KontrolleraOchGenerera_v1.00.xsl.xml--><!--XSLT-fil: file:///O:/xmlstr/TaxSam/Inkomstdeklaration 2/INK2 FINAL/Iteration 14 - produktion/20_UtokaBasskiktet_v1.00.xsl--><!--XSLT-fil: file:///O:/xmlstr/TaxSam/Inkomstdeklaration 2/INK2 FINAL/Iteration 14 - produktion/XSLTallmanKod_v1.00.xsl--><link:linkbase xmlns:xsi="http://www.w3.org/2001/XMLSchema-instance" xmlns:ref="http://www.xbrl.org/2004/ref" xmlns:link="http://www.xbrl.org/2003/linkbase" xmlns:xlink="http://www.w3.org/1999/xlink" xsi:schemaLocation="http://www.xbrl.org/2003/linkbase http://www.xbrl.org/2003/xbrl-linkbase-2003-12-31.xsd http://www.xbrl.org/2004/ref http://www.xbrl.org/2004/ref-2004-08-10.xsd">
	<link:roleRef roleURI="http://www.taxonomier.se/se/fr/role/reference/legislation/hfd" xlink:type="simple" xlink:href="../../../shared/role/se-leg-role/2021-10-31/se-leg-role-2021-10-31.xsd#LEG_ROLE_HFD"/>
	<link:referenceLink xlink:type="extended" xlink:role="http://www.taxonomier.se/se/fr/role/reference/legislation/hfd" id="HFD">
		<link:loc xlink:type="locator" xlink:href="se-tax-base-2022-05-24.xsd#se-tax-base_UnderlagForSarskildLoneskattAbstract" xlink:label="referens_locator_UnderlagForSarskildLoneskattAbstract_HFD_62" xlink:title="referens_locator_UnderlagForSarskildLoneskattAbstract_HFD_62"/>
		<link:reference xlink:type="resource" xlink:label="referens_resource_UnderlagForSarskildLoneskattAbstract_HFD_62_reference" xlink:role="http://www.xbrl.org/2003/role/reference" xlink:title="referens_resource_UnderlagForSarskildLoneskattAbstract_HFD_62_reference">
			<ref:Publisher>Högsta förvaltningsdomstolen</ref:Publisher>
			<ref:Name>HFD</ref:Name>
			<ref:Number>2011 not. 42</ref:Number>
		</link:reference>
		<link:referenceArc xlink:type="arc" xlink:arcrole="http://www.xbrl.org/2003/arcrole/concept-reference" xlink:from="referens_locator_UnderlagForSarskildLoneskattAbstract_HFD_62" xlink:to="referens_resource_UnderlagForSarskildLoneskattAbstract_HFD_62_reference" xlink:title="reference: referens_locator_UnderlagForSarskildLoneskattAbstract_HFD_62 to referens_resource_UnderlagForSarskildLoneskattAbstract_HFD_62_reference"/>
		<link:loc xlink:type="locator" xlink:href="se-tax-base-2022-05-24.xsd#se-tax-base_PositivtUnderlagForSarskildLoneskattPaPensionskostnader" xlink:label="referens_locator_PositivtUnderlagForSarskildLoneskattPaPensionskostnader_HFD_76" xlink:title="referens_locator_PositivtUnderlagForSarskildLoneskattPaPensionskostnader_HFD_76"/>
		<link:reference xlink:type="resource" xlink:label="referens_resource_PositivtUnderlagForSarskildLoneskattPaPensionskostnader_HFD_76_reference" xlink:role="http://www.xbrl.org/2003/role/reference" xlink:title="referens_resource_PositivtUnderlagForSarskildLoneskattPaPensionskostnader_HFD_76_reference">
			<ref:Publisher>Högsta förvaltningsdomstolen</ref:Publisher>
			<ref:Name>HFD</ref:Name>
			<ref:Number>2011 not. 42</ref:Number>
		</link:reference>
		<link:referenceArc xlink:type="arc" xlink:arcrole="http://www.xbrl.org/2003/arcrole/concept-reference" xlink:from="referens_locator_PositivtUnderlagForSarskildLoneskattPaPensionskostnader_HFD_76" xlink:to="referens_resource_PositivtUnderlagForSarskildLoneskattPaPensionskostnader_HFD_76_reference" xlink:title="reference: referens_locator_PositivtUnderlagForSarskildLoneskattPaPensionskostnader_HFD_76 to referens_resource_PositivtUnderlagForSarskildLoneskattPaPensionskostnader_HFD_76_reference"/>
		<link:loc xlink:type="locator" xlink:href="se-tax-base-2022-05-24.xsd#se-tax-base_NegativtUnderlagForSarskildLoneskattPaPensionskostnader" xlink:label="referens_locator_NegativtUnderlagForSarskildLoneskattPaPensionskostnader_HFD_91" xlink:title="referens_locator_NegativtUnderlagForSarskildLoneskattPaPensionskostnader_HFD_91"/>
		<link:reference xlink:type="resource" xlink:label="referens_resource_NegativtUnderlagForSarskildLoneskattPaPensionskostnader_HFD_91_reference" xlink:role="http://www.xbrl.org/2003/role/reference" xlink:title="referens_resource_NegativtUnderlagForSarskildLoneskattPaPensionskostnader_HFD_91_reference">
			<ref:Publisher>Högsta förvaltningsdomstolen</ref:Publisher>
			<ref:Name>HFD</ref:Name>
			<ref:Number>2011 not. 42</ref:Number>
		</link:reference>
		<link:referenceArc xlink:type="arc" xlink:arcrole="http://www.xbrl.org/2003/arcrole/concept-reference" xlink:from="referens_locator_NegativtUnderlagForSarskildLoneskattPaPensionskostnader_HFD_91" xlink:to="referens_resource_NegativtUnderlagForSarskildLoneskattPaPensionskostnader_HFD_91_reference" xlink:title="reference: referens_locator_NegativtUnderlagForSarskildLoneskattPaPensionskostnader_HFD_91 to referens_resource_NegativtUnderlagForSarskildLoneskattPaPensionskostnader_HFD_91_reference"/>
		<link:loc xlink:type="locator" xlink:href="se-tax-base-2022-05-24.xsd#se-tax-base_UnderlagForAvkastningsskattAbstract" xlink:label="referens_locator_UnderlagForAvkastningsskattAbstract_HFD_100" xlink:title="referens_locator_UnderlagForAvkastningsskattAbstract_HFD_100"/>
		<link:reference xlink:type="resource" xlink:label="referens_resource_UnderlagForAvkastningsskattAbstract_HFD_100_reference" xlink:role="http://www.xbrl.org/2003/role/reference" xlink:title="referens_resource_UnderlagForAvkastningsskattAbstract_HFD_100_reference">
			<ref:Publisher>Högsta förvaltningsdomstolen</ref:Publisher>
			<ref:Name>HFD</ref:Name>
			<ref:Number>2011 not. 73</ref:Number>
		</link:reference>
		<link:referenceArc xlink:type="arc" xlink:arcrole="http://www.xbrl.org/2003/arcrole/concept-reference" xlink:from="referens_locator_UnderlagForAvkastningsskattAbstract_HFD_100" xlink:to="referens_resource_UnderlagForAvkastningsskattAbstract_HFD_100_reference" xlink:title="reference: referens_locator_UnderlagForAvkastningsskattAbstract_HFD_100 to referens_resource_UnderlagForAvkastningsskattAbstract_HFD_100_reference"/>
		<link:loc xlink:type="locator" xlink:href="se-tax-base-2022-05-24.xsd#se-tax-base_UnderlagForAvkastningsskatt15ProcentForsakringsforetagMFlSamtAvsattTillPensioner" xlink:label="referens_locator_UnderlagForAvkastningsskatt15ProcentForsakringsforetagMFlSamtAvsattTillPensioner_HFD_108" xlink:title="referens_locator_UnderlagForAvkastningsskatt15ProcentForsakringsforetagMFlSamtAvsattTillPensioner_HFD_108"/>
		<link:reference xlink:type="resource" xlink:label="referens_resource_UnderlagForAvkastningsskatt15ProcentForsakringsforetagMFlSamtAvsattTillPensioner_HFD_108_reference" xlink:role="http://www.xbrl.org/2003/role/reference" xlink:title="referens_resource_UnderlagForAvkastningsskatt15ProcentForsakringsforetagMFlSamtAvsattTillPensioner_HFD_108_reference">
			<ref:Publisher>Högsta förvaltningsdomstolen</ref:Publisher>
			<ref:Name>HFD</ref:Name>
			<ref:Number>2011 not. 73</ref:Number>
		</link:reference>
		<link:referenceArc xlink:type="arc" xlink:arcrole="http://www.xbrl.org/2003/arcrole/concept-reference" xlink:from="referens_locator_UnderlagForAvkastningsskatt15ProcentForsakringsforetagMFlSamtAvsattTillPensioner_HFD_108" xlink:to="referens_resource_UnderlagForAvkastningsskatt15ProcentForsakringsforetagMFlSamtAvsattTillPensioner_HFD_108_reference" xlink:title="reference: referens_locator_UnderlagForAvkastningsskatt15ProcentForsakringsforetagMFlSamtAvsattTillPensioner_HFD_108 to referens_resource_UnderlagForAvkastningsskatt15ProcentForsakringsforetagMFlSamtAvsattTillPensioner_HFD_108_reference"/>
	</link:referenceLink>
</link:linkbase>