<?xml version="1.0" encoding="UTF-8"?><!--Infil   : file:///O:/xmlstr/TaxSam/Inkomstdeklaration 2/INK2 FINAL/Iteration 14 - produktion/2022-05-17_18.39.40_10_KontrolleraOchGenerera_v1.00.xsl.xml--><!--XSLT-fil: file:///O:/xmlstr/TaxSam/Inkomstdeklaration 2/INK2 FINAL/Iteration 14 - produktion/20_UtokaBasskiktet_v1.00.xsl--><!--XSLT-fil: file:///O:/xmlstr/TaxSam/Inkomstdeklaration 2/INK2 FINAL/Iteration 14 - produktion/XSLTallmanKod_v1.00.xsl--><link:linkbase xmlns:xsi="http://www.w3.org/2001/XMLSchema-instance" xmlns:ref="http://www.xbrl.org/2004/ref" xmlns:link="http://www.xbrl.org/2003/linkbase" xmlns:xlink="http://www.w3.org/1999/xlink" xsi:schemaLocation="http://www.xbrl.org/2003/linkbase http://www.xbrl.org/2003/xbrl-linkbase-2003-12-31.xsd http://www.xbrl.org/2004/ref http://www.xbrl.org/2004/ref-2004-08-10.xsd">
	<link:roleRef roleURI="http://www.taxonomier.se/se/fr/role/reference/legislation/avpl" xlink:type="simple" xlink:href="../../../shared/role/se-leg-role/2021-10-31/se-leg-role-2021-10-31.xsd#LEG_ROLE_AVPL"/>
	<link:referenceLink xlink:type="extended" xlink:role="http://www.taxonomier.se/se/fr/role/reference/legislation/avpl" id="AVPL">
		<link:loc xlink:type="locator" xlink:href="se-tax-base-2022-05-24.xsd#se-tax-base_UnderlagForAvkastningsskattAbstract" xlink:label="referens_locator_UnderlagForAvkastningsskattAbstract_AvPL_93" xlink:title="referens_locator_UnderlagForAvkastningsskattAbstract_AvPL_93"/>
		<link:reference xlink:type="resource" xlink:label="referens_resource_UnderlagForAvkastningsskattAbstract_AvPL_93_reference" xlink:role="http://www.xbrl.org/2003/role/reference" xlink:title="referens_resource_UnderlagForAvkastningsskattAbstract_AvPL_93_reference">
			<ref:Name>AvPL</ref:Name>
			<ref:Number>1990:661</ref:Number>
		</link:reference>
		<link:referenceArc xlink:type="arc" xlink:arcrole="http://www.xbrl.org/2003/arcrole/concept-reference" xlink:from="referens_locator_UnderlagForAvkastningsskattAbstract_AvPL_93" xlink:to="referens_resource_UnderlagForAvkastningsskattAbstract_AvPL_93_reference" xlink:title="reference: referens_locator_UnderlagForAvkastningsskattAbstract_AvPL_93 to referens_resource_UnderlagForAvkastningsskattAbstract_AvPL_93_reference"/>
		<link:loc xlink:type="locator" xlink:href="se-tax-base-2022-05-24.xsd#se-tax-base_UnderlagForAvkastningsskatt15ProcentForsakringsforetagMFlSamtAvsattTillPensioner" xlink:label="referens_locator_UnderlagForAvkastningsskatt15ProcentForsakringsforetagMFlSamtAvsattTillPensioner_AvPL_101" xlink:title="referens_locator_UnderlagForAvkastningsskatt15ProcentForsakringsforetagMFlSamtAvsattTillPensioner_AvPL_101"/>
		<link:reference xlink:type="resource" xlink:label="referens_resource_UnderlagForAvkastningsskatt15ProcentForsakringsforetagMFlSamtAvsattTillPensioner_AvPL_101_reference" xlink:role="http://www.xbrl.org/2003/role/reference" xlink:title="referens_resource_UnderlagForAvkastningsskatt15ProcentForsakringsforetagMFlSamtAvsattTillPensioner_AvPL_101_reference">
			<ref:Name>AvPL</ref:Name>
			<ref:Number>1990:661</ref:Number>
		</link:reference>
		<link:referenceArc xlink:type="arc" xlink:arcrole="http://www.xbrl.org/2003/arcrole/concept-reference" xlink:from="referens_locator_UnderlagForAvkastningsskatt15ProcentForsakringsforetagMFlSamtAvsattTillPensioner_AvPL_101" xlink:to="referens_resource_UnderlagForAvkastningsskatt15ProcentForsakringsforetagMFlSamtAvsattTillPensioner_AvPL_101_reference" xlink:title="reference: referens_locator_UnderlagForAvkastningsskatt15ProcentForsakringsforetagMFlSamtAvsattTillPensioner_AvPL_101 to referens_resource_UnderlagForAvkastningsskatt15ProcentForsakringsforetagMFlSamtAvsattTillPensioner_AvPL_101_reference"/>
		<link:loc xlink:type="locator" xlink:href="se-tax-base-2022-05-24.xsd#se-tax-base_UnderlagForAvkastningsskatt15ProcentUtlandskaPensionsforsakringar" xlink:label="referens_locator_UnderlagForAvkastningsskatt15ProcentUtlandskaPensionsforsakringar_AvPL_110" xlink:title="referens_locator_UnderlagForAvkastningsskatt15ProcentUtlandskaPensionsforsakringar_AvPL_110"/>
		<link:reference xlink:type="resource" xlink:label="referens_resource_UnderlagForAvkastningsskatt15ProcentUtlandskaPensionsforsakringar_AvPL_110_reference" xlink:role="http://www.xbrl.org/2003/role/reference" xlink:title="referens_resource_UnderlagForAvkastningsskatt15ProcentUtlandskaPensionsforsakringar_AvPL_110_reference">
			<ref:Name>AvPL</ref:Name>
			<ref:Number>1990:661</ref:Number>
		</link:reference>
		<link:referenceArc xlink:type="arc" xlink:arcrole="http://www.xbrl.org/2003/arcrole/concept-reference" xlink:from="referens_locator_UnderlagForAvkastningsskatt15ProcentUtlandskaPensionsforsakringar_AvPL_110" xlink:to="referens_resource_UnderlagForAvkastningsskatt15ProcentUtlandskaPensionsforsakringar_AvPL_110_reference" xlink:title="reference: referens_locator_UnderlagForAvkastningsskatt15ProcentUtlandskaPensionsforsakringar_AvPL_110 to referens_resource_UnderlagForAvkastningsskatt15ProcentUtlandskaPensionsforsakringar_AvPL_110_reference"/>
		<link:loc xlink:type="locator" xlink:href="se-tax-base-2022-05-24.xsd#se-tax-base_UnderlagForAvkastningsskatt30ProcentForsakringsforetagMFl" xlink:label="referens_locator_UnderlagForAvkastningsskatt30ProcentForsakringsforetagMFl_AvPL_114" xlink:title="referens_locator_UnderlagForAvkastningsskatt30ProcentForsakringsforetagMFl_AvPL_114"/>
		<link:reference xlink:type="resource" xlink:label="referens_resource_UnderlagForAvkastningsskatt30ProcentForsakringsforetagMFl_AvPL_114_reference" xlink:role="http://www.xbrl.org/2003/role/reference" xlink:title="referens_resource_UnderlagForAvkastningsskatt30ProcentForsakringsforetagMFl_AvPL_114_reference">
			<ref:Name>AvPL</ref:Name>
			<ref:Number>1990:661</ref:Number>
		</link:reference>
		<link:referenceArc xlink:type="arc" xlink:arcrole="http://www.xbrl.org/2003/arcrole/concept-reference" xlink:from="referens_locator_UnderlagForAvkastningsskatt30ProcentForsakringsforetagMFl_AvPL_114" xlink:to="referens_resource_UnderlagForAvkastningsskatt30ProcentForsakringsforetagMFl_AvPL_114_reference" xlink:title="reference: referens_locator_UnderlagForAvkastningsskatt30ProcentForsakringsforetagMFl_AvPL_114 to referens_resource_UnderlagForAvkastningsskatt30ProcentForsakringsforetagMFl_AvPL_114_reference"/>
		<link:loc xlink:type="locator" xlink:href="se-tax-base-2022-05-24.xsd#se-tax-base_UnderlagForAvkastningsskatt30ProcentUtlandskaKapitalforsakringar" xlink:label="referens_locator_UnderlagForAvkastningsskatt30ProcentUtlandskaKapitalforsakringar_AvPL_120" xlink:title="referens_locator_UnderlagForAvkastningsskatt30ProcentUtlandskaKapitalforsakringar_AvPL_120"/>
		<link:reference xlink:type="resource" xlink:label="referens_resource_UnderlagForAvkastningsskatt30ProcentUtlandskaKapitalforsakringar_AvPL_120_reference" xlink:role="http://www.xbrl.org/2003/role/reference" xlink:title="referens_resource_UnderlagForAvkastningsskatt30ProcentUtlandskaKapitalforsakringar_AvPL_120_reference">
			<ref:Name>AvPL</ref:Name>
			<ref:Number>1990:661</ref:Number>
		</link:reference>
		<link:referenceArc xlink:type="arc" xlink:arcrole="http://www.xbrl.org/2003/arcrole/concept-reference" xlink:from="referens_locator_UnderlagForAvkastningsskatt30ProcentUtlandskaKapitalforsakringar_AvPL_120" xlink:to="referens_resource_UnderlagForAvkastningsskatt30ProcentUtlandskaKapitalforsakringar_AvPL_120_reference" xlink:title="reference: referens_locator_UnderlagForAvkastningsskatt30ProcentUtlandskaKapitalforsakringar_AvPL_120 to referens_resource_UnderlagForAvkastningsskatt30ProcentUtlandskaKapitalforsakringar_AvPL_120_reference"/>
	</link:referenceLink>
</link:linkbase>