<?xml version="1.0" encoding="UTF-8"?>
<!-- Generated by Fujitsu Interstage XWand B0255 -->
<link:linkbase xmlns:xsi="http://www.w3.org/2001/XMLSchema-instance" xsi:schemaLocation="http://www.xbrl.org/2003/linkbase http://www.xbrl.org/2003/xbrl-linkbase-2003-12-31.xsd" xmlns:se-k2-filial-ext="http://www.taxonomier.se/se/fr/gaap/k2-filial-ext/2024-09-12" xmlns:link="http://www.xbrl.org/2003/linkbase" xmlns:xlink="http://www.w3.org/1999/xlink" xmlns:xbrli="http://www.xbrl.org/2003/instance">
  <link:labelLink xlink:type="extended" xlink:role="http://www.xbrl.org/2003/role/link">
    <link:loc xlink:type="locator" xlink:href="../../../../../base/se-gen-base/2021-10-31/se-gen-base-2021-10-31.xsd#se-gen-base_FondYttreUnderhall" xlink:label="FondYttreUnderhall" xlink:title="FondYttreUnderhall"/>
    <link:label xlink:type="resource" xlink:label="label_FondYttreUnderhall_2" xlink:role="http://www.xbrl.org/2003/role/periodStartLabel" xlink:title="label_FondYttreUnderhall" xml:lang="sv" id="label_FondYttreUnderhall_2">Belopp vid årets ingång</link:label>
    <link:labelArc xlink:type="arc" xlink:arcrole="http://www.xbrl.org/2003/arcrole/concept-label" xlink:from="FondYttreUnderhall" xlink:to="label_FondYttreUnderhall_2" xlink:title="label: FondYttreUnderhall to label_FondYttreUnderhall"/>
    <link:label xlink:type="resource" xlink:label="label_FondYttreUnderhall_3" xlink:role="http://www.xbrl.org/2003/role/periodEndLabel" xlink:title="label_FondYttreUnderhall" xml:lang="sv" id="label_FondYttreUnderhall_3">Belopp vid årets utgång</link:label>
    <link:labelArc xlink:type="arc" xlink:arcrole="http://www.xbrl.org/2003/arcrole/concept-label" xlink:from="FondYttreUnderhall" xlink:to="label_FondYttreUnderhall_3" xlink:title="label: FondYttreUnderhall to label_FondYttreUnderhall"/>
    <link:loc xlink:type="locator" xlink:href="../../../../../base/se-gen-base/2021-10-31/se-gen-base-2021-10-31.xsd#se-gen-base_ForandringIngaendeEgetKapitalOvergangK2Medlemsinsatser" xlink:label="ForandringIngaendeEgetKapitalOvergangK2Medlemsinsatser" xlink:title="ForandringIngaendeEgetKapitalOvergangK2Medlemsinsatser"/>
    <link:label xlink:type="resource" xlink:label="label_ForandringIngaendeEgetKapitalOvergangK2Medlemsinsatser" xlink:role="http://www.xbrl.org/2003/role/periodStartLabel" xlink:title="label_ForandringIngaendeEgetKapitalOvergangK2Medlemsinsatser" xml:lang="sv" id="label_ForandringIngaendeEgetKapitalOvergangK2Medlemsinsatser">Belopp vid årets ingång enligt fastställd balansräkning</link:label>
    <link:labelArc xlink:type="arc" xlink:arcrole="http://www.xbrl.org/2003/arcrole/concept-label" xlink:from="ForandringIngaendeEgetKapitalOvergangK2Medlemsinsatser" xlink:to="label_ForandringIngaendeEgetKapitalOvergangK2Medlemsinsatser" xlink:title="label: ForandringIngaendeEgetKapitalOvergangK2Medlemsinsatser to label_ForandringIngaendeEgetKapitalOvergangK2Medlemsinsatser"/>
    <link:label xlink:type="resource" xlink:label="label_ForandringIngaendeEgetKapitalOvergangK2Medlemsinsatser_2" xlink:role="http://www.xbrl.org/2003/role/periodEndLabel" xlink:title="label_ForandringIngaendeEgetKapitalOvergangK2Medlemsinsatser" xml:lang="sv" id="label_ForandringIngaendeEgetKapitalOvergangK2Medlemsinsatser_2">Korrigerat belopp vid årets ingång</link:label>
    <link:labelArc xlink:type="arc" xlink:arcrole="http://www.xbrl.org/2003/arcrole/concept-label" xlink:from="ForandringIngaendeEgetKapitalOvergangK2Medlemsinsatser" xlink:to="label_ForandringIngaendeEgetKapitalOvergangK2Medlemsinsatser_2" xlink:title="label: ForandringIngaendeEgetKapitalOvergangK2Medlemsinsatser to label_ForandringIngaendeEgetKapitalOvergangK2Medlemsinsatser"/>
    <link:loc xlink:type="locator" xlink:href="../../../../../base/se-gen-base/2021-10-31/se-gen-base-2021-10-31.xsd#se-gen-base_ForandringIngaendeEgetKapitalOvergangK2ForlagsinsatserAbstract" xlink:label="ForandringIngaendeEgetKapitalOvergangK2ForlagsinsatserAbstract" xlink:title="ForandringIngaendeEgetKapitalOvergangK2ForlagsinsatserAbstract"/>
    <link:label xlink:type="resource" xlink:label="label_ForandringIngaendeEgetKapitalOvergangK2ForlagsinsatserAbstract" xlink:role="http://www.xbrl.org/2003/role/periodStartLabel" xlink:title="label_ForandringIngaendeEgetKapitalOvergangK2ForlagsinsatserAbstract" xml:lang="sv" id="label_ForandringIngaendeEgetKapitalOvergangK2ForlagsinsatserAbstract">Belopp vid årets ingång enligt fastställd balansräkning</link:label>
    <link:labelArc xlink:type="arc" xlink:arcrole="http://www.xbrl.org/2003/arcrole/concept-label" xlink:from="ForandringIngaendeEgetKapitalOvergangK2ForlagsinsatserAbstract" xlink:to="label_ForandringIngaendeEgetKapitalOvergangK2ForlagsinsatserAbstract" xlink:title="label: ForandringIngaendeEgetKapitalOvergangK2ForlagsinsatserAbstract to label_ForandringIngaendeEgetKapitalOvergangK2ForlagsinsatserAbstract"/>
    <link:label xlink:type="resource" xlink:label="label_ForandringIngaendeEgetKapitalOvergangK2ForlagsinsatserAbstract_2" xlink:role="http://www.xbrl.org/2003/role/periodEndLabel" xlink:title="label_ForandringIngaendeEgetKapitalOvergangK2ForlagsinsatserAbstract" xml:lang="sv" id="label_ForandringIngaendeEgetKapitalOvergangK2ForlagsinsatserAbstract_2">Korrigerat belopp vid årets ingång</link:label>
    <link:labelArc xlink:type="arc" xlink:arcrole="http://www.xbrl.org/2003/arcrole/concept-label" xlink:from="ForandringIngaendeEgetKapitalOvergangK2ForlagsinsatserAbstract" xlink:to="label_ForandringIngaendeEgetKapitalOvergangK2ForlagsinsatserAbstract_2" xlink:title="label: ForandringIngaendeEgetKapitalOvergangK2ForlagsinsatserAbstract to label_ForandringIngaendeEgetKapitalOvergangK2ForlagsinsatserAbstract"/>
    <link:loc xlink:type="locator" xlink:href="../../../../../base/se-gen-base/2021-10-31/se-gen-base-2021-10-31.xsd#se-gen-base_ForandringIngaendeEgetKapitalOvergangK2Forlagsinsatser" xlink:label="ForandringIngaendeEgetKapitalOvergangK2Forlagsinsatser" xlink:title="ForandringIngaendeEgetKapitalOvergangK2Forlagsinsatser"/>
    <link:label xlink:type="resource" xlink:label="label_ForandringIngaendeEgetKapitalOvergangK2Forlagsinsatser" xlink:role="http://www.xbrl.org/2003/role/periodStartLabel" xlink:title="label_ForandringIngaendeEgetKapitalOvergangK2Forlagsinsatser" xml:lang="sv" id="label_ForandringIngaendeEgetKapitalOvergangK2Forlagsinsatser">Belopp vid årets ingång enligt fastställd balansräkning</link:label>
    <link:labelArc xlink:type="arc" xlink:arcrole="http://www.xbrl.org/2003/arcrole/concept-label" xlink:from="ForandringIngaendeEgetKapitalOvergangK2Forlagsinsatser" xlink:to="label_ForandringIngaendeEgetKapitalOvergangK2Forlagsinsatser" xlink:title="label: ForandringIngaendeEgetKapitalOvergangK2Forlagsinsatser to label_ForandringIngaendeEgetKapitalOvergangK2Forlagsinsatser"/>
    <link:label xlink:type="resource" xlink:label="label_ForandringIngaendeEgetKapitalOvergangK2Forlagsinsatser_2" xlink:role="http://www.xbrl.org/2003/role/periodEndLabel" xlink:title="label_ForandringIngaendeEgetKapitalOvergangK2Forlagsinsatser" xml:lang="sv" id="label_ForandringIngaendeEgetKapitalOvergangK2Forlagsinsatser_2">Korrigerat belopp vid årets ingång</link:label>
    <link:labelArc xlink:type="arc" xlink:arcrole="http://www.xbrl.org/2003/arcrole/concept-label" xlink:from="ForandringIngaendeEgetKapitalOvergangK2Forlagsinsatser" xlink:to="label_ForandringIngaendeEgetKapitalOvergangK2Forlagsinsatser_2" xlink:title="label: ForandringIngaendeEgetKapitalOvergangK2Forlagsinsatser to label_ForandringIngaendeEgetKapitalOvergangK2Forlagsinsatser"/>
    <link:loc xlink:type="locator" xlink:href="../../../../../base/se-gen-base/2021-10-31/se-gen-base-2021-10-31.xsd#se-gen-base_ForandringIngaendeEgetKapitalOvergangK2FondYttreUnderhall" xlink:label="ForandringIngaendeEgetKapitalOvergangK2FondYttreUnderhall" xlink:title="ForandringIngaendeEgetKapitalOvergangK2FondYttreUnderhall"/>
    <link:label xlink:type="resource" xlink:label="label_ForandringIngaendeEgetKapitalOvergangK2FondYttreUnderhall" xlink:role="http://www.xbrl.org/2003/role/periodStartLabel" xlink:title="label_ForandringIngaendeEgetKapitalOvergangK2FondYttreUnderhall" xml:lang="sv" id="label_ForandringIngaendeEgetKapitalOvergangK2FondYttreUnderhall">Belopp vid årets ingång enligt fastställd balansräkning</link:label>
    <link:labelArc xlink:type="arc" xlink:arcrole="http://www.xbrl.org/2003/arcrole/concept-label" xlink:from="ForandringIngaendeEgetKapitalOvergangK2FondYttreUnderhall" xlink:to="label_ForandringIngaendeEgetKapitalOvergangK2FondYttreUnderhall" xlink:title="label: ForandringIngaendeEgetKapitalOvergangK2FondYttreUnderhall to label_ForandringIngaendeEgetKapitalOvergangK2FondYttreUnderhall"/>
    <link:label xlink:type="resource" xlink:label="label_ForandringIngaendeEgetKapitalOvergangK2FondYttreUnderhall_2" xlink:role="http://www.xbrl.org/2003/role/periodEndLabel" xlink:title="label_ForandringIngaendeEgetKapitalOvergangK2FondYttreUnderhall" xml:lang="sv" id="label_ForandringIngaendeEgetKapitalOvergangK2FondYttreUnderhall_2">Korrigerat belopp vid årets ingång</link:label>
    <link:labelArc xlink:type="arc" xlink:arcrole="http://www.xbrl.org/2003/arcrole/concept-label" xlink:from="ForandringIngaendeEgetKapitalOvergangK2FondYttreUnderhall" xlink:to="label_ForandringIngaendeEgetKapitalOvergangK2FondYttreUnderhall_2" xlink:title="label: ForandringIngaendeEgetKapitalOvergangK2FondYttreUnderhall to label_ForandringIngaendeEgetKapitalOvergangK2FondYttreUnderhall"/>
    <link:loc xlink:type="locator" xlink:href="../../../../../base/se-gen-base/2021-10-31/se-gen-base-2021-10-31.xsd#se-gen-base_ForandringEgetKapitalTotaltReserveringFondYttreUnderhall" xlink:label="ForandringEgetKapitalTotaltReserveringFondYttreUnderhall" xlink:title="ForandringEgetKapitalTotaltReserveringFondYttreUnderhall"/>
    <link:label xlink:type="resource" xlink:label="label_ForandringEgetKapitalTotaltReserveringFondYttreUnderhall" xlink:role="http://www.xbrl.org/2003/role/totalLabel" xlink:title="label_ForandringEgetKapitalTotaltReserveringFondYttreUnderhall" xml:lang="sv" id="label_ForandringEgetKapitalTotaltReserveringFondYttreUnderhall">Reservering till fond för yttre underhåll</link:label>
    <link:labelArc xlink:type="arc" xlink:arcrole="http://www.xbrl.org/2003/arcrole/concept-label" xlink:from="ForandringEgetKapitalTotaltReserveringFondYttreUnderhall" xlink:to="label_ForandringEgetKapitalTotaltReserveringFondYttreUnderhall" xlink:title="label: ForandringEgetKapitalTotaltReserveringFondYttreUnderhall to label_ForandringEgetKapitalTotaltReserveringFondYttreUnderhall"/>
    <link:loc xlink:type="locator" xlink:href="../../../../../base/se-gen-base/2021-10-31/se-gen-base-2021-10-31.xsd#se-gen-base_ForandringEgetKapitalTotaltAnvandningFondYttreUnderhall" xlink:label="ForandringEgetKapitalTotaltAnvandningFondYttreUnderhall" xlink:title="ForandringEgetKapitalTotaltAnvandningFondYttreUnderhall"/>
    <link:label xlink:type="resource" xlink:label="label_ForandringEgetKapitalTotaltAnvandningFondYttreUnderhall" xlink:role="http://www.xbrl.org/2003/role/totalLabel" xlink:title="label_ForandringEgetKapitalTotaltAnvandningFondYttreUnderhall" xml:lang="sv" id="label_ForandringEgetKapitalTotaltAnvandningFondYttreUnderhall">Ianspråktagande av fond för yttre underhåll </link:label>
    <link:labelArc xlink:type="arc" xlink:arcrole="http://www.xbrl.org/2003/arcrole/concept-label" xlink:from="ForandringEgetKapitalTotaltAnvandningFondYttreUnderhall" xlink:to="label_ForandringEgetKapitalTotaltAnvandningFondYttreUnderhall" xlink:title="label: ForandringEgetKapitalTotaltAnvandningFondYttreUnderhall to label_ForandringEgetKapitalTotaltAnvandningFondYttreUnderhall"/>
    <link:loc xlink:type="locator" xlink:href="../../../../../base/se-gen-base/2021-10-31/se-gen-base-2021-10-31.xsd#se-gen-base_ForandringEgetKapitalTotaltInbetaldaMedlemsinsatser" xlink:label="ForandringEgetKapitalTotaltInbetaldaMedlemsinsatser" xlink:title="ForandringEgetKapitalTotaltInbetaldaMedlemsinsatser"/>
    <link:label xlink:type="resource" xlink:label="label_ForandringEgetKapitalTotaltInbetaldaMedlemsinsatser" xlink:role="http://www.xbrl.org/2003/role/totalLabel" xlink:title="label_ForandringEgetKapitalTotaltInbetaldaMedlemsinsatser" xml:lang="sv" id="label_ForandringEgetKapitalTotaltInbetaldaMedlemsinsatser">Inbetalda obligatoriska medlemsinsatser </link:label>
    <link:labelArc xlink:type="arc" xlink:arcrole="http://www.xbrl.org/2003/arcrole/concept-label" xlink:from="ForandringEgetKapitalTotaltInbetaldaMedlemsinsatser" xlink:to="label_ForandringEgetKapitalTotaltInbetaldaMedlemsinsatser" xlink:title="label: ForandringEgetKapitalTotaltInbetaldaMedlemsinsatser to label_ForandringEgetKapitalTotaltInbetaldaMedlemsinsatser"/>
    <link:loc xlink:type="locator" xlink:href="../../../../../base/se-gen-base/2021-10-31/se-gen-base-2021-10-31.xsd#se-gen-base_ForandringEgetKapitalTotaltAterbetaldaMedlemsinsatser" xlink:label="ForandringEgetKapitalTotaltAterbetaldaMedlemsinsatser" xlink:title="ForandringEgetKapitalTotaltAterbetaldaMedlemsinsatser"/>
    <link:label xlink:type="resource" xlink:label="label_ForandringEgetKapitalTotaltAterbetaldaMedlemsinsatser" xlink:role="http://www.xbrl.org/2003/role/totalLabel" xlink:title="label_ForandringEgetKapitalTotaltAterbetaldaMedlemsinsatser" xml:lang="sv" id="label_ForandringEgetKapitalTotaltAterbetaldaMedlemsinsatser">Återbetalda obligatoriska medlemsinsatser </link:label>
    <link:labelArc xlink:type="arc" xlink:arcrole="http://www.xbrl.org/2003/arcrole/concept-label" xlink:from="ForandringEgetKapitalTotaltAterbetaldaMedlemsinsatser" xlink:to="label_ForandringEgetKapitalTotaltAterbetaldaMedlemsinsatser" xlink:title="label: ForandringEgetKapitalTotaltAterbetaldaMedlemsinsatser to label_ForandringEgetKapitalTotaltAterbetaldaMedlemsinsatser"/>
    <link:loc xlink:type="locator" xlink:href="../../../../../base/se-gen-base/2021-10-31/se-gen-base-2021-10-31.xsd#se-gen-base_ForandringEgetKapitalTotaltForverkadeMedlemsinsatser" xlink:label="ForandringEgetKapitalTotaltForverkadeMedlemsinsatser" xlink:title="ForandringEgetKapitalTotaltForverkadeMedlemsinsatser"/>
    <link:label xlink:type="resource" xlink:label="label_ForandringEgetKapitalTotaltForverkadeMedlemsinsatser" xlink:role="http://www.xbrl.org/2003/role/totalLabel" xlink:title="label_ForandringEgetKapitalTotaltForverkadeMedlemsinsatser" xml:lang="sv" id="label_ForandringEgetKapitalTotaltForverkadeMedlemsinsatser">Förverkade obligatoriska medlemsinsatser </link:label>
    <link:labelArc xlink:type="arc" xlink:arcrole="http://www.xbrl.org/2003/arcrole/concept-label" xlink:from="ForandringEgetKapitalTotaltForverkadeMedlemsinsatser" xlink:to="label_ForandringEgetKapitalTotaltForverkadeMedlemsinsatser" xlink:title="label: ForandringEgetKapitalTotaltForverkadeMedlemsinsatser to label_ForandringEgetKapitalTotaltForverkadeMedlemsinsatser"/>
    <link:loc xlink:type="locator" xlink:href="../../../../../base/se-gen-base/2021-10-31/se-gen-base-2021-10-31.xsd#se-gen-base_ForandringEgetKapitalTotaltUpplatelseavgifterMedlemsinsatser" xlink:label="ForandringEgetKapitalTotaltUpplatelseavgifterMedlemsinsatser" xlink:title="ForandringEgetKapitalTotaltUpplatelseavgifterMedlemsinsatser"/>
    <link:label xlink:type="resource" xlink:label="label_ForandringEgetKapitalTotaltUpplatelseavgifterMedlemsinsatser" xlink:role="http://www.xbrl.org/2003/role/totalLabel" xlink:title="label_ForandringEgetKapitalTotaltUpplatelseavgifterMedlemsinsatser" xml:lang="sv" id="label_ForandringEgetKapitalTotaltUpplatelseavgifterMedlemsinsatser">Förändringar av upplåtelseavgifter </link:label>
    <link:labelArc xlink:type="arc" xlink:arcrole="http://www.xbrl.org/2003/arcrole/concept-label" xlink:from="ForandringEgetKapitalTotaltUpplatelseavgifterMedlemsinsatser" xlink:to="label_ForandringEgetKapitalTotaltUpplatelseavgifterMedlemsinsatser" xlink:title="label: ForandringEgetKapitalTotaltUpplatelseavgifterMedlemsinsatser to label_ForandringEgetKapitalTotaltUpplatelseavgifterMedlemsinsatser"/>
    <link:loc xlink:type="locator" xlink:href="../../../../../base/se-gen-base/2021-10-31/se-gen-base-2021-10-31.xsd#se-gen-base_ForandringEgetKapitalTotaltMedlemsinsatserInsatsemission" xlink:label="ForandringEgetKapitalTotaltMedlemsinsatserInsatsemission" xlink:title="ForandringEgetKapitalTotaltMedlemsinsatserInsatsemission"/>
    <link:label xlink:type="resource" xlink:label="label_ForandringEgetKapitalTotaltMedlemsinsatserInsatsemission" xlink:role="http://www.xbrl.org/2003/role/totalLabel" xlink:title="label_ForandringEgetKapitalTotaltMedlemsinsatserInsatsemission" xml:lang="sv" id="label_ForandringEgetKapitalTotaltMedlemsinsatserInsatsemission">Insatsemission</link:label>
    <link:labelArc xlink:type="arc" xlink:arcrole="http://www.xbrl.org/2003/arcrole/concept-label" xlink:from="ForandringEgetKapitalTotaltMedlemsinsatserInsatsemission" xlink:to="label_ForandringEgetKapitalTotaltMedlemsinsatserInsatsemission" xlink:title="label: ForandringEgetKapitalTotaltMedlemsinsatserInsatsemission to label_ForandringEgetKapitalTotaltMedlemsinsatserInsatsemission"/>
    <link:loc xlink:type="locator" xlink:href="../../../../../base/se-gen-base/2021-10-31/se-gen-base-2021-10-31.xsd#se-gen-base_ForandringEgetKapitalTotaltMedlemsinsatserUtbetaldEmissionsinsats" xlink:label="ForandringEgetKapitalTotaltMedlemsinsatserUtbetaldEmissionsinsats" xlink:title="ForandringEgetKapitalTotaltMedlemsinsatserUtbetaldEmissionsinsats"/>
    <link:label xlink:type="resource" xlink:label="label_ForandringEgetKapitalTotaltMedlemsinsatserUtbetaldEmissionsinsats" xlink:role="http://www.xbrl.org/2003/role/totalLabel" xlink:title="label_ForandringEgetKapitalTotaltMedlemsinsatserUtbetaldEmissionsinsats" xml:lang="sv" id="label_ForandringEgetKapitalTotaltMedlemsinsatserUtbetaldEmissionsinsats">Utbetalda emissionsinsatser </link:label>
    <link:labelArc xlink:type="arc" xlink:arcrole="http://www.xbrl.org/2003/arcrole/concept-label" xlink:from="ForandringEgetKapitalTotaltMedlemsinsatserUtbetaldEmissionsinsats" xlink:to="label_ForandringEgetKapitalTotaltMedlemsinsatserUtbetaldEmissionsinsats" xlink:title="label: ForandringEgetKapitalTotaltMedlemsinsatserUtbetaldEmissionsinsats to label_ForandringEgetKapitalTotaltMedlemsinsatserUtbetaldEmissionsinsats"/>
    <link:loc xlink:type="locator" xlink:href="../../../../../base/se-gen-base/2021-10-31/se-gen-base-2021-10-31.xsd#se-gen-base_ForandringEgetKapitalTotaltInbetaldaForlagsinsatser" xlink:label="ForandringEgetKapitalTotaltInbetaldaForlagsinsatser" xlink:title="ForandringEgetKapitalTotaltInbetaldaForlagsinsatser"/>
    <link:label xlink:type="resource" xlink:label="label_ForandringEgetKapitalTotaltInbetaldaForlagsinsatser" xlink:role="http://www.xbrl.org/2003/role/totalLabel" xlink:title="label_ForandringEgetKapitalTotaltInbetaldaForlagsinsatser" xml:lang="sv" id="label_ForandringEgetKapitalTotaltInbetaldaForlagsinsatser">Inbetalda förlagsinsatser</link:label>
    <link:labelArc xlink:type="arc" xlink:arcrole="http://www.xbrl.org/2003/arcrole/concept-label" xlink:from="ForandringEgetKapitalTotaltInbetaldaForlagsinsatser" xlink:to="label_ForandringEgetKapitalTotaltInbetaldaForlagsinsatser" xlink:title="label: ForandringEgetKapitalTotaltInbetaldaForlagsinsatser to label_ForandringEgetKapitalTotaltInbetaldaForlagsinsatser"/>
    <link:loc xlink:type="locator" xlink:href="../../../../../base/se-gen-base/2021-10-31/se-gen-base-2021-10-31.xsd#se-gen-base_ForandringEgetKapitalTotaltInlostaForlagsinsatser" xlink:label="ForandringEgetKapitalTotaltInlostaForlagsinsatser" xlink:title="ForandringEgetKapitalTotaltInlostaForlagsinsatser"/>
    <link:label xlink:type="resource" xlink:label="label_ForandringEgetKapitalTotaltInlostaForlagsinsatser" xlink:role="http://www.xbrl.org/2003/role/totalLabel" xlink:title="label_ForandringEgetKapitalTotaltInlostaForlagsinsatser" xml:lang="sv" id="label_ForandringEgetKapitalTotaltInlostaForlagsinsatser">Inlösta förlagsinsatser</link:label>
    <link:labelArc xlink:type="arc" xlink:arcrole="http://www.xbrl.org/2003/arcrole/concept-label" xlink:from="ForandringEgetKapitalTotaltInlostaForlagsinsatser" xlink:to="label_ForandringEgetKapitalTotaltInlostaForlagsinsatser" xlink:title="label: ForandringEgetKapitalTotaltInlostaForlagsinsatser to label_ForandringEgetKapitalTotaltInlostaForlagsinsatser"/>
    <link:loc xlink:type="locator" xlink:href="../../../../../base/se-gen-base/2021-10-31/se-gen-base-2021-10-31.xsd#se-gen-base_AretsResultat" xlink:label="AretsResultat" xlink:title="AretsResultat"/>
    <link:label xlink:type="resource" xlink:label="label_AretsResultat" xlink:role="http://www.xbrl.org/2003/role/verboseLabel" xlink:title="label_AretsResultat" xml:lang="sv" id="label_AretsResultat">Stiftelser, ideella föreningar, samfällighetsföreningar</link:label>
    <link:labelArc xlink:type="arc" xlink:arcrole="http://www.xbrl.org/2003/arcrole/concept-label" xlink:from="AretsResultat" xlink:to="label_AretsResultat" xlink:title="label: AretsResultat to label_AretsResultat"/>
  </link:labelLink>
</link:linkbase>
