<!--Infil   : file:///O:/xmlstr/TaxSam/Inkomstdeklaration 2/2022-09-12 INK2 FINAL/Iteration 23 - produktion/2022-09-05_12.04.30_10_KontrolleraOchGenerera_v1.01.xsl.xml--><!--XSLT-fil: file:///O:/xmlstr/TaxSam/Inkomstdeklaration 2/2022-09-12 INK2 FINAL/Iteration 23 - produktion/30_UtokaAnpassadeBasskiktet_v1.10.xsl--><!--XSLT-fil: file:///O:/xmlstr/TaxSam/Inkomstdeklaration 2/2022-09-12 INK2 FINAL/Iteration 23 - produktion/XSLTallmanKod_v1.00.xsl--><link:linkbase xmlns:xsi="http://www.w3.org/2001/XMLSchema-instance" xmlns:link="http://www.xbrl.org/2003/linkbase" xmlns:xlink="http://www.w3.org/1999/xlink" xsi:schemaLocation="http://www.xbrl.org/2003/linkbase http://www.xbrl.org/2003/xbrl-linkbase-2003-12-31.xsd">
	<link:labelLink xlink:type="extended" xlink:role="http://www.xbrl.org/2003/role/link">
		<link:loc xlink:type="locator" xlink:href="../../../../base/se-tax-base/2022-09-12/se-tax-base-2022-09-12.xsd#se-tax-base_Inkomstdeklaration2Abstract" xlink:label="extDokumentation_locator_Inkomstdeklaration2Abstract" xlink:title="extDokumentation_locator_Inkomstdeklaration2Abstract"/>
		<link:label xlink:type="resource" xlink:label="extDokumentation_resource_Inkomstdeklaration2Abstract_1_documentation" xlink:role="http://www.xbrl.org/2003/role/definitionGuidance" xlink:title="extDokumentation_resource_Inkomstdeklaration2Abstract_1_documentation" xml:lang="sv">Rapportdel Inkomstdeklaration 2 </link:label>
		<link:labelArc xlink:type="arc" xlink:arcrole="http://www.xbrl.org/2003/arcrole/concept-label" xlink:from="extDokumentation_locator_Inkomstdeklaration2Abstract" xlink:to="extDokumentation_resource_Inkomstdeklaration2Abstract_1_documentation" xlink:title="reference: extDokumentation_locator_Inkomstdeklaration2Abstract to extDokumentation_resource_Inkomstdeklaration2Abstract_1_documentation"/>
		<link:loc xlink:type="locator" xlink:href="../../../../base/se-tax-base/2022-09-12/se-tax-base-2022-09-12.xsd#se-tax-base_UnderskottAvNaringsverksamhet" xlink:label="extDokumentation_locator_UnderskottAvNaringsverksamhet" xlink:title="extDokumentation_locator_UnderskottAvNaringsverksamhet"/>
		<link:label xlink:type="resource" xlink:label="extDokumentation_resource_UnderskottAvNaringsverksamhet_40_documentation" xlink:role="http://www.xbrl.org/2003/role/definitionGuidance" xlink:title="extDokumentation_resource_UnderskottAvNaringsverksamhet_40_documentation" xml:lang="sv">Underskott efter skattemässiga justeringar och spärrat outnyttjat underskott med anledning av koncernbidragsspärr, fusionsspärr m.m.</link:label>
		<link:labelArc xlink:type="arc" xlink:arcrole="http://www.xbrl.org/2003/arcrole/concept-label" xlink:from="extDokumentation_locator_UnderskottAvNaringsverksamhet" xlink:to="extDokumentation_resource_UnderskottAvNaringsverksamhet_40_documentation" xlink:title="reference: extDokumentation_locator_UnderskottAvNaringsverksamhet to extDokumentation_resource_UnderskottAvNaringsverksamhet_40_documentation"/>
		<link:loc xlink:type="locator" xlink:href="../../../../base/se-tax-base/2022-09-12/se-tax-base-2022-09-12.xsd#se-tax-base_UnderlagForFastighetsavgiftForSmahusAgarlagenhet" xlink:label="extDokumentation_locator_UnderlagForFastighetsavgiftForSmahusAgarlagenhet" xlink:title="extDokumentation_locator_UnderlagForFastighetsavgiftForSmahusAgarlagenhet"/>
		<link:label xlink:type="resource" xlink:label="extDokumentation_resource_UnderlagForFastighetsavgiftForSmahusAgarlagenhet_135_documentation" xlink:role="http://www.xbrl.org/2003/role/definitionGuidance" xlink:title="extDokumentation_resource_UnderlagForFastighetsavgiftForSmahusAgarlagenhet_135_documentation" xml:lang="sv">Beskattning ska alltid ske för kalenderår och inte för räkenskapsår, även om räkenskapsåret är brutet</link:label>
		<link:labelArc xlink:type="arc" xlink:arcrole="http://www.xbrl.org/2003/arcrole/concept-label" xlink:from="extDokumentation_locator_UnderlagForFastighetsavgiftForSmahusAgarlagenhet" xlink:to="extDokumentation_resource_UnderlagForFastighetsavgiftForSmahusAgarlagenhet_135_documentation" xlink:title="reference: extDokumentation_locator_UnderlagForFastighetsavgiftForSmahusAgarlagenhet to extDokumentation_resource_UnderlagForFastighetsavgiftForSmahusAgarlagenhet_135_documentation"/>
		<link:loc xlink:type="locator" xlink:href="../../../../base/se-tax-base/2022-09-12/se-tax-base-2022-09-12.xsd#se-tax-base_UnderlagForFastighetsavgiftForHyreshusBostader" xlink:label="extDokumentation_locator_UnderlagForFastighetsavgiftForHyreshusBostader" xlink:title="extDokumentation_locator_UnderlagForFastighetsavgiftForHyreshusBostader"/>
		<link:label xlink:type="resource" xlink:label="extDokumentation_resource_UnderlagForFastighetsavgiftForHyreshusBostader_139_documentation" xlink:role="http://www.xbrl.org/2003/role/definitionGuidance" xlink:title="extDokumentation_resource_UnderlagForFastighetsavgiftForHyreshusBostader_139_documentation" xml:lang="sv">Beskattning ska alltid ske för kalenderår och inte för räkenskapsår, även om räkenskapsåret är brutet</link:label>
		<link:labelArc xlink:type="arc" xlink:arcrole="http://www.xbrl.org/2003/arcrole/concept-label" xlink:from="extDokumentation_locator_UnderlagForFastighetsavgiftForHyreshusBostader" xlink:to="extDokumentation_resource_UnderlagForFastighetsavgiftForHyreshusBostader_139_documentation" xlink:title="reference: extDokumentation_locator_UnderlagForFastighetsavgiftForHyreshusBostader to extDokumentation_resource_UnderlagForFastighetsavgiftForHyreshusBostader_139_documentation"/>
		<link:loc xlink:type="locator" xlink:href="../../../../base/se-tax-base/2022-09-12/se-tax-base-2022-09-12.xsd#se-tax-base_UnderlagForFastighetsskattForSmahusAgarlagenhetTomtmarkByggnadUnderUppforande" xlink:label="extDokumentation_locator_UnderlagForFastighetsskattForSmahusAgarlagenhetTomtmarkByggnadUnderUppforande" xlink:title="extDokumentation_locator_UnderlagForFastighetsskattForSmahusAgarlagenhetTomtmarkByggnadUnderUppforande"/>
		<link:label xlink:type="resource" xlink:label="extDokumentation_resource_UnderlagForFastighetsskattForSmahusAgarlagenhetTomtmarkByggnadUnderUppforande_146_documentation" xlink:role="http://www.xbrl.org/2003/role/definitionGuidance" xlink:title="extDokumentation_resource_UnderlagForFastighetsskattForSmahusAgarlagenhetTomtmarkByggnadUnderUppforande_146_documentation" xml:lang="sv">Beskattning ska alltid ske för kalenderår och inte för räkenskapsår, även om räkenskapsåret är brutet</link:label>
		<link:labelArc xlink:type="arc" xlink:arcrole="http://www.xbrl.org/2003/arcrole/concept-label" xlink:from="extDokumentation_locator_UnderlagForFastighetsskattForSmahusAgarlagenhetTomtmarkByggnadUnderUppforande" xlink:to="extDokumentation_resource_UnderlagForFastighetsskattForSmahusAgarlagenhetTomtmarkByggnadUnderUppforande_146_documentation" xlink:title="reference: extDokumentation_locator_UnderlagForFastighetsskattForSmahusAgarlagenhetTomtmarkByggnadUnderUppforande to extDokumentation_resource_UnderlagForFastighetsskattForSmahusAgarlagenhetTomtmarkByggnadUnderUppforande_146_documentation"/>
		<link:loc xlink:type="locator" xlink:href="../../../../base/se-tax-base/2022-09-12/se-tax-base-2022-09-12.xsd#se-tax-base_UnderlagForFastighetsskattForHyreshusTomtmarkBostaderUnderUppforande" xlink:label="extDokumentation_locator_UnderlagForFastighetsskattForHyreshusTomtmarkBostaderUnderUppforande" xlink:title="extDokumentation_locator_UnderlagForFastighetsskattForHyreshusTomtmarkBostaderUnderUppforande"/>
		<link:label xlink:type="resource" xlink:label="extDokumentation_resource_UnderlagForFastighetsskattForHyreshusTomtmarkBostaderUnderUppforande_150_documentation" xlink:role="http://www.xbrl.org/2003/role/definitionGuidance" xlink:title="extDokumentation_resource_UnderlagForFastighetsskattForHyreshusTomtmarkBostaderUnderUppforande_150_documentation" xml:lang="sv">Beskattning ska alltid ske för kalenderår och inte för räkenskapsår, även om räkenskapsåret är brutet</link:label>
		<link:labelArc xlink:type="arc" xlink:arcrole="http://www.xbrl.org/2003/arcrole/concept-label" xlink:from="extDokumentation_locator_UnderlagForFastighetsskattForHyreshusTomtmarkBostaderUnderUppforande" xlink:to="extDokumentation_resource_UnderlagForFastighetsskattForHyreshusTomtmarkBostaderUnderUppforande_150_documentation" xlink:title="reference: extDokumentation_locator_UnderlagForFastighetsskattForHyreshusTomtmarkBostaderUnderUppforande to extDokumentation_resource_UnderlagForFastighetsskattForHyreshusTomtmarkBostaderUnderUppforande_150_documentation"/>
		<link:loc xlink:type="locator" xlink:href="../../../../base/se-tax-base/2022-09-12/se-tax-base-2022-09-12.xsd#se-tax-base_UnderlagForFastighetsskattForHyreshusLokaler" xlink:label="extDokumentation_locator_UnderlagForFastighetsskattForHyreshusLokaler" xlink:title="extDokumentation_locator_UnderlagForFastighetsskattForHyreshusLokaler"/>
		<link:label xlink:type="resource" xlink:label="extDokumentation_resource_UnderlagForFastighetsskattForHyreshusLokaler_154_documentation" xlink:role="http://www.xbrl.org/2003/role/definitionGuidance" xlink:title="extDokumentation_resource_UnderlagForFastighetsskattForHyreshusLokaler_154_documentation" xml:lang="sv">Beskattning ska alltid ske för kalenderår och inte för räkenskapsår, även om räkenskapsåret är brutet</link:label>
		<link:labelArc xlink:type="arc" xlink:arcrole="http://www.xbrl.org/2003/arcrole/concept-label" xlink:from="extDokumentation_locator_UnderlagForFastighetsskattForHyreshusLokaler" xlink:to="extDokumentation_resource_UnderlagForFastighetsskattForHyreshusLokaler_154_documentation" xlink:title="reference: extDokumentation_locator_UnderlagForFastighetsskattForHyreshusLokaler to extDokumentation_resource_UnderlagForFastighetsskattForHyreshusLokaler_154_documentation"/>
		<link:loc xlink:type="locator" xlink:href="../../../../base/se-tax-base/2022-09-12/se-tax-base-2022-09-12.xsd#se-tax-base_UnderlagForFastighetsskattForIndustrienhetOchElproduktionsenhetVarmekraftverkUtomVindkraftverk" xlink:label="extDokumentation_locator_UnderlagForFastighetsskattForIndustrienhetOchElproduktionsenhetVarmekraftverkUtomVindkraftverk" xlink:title="extDokumentation_locator_UnderlagForFastighetsskattForIndustrienhetOchElproduktionsenhetVarmekraftverkUtomVindkraftverk"/>
		<link:label xlink:type="resource" xlink:label="extDokumentation_resource_UnderlagForFastighetsskattForIndustrienhetOchElproduktionsenhetVarmekraftverkUtomVindkraftverk_158_documentation" xlink:role="http://www.xbrl.org/2003/role/definitionGuidance" xlink:title="extDokumentation_resource_UnderlagForFastighetsskattForIndustrienhetOchElproduktionsenhetVarmekraftverkUtomVindkraftverk_158_documentation" xml:lang="sv">Beskattning ska alltid ske för kalenderår och inte för räkenskapsår, även om räkenskapsåret är brutet</link:label>
		<link:labelArc xlink:type="arc" xlink:arcrole="http://www.xbrl.org/2003/arcrole/concept-label" xlink:from="extDokumentation_locator_UnderlagForFastighetsskattForIndustrienhetOchElproduktionsenhetVarmekraftverkUtomVindkraftverk" xlink:to="extDokumentation_resource_UnderlagForFastighetsskattForIndustrienhetOchElproduktionsenhetVarmekraftverkUtomVindkraftverk_158_documentation" xlink:title="reference: extDokumentation_locator_UnderlagForFastighetsskattForIndustrienhetOchElproduktionsenhetVarmekraftverkUtomVindkraftverk to extDokumentation_resource_UnderlagForFastighetsskattForIndustrienhetOchElproduktionsenhetVarmekraftverkUtomVindkraftverk_158_documentation"/>
		<link:loc xlink:type="locator" xlink:href="../../../../base/se-tax-base/2022-09-12/se-tax-base-2022-09-12.xsd#se-tax-base_UnderlagForFastighetsskattForElproduktionsenhetVattenkraftverk" xlink:label="extDokumentation_locator_UnderlagForFastighetsskattForElproduktionsenhetVattenkraftverk" xlink:title="extDokumentation_locator_UnderlagForFastighetsskattForElproduktionsenhetVattenkraftverk"/>
		<link:label xlink:type="resource" xlink:label="extDokumentation_resource_UnderlagForFastighetsskattForElproduktionsenhetVattenkraftverk_162_documentation" xlink:role="http://www.xbrl.org/2003/role/definitionGuidance" xlink:title="extDokumentation_resource_UnderlagForFastighetsskattForElproduktionsenhetVattenkraftverk_162_documentation" xml:lang="sv">Beskattning ska alltid ske för kalenderår och inte för räkenskapsår, även om räkenskapsåret är brutet</link:label>
		<link:labelArc xlink:type="arc" xlink:arcrole="http://www.xbrl.org/2003/arcrole/concept-label" xlink:from="extDokumentation_locator_UnderlagForFastighetsskattForElproduktionsenhetVattenkraftverk" xlink:to="extDokumentation_resource_UnderlagForFastighetsskattForElproduktionsenhetVattenkraftverk_162_documentation" xlink:title="reference: extDokumentation_locator_UnderlagForFastighetsskattForElproduktionsenhetVattenkraftverk to extDokumentation_resource_UnderlagForFastighetsskattForElproduktionsenhetVattenkraftverk_162_documentation"/>
		<link:loc xlink:type="locator" xlink:href="../../../../base/se-tax-base/2022-09-12/se-tax-base-2022-09-12.xsd#se-tax-base_UnderlagForFastighetsskattForElproduktionsenhetVindkraftverk" xlink:label="extDokumentation_locator_UnderlagForFastighetsskattForElproduktionsenhetVindkraftverk" xlink:title="extDokumentation_locator_UnderlagForFastighetsskattForElproduktionsenhetVindkraftverk"/>
		<link:label xlink:type="resource" xlink:label="extDokumentation_resource_UnderlagForFastighetsskattForElproduktionsenhetVindkraftverk_166_documentation" xlink:role="http://www.xbrl.org/2003/role/definitionGuidance" xlink:title="extDokumentation_resource_UnderlagForFastighetsskattForElproduktionsenhetVindkraftverk_166_documentation" xml:lang="sv">Beskattning ska alltid ske för kalenderår och inte för räkenskapsår, även om räkenskapsåret är brutet</link:label>
		<link:labelArc xlink:type="arc" xlink:arcrole="http://www.xbrl.org/2003/arcrole/concept-label" xlink:from="extDokumentation_locator_UnderlagForFastighetsskattForElproduktionsenhetVindkraftverk" xlink:to="extDokumentation_resource_UnderlagForFastighetsskattForElproduktionsenhetVindkraftverk_166_documentation" xlink:title="reference: extDokumentation_locator_UnderlagForFastighetsskattForElproduktionsenhetVindkraftverk to extDokumentation_resource_UnderlagForFastighetsskattForElproduktionsenhetVindkraftverk_166_documentation"/>
		<link:loc xlink:type="locator" xlink:href="../../../../base/se-tax-base/2022-09-12/se-tax-base-2022-09-12.xsd#se-tax-base_OvrigaUpplysningarSomLamnasTillsammansMedDeklarationen" xlink:label="extDokumentation_locator_OvrigaUpplysningarSomLamnasTillsammansMedDeklarationen" xlink:title="extDokumentation_locator_OvrigaUpplysningarSomLamnasTillsammansMedDeklarationen"/>
		<link:label xlink:type="resource" xlink:label="extDokumentation_resource_OvrigaUpplysningarSomLamnasTillsammansMedDeklarationen_187_documentation" xlink:role="http://www.xbrl.org/2003/role/definitionGuidance" xlink:title="extDokumentation_resource_OvrigaUpplysningarSomLamnasTillsammansMedDeklarationen_187_documentation" xml:lang="sv">Övriga upplysningar till deklarationen som inte lämnas på annat sätt t.ex. begäran om avräkning av utländsk skatt</link:label>
		<link:labelArc xlink:type="arc" xlink:arcrole="http://www.xbrl.org/2003/arcrole/concept-label" xlink:from="extDokumentation_locator_OvrigaUpplysningarSomLamnasTillsammansMedDeklarationen" xlink:to="extDokumentation_resource_OvrigaUpplysningarSomLamnasTillsammansMedDeklarationen_187_documentation" xlink:title="reference: extDokumentation_locator_OvrigaUpplysningarSomLamnasTillsammansMedDeklarationen to extDokumentation_resource_OvrigaUpplysningarSomLamnasTillsammansMedDeklarationen_187_documentation"/>
		<link:loc xlink:type="locator" xlink:href="../../../../base/se-gen-base/2021-10-31/se-gen-base-2021-10-31.xsd#se-gen-base_OvrigaObeskattadeReserver" xlink:label="extDokumentation_locator_OvrigaObeskattadeReserver" xlink:title="extDokumentation_locator_OvrigaObeskattadeReserver"/>
		<link:label xlink:type="resource" xlink:label="extDokumentation_resource_OvrigaObeskattadeReserver_374_documentation" xlink:role="http://www.xbrl.org/2003/role/definitionGuidance" xlink:title="extDokumentation_resource_OvrigaObeskattadeReserver_374_documentation" xml:lang="sv">Andra obeskattade reserver än; periodiseringsfonder och ackumulerade överavskrivningar, t.ex. ersättningsfonder</link:label>
		<link:labelArc xlink:type="arc" xlink:arcrole="http://www.xbrl.org/2003/arcrole/concept-label" xlink:from="extDokumentation_locator_OvrigaObeskattadeReserver" xlink:to="extDokumentation_resource_OvrigaObeskattadeReserver_374_documentation" xlink:title="reference: extDokumentation_locator_OvrigaObeskattadeReserver to extDokumentation_resource_OvrigaObeskattadeReserver_374_documentation"/>
		<link:loc xlink:type="locator" xlink:href="../../../../base/se-gen-base/2021-10-31/se-gen-base-2021-10-31.xsd#se-gen-base_SkattPeriodensResultatInteSkattemassigtAvdragsgill" xlink:label="extDokumentation_locator_SkattPeriodensResultatInteSkattemassigtAvdragsgill" xlink:title="extDokumentation_locator_SkattPeriodensResultatInteSkattemassigtAvdragsgill"/>
		<link:label xlink:type="resource" xlink:label="extDokumentation_resource_SkattPeriodensResultatInteSkattemassigtAvdragsgill_626_documentation" xlink:role="http://www.xbrl.org/2003/role/definitionGuidance" xlink:title="extDokumentation_resource_SkattPeriodensResultatInteSkattemassigtAvdragsgill_626_documentation" xml:lang="sv">Ökning av skattemässigt resultat för skatt på periodens resultat som inte är skattemässigt avdragsgill</link:label>
		<link:labelArc xlink:type="arc" xlink:arcrole="http://www.xbrl.org/2003/arcrole/concept-label" xlink:from="extDokumentation_locator_SkattPeriodensResultatInteSkattemassigtAvdragsgill" xlink:to="extDokumentation_resource_SkattPeriodensResultatInteSkattemassigtAvdragsgill_626_documentation" xlink:title="reference: extDokumentation_locator_SkattPeriodensResultatInteSkattemassigtAvdragsgill to extDokumentation_resource_SkattPeriodensResultatInteSkattemassigtAvdragsgill_626_documentation"/>
		<link:loc xlink:type="locator" xlink:href="../../../../base/se-gen-base/2021-10-31/se-gen-base-2021-10-31.xsd#se-gen-base_AndraBokfordaKostnaderInteSkattemassigtAvdragsgilla" xlink:label="extDokumentation_locator_AndraBokfordaKostnaderInteSkattemassigtAvdragsgilla" xlink:title="extDokumentation_locator_AndraBokfordaKostnaderInteSkattemassigtAvdragsgilla"/>
		<link:label xlink:type="resource" xlink:label="extDokumentation_resource_AndraBokfordaKostnaderInteSkattemassigtAvdragsgilla_638_documentation" xlink:role="http://www.xbrl.org/2003/role/definitionGuidance" xlink:title="extDokumentation_resource_AndraBokfordaKostnaderInteSkattemassigtAvdragsgilla_638_documentation" xml:lang="sv">Andra bokförda kostnader som inte är skattemässigt avdragsgilla än; skatt på årets resultat och nedskrivning av finansiella tillgångar</link:label>
		<link:labelArc xlink:type="arc" xlink:arcrole="http://www.xbrl.org/2003/arcrole/concept-label" xlink:from="extDokumentation_locator_AndraBokfordaKostnaderInteSkattemassigtAvdragsgilla" xlink:to="extDokumentation_resource_AndraBokfordaKostnaderInteSkattemassigtAvdragsgilla_638_documentation" xlink:title="reference: extDokumentation_locator_AndraBokfordaKostnaderInteSkattemassigtAvdragsgilla to extDokumentation_resource_AndraBokfordaKostnaderInteSkattemassigtAvdragsgilla_638_documentation"/>
		<link:loc xlink:type="locator" xlink:href="../../../../base/se-gen-base/2021-10-31/se-gen-base-2021-10-31.xsd#se-gen-base_LamnadeKoncernbidragInteIngarRedovisadeResultatet" xlink:label="extDokumentation_locator_LamnadeKoncernbidragInteIngarRedovisadeResultatet" xlink:title="extDokumentation_locator_LamnadeKoncernbidragInteIngarRedovisadeResultatet"/>
		<link:label xlink:type="resource" xlink:label="extDokumentation_resource_LamnadeKoncernbidragInteIngarRedovisadeResultatet_663_documentation" xlink:role="http://www.xbrl.org/2003/role/definitionGuidance" xlink:title="extDokumentation_resource_LamnadeKoncernbidragInteIngarRedovisadeResultatet_663_documentation" xml:lang="sv">Minskning av skattemässigt resultat för lämnade koncernbidrag som inte ingår i det redovisade resultatet</link:label>
		<link:labelArc xlink:type="arc" xlink:arcrole="http://www.xbrl.org/2003/arcrole/concept-label" xlink:from="extDokumentation_locator_LamnadeKoncernbidragInteIngarRedovisadeResultatet" xlink:to="extDokumentation_resource_LamnadeKoncernbidragInteIngarRedovisadeResultatet_663_documentation" xlink:title="reference: extDokumentation_locator_LamnadeKoncernbidragInteIngarRedovisadeResultatet to extDokumentation_resource_LamnadeKoncernbidragInteIngarRedovisadeResultatet_663_documentation"/>
		<link:loc xlink:type="locator" xlink:href="../../../../base/se-gen-base/2021-10-31/se-gen-base-2021-10-31.xsd#se-gen-base_AndraSkattemassigtAvdragsgillaKostnaderInteIngarRedovisadeResultatet" xlink:label="extDokumentation_locator_AndraSkattemassigtAvdragsgillaKostnaderInteIngarRedovisadeResultatet" xlink:title="extDokumentation_locator_AndraSkattemassigtAvdragsgillaKostnaderInteIngarRedovisadeResultatet"/>
		<link:label xlink:type="resource" xlink:label="extDokumentation_resource_AndraSkattemassigtAvdragsgillaKostnaderInteIngarRedovisadeResultatet_670_documentation" xlink:role="http://www.xbrl.org/2003/role/definitionGuidance" xlink:title="extDokumentation_resource_AndraSkattemassigtAvdragsgillaKostnaderInteIngarRedovisadeResultatet_670_documentation" xml:lang="sv">Minskning av skattemässigt resultat för andra skattemässigt avdragsgilla kostnader som inte ingår i det redovisade resultatet än; lämnade koncernbidrag</link:label>
		<link:labelArc xlink:type="arc" xlink:arcrole="http://www.xbrl.org/2003/arcrole/concept-label" xlink:from="extDokumentation_locator_AndraSkattemassigtAvdragsgillaKostnaderInteIngarRedovisadeResultatet" xlink:to="extDokumentation_resource_AndraSkattemassigtAvdragsgillaKostnaderInteIngarRedovisadeResultatet_670_documentation" xlink:title="reference: extDokumentation_locator_AndraSkattemassigtAvdragsgillaKostnaderInteIngarRedovisadeResultatet to extDokumentation_resource_AndraSkattemassigtAvdragsgillaKostnaderInteIngarRedovisadeResultatet_670_documentation"/>
		<link:loc xlink:type="locator" xlink:href="../../../../base/se-gen-base/2021-10-31/se-gen-base-2021-10-31.xsd#se-gen-base_AckordsvinsterInteSkattepliktiga" xlink:label="extDokumentation_locator_AckordsvinsterInteSkattepliktiga" xlink:title="extDokumentation_locator_AckordsvinsterInteSkattepliktiga"/>
		<link:label xlink:type="resource" xlink:label="extDokumentation_resource_AckordsvinsterInteSkattepliktiga_696_documentation" xlink:role="http://www.xbrl.org/2003/role/definitionGuidance" xlink:title="extDokumentation_resource_AckordsvinsterInteSkattepliktiga_696_documentation" xml:lang="sv">Minskning av skattemässigt resultat för bokförda ackordsvinster som inte är skattepliktiga</link:label>
		<link:labelArc xlink:type="arc" xlink:arcrole="http://www.xbrl.org/2003/arcrole/concept-label" xlink:from="extDokumentation_locator_AckordsvinsterInteSkattepliktiga" xlink:to="extDokumentation_resource_AckordsvinsterInteSkattepliktiga_696_documentation" xlink:title="reference: extDokumentation_locator_AckordsvinsterInteSkattepliktiga to extDokumentation_resource_AckordsvinsterInteSkattepliktiga_696_documentation"/>
		<link:loc xlink:type="locator" xlink:href="../../../../base/se-gen-base/2021-10-31/se-gen-base-2021-10-31.xsd#se-gen-base_UtdelningInteSkattepliktig" xlink:label="extDokumentation_locator_UtdelningInteSkattepliktig" xlink:title="extDokumentation_locator_UtdelningInteSkattepliktig"/>
		<link:label xlink:type="resource" xlink:label="extDokumentation_resource_UtdelningInteSkattepliktig_706_documentation" xlink:role="http://www.xbrl.org/2003/role/definitionGuidance" xlink:title="extDokumentation_resource_UtdelningInteSkattepliktig_706_documentation" xml:lang="sv">Minskning av skattemässigt resultat för bokförd utdelning som inte är skattepliktig</link:label>
		<link:labelArc xlink:type="arc" xlink:arcrole="http://www.xbrl.org/2003/arcrole/concept-label" xlink:from="extDokumentation_locator_UtdelningInteSkattepliktig" xlink:to="extDokumentation_resource_UtdelningInteSkattepliktig_706_documentation" xlink:title="reference: extDokumentation_locator_UtdelningInteSkattepliktig to extDokumentation_resource_UtdelningInteSkattepliktig_706_documentation"/>
		<link:loc xlink:type="locator" xlink:href="../../../../base/se-gen-base/2021-10-31/se-gen-base-2021-10-31.xsd#se-gen-base_AndraBokfordaIntakterInteSkattepliktiga" xlink:label="extDokumentation_locator_AndraBokfordaIntakterInteSkattepliktiga" xlink:title="extDokumentation_locator_AndraBokfordaIntakterInteSkattepliktiga"/>
		<link:label xlink:type="resource" xlink:label="extDokumentation_resource_AndraBokfordaIntakterInteSkattepliktiga_712_documentation" xlink:role="http://www.xbrl.org/2003/role/definitionGuidance" xlink:title="extDokumentation_resource_AndraBokfordaIntakterInteSkattepliktiga_712_documentation" xml:lang="sv">Minskning av skattemässigt resultat för andra bokförda intäkter som inte är skattepliktiga än; ackordsvinster och utdelning</link:label>
		<link:labelArc xlink:type="arc" xlink:arcrole="http://www.xbrl.org/2003/arcrole/concept-label" xlink:from="extDokumentation_locator_AndraBokfordaIntakterInteSkattepliktiga" xlink:to="extDokumentation_resource_AndraBokfordaIntakterInteSkattepliktiga_712_documentation" xlink:title="reference: extDokumentation_locator_AndraBokfordaIntakterInteSkattepliktiga to extDokumentation_resource_AndraBokfordaIntakterInteSkattepliktiga_712_documentation"/>
		<link:loc xlink:type="locator" xlink:href="../../../../base/se-gen-base/2021-10-31/se-gen-base-2021-10-31.xsd#se-gen-base_MottagnaKoncernbidragInteRedovisadeResultatet" xlink:label="extDokumentation_locator_MottagnaKoncernbidragInteRedovisadeResultatet" xlink:title="extDokumentation_locator_MottagnaKoncernbidragInteRedovisadeResultatet"/>
		<link:label xlink:type="resource" xlink:label="extDokumentation_resource_MottagnaKoncernbidragInteRedovisadeResultatet_738_documentation" xlink:role="http://www.xbrl.org/2003/role/definitionGuidance" xlink:title="extDokumentation_resource_MottagnaKoncernbidragInteRedovisadeResultatet_738_documentation" xml:lang="sv">Ökning av skattemässigt resultat för mottagna koncernbidrag som inte ingår i det redovisade resultatet</link:label>
		<link:labelArc xlink:type="arc" xlink:arcrole="http://www.xbrl.org/2003/arcrole/concept-label" xlink:from="extDokumentation_locator_MottagnaKoncernbidragInteRedovisadeResultatet" xlink:to="extDokumentation_resource_MottagnaKoncernbidragInteRedovisadeResultatet_738_documentation" xlink:title="reference: extDokumentation_locator_MottagnaKoncernbidragInteRedovisadeResultatet to extDokumentation_resource_MottagnaKoncernbidragInteRedovisadeResultatet_738_documentation"/>
		<link:loc xlink:type="locator" xlink:href="../../../../base/se-gen-base/2021-10-31/se-gen-base-2021-10-31.xsd#se-gen-base_AndraSkattepliktigaIntakterInteIngarRedovisadeResultatet" xlink:label="extDokumentation_locator_AndraSkattepliktigaIntakterInteIngarRedovisadeResultatet" xlink:title="extDokumentation_locator_AndraSkattepliktigaIntakterInteIngarRedovisadeResultatet"/>
		<link:label xlink:type="resource" xlink:label="extDokumentation_resource_AndraSkattepliktigaIntakterInteIngarRedovisadeResultatet_750_documentation" xlink:role="http://www.xbrl.org/2003/role/definitionGuidance" xlink:title="extDokumentation_resource_AndraSkattepliktigaIntakterInteIngarRedovisadeResultatet_750_documentation" xml:lang="sv">Ökning av skattemässigt resultat för andra skattepliktiga intäkter som inte ingår i det redovisade resultatet än; schablonintäkt på periodiseringsfonder, schablonintäkt på fondandelar, mottagna koncernbidrag och uppräknat belopp vid återföring av periodiseringsfond</link:label>
		<link:labelArc xlink:type="arc" xlink:arcrole="http://www.xbrl.org/2003/arcrole/concept-label" xlink:from="extDokumentation_locator_AndraSkattepliktigaIntakterInteIngarRedovisadeResultatet" xlink:to="extDokumentation_resource_AndraSkattepliktigaIntakterInteIngarRedovisadeResultatet_750_documentation" xlink:title="reference: extDokumentation_locator_AndraSkattepliktigaIntakterInteIngarRedovisadeResultatet to extDokumentation_resource_AndraSkattepliktigaIntakterInteIngarRedovisadeResultatet_750_documentation"/>
		<link:loc xlink:type="locator" xlink:href="../../../../base/se-gen-base/2021-10-31/se-gen-base-2021-10-31.xsd#se-gen-base_BokfordVinstAvyttringDelagarratter" xlink:label="extDokumentation_locator_BokfordVinstAvyttringDelagarratter" xlink:title="extDokumentation_locator_BokfordVinstAvyttringDelagarratter"/>
		<link:label xlink:type="resource" xlink:label="extDokumentation_resource_BokfordVinstAvyttringDelagarratter_767_documentation" xlink:role="http://www.xbrl.org/2003/role/definitionGuidance" xlink:title="extDokumentation_resource_BokfordVinstAvyttringDelagarratter_767_documentation" xml:lang="sv">Minskning av skattemässigt resultat för bokförd vinst vid avyttring av delägarrätter som ingår i det redovisade resultatet</link:label>
		<link:labelArc xlink:type="arc" xlink:arcrole="http://www.xbrl.org/2003/arcrole/concept-label" xlink:from="extDokumentation_locator_BokfordVinstAvyttringDelagarratter" xlink:to="extDokumentation_resource_BokfordVinstAvyttringDelagarratter_767_documentation" xlink:title="reference: extDokumentation_locator_BokfordVinstAvyttringDelagarratter to extDokumentation_resource_BokfordVinstAvyttringDelagarratter_767_documentation"/>
		<link:loc xlink:type="locator" xlink:href="../../../../base/se-gen-base/2021-10-31/se-gen-base-2021-10-31.xsd#se-gen-base_BokfordForlustAvyttringDelagarratter" xlink:label="extDokumentation_locator_BokfordForlustAvyttringDelagarratter" xlink:title="extDokumentation_locator_BokfordForlustAvyttringDelagarratter"/>
		<link:label xlink:type="resource" xlink:label="extDokumentation_resource_BokfordForlustAvyttringDelagarratter_776_documentation" xlink:role="http://www.xbrl.org/2003/role/definitionGuidance" xlink:title="extDokumentation_resource_BokfordForlustAvyttringDelagarratter_776_documentation" xml:lang="sv">Ökning av skattemässigt resultat för bokförd förlust vid avyttring av delägarrätter som ingår i det redovisade resultatet</link:label>
		<link:labelArc xlink:type="arc" xlink:arcrole="http://www.xbrl.org/2003/arcrole/concept-label" xlink:from="extDokumentation_locator_BokfordForlustAvyttringDelagarratter" xlink:to="extDokumentation_resource_BokfordForlustAvyttringDelagarratter_776_documentation" xlink:title="reference: extDokumentation_locator_BokfordForlustAvyttringDelagarratter to extDokumentation_resource_BokfordForlustAvyttringDelagarratter_776_documentation"/>
		<link:loc xlink:type="locator" xlink:href="../../../../base/se-gen-base/2021-10-31/se-gen-base-2021-10-31.xsd#se-gen-base_BokfordIntaktAndelHandelsbolagResultatBokfordRealisationsvinstAvyttringAndelHandelsbolag" xlink:label="extDokumentation_locator_BokfordIntaktAndelHandelsbolagResultatBokfordRealisationsvinstAvyttringAndelHandelsbolag" xlink:title="extDokumentation_locator_BokfordIntaktAndelHandelsbolagResultatBokfordRealisationsvinstAvyttringAndelHandelsbolag"/>
		<link:label xlink:type="resource" xlink:label="extDokumentation_resource_BokfordIntaktAndelHandelsbolagResultatBokfordRealisationsvinstAvyttringAndelHandelsbolag_826_documentation" xlink:role="http://www.xbrl.org/2003/role/definitionGuidance" xlink:title="extDokumentation_resource_BokfordIntaktAndelHandelsbolagResultatBokfordRealisationsvinstAvyttringAndelHandelsbolag_826_documentation" xml:lang="sv">Minskning av skattemässigt resultat för bokförd intäkt från andel i handelsbolags resultat samt bokförd realisationsvinst vid avyttring av andel i handelsbolag som ingår i det redovisade resultatet</link:label>
		<link:labelArc xlink:type="arc" xlink:arcrole="http://www.xbrl.org/2003/arcrole/concept-label" xlink:from="extDokumentation_locator_BokfordIntaktAndelHandelsbolagResultatBokfordRealisationsvinstAvyttringAndelHandelsbolag" xlink:to="extDokumentation_resource_BokfordIntaktAndelHandelsbolagResultatBokfordRealisationsvinstAvyttringAndelHandelsbolag_826_documentation" xlink:title="reference: extDokumentation_locator_BokfordIntaktAndelHandelsbolagResultatBokfordRealisationsvinstAvyttringAndelHandelsbolag to extDokumentation_resource_BokfordIntaktAndelHandelsbolagResultatBokfordRealisationsvinstAvyttringAndelHandelsbolag_826_documentation"/>
		<link:loc xlink:type="locator" xlink:href="../../../../base/se-gen-base/2021-10-31/se-gen-base-2021-10-31.xsd#se-gen-base_BokfordKostnadAndelHandelsbolagResultatBokfordRealisationsforlustAvyttringAndelHandelsbolag" xlink:label="extDokumentation_locator_BokfordKostnadAndelHandelsbolagResultatBokfordRealisationsforlustAvyttringAndelHandelsbolag" xlink:title="extDokumentation_locator_BokfordKostnadAndelHandelsbolagResultatBokfordRealisationsforlustAvyttringAndelHandelsbolag"/>
		<link:label xlink:type="resource" xlink:label="extDokumentation_resource_BokfordKostnadAndelHandelsbolagResultatBokfordRealisationsforlustAvyttringAndelHandelsbolag_840_documentation" xlink:role="http://www.xbrl.org/2003/role/definitionGuidance" xlink:title="extDokumentation_resource_BokfordKostnadAndelHandelsbolagResultatBokfordRealisationsforlustAvyttringAndelHandelsbolag_840_documentation" xml:lang="sv">Ökning av skattemässigt resultat för bokförd kostnad från andel i handelsbolags resultat samt bokförd realisationsförlust vid avyttring av andel i handelsbolag som ingår i det redovisade resultatet</link:label>
		<link:labelArc xlink:type="arc" xlink:arcrole="http://www.xbrl.org/2003/arcrole/concept-label" xlink:from="extDokumentation_locator_BokfordKostnadAndelHandelsbolagResultatBokfordRealisationsforlustAvyttringAndelHandelsbolag" xlink:to="extDokumentation_resource_BokfordKostnadAndelHandelsbolagResultatBokfordRealisationsforlustAvyttringAndelHandelsbolag_840_documentation" xlink:title="reference: extDokumentation_locator_BokfordKostnadAndelHandelsbolagResultatBokfordRealisationsforlustAvyttringAndelHandelsbolag to extDokumentation_resource_BokfordKostnadAndelHandelsbolagResultatBokfordRealisationsforlustAvyttringAndelHandelsbolag_840_documentation"/>
		<link:loc xlink:type="locator" xlink:href="../../../../base/se-tax-base/2022-09-12/se-tax-base-2022-09-12.xsd#se-tax-base_OkningMinskningAvSkattemassigtResultatMedAnledningAvAndraSkattemassigaJusteringarAvResultatet" xlink:label="extDokumentation_locator_OkningMinskningAvSkattemassigtResultatMedAnledningAvAndraSkattemassigaJusteringarAvResultatet" xlink:title="extDokumentation_locator_OkningMinskningAvSkattemassigtResultatMedAnledningAvAndraSkattemassigaJusteringarAvResultatet"/>
		<link:label xlink:type="resource" xlink:label="extDokumentation_resource_OkningMinskningAvSkattemassigtResultatMedAnledningAvAndraSkattemassigaJusteringarAvResultatet_883_documentation" xlink:role="http://www.xbrl.org/2003/role/definitionGuidance" xlink:title="extDokumentation_resource_OkningMinskningAvSkattemassigtResultatMedAnledningAvAndraSkattemassigaJusteringarAvResultatet_883_documentation" xml:lang="sv">Andra skattemässiga justeringar av resultatet som inte redovisas på annan plats i skattemässiga justeringar</link:label>
		<link:labelArc xlink:type="arc" xlink:arcrole="http://www.xbrl.org/2003/arcrole/concept-label" xlink:from="extDokumentation_locator_OkningMinskningAvSkattemassigtResultatMedAnledningAvAndraSkattemassigaJusteringarAvResultatet" xlink:to="extDokumentation_resource_OkningMinskningAvSkattemassigtResultatMedAnledningAvAndraSkattemassigaJusteringarAvResultatet_883_documentation" xlink:title="reference: extDokumentation_locator_OkningMinskningAvSkattemassigtResultatMedAnledningAvAndraSkattemassigaJusteringarAvResultatet to extDokumentation_resource_OkningMinskningAvSkattemassigtResultatMedAnledningAvAndraSkattemassigaJusteringarAvResultatet_883_documentation"/>
		<link:loc xlink:type="locator" xlink:href="../../../../base/se-tax-base/2022-09-12/se-tax-base-2022-09-12.xsd#se-tax-base_MinskningAvSkattemassigtResultatMedAnledningAvOutnyttjatUnderskottFranForegaendeAr" xlink:label="extDokumentation_locator_MinskningAvSkattemassigtResultatMedAnledningAvOutnyttjatUnderskottFranForegaendeAr" xlink:title="extDokumentation_locator_MinskningAvSkattemassigtResultatMedAnledningAvOutnyttjatUnderskottFranForegaendeAr"/>
		<link:label xlink:type="resource" xlink:label="extDokumentation_resource_MinskningAvSkattemassigtResultatMedAnledningAvOutnyttjatUnderskottFranForegaendeAr_900_documentation" xlink:role="http://www.xbrl.org/2003/role/definitionGuidance" xlink:title="extDokumentation_resource_MinskningAvSkattemassigtResultatMedAnledningAvOutnyttjatUnderskottFranForegaendeAr_900_documentation" xml:lang="sv">Minskning av skattemässigt resultat med anledning av outnyttjat underskott från föregående år inklusive spärrade underskott</link:label>
		<link:labelArc xlink:type="arc" xlink:arcrole="http://www.xbrl.org/2003/arcrole/concept-label" xlink:from="extDokumentation_locator_MinskningAvSkattemassigtResultatMedAnledningAvOutnyttjatUnderskottFranForegaendeAr" xlink:to="extDokumentation_resource_MinskningAvSkattemassigtResultatMedAnledningAvOutnyttjatUnderskottFranForegaendeAr_900_documentation" xlink:title="reference: extDokumentation_locator_MinskningAvSkattemassigtResultatMedAnledningAvOutnyttjatUnderskottFranForegaendeAr to extDokumentation_resource_MinskningAvSkattemassigtResultatMedAnledningAvOutnyttjatUnderskottFranForegaendeAr_900_documentation"/>
		<link:loc xlink:type="locator" xlink:href="../../../../base/se-tax-base/2022-09-12/se-tax-base-2022-09-12.xsd#se-tax-base_PeriodensBegardaOchTidigarePeriodersMedgivnaVardeminskningsavdragSomFinnsVidPeriodensUtgangAvseendeByggnader" xlink:label="extDokumentation_locator_PeriodensBegardaOchTidigarePeriodersMedgivnaVardeminskningsavdragSomFinnsVidPeriodensUtgangAvseendeByggnader" xlink:title="extDokumentation_locator_PeriodensBegardaOchTidigarePeriodersMedgivnaVardeminskningsavdragSomFinnsVidPeriodensUtgangAvseendeByggnader"/>
		<link:label xlink:type="resource" xlink:label="extDokumentation_resource_PeriodensBegardaOchTidigarePeriodersMedgivnaVardeminskningsavdragSomFinnsVidPeriodensUtgangAvseendeByggnader_925_documentation" xlink:role="http://www.xbrl.org/2003/role/definitionGuidance" xlink:title="extDokumentation_resource_PeriodensBegardaOchTidigarePeriodersMedgivnaVardeminskningsavdragSomFinnsVidPeriodensUtgangAvseendeByggnader_925_documentation" xml:lang="sv">De sammanlagda värdeminskningsavdrag som gjorts fram till beskattningsårets utgång och som ska återföras till beskattning vid försäljning av byggnaden</link:label>
		<link:labelArc xlink:type="arc" xlink:arcrole="http://www.xbrl.org/2003/arcrole/concept-label" xlink:from="extDokumentation_locator_PeriodensBegardaOchTidigarePeriodersMedgivnaVardeminskningsavdragSomFinnsVidPeriodensUtgangAvseendeByggnader" xlink:to="extDokumentation_resource_PeriodensBegardaOchTidigarePeriodersMedgivnaVardeminskningsavdragSomFinnsVidPeriodensUtgangAvseendeByggnader_925_documentation" xlink:title="reference: extDokumentation_locator_PeriodensBegardaOchTidigarePeriodersMedgivnaVardeminskningsavdragSomFinnsVidPeriodensUtgangAvseendeByggnader to extDokumentation_resource_PeriodensBegardaOchTidigarePeriodersMedgivnaVardeminskningsavdragSomFinnsVidPeriodensUtgangAvseendeByggnader_925_documentation"/>
		<link:loc xlink:type="locator" xlink:href="../../../../base/se-tax-base/2022-09-12/se-tax-base-2022-09-12.xsd#se-tax-base_PeriodensBegardaOchTidigarePeriodersMedgivnaVardeminskningsavdragSomFinnsVidPeriodensUtgangAvseendeMarkanlaggningar" xlink:label="extDokumentation_locator_PeriodensBegardaOchTidigarePeriodersMedgivnaVardeminskningsavdragSomFinnsVidPeriodensUtgangAvseendeMarkanlaggningar" xlink:title="extDokumentation_locator_PeriodensBegardaOchTidigarePeriodersMedgivnaVardeminskningsavdragSomFinnsVidPeriodensUtgangAvseendeMarkanlaggningar"/>
		<link:label xlink:type="resource" xlink:label="extDokumentation_resource_PeriodensBegardaOchTidigarePeriodersMedgivnaVardeminskningsavdragSomFinnsVidPeriodensUtgangAvseendeMarkanlaggningar_928_documentation" xlink:role="http://www.xbrl.org/2003/role/definitionGuidance" xlink:title="extDokumentation_resource_PeriodensBegardaOchTidigarePeriodersMedgivnaVardeminskningsavdragSomFinnsVidPeriodensUtgangAvseendeMarkanlaggningar_928_documentation" xml:lang="sv">De sammanlagda värdeminskningsavdrag som gjorts fram till beskattningsårets utgång och som ska återföras vid föräljning av markanläggningen</link:label>
		<link:labelArc xlink:type="arc" xlink:arcrole="http://www.xbrl.org/2003/arcrole/concept-label" xlink:from="extDokumentation_locator_PeriodensBegardaOchTidigarePeriodersMedgivnaVardeminskningsavdragSomFinnsVidPeriodensUtgangAvseendeMarkanlaggningar" xlink:to="extDokumentation_resource_PeriodensBegardaOchTidigarePeriodersMedgivnaVardeminskningsavdragSomFinnsVidPeriodensUtgangAvseendeMarkanlaggningar_928_documentation" xlink:title="reference: extDokumentation_locator_PeriodensBegardaOchTidigarePeriodersMedgivnaVardeminskningsavdragSomFinnsVidPeriodensUtgangAvseendeMarkanlaggningar to extDokumentation_resource_PeriodensBegardaOchTidigarePeriodersMedgivnaVardeminskningsavdragSomFinnsVidPeriodensUtgangAvseendeMarkanlaggningar_928_documentation"/>
		<link:loc xlink:type="locator" xlink:href="../../../../base/se-tax-base/2022-09-12/se-tax-base-2022-09-12.xsd#se-tax-base_VidRestvardesavskrivningPeriodensAterfordaBeloppForAvOchNedskrivningForsaljningUtrangering" xlink:label="extDokumentation_locator_VidRestvardesavskrivningPeriodensAterfordaBeloppForAvOchNedskrivningForsaljningUtrangering" xlink:title="extDokumentation_locator_VidRestvardesavskrivningPeriodensAterfordaBeloppForAvOchNedskrivningForsaljningUtrangering"/>
		<link:label xlink:type="resource" xlink:label="extDokumentation_resource_VidRestvardesavskrivningPeriodensAterfordaBeloppForAvOchNedskrivningForsaljningUtrangering_931_documentation" xlink:role="http://www.xbrl.org/2003/role/definitionGuidance" xlink:title="extDokumentation_resource_VidRestvardesavskrivningPeriodensAterfordaBeloppForAvOchNedskrivningForsaljningUtrangering_931_documentation" xml:lang="sv">Vid restvärdesavskrivning: årets återförda belopp för bokförd av- och nedskrivning, försäljning, utrangering</link:label>
		<link:labelArc xlink:type="arc" xlink:arcrole="http://www.xbrl.org/2003/arcrole/concept-label" xlink:from="extDokumentation_locator_VidRestvardesavskrivningPeriodensAterfordaBeloppForAvOchNedskrivningForsaljningUtrangering" xlink:to="extDokumentation_resource_VidRestvardesavskrivningPeriodensAterfordaBeloppForAvOchNedskrivningForsaljningUtrangering_931_documentation" xlink:title="reference: extDokumentation_locator_VidRestvardesavskrivningPeriodensAterfordaBeloppForAvOchNedskrivningForsaljningUtrangering to extDokumentation_resource_VidRestvardesavskrivningPeriodensAterfordaBeloppForAvOchNedskrivningForsaljningUtrangering_931_documentation"/>
		<link:loc xlink:type="locator" xlink:href="../../../../base/se-tax-base/2022-09-12/se-tax-base-2022-09-12.xsd#se-tax-base_KoncernbidragssparratOchFusionssparratUnderskottMM" xlink:label="extDokumentation_locator_KoncernbidragssparratOchFusionssparratUnderskottMM" xlink:title="extDokumentation_locator_KoncernbidragssparratOchFusionssparratUnderskottMM"/>
		<link:label xlink:type="resource" xlink:label="extDokumentation_resource_KoncernbidragssparratOchFusionssparratUnderskottMM_944_documentation" xlink:role="http://www.xbrl.org/2003/role/definitionGuidance" xlink:title="extDokumentation_resource_KoncernbidragssparratOchFusionssparratUnderskottMM_944_documentation" xml:lang="sv">Den del av kvarstående outnyttjat underskott som är koncernbidragsspärrat, fusionsspärrat m.m. (frivillig uppgift)</link:label>
		<link:labelArc xlink:type="arc" xlink:arcrole="http://www.xbrl.org/2003/arcrole/concept-label" xlink:from="extDokumentation_locator_KoncernbidragssparratOchFusionssparratUnderskottMM" xlink:to="extDokumentation_resource_KoncernbidragssparratOchFusionssparratUnderskottMM_944_documentation" xlink:title="reference: extDokumentation_locator_KoncernbidragssparratOchFusionssparratUnderskottMM to extDokumentation_resource_KoncernbidragssparratOchFusionssparratUnderskottMM_944_documentation"/>
	</link:labelLink>
</link:linkbase>