<?xml version="1.0" encoding="UTF-8"?>
<link:linkbase xmlns:xsi="http://www.w3.org/2001/XMLSchema-instance" xsi:schemaLocation="http://www.xbrl.org/2003/linkbase http://www.xbrl.org/2003/xbrl-linkbase-2003-12-31.xsd" xmlns:se-comp-base="http://www.bolagsverket.se/se/fr/comp-base/2017-09-30" xmlns:link="http://www.xbrl.org/2003/linkbase" xmlns:xlink="http://www.w3.org/1999/xlink" xmlns:xbrli="http://www.xbrl.org/2003/instance">
  <link:labelLink xlink:type="extended" xlink:role="http://www.xbrl.org/2003/role/link" xlink:title="Companies registration base">
    <link:loc xlink:type="locator" xlink:href="se-comp-base-2017-09-30.xsd#se-comp-base_FaststallelseResultatBalansrakning" xlink:label="Faststallande" xlink:title="Faststallande"/>
    <link:label xlink:type="resource" xlink:label="label_Faststallande" xlink:role="http://www.xbrl.org/2003/role/label" xlink:title="label_Faststallande" xml:lang="sv" id="label_Faststallande">Faställelse av resultaträkning och balansräkning</link:label>
    <link:labelArc xlink:type="arc" xlink:arcrole="http://www.xbrl.org/2003/arcrole/concept-label" xlink:from="Faststallande" xlink:to="label_Faststallande" xlink:title="label: Faststallande to label_Faststallande"/>
    <link:loc xlink:type="locator" xlink:href="se-comp-base-2017-09-30.xsd#se-comp-base_ArsstammaIntygande" xlink:label="Intygande" xlink:title="Intygande"/>
    <link:label xlink:type="resource" xlink:label="label_Intygande" xlink:role="http://www.xbrl.org/2003/role/label" xlink:title="label_Intygande" xml:lang="sv" id="label_Intygande">Sammanställning av intygstext baserat på årstämmans beslut</link:label>
    <link:labelArc xlink:type="arc" xlink:arcrole="http://www.xbrl.org/2003/arcrole/concept-label" xlink:from="Intygande" xlink:to="label_Intygande" xlink:title="label: Intygande to label_Intygande"/>
    <link:loc xlink:type="locator" xlink:href="se-comp-base-2017-09-30.xsd#se-comp-base_Faststallelseintyg" xlink:label="Faststallelseintyg" xlink:title="Faststallelseintyg"/>
    <link:label xlink:type="resource" xlink:label="label_Faststallelseintyg" xlink:role="http://www.xbrl.org/2003/role/label" xlink:title="label_Faststallelseintyg" xml:lang="sv" id="label_Faststallelseintyg">Fastställelseintyg</link:label>
    <link:labelArc xlink:type="arc" xlink:arcrole="http://www.xbrl.org/2003/arcrole/concept-label" xlink:from="Faststallelseintyg" xlink:to="label_Faststallelseintyg" xlink:title="label: Faststallelseintyg to label_Faststallelseintyg"/>
    <link:loc xlink:type="locator" xlink:href="se-comp-base-2017-09-30.xsd#se-comp-base_Arsstamma" xlink:label="DatumForArsstamma" xlink:title="DatumForArsstamma"/>
    <link:label xlink:type="resource" xlink:label="label_DatumForArsstamma" xlink:role="http://www.xbrl.org/2003/role/label" xlink:title="label_DatumForArsstamma" xml:lang="sv" id="label_DatumForArsstamma">Tidpunkt för bolagsets årsstämma</link:label>
    <link:labelArc xlink:type="arc" xlink:arcrole="http://www.xbrl.org/2003/arcrole/concept-label" xlink:from="DatumForArsstamma" xlink:to="label_DatumForArsstamma" xlink:title="label: DatumForArsstamma to label_DatumForArsstamma"/>
    <link:loc xlink:type="locator" xlink:href="se-comp-base-2017-09-30.xsd#se-comp-base_ArsstammaResultatDisposition" xlink:label="Beslut" xlink:title="Beslut"/>
    <link:label xlink:type="resource" xlink:label="label_Beslut" xlink:role="http://www.xbrl.org/2003/role/label" xlink:title="label_Beslut" xml:lang="sv" id="label_Beslut">Resultatdisposition exkl bolag i likvidation (Presentation)</link:label>
    <link:labelArc xlink:type="arc" xlink:arcrole="http://www.xbrl.org/2003/arcrole/concept-label" xlink:from="Beslut" xlink:to="label_Beslut" xlink:title="label: Beslut to label_Beslut"/>
    <link:loc xlink:type="locator" xlink:href="se-comp-base-2017-09-30.xsd#se-comp-base_ArsstammaResultatDispositionBeslutstext" xlink:label="ArsstammaBeslutstext" xlink:title="ArsstammaBeslutstext"/>
    <link:label xlink:type="resource" xlink:label="label_ArsstammaBeslutstext" xlink:role="http://www.xbrl.org/2003/role/label" xlink:title="label_ArsstammaBeslutstext" xml:lang="sv" id="label_ArsstammaBeslutstext">Beslutstext avseende resultatdisposition</link:label>
    <link:labelArc xlink:type="arc" xlink:arcrole="http://www.xbrl.org/2003/arcrole/concept-label" xlink:from="ArsstammaBeslutstext" xlink:to="label_ArsstammaBeslutstext" xlink:title="label: ArsstammaBeslutstext to label_ArsstammaBeslutstext"/>
    <link:loc xlink:type="locator" xlink:href="se-comp-base-2017-09-30.xsd#se-comp-base_IntygandeOriginalInnehall" xlink:label="IntygandeOriginalInnehall" xlink:title="IntygandeOriginalInnehall"/>
    <link:label xlink:type="resource" xlink:label="label_IntygandeOriginalInnehall" xlink:role="http://www.xbrl.org/2003/role/label" xlink:title="label_IntygandeOriginalInnehall" xml:lang="sv" id="label_IntygandeOriginalInnehall">Intygande om att de elektroniska handlingarna överensstämmer med originalen</link:label>
    <link:labelArc xlink:type="arc" xlink:arcrole="http://www.xbrl.org/2003/arcrole/concept-label" xlink:from="IntygandeOriginalInnehall" xlink:to="label_IntygandeOriginalInnehall" xlink:title="label: IntygandeOriginalInnehall to label_IntygandeOriginalInnehall"/>
    <link:loc xlink:type="locator" xlink:href="se-comp-base-2017-09-30.xsd#se-comp-base_ArsstammaResultatDispositionAktieutdelning" xlink:label="BeslutDispositionAktieutdelning" xlink:title="BeslutDispositionAktieutdelning"/>
    <link:label xlink:type="resource" xlink:label="label_BeslutDispositionAktieutdelning" xlink:role="http://www.xbrl.org/2003/role/label" xlink:title="label_BeslutDispositionAktieutdelning" xml:lang="sv" id="label_BeslutDispositionAktieutdelning">På årsstämman beslutad aktieutdelning</link:label>
    <link:labelArc xlink:type="arc" xlink:arcrole="http://www.xbrl.org/2003/arcrole/concept-label" xlink:from="BeslutDispositionAktieutdelning" xlink:to="label_BeslutDispositionAktieutdelning" xlink:title="label: BeslutDispositionAktieutdelning to label_BeslutDispositionAktieutdelning"/>
    <link:loc xlink:type="locator" xlink:href="se-comp-base-2017-09-30.xsd#se-comp-base_ArsstammaResultatDispositionFondemission" xlink:label="BeslutDispositionFondemission" xlink:title="BeslutDispositionFondemission"/>
    <link:label xlink:type="resource" xlink:label="label_BeslutDispositionFondemission" xlink:role="http://www.xbrl.org/2003/role/label" xlink:title="label_BeslutDispositionFondemission" xml:lang="sv" id="label_BeslutDispositionFondemission">På årsstämman beslutad fondemission</link:label>
    <link:labelArc xlink:type="arc" xlink:arcrole="http://www.xbrl.org/2003/arcrole/concept-label" xlink:from="BeslutDispositionFondemission" xlink:to="label_BeslutDispositionFondemission" xlink:title="label: BeslutDispositionFondemission to label_BeslutDispositionFondemission"/>
    <link:loc xlink:type="locator" xlink:href="se-comp-base-2017-09-30.xsd#se-comp-base_ArsstammaResultatDispositionAvsattningReservfond" xlink:label="BeslutDispositionAvsattningReservfond" xlink:title="BeslutDispositionAvsattningReservfond"/>
    <link:label xlink:type="resource" xlink:label="label_BeslutDispositionAvsattningReservfond" xlink:role="http://www.xbrl.org/2003/role/label" xlink:title="label_BeslutDispositionAvsattningReservfond" xml:lang="sv" id="label_BeslutDispositionAvsattningReservfond">På årsstämman beslutad avsättning till reservfond</link:label>
    <link:labelArc xlink:type="arc" xlink:arcrole="http://www.xbrl.org/2003/arcrole/concept-label" xlink:from="BeslutDispositionAvsattningReservfond" xlink:to="label_BeslutDispositionAvsattningReservfond" xlink:title="label: BeslutDispositionAvsattningReservfond to label_BeslutDispositionAvsattningReservfond"/>
    <link:loc xlink:type="locator" xlink:href="se-comp-base-2017-09-30.xsd#se-comp-base_ArsstammaResultatDispositionIanspraktagandeReservfond" xlink:label="BeslutDispositionIanspraktagandeAvReservfond" xlink:title="BeslutDispositionIanspraktagandeAvReservfond"/>
    <link:label xlink:type="resource" xlink:label="label_BeslutDispositionIanspraktagandeAvReservfond" xlink:role="http://www.xbrl.org/2003/role/label" xlink:title="label_BeslutDispositionIanspraktagandeAvReservfond" xml:lang="sv" id="label_BeslutDispositionIanspraktagandeAvReservfond">På årsstämman beslutad ianspråktagande av reservfond</link:label>
    <link:labelArc xlink:type="arc" xlink:arcrole="http://www.xbrl.org/2003/arcrole/concept-label" xlink:from="BeslutDispositionIanspraktagandeAvReservfond" xlink:to="label_BeslutDispositionIanspraktagandeAvReservfond" xlink:title="label: BeslutDispositionIanspraktagandeAvReservfond to label_BeslutDispositionIanspraktagandeAvReservfond"/>
    <link:loc xlink:type="locator" xlink:href="se-comp-base-2017-09-30.xsd#se-comp-base_ArsstammaResultatDispositionIanspraktagandeUppskrivningsfond" xlink:label="BeslutDispositionIanspraktagandeAvUppskrivningsfond" xlink:title="BeslutDispositionIanspraktagandeAvUppskrivningsfond"/>
    <link:label xlink:type="resource" xlink:label="label_BeslutDispositionIanspraktagandeAvUppskrivningsfond" xlink:role="http://www.xbrl.org/2003/role/label" xlink:title="label_BeslutDispositionIanspraktagandeAvUppskrivningsfond" xml:lang="sv" id="label_BeslutDispositionIanspraktagandeAvUppskrivningsfond">På årsstämman beslutad ianspråktagande av uppskrivningsfond</link:label>
    <link:labelArc xlink:type="arc" xlink:arcrole="http://www.xbrl.org/2003/arcrole/concept-label" xlink:from="BeslutDispositionIanspraktagandeAvUppskrivningsfond" xlink:to="label_BeslutDispositionIanspraktagandeAvUppskrivningsfond" xlink:title="label: BeslutDispositionIanspraktagandeAvUppskrivningsfond to label_BeslutDispositionIanspraktagandeAvUppskrivningsfond"/>
    <link:loc xlink:type="locator" xlink:href="se-comp-base-2017-09-30.xsd#se-comp-base_ArsstammaResultatDispositionBalanserasINyRakning" xlink:label="BeslutDispositionBalanserasINyRakning" xlink:title="BeslutDispositionBalanserasINyRakning"/>
    <link:label xlink:type="resource" xlink:label="label_BeslutDispositionBalanserasINyRakning" xlink:role="http://www.xbrl.org/2003/role/label" xlink:title="label_BeslutDispositionBalanserasINyRakning" xml:lang="sv" id="label_BeslutDispositionBalanserasINyRakning">På årsstämman beslutad balansering i ny räkning</link:label>
    <link:labelArc xlink:type="arc" xlink:arcrole="http://www.xbrl.org/2003/arcrole/concept-label" xlink:from="BeslutDispositionBalanserasINyRakning" xlink:to="label_BeslutDispositionBalanserasINyRakning" xlink:title="label: BeslutDispositionBalanserasINyRakning to label_BeslutDispositionBalanserasINyRakning"/>
    <link:loc xlink:type="locator" xlink:href="se-comp-base-2017-09-30.xsd#se-comp-base_ArsstammaResultatDispositionGodkannaStyrelsensForslag" xlink:label="ResultatDispositionGodkannaStyrelsensForslag" xlink:title="ResultatDispositionGodkannaStyrelsensForslag"/>
    <link:label xlink:type="resource" xlink:label="label_ResultatDispositionGodkannaStyrelsensForslag" xlink:role="http://www.xbrl.org/2003/role/label" xlink:title="label_ResultatDispositionGodkannaStyrelsensForslag" xml:lang="sv" id="label_ResultatDispositionGodkannaStyrelsensForslag">Godkänna styrelsens förslag till resultatdisposition</link:label>
    <link:labelArc xlink:type="arc" xlink:arcrole="http://www.xbrl.org/2003/arcrole/concept-label" xlink:from="ResultatDispositionGodkannaStyrelsensForslag" xlink:to="label_ResultatDispositionGodkannaStyrelsensForslag" xlink:title="label: ResultatDispositionGodkannaStyrelsensForslag to label_ResultatDispositionGodkannaStyrelsensForslag"/>
    <link:loc xlink:type="locator" xlink:href="se-comp-base-2017-09-30.xsd#se-comp-base_ArsstammaResultatDispositionInteGodkannaStyrelsensForslag" xlink:label="ResultatDispositionInteGodkannaStyrelsensForslag" xlink:title="ResultatDispositionInteGodkannaStyrelsensForslag"/>
    <link:label xlink:type="resource" xlink:label="label_ResultatDispositionInteGodkannaStyrelsensForslag" xlink:role="http://www.xbrl.org/2003/role/label" xlink:title="label_ResultatDispositionInteGodkannaStyrelsensForslag" xml:lang="sv" id="label_ResultatDispositionInteGodkannaStyrelsensForslag">Inte godkänna styrelsens förslag till resultatdisposition</link:label>
    <link:labelArc xlink:type="arc" xlink:arcrole="http://www.xbrl.org/2003/arcrole/concept-label" xlink:from="ResultatDispositionInteGodkannaStyrelsensForslag" xlink:to="label_ResultatDispositionInteGodkannaStyrelsensForslag" xlink:title="label: ResultatDispositionInteGodkannaStyrelsensForslag to label_ResultatDispositionInteGodkannaStyrelsensForslag"/>
    <link:loc xlink:type="locator" xlink:href="se-comp-base-2017-09-30.xsd#se-comp-base_UnderskriftFaststallseintygForetradare" xlink:label="UnderskriftFaststallseintygForetradare" xlink:title="UnderskriftFaststallseintygForetradare"/>
    <link:label xlink:type="resource" xlink:label="label_UnderskriftFaststallseintygForetradare" xlink:role="http://www.xbrl.org/2003/role/label" xlink:title="label_UnderskriftFaststallseintygForetradare" xml:lang="sv" id="label_UnderskriftFaststallseintygForetradare">Underskrift av företrädare (Presentation)</link:label>
    <link:labelArc xlink:type="arc" xlink:arcrole="http://www.xbrl.org/2003/arcrole/concept-label" xlink:from="UnderskriftFaststallseintygForetradare" xlink:to="label_UnderskriftFaststallseintygForetradare" xlink:title="label: UnderskriftFaststallseintygForetradare to label_UnderskriftFaststallseintygForetradare"/>
    <link:loc xlink:type="locator" xlink:href="se-comp-base-2017-09-30.xsd#se-comp-base_UnderskriftFastallelseintygDatum" xlink:label="UndertecknandeFastallelseIntygDatum" xlink:title="UndertecknandeFastallelseIntygDatum"/>
    <link:label xlink:type="resource" xlink:label="label_UndertecknandeFastallelseIntygDatum" xlink:role="http://www.xbrl.org/2003/role/label" xlink:title="label_UndertecknandeFastallelseIntygDatum" xml:lang="sv" id="label_UndertecknandeFastallelseIntygDatum">Datum för undertecknande av fastställelseintyg</link:label>
    <link:labelArc xlink:type="arc" xlink:arcrole="http://www.xbrl.org/2003/arcrole/concept-label" xlink:from="UndertecknandeFastallelseIntygDatum" xlink:to="label_UndertecknandeFastallelseIntygDatum" xlink:title="label: UndertecknandeFastallelseIntygDatum to label_UndertecknandeFastallelseIntygDatum"/>
    <link:loc xlink:type="locator" xlink:href="se-comp-base-2017-09-30.xsd#se-comp-base_UnderskriftFaststallelseintygForetradareTilltalsnamn" xlink:label="UnderskriftFaststallelseintygForetradareTilltalsnamn" xlink:title="UnderskriftFaststallelseintygForetradareTilltalsnamn"/>
    <link:label xlink:type="resource" xlink:label="label_UnderskriftFaststallelseintygForetradareTilltalsnamn" xlink:role="http://www.xbrl.org/2003/role/label" xlink:title="label_UnderskriftFaststallelseintygForetradareTilltalsnamn" xml:lang="sv" id="label_UnderskriftFaststallelseintygForetradareTilltalsnamn">Underskrift av företrädare, tilltalsnamn</link:label>
    <link:labelArc xlink:type="arc" xlink:arcrole="http://www.xbrl.org/2003/arcrole/concept-label" xlink:from="UnderskriftFaststallelseintygForetradareTilltalsnamn" xlink:to="label_UnderskriftFaststallelseintygForetradareTilltalsnamn" xlink:title="label: UnderskriftFaststallelseintygForetradareTilltalsnamn to label_UnderskriftFaststallelseintygForetradareTilltalsnamn"/>
    <link:loc xlink:type="locator" xlink:href="se-comp-base-2017-09-30.xsd#se-comp-base_UnderskriftFaststallelseintygForetradareEfternamn" xlink:label="UnderskriftFaststallelseintygForetradareEfternamn" xlink:title="UnderskriftFaststallelseintygForetradareEfternamn"/>
    <link:label xlink:type="resource" xlink:label="label_UnderskriftFaststallelseintygForetradareEfternamn" xlink:role="http://www.xbrl.org/2003/role/label" xlink:title="label_UnderskriftFaststallelseintygForetradareEfternamn" xml:lang="sv" id="label_UnderskriftFaststallelseintygForetradareEfternamn">Underskrift av företrädare, efternamn</link:label>
    <link:labelArc xlink:type="arc" xlink:arcrole="http://www.xbrl.org/2003/arcrole/concept-label" xlink:from="UnderskriftFaststallelseintygForetradareEfternamn" xlink:to="label_UnderskriftFaststallelseintygForetradareEfternamn" xlink:title="label: UnderskriftFaststallelseintygForetradareEfternamn to label_UnderskriftFaststallelseintygForetradareEfternamn"/>
    <link:loc xlink:type="locator" xlink:href="se-comp-base-2017-09-30.xsd#se-comp-base_UnderskriftFaststallelseintygForetradareForetradarroll" xlink:label="UnderskriftFaststallelseintygForetradareForetradarroll" xlink:title="UnderskriftFaststallelseintygForetradareForetradarroll"/>
    <link:label xlink:type="resource" xlink:label="label_UnderskriftFaststallelseintygForetradareForetradarroll" xlink:role="http://www.xbrl.org/2003/role/label" xlink:title="label_UnderskriftFaststallelseintygForetradareForetradarroll" xml:lang="sv" id="label_UnderskriftFaststallelseintygForetradareForetradarroll">Underskrift av företrädare, roll</link:label>
    <link:labelArc xlink:type="arc" xlink:arcrole="http://www.xbrl.org/2003/arcrole/concept-label" xlink:from="UnderskriftFaststallelseintygForetradareForetradarroll" xlink:to="label_UnderskriftFaststallelseintygForetradareForetradarroll" xlink:title="label: UnderskriftFaststallelseintygForetradareForetradarroll to label_UnderskriftFaststallelseintygForetradareForetradarroll"/>
    <link:loc xlink:type="locator" xlink:href="se-comp-base-2017-09-30.xsd#se-comp-base_UnderskriftFaststallelseintygElektroniskt" xlink:label="ElektroniskUnderskriftFaststallelseintyget" xlink:title="ElektroniskUnderskriftFaststallelseintyget"/>
    <link:label xlink:type="resource" xlink:label="label_ElektroniskUnderskriftFaststallelseintyget" xlink:role="http://www.xbrl.org/2003/role/label" xlink:title="label_ElektroniskUnderskriftFaststallelseintyget" xml:lang="sv" id="label_ElektroniskUnderskriftFaststallelseintyget">Elektroniskt underskrivet fastställelseintyg</link:label>
    <link:labelArc xlink:type="arc" xlink:arcrole="http://www.xbrl.org/2003/arcrole/concept-label" xlink:from="ElektroniskUnderskriftFaststallelseintyget" xlink:to="label_ElektroniskUnderskriftFaststallelseintyget" xlink:title="label: ElektroniskUnderskriftFaststallelseintyget to label_ElektroniskUnderskriftFaststallelseintyget"/>
  </link:labelLink>
</link:linkbase>
