<?xml version="1.0" encoding="UTF-8"?>
<!-- Generated by Fujitsu Interstage XWand B0255 -->
<link:linkbase xmlns:xsi="http://www.w3.org/2001/XMLSchema-instance" xsi:schemaLocation="http://www.xbrl.org/2003/linkbase http://www.xbrl.org/2003/xbrl-linkbase-2003-12-31.xsd" xmlns:se-k2-hb-ext="http://www.taxonomier.se/se/fr/gaap/k2-hb-ext/2024-09-12" xmlns:link="http://www.xbrl.org/2003/linkbase" xmlns:xbrli="http://www.xbrl.org/2003/instance" xmlns:xlink="http://www.w3.org/1999/xlink">
  <link:roleRef roleURI="http://www.taxonomier.se/se/fr/role/list/handling/finansiellrapport" xlink:type="simple" xlink:href="../../../../../base/se-gen-base/2021-10-31/se-gen-base-2021-10-31.xsd#LIST_FR"/>
  <link:roleRef roleURI="http://www.taxonomier.se/se/fr/role/list/handling/pateckningsmening/revisionsberattelse" xlink:type="simple" xlink:href="../../../../../base/se-gen-base/2021-10-31/se-gen-base-2021-10-31.xsd#LIST_RPRRBR"/>
  <link:roleRef roleURI="http://www.taxonomier.se/se/fr/role/list/foretag/utdelningar" xlink:type="simple" xlink:href="../../../../../base/se-gen-base/2021-10-31/se-gen-base-2021-10-31.xsd#LIST_FFU"/>
  <link:roleRef roleURI="http://www.taxonomier.se/se/fr/role/list/handling/finansiellrapportfilialer" xlink:type="simple" xlink:href="../../../../../base/se-gen-base/2021-10-31/se-gen-base-2021-10-31.xsd#LIST_FRF"/>
  <link:roleRef roleURI="http://www.taxonomier.se/se/fr/role/list/handling/finansiellrapporthandelsbolag" xlink:type="simple" xlink:href="../../../../../base/se-gen-base/2021-10-31/se-gen-base-2021-10-31.xsd#LIST_FRH"/>
  <link:arcroleRef arcroleURI="http://xbrl.org/int/dim/arcrole/domain-member" xlink:type="simple" xlink:href="http://www.xbrl.org/2005/xbrldt-2005.xsd#domain-member"/>
  <link:definitionLink xlink:type="extended" xlink:role="http://www.taxonomier.se/se/fr/role/list/handling/finansiellrapport">
    <link:loc xlink:type="locator" xlink:href="../../../../../base/se-gen-base/2021-10-31/se-gen-base-2021-10-31.xsd#se-gen-base_FinansiellRapportDomain" xlink:label="FinansiellRapportDomain" xlink:title="FinansiellRapportDomain"/>
    <link:loc xlink:type="locator" xlink:href="../../../../../base/se-mem-base/2021-10-31/se-mem-base-2021-10-31.xsd#se-mem-base_FinansiellRapportBolagsmannenAvgerArsredovisningMember" xlink:label="FinansiellRapportBolagsmannenAvgerArsredovisningMember" xlink:title="FinansiellRapportBolagsmannenAvgerArsredovisningMember"/>
    <link:definitionArc xlink:type="arc" xlink:arcrole="http://xbrl.org/int/dim/arcrole/domain-member" xlink:from="FinansiellRapportDomain" xlink:to="FinansiellRapportBolagsmannenAvgerArsredovisningMember" xlink:title="definition: FinansiellRapportDomain to FinansiellRapportBolagsmannenAvgerArsredovisningMember" order="1.0"/>
    <link:loc xlink:type="locator" xlink:href="../../../../../base/se-mem-base/2021-10-31/se-mem-base-2021-10-31.xsd#se-mem-base_FinansiellRapportKomplementarenAvgerArsredovisningMember" xlink:label="FinansiellRapportKomplementarenAvgerArsredovisningMember" xlink:title="FinansiellRapportKomplementarenAvgerArsredovisningMember"/>
    <link:definitionArc xlink:type="arc" xlink:arcrole="http://xbrl.org/int/dim/arcrole/domain-member" xlink:from="FinansiellRapportDomain" xlink:to="FinansiellRapportKomplementarenAvgerArsredovisningMember" xlink:title="definition: FinansiellRapportDomain to FinansiellRapportKomplementarenAvgerArsredovisningMember" order="2.0"/>
  </link:definitionLink>
  <link:definitionLink xlink:type="extended" xlink:role="http://www.taxonomier.se/se/fr/role/list/handling/pateckningsmening/revisionsberattelse">
    <link:loc xlink:type="locator" xlink:href="../../../../../base/se-gen-base/2021-10-31/se-gen-base-2021-10-31.xsd#se-gen-base_RevisorspateckningRevisionsberattelseAvstyrktResultatrakningenBalansrakningenDomain" xlink:label="RevisorspateckningRevisionsberattelseAvstyrktResultatrakningenBalansrakningenDomain" xlink:title="RevisorspateckningRevisionsberattelseAvstyrktResultatrakningenBalansrakningenDomain"/>
    <link:loc xlink:type="locator" xlink:href="../../../../../base/se-mem-base/2021-10-31/se-mem-base-2021-10-31.xsd#se-mem-base_RevisorspateckningMeningAvstyrktResultatrakningBalansrakningMember" xlink:label="RevisorspateckningMeningAvstyrktResultatrakningBalansrakningMember" xlink:title="RevisorspateckningMeningAvstyrktResultatrakningBalansrakningMember"/>
    <link:definitionArc xlink:type="arc" xlink:arcrole="http://xbrl.org/int/dim/arcrole/domain-member" xlink:from="RevisorspateckningRevisionsberattelseAvstyrktResultatrakningenBalansrakningenDomain" xlink:to="RevisorspateckningMeningAvstyrktResultatrakningBalansrakningMember" xlink:title="definition: RevisorspateckningRevisionsberattelseAvstyrktResultatrakningenBalansrakningenDomain to RevisorspateckningMeningAvstyrktResultatrakningBalansrakningMember" order="1.0"/>
    <link:loc xlink:type="locator" xlink:href="../../../../../base/se-mem-base/2021-10-31/se-mem-base-2021-10-31.xsd#se-mem-base_RevisorspateckningMeningAvstyrktResultatrakningMember" xlink:label="RevisorspateckningMeningAvstyrktResultatrakningMember" xlink:title="RevisorspateckningMeningAvstyrktResultatrakningMember"/>
    <link:definitionArc xlink:type="arc" xlink:arcrole="http://xbrl.org/int/dim/arcrole/domain-member" xlink:from="RevisorspateckningRevisionsberattelseAvstyrktResultatrakningenBalansrakningenDomain" xlink:to="RevisorspateckningMeningAvstyrktResultatrakningMember" xlink:title="definition: RevisorspateckningRevisionsberattelseAvstyrktResultatrakningenBalansrakningenDomain to RevisorspateckningMeningAvstyrktResultatrakningMember" order="2.0"/>
    <link:loc xlink:type="locator" xlink:href="../../../../../base/se-mem-base/2021-10-31/se-mem-base-2021-10-31.xsd#se-mem-base_RevisorspateckningMeningAvstyrktBalansrakningMember" xlink:label="RevisorspateckningMeningAvstyrktBalansrakningMember" xlink:title="RevisorspateckningMeningAvstyrktBalansrakningMember"/>
    <link:definitionArc xlink:type="arc" xlink:arcrole="http://xbrl.org/int/dim/arcrole/domain-member" xlink:from="RevisorspateckningRevisionsberattelseAvstyrktResultatrakningenBalansrakningenDomain" xlink:to="RevisorspateckningMeningAvstyrktBalansrakningMember" xlink:title="definition: RevisorspateckningRevisionsberattelseAvstyrktResultatrakningenBalansrakningenDomain to RevisorspateckningMeningAvstyrktBalansrakningMember" order="3.0"/>
    <link:loc xlink:type="locator" xlink:href="../../../../../base/se-mem-base/2021-10-31/se-mem-base-2021-10-31.xsd#se-mem-base_RevisorspateckningMeningAvstyrktResultatrakningVarkenTillEllerAvstyrktBalansrakningMember" xlink:label="RevisorspateckningMeningAvstyrktResultatrakningVarkenTillEllerAvstyrktBalansrakningMember" xlink:title="RevisorspateckningMeningAvstyrktResultatrakningVarkenTillEllerAvstyrktBalansrakningMember"/>
    <link:definitionArc xlink:type="arc" xlink:arcrole="http://xbrl.org/int/dim/arcrole/domain-member" xlink:from="RevisorspateckningRevisionsberattelseAvstyrktResultatrakningenBalansrakningenDomain" xlink:to="RevisorspateckningMeningAvstyrktResultatrakningVarkenTillEllerAvstyrktBalansrakningMember" xlink:title="definition: RevisorspateckningRevisionsberattelseAvstyrktResultatrakningenBalansrakningenDomain to RevisorspateckningMeningAvstyrktResultatrakningVarkenTillEllerAvstyrktBalansrakningMember" order="4.0"/>
    <link:loc xlink:type="locator" xlink:href="../../../../../base/se-mem-base/2021-10-31/se-mem-base-2021-10-31.xsd#se-mem-base_RevisorspateckningMeningAvstyrktBalanstrakningVarkenTillEllerAvstyrktResultatrakningMember" xlink:label="RevisorspateckningMeningAvstyrktBalanstrakningVarkenTillEllerAvstyrktResultatrakningMember" xlink:title="RevisorspateckningMeningAvstyrktBalanstrakningVarkenTillEllerAvstyrktResultatrakningMember"/>
    <link:definitionArc xlink:type="arc" xlink:arcrole="http://xbrl.org/int/dim/arcrole/domain-member" xlink:from="RevisorspateckningRevisionsberattelseAvstyrktResultatrakningenBalansrakningenDomain" xlink:to="RevisorspateckningMeningAvstyrktBalanstrakningVarkenTillEllerAvstyrktResultatrakningMember" xlink:title="definition: RevisorspateckningRevisionsberattelseAvstyrktResultatrakningenBalansrakningenDomain to RevisorspateckningMeningAvstyrktBalanstrakningVarkenTillEllerAvstyrktResultatrakningMember" order="5.0"/>
    <link:loc xlink:type="locator" xlink:href="../../../../../base/se-mem-base/2021-10-31/se-mem-base-2021-10-31.xsd#se-mem-base_RevisorspateckningMeningVarkenTillEllerAvstyrktResultatrakningBalansrakningMember" xlink:label="RevisorspateckningMeningVarkenTillEllerAvstyrktResultatrakningBalansrakningMember" xlink:title="RevisorspateckningMeningVarkenTillEllerAvstyrktResultatrakningBalansrakningMember"/>
    <link:definitionArc xlink:type="arc" xlink:arcrole="http://xbrl.org/int/dim/arcrole/domain-member" xlink:from="RevisorspateckningRevisionsberattelseAvstyrktResultatrakningenBalansrakningenDomain" xlink:to="RevisorspateckningMeningVarkenTillEllerAvstyrktResultatrakningBalansrakningMember" xlink:title="definition: RevisorspateckningRevisionsberattelseAvstyrktResultatrakningenBalansrakningenDomain to RevisorspateckningMeningVarkenTillEllerAvstyrktResultatrakningBalansrakningMember" order="6.0"/>
    <link:loc xlink:type="locator" xlink:href="../../../../../base/se-mem-base/2021-10-31/se-mem-base-2021-10-31.xsd#se-mem-base_RevisorspateckningMeningVarkenTillEllerAvstyrktResultatrakningMember" xlink:label="RevisorspateckningMeningVarkenTillEllerAvstyrktResultatrakningMember" xlink:title="RevisorspateckningMeningVarkenTillEllerAvstyrktResultatrakningMember"/>
    <link:definitionArc xlink:type="arc" xlink:arcrole="http://xbrl.org/int/dim/arcrole/domain-member" xlink:from="RevisorspateckningRevisionsberattelseAvstyrktResultatrakningenBalansrakningenDomain" xlink:to="RevisorspateckningMeningVarkenTillEllerAvstyrktResultatrakningMember" xlink:title="definition: RevisorspateckningRevisionsberattelseAvstyrktResultatrakningenBalansrakningenDomain to RevisorspateckningMeningVarkenTillEllerAvstyrktResultatrakningMember" order="7.0"/>
    <link:loc xlink:type="locator" xlink:href="../../../../../base/se-mem-base/2021-10-31/se-mem-base-2021-10-31.xsd#se-mem-base_RevisorspateckningMeningVarkenTillEllerAvstyrktBalansrakningMember" xlink:label="RevisorspateckningMeningVarkenTillEllerAvstyrktBalansrakningMember" xlink:title="RevisorspateckningMeningVarkenTillEllerAvstyrktBalansrakningMember"/>
    <link:definitionArc xlink:type="arc" xlink:arcrole="http://xbrl.org/int/dim/arcrole/domain-member" xlink:from="RevisorspateckningRevisionsberattelseAvstyrktResultatrakningenBalansrakningenDomain" xlink:to="RevisorspateckningMeningVarkenTillEllerAvstyrktBalansrakningMember" xlink:title="definition: RevisorspateckningRevisionsberattelseAvstyrktResultatrakningenBalansrakningenDomain to RevisorspateckningMeningVarkenTillEllerAvstyrktBalansrakningMember" order="8.0"/>
  </link:definitionLink>
  <link:definitionLink xlink:type="extended" xlink:role="http://www.taxonomier.se/se/fr/role/list/foretag/utdelningar">
    <link:loc xlink:type="locator" xlink:href="../../../../../base/se-gen-base/2021-10-31/se-gen-base-2021-10-31.xsd#se-gen-base_TypForetagUtdelningslistaDomain" xlink:label="TypForetagUtdelningslistaDomain" xlink:title="TypForetagUtdelningslistaDomain"/>
    <link:loc xlink:type="locator" xlink:href="../../../../../base/se-mem-base/2021-10-31/se-mem-base-2021-10-31.xsd#se-mem-base_KoncernforetagMember" xlink:label="KoncernforetagMember_2" xlink:title="KoncernforetagMember"/>
    <link:definitionArc xlink:type="arc" xlink:arcrole="http://xbrl.org/int/dim/arcrole/domain-member" xlink:from="TypForetagUtdelningslistaDomain" xlink:to="KoncernforetagMember_2" xlink:title="definition: TypForetagUtdelningslistaDomain to KoncernforetagMember" order="1.0"/>
    <link:loc xlink:type="locator" xlink:href="../../../../../base/se-mem-base/2021-10-31/se-mem-base-2021-10-31.xsd#se-mem-base_IntresseforetagGemensamtStyrdaForetagMember" xlink:label="IntresseforetagGemensamtStyrdaForetagMember_2" xlink:title="IntresseforetagGemensamtStyrdaForetagMember"/>
    <link:definitionArc xlink:type="arc" xlink:arcrole="http://xbrl.org/int/dim/arcrole/domain-member" xlink:from="TypForetagUtdelningslistaDomain" xlink:to="IntresseforetagGemensamtStyrdaForetagMember_2" xlink:title="definition: TypForetagUtdelningslistaDomain to IntresseforetagGemensamtStyrdaForetagMember" order="2.0"/>
    <link:loc xlink:type="locator" xlink:href="../../../../../base/se-mem-base/2021-10-31/se-mem-base-2021-10-31.xsd#se-mem-base_OvrigaForetagAgarintresseMember" xlink:label="OvrigaForetagAgarintresseMember_2" xlink:title="OvrigaForetagAgarintresseMember"/>
    <link:definitionArc xlink:type="arc" xlink:arcrole="http://xbrl.org/int/dim/arcrole/domain-member" xlink:from="TypForetagUtdelningslistaDomain" xlink:to="OvrigaForetagAgarintresseMember_2" xlink:title="definition: TypForetagUtdelningslistaDomain to OvrigaForetagAgarintresseMember" order="3.0"/>
  </link:definitionLink>
  <link:definitionLink xlink:type="extended" xlink:role="http://www.taxonomier.se/se/fr/role/list/handling/finansiellrapportfilialer"/>
  <link:definitionLink xlink:type="extended" xlink:role="http://www.taxonomier.se/se/fr/role/list/handling/finansiellrapporthandelsbolag"/>
</link:linkbase>
