<?xml version="1.0" encoding="UTF-8"?>
<!-- Generated by Fujitsu Interstage XWand B0251 -->
<link:linkbase xmlns:xsi="http://www.w3.org/2001/XMLSchema-instance" xsi:schemaLocation="http://www.xbrl.org/2004/ref http://www.xbrl.org/2004/ref-2004-08-10.xsd http://www.xbrl.org/2003/linkbase http://www.xbrl.org/2003/xbrl-linkbase-2003-12-31.xsd" xmlns:link="http://www.xbrl.org/2003/linkbase" xmlns:ref="http://www.xbrl.org/2004/ref" xmlns:xbrli="http://www.xbrl.org/2003/instance" xmlns:xlink="http://www.w3.org/1999/xlink">
  <link:roleRef roleURI="http://www.taxonomier.se/se/fr/role/reference/legislation/abl" xlink:type="simple" xlink:href="../../../shared/role/se-leg-role/2020-12-01/se-leg-role-2020-12-01.xsd#LEG_ROLE_ABL"/>
  <link:referenceLink xlink:type="extended" xlink:role="http://www.taxonomier.se/se/fr/role/reference/legislation/abl">
    <link:loc xlink:type="locator" xlink:href="se-gen-base-2020-12-01.xsd#se-gen-base_UndertecknandeArsredovisningOrt" xlink:label="label_UndertecknandeArsredovisningOrt_0" xlink:title="label_UndertecknandeArsredovisningOrt_0"/>
    <link:reference xlink:type="resource" xlink:label="res_UndertecknandeArsredovisningOrt_0" xlink:role="http://www.xbrl.org/2003/role/reference" xlink:title="res_UndertecknandeArsredovisningOrt_0" id="res_UndertecknandeArsredovisningOrt_0">
      <ref:Name>ABL</ref:Name>
      <ref:Number>2005:551</ref:Number>
      <ref:Chapter>7</ref:Chapter>
      <ref:Paragraph>15</ref:Paragraph>
    </link:reference>
    <link:referenceArc xlink:type="arc" xlink:arcrole="http://www.xbrl.org/2003/arcrole/concept-reference" xlink:from="label_UndertecknandeArsredovisningOrt_0" xlink:to="res_UndertecknandeArsredovisningOrt_0" xlink:title="reference: label_UndertecknandeArsredovisningOrt_0 to res_UndertecknandeArsredovisningOrt_0"/>
    <link:loc xlink:type="locator" xlink:href="se-gen-base-2020-12-01.xsd#se-gen-base_OvrigaViktigaForhallandenVasentligaHandelser" xlink:label="label_OvrigaViktigaForhallandenVasentligaHandelser_1" xlink:title="label_OvrigaViktigaForhallandenVasentligaHandelser_1"/>
    <link:reference xlink:type="resource" xlink:label="res_OvrigaViktigaForhallandenVasentligaHandelser_1" xlink:role="http://www.xbrl.org/2003/role/reference" xlink:title="res_OvrigaViktigaForhallandenVasentligaHandelser_1" id="res_OvrigaViktigaForhallandenVasentligaHandelser_1">
      <ref:Name>ABL</ref:Name>
      <ref:Number>2005:551</ref:Number>
      <ref:Chapter>16</ref:Chapter>
      <ref:Paragraph>10</ref:Paragraph>
    </link:reference>
    <link:referenceArc xlink:type="arc" xlink:arcrole="http://www.xbrl.org/2003/arcrole/concept-reference" xlink:from="label_OvrigaViktigaForhallandenVasentligaHandelser_1" xlink:to="res_OvrigaViktigaForhallandenVasentligaHandelser_1" xlink:title="reference: label_OvrigaViktigaForhallandenVasentligaHandelser_1 to res_OvrigaViktigaForhallandenVasentligaHandelser_1"/>
    <link:loc xlink:type="locator" xlink:href="se-gen-base-2020-12-01.xsd#se-gen-base_UpplysningAktiekapitalKvotvardePerAktie" xlink:label="label_UpplysningAktiekapitalKvotvardePerAktie_2" xlink:title="label_UpplysningAktiekapitalKvotvardePerAktie_2"/>
    <link:reference xlink:type="resource" xlink:label="res_UpplysningAktiekapitalKvotvardePerAktie_2" xlink:role="http://www.xbrl.org/2003/role/reference" xlink:title="res_UpplysningAktiekapitalKvotvardePerAktie_2" id="res_UpplysningAktiekapitalKvotvardePerAktie_2">
      <ref:Name>ABL</ref:Name>
      <ref:Number>2005:551</ref:Number>
      <ref:Chapter>1</ref:Chapter>
      <ref:Paragraph>6</ref:Paragraph>
    </link:reference>
    <link:referenceArc xlink:type="arc" xlink:arcrole="http://www.xbrl.org/2003/arcrole/concept-reference" xlink:from="label_UpplysningAktiekapitalKvotvardePerAktie_2" xlink:to="res_UpplysningAktiekapitalKvotvardePerAktie_2" xlink:title="reference: label_UpplysningAktiekapitalKvotvardePerAktie_2 to res_UpplysningAktiekapitalKvotvardePerAktie_2"/>
    <link:loc xlink:type="locator" xlink:href="se-gen-base-2020-12-01.xsd#se-gen-base_UndertecknandeForetradareRevisionspateckningAbstract" xlink:label="label_UndertecknandeForetradareRevisionspateckningAbstract_4" xlink:title="label_UndertecknandeForetradareRevisionspateckningAbstract_4"/>
    <link:reference xlink:type="resource" xlink:label="res_UndertecknandeForetradareRevisionspateckningAbstract_4" xlink:role="http://www.xbrl.org/2003/role/reference" xlink:title="res_UndertecknandeForetradareRevisionspateckningAbstract_4" id="res_UndertecknandeForetradareRevisionspateckningAbstract_4">
      <ref:Name>ABL</ref:Name>
      <ref:Number>2005:551</ref:Number>
      <ref:Chapter>9</ref:Chapter>
      <ref:Paragraph>28</ref:Paragraph>
    </link:reference>
    <link:referenceArc xlink:type="arc" xlink:arcrole="http://www.xbrl.org/2003/arcrole/concept-reference" xlink:from="label_UndertecknandeForetradareRevisionspateckningAbstract_4" xlink:to="res_UndertecknandeForetradareRevisionspateckningAbstract_4" xlink:title="reference: label_UndertecknandeForetradareRevisionspateckningAbstract_4 to res_UndertecknandeForetradareRevisionspateckningAbstract_4"/>
    <link:loc xlink:type="locator" xlink:href="se-gen-base-2020-12-01.xsd#se-gen-base_UnderskriftHandlingTilltalsnamn" xlink:label="label_UnderskriftHandlingTilltalsnamn_5" xlink:title="label_UnderskriftHandlingTilltalsnamn_5"/>
    <link:reference xlink:type="resource" xlink:label="res_UnderskriftHandlingTilltalsnamn_5" xlink:role="http://www.xbrl.org/2003/role/reference" xlink:title="res_UnderskriftHandlingTilltalsnamn_5" id="res_UnderskriftHandlingTilltalsnamn_5">
      <ref:Name>ABL</ref:Name>
      <ref:Number>2005:551</ref:Number>
      <ref:Chapter>9</ref:Chapter>
      <ref:Paragraph>28</ref:Paragraph>
    </link:reference>
    <link:referenceArc xlink:type="arc" xlink:arcrole="http://www.xbrl.org/2003/arcrole/concept-reference" xlink:from="label_UnderskriftHandlingTilltalsnamn_5" xlink:to="res_UnderskriftHandlingTilltalsnamn_5" xlink:title="reference: label_UnderskriftHandlingTilltalsnamn_5 to res_UnderskriftHandlingTilltalsnamn_5"/>
    <link:loc xlink:type="locator" xlink:href="se-gen-base-2020-12-01.xsd#se-gen-base_Aktiekapital" xlink:label="label_Aktiekapital_6" xlink:title="label_Aktiekapital_6"/>
    <link:reference xlink:type="resource" xlink:label="res_Aktiekapital_6" xlink:role="http://www.xbrl.org/2003/role/reference" xlink:title="res_Aktiekapital_6" id="res_Aktiekapital_6">
      <ref:Name>ABL</ref:Name>
      <ref:Number>2005:551</ref:Number>
      <ref:Chapter>1</ref:Chapter>
      <ref:Paragraph>4-6</ref:Paragraph>
    </link:reference>
    <link:referenceArc xlink:type="arc" xlink:arcrole="http://www.xbrl.org/2003/arcrole/concept-reference" xlink:from="label_Aktiekapital_6" xlink:to="res_Aktiekapital_6" xlink:title="reference: label_Aktiekapital_6 to res_Aktiekapital_6"/>
    <link:loc xlink:type="locator" xlink:href="se-gen-base-2020-12-01.xsd#se-gen-base_ForandringEgetKapitalHanforligtModerforetagetsAktieagareForvarvEgnaAktier" xlink:label="label_ForandringEgetKapitalHanforligtModerforetagetsAktieagareForvarvEgnaAktier_9" xlink:title="label_ForandringEgetKapitalHanforligtModerforetagetsAktieagareForvarvEgnaAktier_9"/>
    <link:reference xlink:type="resource" xlink:label="res_ForandringEgetKapitalHanforligtModerforetagetsAktieagareForvarvEgnaAktier_9" xlink:role="http://www.xbrl.org/2003/role/reference" xlink:title="res_ForandringEgetKapitalHanforligtModerforetagetsAktieagareForvarvEgnaAktier_9" id="res_ForandringEgetKapitalHanforligtModerforetagetsAktieagareForvarvEgnaAktier_9">
      <ref:Name>ABL</ref:Name>
      <ref:Number>2005:551</ref:Number>
      <ref:Chapter>19</ref:Chapter>
      <ref:Paragraph>5</ref:Paragraph>
    </link:reference>
    <link:referenceArc xlink:type="arc" xlink:arcrole="http://www.xbrl.org/2003/arcrole/concept-reference" xlink:from="label_ForandringEgetKapitalHanforligtModerforetagetsAktieagareForvarvEgnaAktier_9" xlink:to="res_ForandringEgetKapitalHanforligtModerforetagetsAktieagareForvarvEgnaAktier_9" xlink:title="reference: label_ForandringEgetKapitalHanforligtModerforetagetsAktieagareForvarvEgnaAktier_9 to res_ForandringEgetKapitalHanforligtModerforetagetsAktieagareForvarvEgnaAktier_9"/>
    <link:loc xlink:type="locator" xlink:href="se-gen-base-2020-12-01.xsd#se-gen-base_NotUpplysningAktiekapitalKommentar" xlink:label="label_NotUpplysningAktiekapitalKommentar_15" xlink:title="label_NotUpplysningAktiekapitalKommentar_15"/>
    <link:reference xlink:type="resource" xlink:label="res_NotUpplysningAktiekapitalKommentar_15" xlink:role="http://www.xbrl.org/2003/role/reference" xlink:title="res_NotUpplysningAktiekapitalKommentar_15" id="res_NotUpplysningAktiekapitalKommentar_15">
      <ref:Name>ABL</ref:Name>
      <ref:Number>2005:551</ref:Number>
      <ref:Chapter>1</ref:Chapter>
      <ref:Paragraph>6</ref:Paragraph>
    </link:reference>
    <link:referenceArc xlink:type="arc" xlink:arcrole="http://www.xbrl.org/2003/arcrole/concept-reference" xlink:from="label_NotUpplysningAktiekapitalKommentar_15" xlink:to="res_NotUpplysningAktiekapitalKommentar_15" xlink:title="reference: label_NotUpplysningAktiekapitalKommentar_15 to res_NotUpplysningAktiekapitalKommentar_15"/>
    <link:loc xlink:type="locator" xlink:href="se-gen-base-2020-12-01.xsd#se-gen-base_UnderskriftHandlingEfternamn" xlink:label="label_UnderskriftHandlingEfternamn_16" xlink:title="label_UnderskriftHandlingEfternamn_16"/>
    <link:reference xlink:type="resource" xlink:label="res_UnderskriftHandlingEfternamn_16" xlink:role="http://www.xbrl.org/2003/role/reference" xlink:title="res_UnderskriftHandlingEfternamn_16" id="res_UnderskriftHandlingEfternamn_16">
      <ref:Name>ABL</ref:Name>
      <ref:Number>2005:551</ref:Number>
      <ref:Chapter>9</ref:Chapter>
      <ref:Paragraph>28</ref:Paragraph>
    </link:reference>
    <link:referenceArc xlink:type="arc" xlink:arcrole="http://www.xbrl.org/2003/arcrole/concept-reference" xlink:from="label_UnderskriftHandlingEfternamn_16" xlink:to="res_UnderskriftHandlingEfternamn_16" xlink:title="reference: label_UnderskriftHandlingEfternamn_16 to res_UnderskriftHandlingEfternamn_16"/>
    <link:loc xlink:type="locator" xlink:href="se-gen-base-2020-12-01.xsd#se-gen-base_LanDelagareNarstaende" xlink:label="label_LanDelagareNarstaende_17" xlink:title="label_LanDelagareNarstaende_17"/>
    <link:reference xlink:type="resource" xlink:label="res_LanDelagareNarstaende_17" xlink:role="http://www.xbrl.org/2003/role/reference" xlink:title="res_LanDelagareNarstaende_17" id="res_LanDelagareNarstaende_17">
      <ref:Name>ABL</ref:Name>
      <ref:Number>2005:551</ref:Number>
      <ref:Chapter>21</ref:Chapter>
      <ref:Paragraph>1</ref:Paragraph>
      <ref:Subparagraph>3-5</ref:Subparagraph>
    </link:reference>
    <link:referenceArc xlink:type="arc" xlink:arcrole="http://www.xbrl.org/2003/arcrole/concept-reference" xlink:from="label_LanDelagareNarstaende_17" xlink:to="res_LanDelagareNarstaende_17" xlink:title="reference: label_LanDelagareNarstaende_17 to res_LanDelagareNarstaende_17"/>
    <link:loc xlink:type="locator" xlink:href="se-gen-base-2020-12-01.xsd#se-gen-base_NotUpplysningAktiekapital" xlink:label="label_NotUpplysningAktiekapital_18" xlink:title="label_NotUpplysningAktiekapital_18"/>
    <link:reference xlink:type="resource" xlink:label="res_NotUpplysningAktiekapital_18" xlink:role="http://www.xbrl.org/2003/role/reference" xlink:title="res_NotUpplysningAktiekapital_18" id="res_NotUpplysningAktiekapital_18">
      <ref:Name>ABL</ref:Name>
      <ref:Number>2005:551</ref:Number>
      <ref:Chapter>1</ref:Chapter>
      <ref:Paragraph>6</ref:Paragraph>
    </link:reference>
    <link:referenceArc xlink:type="arc" xlink:arcrole="http://www.xbrl.org/2003/arcrole/concept-reference" xlink:from="label_NotUpplysningAktiekapital_18" xlink:to="res_NotUpplysningAktiekapital_18" xlink:title="reference: label_NotUpplysningAktiekapital_18 to res_NotUpplysningAktiekapital_18"/>
    <link:loc xlink:type="locator" xlink:href="se-gen-base-2020-12-01.xsd#se-gen-base_ForandringEgetKapitalTotaltForandringEgnaAktier" xlink:label="label_ForandringEgetKapitalTotaltForandringEgnaAktier_19" xlink:title="label_ForandringEgetKapitalTotaltForandringEgnaAktier_19"/>
    <link:reference xlink:type="resource" xlink:label="res_ForandringEgetKapitalTotaltForandringEgnaAktier_19" xlink:role="http://www.xbrl.org/2003/role/reference" xlink:title="res_ForandringEgetKapitalTotaltForandringEgnaAktier_19" id="res_ForandringEgetKapitalTotaltForandringEgnaAktier_19">
      <ref:Name>ABL</ref:Name>
      <ref:Number>2005:551</ref:Number>
      <ref:Chapter>19</ref:Chapter>
      <ref:Paragraph>5</ref:Paragraph>
    </link:reference>
    <link:referenceArc xlink:type="arc" xlink:arcrole="http://www.xbrl.org/2003/arcrole/concept-reference" xlink:from="label_ForandringEgetKapitalTotaltForandringEgnaAktier_19" xlink:to="res_ForandringEgetKapitalTotaltForandringEgnaAktier_19" xlink:title="reference: label_ForandringEgetKapitalTotaltForandringEgnaAktier_19 to res_ForandringEgetKapitalTotaltForandringEgnaAktier_19"/>
    <link:loc xlink:type="locator" xlink:href="se-gen-base-2020-12-01.xsd#se-gen-base_EgnaAktier" xlink:label="label_EgnaAktier_21" xlink:title="label_EgnaAktier_21"/>
    <link:reference xlink:type="resource" xlink:label="res_EgnaAktier_21" xlink:role="http://www.xbrl.org/2003/role/reference" xlink:title="res_EgnaAktier_21" id="res_EgnaAktier_21">
      <ref:Name>ABL</ref:Name>
      <ref:Number>2005:551</ref:Number>
      <ref:Chapter>19</ref:Chapter>
      <ref:Paragraph>5</ref:Paragraph>
    </link:reference>
    <link:referenceArc xlink:type="arc" xlink:arcrole="http://www.xbrl.org/2003/arcrole/concept-reference" xlink:from="label_EgnaAktier_21" xlink:to="res_EgnaAktier_21" xlink:title="reference: label_EgnaAktier_21 to res_EgnaAktier_21"/>
    <link:loc xlink:type="locator" xlink:href="se-gen-base-2020-12-01.xsd#se-gen-base_EjRegistreratAktiekapital" xlink:label="label_EjRegistreratAktiekapital_26" xlink:title="label_EjRegistreratAktiekapital_26"/>
    <link:reference xlink:type="resource" xlink:label="res_EjRegistreratAktiekapital_26" xlink:role="http://www.xbrl.org/2003/role/reference" xlink:title="res_EjRegistreratAktiekapital_26" id="res_EjRegistreratAktiekapital_26">
      <ref:Name>ABL</ref:Name>
      <ref:Number>2005:551</ref:Number>
      <ref:Chapter>12</ref:Chapter>
    </link:reference>
    <link:referenceArc xlink:type="arc" xlink:arcrole="http://www.xbrl.org/2003/arcrole/concept-reference" xlink:from="label_EjRegistreratAktiekapital_26" xlink:to="res_EjRegistreratAktiekapital_26" xlink:title="reference: label_EjRegistreratAktiekapital_26 to res_EjRegistreratAktiekapital_26"/>
    <link:loc xlink:type="locator" xlink:href="se-gen-base-2020-12-01.xsd#se-gen-base_EjRegistreratAktiekapital" xlink:label="label_EjRegistreratAktiekapital_27" xlink:title="label_EjRegistreratAktiekapital_27"/>
    <link:reference xlink:type="resource" xlink:label="res_EjRegistreratAktiekapital_27" xlink:role="http://www.xbrl.org/2003/role/reference" xlink:title="res_EjRegistreratAktiekapital_27" id="res_EjRegistreratAktiekapital_27">
      <ref:Name>ABL</ref:Name>
      <ref:Number>2005:551</ref:Number>
      <ref:Chapter>13</ref:Chapter>
    </link:reference>
    <link:referenceArc xlink:type="arc" xlink:arcrole="http://www.xbrl.org/2003/arcrole/concept-reference" xlink:from="label_EjRegistreratAktiekapital_27" xlink:to="res_EjRegistreratAktiekapital_27" xlink:title="reference: label_EjRegistreratAktiekapital_27 to res_EjRegistreratAktiekapital_27"/>
    <link:loc xlink:type="locator" xlink:href="se-gen-base-2020-12-01.xsd#se-gen-base_ForandringEgetKapitalBalanseratResultatEgnaAktier" xlink:label="label_ForandringEgetKapitalBalanseratResultatEgnaAktier_36" xlink:title="label_ForandringEgetKapitalBalanseratResultatEgnaAktier_36"/>
    <link:reference xlink:type="resource" xlink:label="res_ForandringEgetKapitalBalanseratResultatEgnaAktier_36" xlink:role="http://www.xbrl.org/2003/role/reference" xlink:title="res_ForandringEgetKapitalBalanseratResultatEgnaAktier_36" id="res_ForandringEgetKapitalBalanseratResultatEgnaAktier_36">
      <ref:Name>ABL</ref:Name>
      <ref:Number>2005:551</ref:Number>
      <ref:Chapter>19</ref:Chapter>
      <ref:Paragraph>5</ref:Paragraph>
    </link:reference>
    <link:referenceArc xlink:type="arc" xlink:arcrole="http://www.xbrl.org/2003/arcrole/concept-reference" xlink:from="label_ForandringEgetKapitalBalanseratResultatEgnaAktier_36" xlink:to="res_ForandringEgetKapitalBalanseratResultatEgnaAktier_36" xlink:title="reference: label_ForandringEgetKapitalBalanseratResultatEgnaAktier_36 to res_ForandringEgetKapitalBalanseratResultatEgnaAktier_36"/>
    <link:loc xlink:type="locator" xlink:href="se-gen-base-2020-12-01.xsd#se-gen-base_UnderskriftHandlingTitel" xlink:label="label_UnderskriftHandlingTitel_3" xlink:title="label_UnderskriftHandlingTitel_3"/>
    <link:reference xlink:type="resource" xlink:label="res_UnderskriftHandlingTitel_3" xlink:role="http://www.xbrl.org/2003/role/reference" xlink:title="res_UnderskriftHandlingTitel_3" id="res_UnderskriftHandlingTitel_3">
      <ref:Name>ABL</ref:Name>
      <ref:Number>2005:551</ref:Number>
      <ref:Chapter>9</ref:Chapter>
      <ref:Paragraph>28</ref:Paragraph>
    </link:reference>
    <link:referenceArc xlink:type="arc" xlink:arcrole="http://www.xbrl.org/2003/arcrole/concept-reference" xlink:from="label_UnderskriftHandlingTitel_3" xlink:to="res_UnderskriftHandlingTitel_3" xlink:title="reference: label_UnderskriftHandlingTitel_3 to res_UnderskriftHandlingTitel_3"/>
    <link:loc xlink:type="locator" xlink:href="se-gen-base-2020-12-01.xsd#se-gen-base_UnderskriftRevisorspateckningRevisorHuvudansvarig" xlink:label="label_UnderskriftRevisorspateckningRevisorHuvudansvarig_7" xlink:title="label_UnderskriftRevisorspateckningRevisorHuvudansvarig_7"/>
    <link:reference xlink:type="resource" xlink:label="res_UnderskriftRevisorspateckningRevisorHuvudansvarig_7" xlink:role="http://www.xbrl.org/2003/role/reference" xlink:title="res_UnderskriftRevisorspateckningRevisorHuvudansvarig_7" id="res_UnderskriftRevisorspateckningRevisorHuvudansvarig_7">
      <ref:Name>ABL</ref:Name>
      <ref:Number>2005:551</ref:Number>
      <ref:Chapter>9</ref:Chapter>
      <ref:Paragraph>28</ref:Paragraph>
    </link:reference>
    <link:referenceArc xlink:type="arc" xlink:arcrole="http://www.xbrl.org/2003/arcrole/concept-reference" xlink:from="label_UnderskriftRevisorspateckningRevisorHuvudansvarig_7" xlink:to="res_UnderskriftRevisorspateckningRevisorHuvudansvarig_7" xlink:title="reference: label_UnderskriftRevisorspateckningRevisorHuvudansvarig_7 to res_UnderskriftRevisorspateckningRevisorHuvudansvarig_7"/>
    <link:loc xlink:type="locator" xlink:href="se-gen-base-2020-12-01.xsd#se-gen-base_RevisorspateckningRevisionsberattelseEnligtStandardutformning" xlink:label="label_RevisorspateckningRevisionsberattelseEnligtStandardutformning_8" xlink:title="label_RevisorspateckningRevisionsberattelseEnligtStandardutformning_8"/>
    <link:reference xlink:type="resource" xlink:label="res_RevisorspateckningRevisionsberattelseEnligtStandardutformning_8" xlink:role="http://www.xbrl.org/2003/role/reference" xlink:title="res_RevisorspateckningRevisionsberattelseEnligtStandardutformning_8" id="res_RevisorspateckningRevisionsberattelseEnligtStandardutformning_8">
      <ref:Name>ABL</ref:Name>
      <ref:Number>2005:551</ref:Number>
      <ref:Chapter>9</ref:Chapter>
      <ref:Paragraph>28</ref:Paragraph>
    </link:reference>
    <link:referenceArc xlink:type="arc" xlink:arcrole="http://www.xbrl.org/2003/arcrole/concept-reference" xlink:from="label_RevisorspateckningRevisionsberattelseEnligtStandardutformning_8" xlink:to="res_RevisorspateckningRevisionsberattelseEnligtStandardutformning_8" xlink:title="reference: label_RevisorspateckningRevisionsberattelseEnligtStandardutformning_8 to res_RevisorspateckningRevisionsberattelseEnligtStandardutformning_8"/>
    <link:loc xlink:type="locator" xlink:href="se-gen-base-2020-12-01.xsd#se-gen-base_RevisorspateckningRevisionsberattelseEnligtStandardutformningAbstract" xlink:label="label_RevisorspateckningRevisionsberattelseEnligtStandardutformningAbstract_10" xlink:title="label_RevisorspateckningRevisionsberattelseEnligtStandardutformningAbstract_10"/>
    <link:reference xlink:type="resource" xlink:label="res_RevisorspateckningRevisionsberattelseEnligtStandardutformningAbstract_10" xlink:role="http://www.xbrl.org/2003/role/reference" xlink:title="res_RevisorspateckningRevisionsberattelseEnligtStandardutformningAbstract_10" id="res_RevisorspateckningRevisionsberattelseEnligtStandardutformningAbstract_10">
      <ref:Name>ABL</ref:Name>
      <ref:Number>2005:551</ref:Number>
      <ref:Chapter>9</ref:Chapter>
      <ref:Paragraph>28</ref:Paragraph>
    </link:reference>
    <link:referenceArc xlink:type="arc" xlink:arcrole="http://www.xbrl.org/2003/arcrole/concept-reference" xlink:from="label_RevisorspateckningRevisionsberattelseEnligtStandardutformningAbstract_10" xlink:to="res_RevisorspateckningRevisionsberattelseEnligtStandardutformningAbstract_10" xlink:title="reference: label_RevisorspateckningRevisionsberattelseEnligtStandardutformningAbstract_10 to res_RevisorspateckningRevisionsberattelseEnligtStandardutformningAbstract_10"/>
    <link:loc xlink:type="locator" xlink:href="se-gen-base-2020-12-01.xsd#se-gen-base_RevisorspateckningRevisionsberattelseAvvikerFranStandardutformningAbstract" xlink:label="label_RevisorspateckningRevisionsberattelseAvvikerFranStandardutformningAbstract_11" xlink:title="label_RevisorspateckningRevisionsberattelseAvvikerFranStandardutformningAbstract_11"/>
    <link:reference xlink:type="resource" xlink:label="res_RevisorspateckningRevisionsberattelseAvvikerFranStandardutformningAbstract_11" xlink:role="http://www.xbrl.org/2003/role/reference" xlink:title="res_RevisorspateckningRevisionsberattelseAvvikerFranStandardutformningAbstract_11" id="res_RevisorspateckningRevisionsberattelseAvvikerFranStandardutformningAbstract_11">
      <ref:Name>ABL</ref:Name>
      <ref:Number>2005:551</ref:Number>
      <ref:Chapter>9</ref:Chapter>
      <ref:Paragraph>28</ref:Paragraph>
    </link:reference>
    <link:referenceArc xlink:type="arc" xlink:arcrole="http://www.xbrl.org/2003/arcrole/concept-reference" xlink:from="label_RevisorspateckningRevisionsberattelseAvvikerFranStandardutformningAbstract_11" xlink:to="res_RevisorspateckningRevisionsberattelseAvvikerFranStandardutformningAbstract_11" xlink:title="reference: label_RevisorspateckningRevisionsberattelseAvvikerFranStandardutformningAbstract_11 to res_RevisorspateckningRevisionsberattelseAvvikerFranStandardutformningAbstract_11"/>
    <link:loc xlink:type="locator" xlink:href="se-gen-base-2020-12-01.xsd#se-gen-base_RevisorspateckningRevisionsberattelseAvvikerStandardutformning" xlink:label="label_RevisorspateckningRevisionsberattelseAvvikerStandardutformning_12" xlink:title="label_RevisorspateckningRevisionsberattelseAvvikerStandardutformning_12"/>
    <link:reference xlink:type="resource" xlink:label="res_RevisorspateckningRevisionsberattelseAvvikerStandardutformning_12" xlink:role="http://www.xbrl.org/2003/role/reference" xlink:title="res_RevisorspateckningRevisionsberattelseAvvikerStandardutformning_12" id="res_RevisorspateckningRevisionsberattelseAvvikerStandardutformning_12">
      <ref:Name>ABL</ref:Name>
      <ref:Number>2005:551</ref:Number>
      <ref:Chapter>9</ref:Chapter>
      <ref:Paragraph>28</ref:Paragraph>
    </link:reference>
    <link:referenceArc xlink:type="arc" xlink:arcrole="http://www.xbrl.org/2003/arcrole/concept-reference" xlink:from="label_RevisorspateckningRevisionsberattelseAvvikerStandardutformning_12" xlink:to="res_RevisorspateckningRevisionsberattelseAvvikerStandardutformning_12" xlink:title="reference: label_RevisorspateckningRevisionsberattelseAvvikerStandardutformning_12 to res_RevisorspateckningRevisionsberattelseAvvikerStandardutformning_12"/>
    <link:loc xlink:type="locator" xlink:href="se-gen-base-2020-12-01.xsd#se-gen-base_RevisorspateckningAbstract" xlink:label="label_RevisorspateckningAbstract_13" xlink:title="label_RevisorspateckningAbstract_13"/>
    <link:reference xlink:type="resource" xlink:label="res_RevisorspateckningAbstract_13" xlink:role="http://www.xbrl.org/2003/role/reference" xlink:title="res_RevisorspateckningAbstract_13" id="res_RevisorspateckningAbstract_13">
      <ref:Name>ABL</ref:Name>
      <ref:Number>2005:551</ref:Number>
      <ref:Chapter>9</ref:Chapter>
      <ref:Paragraph>28</ref:Paragraph>
    </link:reference>
    <link:referenceArc xlink:type="arc" xlink:arcrole="http://www.xbrl.org/2003/arcrole/concept-reference" xlink:from="label_RevisorspateckningAbstract_13" xlink:to="res_RevisorspateckningAbstract_13" xlink:title="reference: label_RevisorspateckningAbstract_13 to res_RevisorspateckningAbstract_13"/>
    <link:loc xlink:type="locator" xlink:href="se-gen-base-2020-12-01.xsd#se-gen-base_RevisorspateckningRevisionsberattelseAvstyrktResultatrakningenBalansrakningenList" xlink:label="label_RevisorspateckningRevisionsberattelseAvstyrktResultatrakningenBalansrakningenList_14" xlink:title="label_RevisorspateckningRevisionsberattelseAvstyrktResultatrakningenBalansrakningenList_14"/>
    <link:reference xlink:type="resource" xlink:label="res_RevisorspateckningRevisionsberattelseAvstyrktResultatrakningenBalansrakningenList_14" xlink:role="http://www.xbrl.org/2003/role/reference" xlink:title="res_RevisorspateckningRevisionsberattelseAvstyrktResultatrakningenBalansrakningenList_14" id="res_RevisorspateckningRevisionsberattelseAvstyrktResultatrakningenBalansrakningenList_14">
      <ref:Name>ABL</ref:Name>
      <ref:Number>2005:551</ref:Number>
      <ref:Chapter>9</ref:Chapter>
      <ref:Paragraph>28</ref:Paragraph>
    </link:reference>
    <link:referenceArc xlink:type="arc" xlink:arcrole="http://www.xbrl.org/2003/arcrole/concept-reference" xlink:from="label_RevisorspateckningRevisionsberattelseAvstyrktResultatrakningenBalansrakningenList_14" xlink:to="res_RevisorspateckningRevisionsberattelseAvstyrktResultatrakningenBalansrakningenList_14" xlink:title="reference: label_RevisorspateckningRevisionsberattelseAvstyrktResultatrakningenBalansrakningenList_14 to res_RevisorspateckningRevisionsberattelseAvstyrktResultatrakningenBalansrakningenList_14"/>
    <link:loc xlink:type="locator" xlink:href="se-gen-base-2020-12-01.xsd#se-gen-base_ForslagUtdelningAktieslag" xlink:label="label_ForslagUtdelningAktieslag_22" xlink:title="label_ForslagUtdelningAktieslag_22"/>
    <link:reference xlink:type="resource" xlink:label="res_ForslagUtdelningAktieslag_22" xlink:role="http://www.xbrl.org/2003/role/reference" xlink:title="res_ForslagUtdelningAktieslag_22" id="res_ForslagUtdelningAktieslag_22">
      <ref:Name>ABL</ref:Name>
      <ref:Number>2005:551</ref:Number>
      <ref:Chapter>18</ref:Chapter>
      <ref:Paragraph>3</ref:Paragraph>
    </link:reference>
    <link:referenceArc xlink:type="arc" xlink:arcrole="http://www.xbrl.org/2003/arcrole/concept-reference" xlink:from="label_ForslagUtdelningAktieslag_22" xlink:to="res_ForslagUtdelningAktieslag_22" xlink:title="reference: label_ForslagUtdelningAktieslag_22 to res_ForslagUtdelningAktieslag_22"/>
    <link:loc xlink:type="locator" xlink:href="se-gen-base-2020-12-01.xsd#se-gen-base_ForslagUtdelningTillgang" xlink:label="label_ForslagUtdelningTillgang_23" xlink:title="label_ForslagUtdelningTillgang_23"/>
    <link:reference xlink:type="resource" xlink:label="res_ForslagUtdelningTillgang_23" xlink:role="http://www.xbrl.org/2003/role/reference" xlink:title="res_ForslagUtdelningTillgang_23" id="res_ForslagUtdelningTillgang_23">
      <ref:Name>ABL</ref:Name>
      <ref:Number>2005:551</ref:Number>
      <ref:Chapter>18</ref:Chapter>
      <ref:Paragraph>3</ref:Paragraph>
    </link:reference>
    <link:referenceArc xlink:type="arc" xlink:arcrole="http://www.xbrl.org/2003/arcrole/concept-reference" xlink:from="label_ForslagUtdelningTillgang_23" xlink:to="res_ForslagUtdelningTillgang_23" xlink:title="reference: label_ForslagUtdelningTillgang_23 to res_ForslagUtdelningTillgang_23"/>
    <link:loc xlink:type="locator" xlink:href="se-gen-base-2020-12-01.xsd#se-gen-base_Kontrollbalansrakning" xlink:label="label_Kontrollbalansrakning_24" xlink:title="label_Kontrollbalansrakning_24"/>
    <link:reference xlink:type="resource" xlink:label="res_Kontrollbalansrakning_24" xlink:role="http://www.xbrl.org/2003/role/reference" xlink:title="res_Kontrollbalansrakning_24" id="res_Kontrollbalansrakning_24">
      <ref:Name>ABL</ref:Name>
      <ref:Number>2005:551</ref:Number>
      <ref:Chapter>25</ref:Chapter>
      <ref:Paragraph>13</ref:Paragraph>
    </link:reference>
    <link:referenceArc xlink:type="arc" xlink:arcrole="http://www.xbrl.org/2003/arcrole/concept-reference" xlink:from="label_Kontrollbalansrakning_24" xlink:to="res_Kontrollbalansrakning_24" xlink:title="reference: label_Kontrollbalansrakning_24 to res_Kontrollbalansrakning_24"/>
    <link:loc xlink:type="locator" xlink:href="se-gen-base-2020-12-01.xsd#se-gen-base_UnderskriftRevisorspateckningRevisorTilltalsnamn" xlink:label="label_UnderskriftRevisorspateckningRevisorTilltalsnamn_25" xlink:title="label_UnderskriftRevisorspateckningRevisorTilltalsnamn_25"/>
    <link:reference xlink:type="resource" xlink:label="res_UnderskriftRevisorspateckningRevisorTilltalsnamn_25" xlink:role="http://www.xbrl.org/2003/role/reference" xlink:title="res_UnderskriftRevisorspateckningRevisorTilltalsnamn_25" id="res_UnderskriftRevisorspateckningRevisorTilltalsnamn_25">
      <ref:Name>ABL</ref:Name>
      <ref:Number>2005:551</ref:Number>
      <ref:Chapter>9</ref:Chapter>
      <ref:Paragraph>28</ref:Paragraph>
    </link:reference>
    <link:referenceArc xlink:type="arc" xlink:arcrole="http://www.xbrl.org/2003/arcrole/concept-reference" xlink:from="label_UnderskriftRevisorspateckningRevisorTilltalsnamn_25" xlink:to="res_UnderskriftRevisorspateckningRevisorTilltalsnamn_25" xlink:title="reference: label_UnderskriftRevisorspateckningRevisorTilltalsnamn_25 to res_UnderskriftRevisorspateckningRevisorTilltalsnamn_25"/>
    <link:loc xlink:type="locator" xlink:href="se-gen-base-2020-12-01.xsd#se-gen-base_ForslagUtdelningBeloppAktie" xlink:label="label_ForslagUtdelningBeloppAktie_28" xlink:title="label_ForslagUtdelningBeloppAktie_28"/>
    <link:reference xlink:type="resource" xlink:label="res_ForslagUtdelningBeloppAktie_28" xlink:role="http://www.xbrl.org/2003/role/reference" xlink:title="res_ForslagUtdelningBeloppAktie_28" id="res_ForslagUtdelningBeloppAktie_28">
      <ref:Name>ABL</ref:Name>
      <ref:Number>2005:551</ref:Number>
      <ref:Chapter>18</ref:Chapter>
      <ref:Paragraph>3</ref:Paragraph>
    </link:reference>
    <link:referenceArc xlink:type="arc" xlink:arcrole="http://www.xbrl.org/2003/arcrole/concept-reference" xlink:from="label_ForslagUtdelningBeloppAktie_28" xlink:to="res_ForslagUtdelningBeloppAktie_28" xlink:title="reference: label_ForslagUtdelningBeloppAktie_28 to res_ForslagUtdelningBeloppAktie_28"/>
    <link:loc xlink:type="locator" xlink:href="se-gen-base-2020-12-01.xsd#se-gen-base_UnderskriftRevisorspateckningRevisorTitel" xlink:label="label_UnderskriftRevisorspateckningRevisorTitel_29" xlink:title="label_UnderskriftRevisorspateckningRevisorTitel_29"/>
    <link:reference xlink:type="resource" xlink:label="res_UnderskriftRevisorspateckningRevisorTitel_29" xlink:role="http://www.xbrl.org/2003/role/reference" xlink:title="res_UnderskriftRevisorspateckningRevisorTitel_29" id="res_UnderskriftRevisorspateckningRevisorTitel_29">
      <ref:Name>ABL</ref:Name>
      <ref:Number>2005:551</ref:Number>
      <ref:Chapter>9</ref:Chapter>
      <ref:Paragraph>28</ref:Paragraph>
    </link:reference>
    <link:referenceArc xlink:type="arc" xlink:arcrole="http://www.xbrl.org/2003/arcrole/concept-reference" xlink:from="label_UnderskriftRevisorspateckningRevisorTitel_29" xlink:to="res_UnderskriftRevisorspateckningRevisorTitel_29" xlink:title="reference: label_UnderskriftRevisorspateckningRevisorTitel_29 to res_UnderskriftRevisorspateckningRevisorTitel_29"/>
    <link:loc xlink:type="locator" xlink:href="se-gen-base-2020-12-01.xsd#se-gen-base_SpecifikationForslagUtdelningAktieAbstract" xlink:label="label_SpecifikationForslagUtdelningAktieAbstract_30" xlink:title="label_SpecifikationForslagUtdelningAktieAbstract_30"/>
    <link:reference xlink:type="resource" xlink:label="res_SpecifikationForslagUtdelningAktieAbstract_30" xlink:role="http://www.xbrl.org/2003/role/reference" xlink:title="res_SpecifikationForslagUtdelningAktieAbstract_30" id="res_SpecifikationForslagUtdelningAktieAbstract_30">
      <ref:Name>ABL</ref:Name>
      <ref:Number>2005:551</ref:Number>
      <ref:Chapter>18</ref:Chapter>
      <ref:Paragraph>3</ref:Paragraph>
    </link:reference>
    <link:referenceArc xlink:type="arc" xlink:arcrole="http://www.xbrl.org/2003/arcrole/concept-reference" xlink:from="label_SpecifikationForslagUtdelningAktieAbstract_30" xlink:to="res_SpecifikationForslagUtdelningAktieAbstract_30" xlink:title="reference: label_SpecifikationForslagUtdelningAktieAbstract_30 to res_SpecifikationForslagUtdelningAktieAbstract_30"/>
    <link:loc xlink:type="locator" xlink:href="se-gen-base-2020-12-01.xsd#se-gen-base_UnderskriftRevisorspateckningRevisorEfternamn" xlink:label="label_UnderskriftRevisorspateckningRevisorEfternamn_31" xlink:title="label_UnderskriftRevisorspateckningRevisorEfternamn_31"/>
    <link:reference xlink:type="resource" xlink:label="res_UnderskriftRevisorspateckningRevisorEfternamn_31" xlink:role="http://www.xbrl.org/2003/role/reference" xlink:title="res_UnderskriftRevisorspateckningRevisorEfternamn_31" id="res_UnderskriftRevisorspateckningRevisorEfternamn_31">
      <ref:Name>ABL</ref:Name>
      <ref:Number>2005:551</ref:Number>
      <ref:Chapter>9</ref:Chapter>
      <ref:Paragraph>28</ref:Paragraph>
    </link:reference>
    <link:referenceArc xlink:type="arc" xlink:arcrole="http://www.xbrl.org/2003/arcrole/concept-reference" xlink:from="label_UnderskriftRevisorspateckningRevisorEfternamn_31" xlink:to="res_UnderskriftRevisorspateckningRevisorEfternamn_31" xlink:title="reference: label_UnderskriftRevisorspateckningRevisorEfternamn_31 to res_UnderskriftRevisorspateckningRevisorEfternamn_31"/>
    <link:loc xlink:type="locator" xlink:href="se-gen-base-2020-12-01.xsd#se-gen-base_StyrelsensYttrandeVinstutdelning" xlink:label="label_StyrelsensYttrandeVinstutdelning_33" xlink:title="label_StyrelsensYttrandeVinstutdelning_33"/>
    <link:reference xlink:type="resource" xlink:label="res_StyrelsensYttrandeVinstutdelning_33" xlink:role="http://www.xbrl.org/2003/role/reference" xlink:title="res_StyrelsensYttrandeVinstutdelning_33" id="res_StyrelsensYttrandeVinstutdelning_33">
      <ref:Name>ABL</ref:Name>
      <ref:Number>2005:551</ref:Number>
      <ref:Chapter>18</ref:Chapter>
      <ref:Paragraph>4</ref:Paragraph>
    </link:reference>
    <link:referenceArc xlink:type="arc" xlink:arcrole="http://www.xbrl.org/2003/arcrole/concept-reference" xlink:from="label_StyrelsensYttrandeVinstutdelning_33" xlink:to="res_StyrelsensYttrandeVinstutdelning_33" xlink:title="reference: label_StyrelsensYttrandeVinstutdelning_33 to res_StyrelsensYttrandeVinstutdelning_33"/>
    <link:loc xlink:type="locator" xlink:href="se-gen-base-2020-12-01.xsd#se-gen-base_ForslagUtdelningTidpunktBetalning" xlink:label="label_ForslagUtdelningTidpunktBetalning_34" xlink:title="label_ForslagUtdelningTidpunktBetalning_34"/>
    <link:reference xlink:type="resource" xlink:label="res_ForslagUtdelningTidpunktBetalning_34" xlink:role="http://www.xbrl.org/2003/role/reference" xlink:title="res_ForslagUtdelningTidpunktBetalning_34" id="res_ForslagUtdelningTidpunktBetalning_34">
      <ref:Name>ABL</ref:Name>
      <ref:Number>2005:551</ref:Number>
      <ref:Chapter>18</ref:Chapter>
      <ref:Paragraph>3</ref:Paragraph>
    </link:reference>
    <link:referenceArc xlink:type="arc" xlink:arcrole="http://www.xbrl.org/2003/arcrole/concept-reference" xlink:from="label_ForslagUtdelningTidpunktBetalning_34" xlink:to="res_ForslagUtdelningTidpunktBetalning_34" xlink:title="reference: label_ForslagUtdelningTidpunktBetalning_34 to res_ForslagUtdelningTidpunktBetalning_34"/>
    <link:loc xlink:type="locator" xlink:href="se-gen-base-2020-12-01.xsd#se-gen-base_ForslagUtdelningAvstamningsdag" xlink:label="label_ForslagUtdelningAvstamningsdag_35" xlink:title="label_ForslagUtdelningAvstamningsdag_35"/>
    <link:reference xlink:type="resource" xlink:label="res_ForslagUtdelningAvstamningsdag_35" xlink:role="http://www.xbrl.org/2003/role/reference" xlink:title="res_ForslagUtdelningAvstamningsdag_35" id="res_ForslagUtdelningAvstamningsdag_35">
      <ref:Name>ABL</ref:Name>
      <ref:Number>2005:551</ref:Number>
      <ref:Chapter>18</ref:Chapter>
      <ref:Paragraph>3</ref:Paragraph>
    </link:reference>
    <link:referenceArc xlink:type="arc" xlink:arcrole="http://www.xbrl.org/2003/arcrole/concept-reference" xlink:from="label_ForslagUtdelningAvstamningsdag_35" xlink:to="res_ForslagUtdelningAvstamningsdag_35" xlink:title="reference: label_ForslagUtdelningAvstamningsdag_35 to res_ForslagUtdelningAvstamningsdag_35"/>
  </link:referenceLink>
</link:linkbase>
