<?xml version="1.0" encoding="UTF-8"?>
<!-- Generated by Fujitsu Interstage XWand B0251 -->
<link:linkbase xmlns:xsi="http://www.w3.org/2001/XMLSchema-instance" xsi:schemaLocation="http://www.xbrl.org/2004/ref http://www.xbrl.org/2004/ref-2004-08-10.xsd http://www.xbrl.org/2003/linkbase http://www.xbrl.org/2003/xbrl-linkbase-2003-12-31.xsd" xmlns:link="http://www.xbrl.org/2003/linkbase" xmlns:ref="http://www.xbrl.org/2004/ref" xmlns:xbrli="http://www.xbrl.org/2003/instance" xmlns:xlink="http://www.w3.org/1999/xlink">
  <link:roleRef roleURI="http://www.taxonomier.se/se/fr/role/reference/legislation/il" xlink:type="simple" xlink:href="../../../shared/role/se-leg-role/2020-12-01/se-leg-role-2020-12-01.xsd#LEG_ROLE_IL"/>
  <link:referenceLink xlink:type="extended" xlink:role="http://www.taxonomier.se/se/fr/role/reference/legislation/il">
    <link:loc xlink:type="locator" xlink:href="se-gen-base-2020-12-01.xsd#se-gen-base_ErhallnaKoncernbidrag" xlink:label="label_ErhallnaKoncernbidrag_0" xlink:title="label_ErhallnaKoncernbidrag_0"/>
    <link:reference xlink:type="resource" xlink:label="res_ErhallnaKoncernbidrag_0" xlink:role="http://www.xbrl.org/2003/role/reference" xlink:title="res_ErhallnaKoncernbidrag_0" id="res_ErhallnaKoncernbidrag_0">
      <ref:Name>Inkomstskattelag</ref:Name>
      <ref:Number>1999:1229</ref:Number>
      <ref:Chapter>35</ref:Chapter>
    </link:reference>
    <link:referenceArc xlink:type="arc" xlink:arcrole="http://www.xbrl.org/2003/arcrole/concept-reference" xlink:from="label_ErhallnaKoncernbidrag_0" xlink:to="res_ErhallnaKoncernbidrag_0" xlink:title="reference: label_ErhallnaKoncernbidrag_0 to res_ErhallnaKoncernbidrag_0"/>
    <link:loc xlink:type="locator" xlink:href="se-gen-base-2020-12-01.xsd#se-gen-base_SpecifikationKoncernbidragAbstract" xlink:label="label_SpecifikationKoncernbidragAbstract_1" xlink:title="label_SpecifikationKoncernbidragAbstract_1"/>
    <link:reference xlink:type="resource" xlink:label="res_SpecifikationKoncernbidragAbstract_1" xlink:role="http://www.xbrl.org/2003/role/reference" xlink:title="res_SpecifikationKoncernbidragAbstract_1" id="res_SpecifikationKoncernbidragAbstract_1">
      <ref:Name>Inkomstskattelag</ref:Name>
      <ref:Number>1999:1229</ref:Number>
      <ref:Chapter>35</ref:Chapter>
    </link:reference>
    <link:referenceArc xlink:type="arc" xlink:arcrole="http://www.xbrl.org/2003/arcrole/concept-reference" xlink:from="label_SpecifikationKoncernbidragAbstract_1" xlink:to="res_SpecifikationKoncernbidragAbstract_1" xlink:title="reference: label_SpecifikationKoncernbidragAbstract_1 to res_SpecifikationKoncernbidragAbstract_1"/>
    <link:loc xlink:type="locator" xlink:href="se-gen-base-2020-12-01.xsd#se-gen-base_BokslutsdispositionerAbstract" xlink:label="label_BokslutsdispositionerAbstract_2" xlink:title="label_BokslutsdispositionerAbstract_2"/>
    <link:reference xlink:type="resource" xlink:label="res_BokslutsdispositionerAbstract_2" xlink:role="http://www.xbrl.org/2003/role/reference" xlink:title="res_BokslutsdispositionerAbstract_2" id="res_BokslutsdispositionerAbstract_2">
      <ref:Name>Inkomstskattelag</ref:Name>
      <ref:Number>1999:1229</ref:Number>
      <ref:Chapter>18</ref:Chapter>
    </link:reference>
    <link:referenceArc xlink:type="arc" xlink:arcrole="http://www.xbrl.org/2003/arcrole/concept-reference" xlink:from="label_BokslutsdispositionerAbstract_2" xlink:to="res_BokslutsdispositionerAbstract_2" xlink:title="reference: label_BokslutsdispositionerAbstract_2 to res_BokslutsdispositionerAbstract_2"/>
    <link:loc xlink:type="locator" xlink:href="se-gen-base-2020-12-01.xsd#se-gen-base_BokslutsdispositionerAbstract" xlink:label="label_BokslutsdispositionerAbstract_3" xlink:title="label_BokslutsdispositionerAbstract_3"/>
    <link:reference xlink:type="resource" xlink:label="res_BokslutsdispositionerAbstract_3" xlink:role="http://www.xbrl.org/2003/role/reference" xlink:title="res_BokslutsdispositionerAbstract_3" id="res_BokslutsdispositionerAbstract_3">
      <ref:Name>Inkomstskattelag</ref:Name>
      <ref:Number>1999:1229</ref:Number>
      <ref:Chapter>30</ref:Chapter>
    </link:reference>
    <link:referenceArc xlink:type="arc" xlink:arcrole="http://www.xbrl.org/2003/arcrole/concept-reference" xlink:from="label_BokslutsdispositionerAbstract_3" xlink:to="res_BokslutsdispositionerAbstract_3" xlink:title="reference: label_BokslutsdispositionerAbstract_3 to res_BokslutsdispositionerAbstract_3"/>
    <link:loc xlink:type="locator" xlink:href="se-gen-base-2020-12-01.xsd#se-gen-base_BokslutsdispositionerAbstract" xlink:label="label_BokslutsdispositionerAbstract_4" xlink:title="label_BokslutsdispositionerAbstract_4"/>
    <link:reference xlink:type="resource" xlink:label="res_BokslutsdispositionerAbstract_4" xlink:role="http://www.xbrl.org/2003/role/reference" xlink:title="res_BokslutsdispositionerAbstract_4" id="res_BokslutsdispositionerAbstract_4">
      <ref:Name>Inkomstskattelag</ref:Name>
      <ref:Number>1999:1229</ref:Number>
      <ref:Chapter>31</ref:Chapter>
    </link:reference>
    <link:referenceArc xlink:type="arc" xlink:arcrole="http://www.xbrl.org/2003/arcrole/concept-reference" xlink:from="label_BokslutsdispositionerAbstract_4" xlink:to="res_BokslutsdispositionerAbstract_4" xlink:title="reference: label_BokslutsdispositionerAbstract_4 to res_BokslutsdispositionerAbstract_4"/>
    <link:loc xlink:type="locator" xlink:href="se-gen-base-2020-12-01.xsd#se-gen-base_BokslutsdispositionerAbstract" xlink:label="label_BokslutsdispositionerAbstract_5" xlink:title="label_BokslutsdispositionerAbstract_5"/>
    <link:reference xlink:type="resource" xlink:label="res_BokslutsdispositionerAbstract_5" xlink:role="http://www.xbrl.org/2003/role/reference" xlink:title="res_BokslutsdispositionerAbstract_5" id="res_BokslutsdispositionerAbstract_5">
      <ref:Name>Inkomstskattelag</ref:Name>
      <ref:Number>1999:1229</ref:Number>
      <ref:Chapter>35</ref:Chapter>
    </link:reference>
    <link:referenceArc xlink:type="arc" xlink:arcrole="http://www.xbrl.org/2003/arcrole/concept-reference" xlink:from="label_BokslutsdispositionerAbstract_5" xlink:to="res_BokslutsdispositionerAbstract_5" xlink:title="reference: label_BokslutsdispositionerAbstract_5 to res_BokslutsdispositionerAbstract_5"/>
    <link:loc xlink:type="locator" xlink:href="se-gen-base-2020-12-01.xsd#se-gen-base_NotBokslutsdispositionerKommentar" xlink:label="label_NotBokslutsdispositionerKommentar_6" xlink:title="label_NotBokslutsdispositionerKommentar_6"/>
    <link:reference xlink:type="resource" xlink:label="res_NotBokslutsdispositionerKommentar_6" xlink:role="http://www.xbrl.org/2003/role/reference" xlink:title="res_NotBokslutsdispositionerKommentar_6" id="res_NotBokslutsdispositionerKommentar_6">
      <ref:Name>Inkomstskattelag</ref:Name>
      <ref:Number>1999:1229</ref:Number>
      <ref:Chapter>18</ref:Chapter>
    </link:reference>
    <link:referenceArc xlink:type="arc" xlink:arcrole="http://www.xbrl.org/2003/arcrole/concept-reference" xlink:from="label_NotBokslutsdispositionerKommentar_6" xlink:to="res_NotBokslutsdispositionerKommentar_6" xlink:title="reference: label_NotBokslutsdispositionerKommentar_6 to res_NotBokslutsdispositionerKommentar_6"/>
    <link:loc xlink:type="locator" xlink:href="se-gen-base-2020-12-01.xsd#se-gen-base_NotBokslutsdispositionerKommentar" xlink:label="label_NotBokslutsdispositionerKommentar_7" xlink:title="label_NotBokslutsdispositionerKommentar_7"/>
    <link:reference xlink:type="resource" xlink:label="res_NotBokslutsdispositionerKommentar_7" xlink:role="http://www.xbrl.org/2003/role/reference" xlink:title="res_NotBokslutsdispositionerKommentar_7" id="res_NotBokslutsdispositionerKommentar_7">
      <ref:Name>Inkomstskattelag</ref:Name>
      <ref:Number>1999:1229</ref:Number>
      <ref:Chapter>30</ref:Chapter>
    </link:reference>
    <link:referenceArc xlink:type="arc" xlink:arcrole="http://www.xbrl.org/2003/arcrole/concept-reference" xlink:from="label_NotBokslutsdispositionerKommentar_7" xlink:to="res_NotBokslutsdispositionerKommentar_7" xlink:title="reference: label_NotBokslutsdispositionerKommentar_7 to res_NotBokslutsdispositionerKommentar_7"/>
    <link:loc xlink:type="locator" xlink:href="se-gen-base-2020-12-01.xsd#se-gen-base_NotBokslutsdispositionerKommentar" xlink:label="label_NotBokslutsdispositionerKommentar_8" xlink:title="label_NotBokslutsdispositionerKommentar_8"/>
    <link:reference xlink:type="resource" xlink:label="res_NotBokslutsdispositionerKommentar_8" xlink:role="http://www.xbrl.org/2003/role/reference" xlink:title="res_NotBokslutsdispositionerKommentar_8" id="res_NotBokslutsdispositionerKommentar_8">
      <ref:Name>Inkomstskattelag</ref:Name>
      <ref:Number>1999:1229</ref:Number>
      <ref:Chapter>31</ref:Chapter>
    </link:reference>
    <link:referenceArc xlink:type="arc" xlink:arcrole="http://www.xbrl.org/2003/arcrole/concept-reference" xlink:from="label_NotBokslutsdispositionerKommentar_8" xlink:to="res_NotBokslutsdispositionerKommentar_8" xlink:title="reference: label_NotBokslutsdispositionerKommentar_8 to res_NotBokslutsdispositionerKommentar_8"/>
    <link:loc xlink:type="locator" xlink:href="se-gen-base-2020-12-01.xsd#se-gen-base_NotBokslutsdispositionerKommentar" xlink:label="label_NotBokslutsdispositionerKommentar_9" xlink:title="label_NotBokslutsdispositionerKommentar_9"/>
    <link:reference xlink:type="resource" xlink:label="res_NotBokslutsdispositionerKommentar_9" xlink:role="http://www.xbrl.org/2003/role/reference" xlink:title="res_NotBokslutsdispositionerKommentar_9" id="res_NotBokslutsdispositionerKommentar_9">
      <ref:Name>Inkomstskattelag</ref:Name>
      <ref:Number>1999:1229</ref:Number>
      <ref:Chapter>35</ref:Chapter>
    </link:reference>
    <link:referenceArc xlink:type="arc" xlink:arcrole="http://www.xbrl.org/2003/arcrole/concept-reference" xlink:from="label_NotBokslutsdispositionerKommentar_9" xlink:to="res_NotBokslutsdispositionerKommentar_9" xlink:title="reference: label_NotBokslutsdispositionerKommentar_9 to res_NotBokslutsdispositionerKommentar_9"/>
    <link:loc xlink:type="locator" xlink:href="se-gen-base-2020-12-01.xsd#se-gen-base_LamnadeKoncernbidrag" xlink:label="label_LamnadeKoncernbidrag_10" xlink:title="label_LamnadeKoncernbidrag_10"/>
    <link:reference xlink:type="resource" xlink:label="res_LamnadeKoncernbidrag_10" xlink:role="http://www.xbrl.org/2003/role/reference" xlink:title="res_LamnadeKoncernbidrag_10" id="res_LamnadeKoncernbidrag_10">
      <ref:Name>Inkomstskattelag</ref:Name>
      <ref:Number>1999:1229</ref:Number>
      <ref:Chapter>35</ref:Chapter>
    </link:reference>
    <link:referenceArc xlink:type="arc" xlink:arcrole="http://www.xbrl.org/2003/arcrole/concept-reference" xlink:from="label_LamnadeKoncernbidrag_10" xlink:to="res_LamnadeKoncernbidrag_10" xlink:title="reference: label_LamnadeKoncernbidrag_10 to res_LamnadeKoncernbidrag_10"/>
    <link:loc xlink:type="locator" xlink:href="se-gen-base-2020-12-01.xsd#se-gen-base_NettoErhallnaLamnadeKoncernbidrag" xlink:label="label_NettoErhallnaLamnadeKoncernbidrag_11" xlink:title="label_NettoErhallnaLamnadeKoncernbidrag_11"/>
    <link:reference xlink:type="resource" xlink:label="res_NettoErhallnaLamnadeKoncernbidrag_11" xlink:role="http://www.xbrl.org/2003/role/reference" xlink:title="res_NettoErhallnaLamnadeKoncernbidrag_11" id="res_NettoErhallnaLamnadeKoncernbidrag_11">
      <ref:Name>Inkomstskattelag</ref:Name>
      <ref:Number>1999:1229</ref:Number>
      <ref:Chapter>35</ref:Chapter>
    </link:reference>
    <link:referenceArc xlink:type="arc" xlink:arcrole="http://www.xbrl.org/2003/arcrole/concept-reference" xlink:from="label_NettoErhallnaLamnadeKoncernbidrag_11" xlink:to="res_NettoErhallnaLamnadeKoncernbidrag_11" xlink:title="reference: label_NettoErhallnaLamnadeKoncernbidrag_11 to res_NettoErhallnaLamnadeKoncernbidrag_11"/>
    <link:loc xlink:type="locator" xlink:href="se-gen-base-2020-12-01.xsd#se-gen-base_NotBokslutsdispositioner" xlink:label="label_NotBokslutsdispositioner_12" xlink:title="label_NotBokslutsdispositioner_12"/>
    <link:reference xlink:type="resource" xlink:label="res_NotBokslutsdispositioner_12" xlink:role="http://www.xbrl.org/2003/role/reference" xlink:title="res_NotBokslutsdispositioner_12" id="res_NotBokslutsdispositioner_12">
      <ref:Name>Inkomstskattelag</ref:Name>
      <ref:Number>1999:1229</ref:Number>
      <ref:Chapter>18</ref:Chapter>
    </link:reference>
    <link:referenceArc xlink:type="arc" xlink:arcrole="http://www.xbrl.org/2003/arcrole/concept-reference" xlink:from="label_NotBokslutsdispositioner_12" xlink:to="res_NotBokslutsdispositioner_12" xlink:title="reference: label_NotBokslutsdispositioner_12 to res_NotBokslutsdispositioner_12"/>
    <link:loc xlink:type="locator" xlink:href="se-gen-base-2020-12-01.xsd#se-gen-base_NotBokslutsdispositioner" xlink:label="label_NotBokslutsdispositioner_13" xlink:title="label_NotBokslutsdispositioner_13"/>
    <link:reference xlink:type="resource" xlink:label="res_NotBokslutsdispositioner_13" xlink:role="http://www.xbrl.org/2003/role/reference" xlink:title="res_NotBokslutsdispositioner_13" id="res_NotBokslutsdispositioner_13">
      <ref:Name>Inkomstskattelag</ref:Name>
      <ref:Number>1999:1229</ref:Number>
      <ref:Chapter>30</ref:Chapter>
    </link:reference>
    <link:referenceArc xlink:type="arc" xlink:arcrole="http://www.xbrl.org/2003/arcrole/concept-reference" xlink:from="label_NotBokslutsdispositioner_13" xlink:to="res_NotBokslutsdispositioner_13" xlink:title="reference: label_NotBokslutsdispositioner_13 to res_NotBokslutsdispositioner_13"/>
    <link:loc xlink:type="locator" xlink:href="se-gen-base-2020-12-01.xsd#se-gen-base_NotBokslutsdispositioner" xlink:label="label_NotBokslutsdispositioner_14" xlink:title="label_NotBokslutsdispositioner_14"/>
    <link:reference xlink:type="resource" xlink:label="res_NotBokslutsdispositioner_14" xlink:role="http://www.xbrl.org/2003/role/reference" xlink:title="res_NotBokslutsdispositioner_14" id="res_NotBokslutsdispositioner_14">
      <ref:Name>Inkomstskattelag</ref:Name>
      <ref:Number>1999:1229</ref:Number>
      <ref:Chapter>31</ref:Chapter>
    </link:reference>
    <link:referenceArc xlink:type="arc" xlink:arcrole="http://www.xbrl.org/2003/arcrole/concept-reference" xlink:from="label_NotBokslutsdispositioner_14" xlink:to="res_NotBokslutsdispositioner_14" xlink:title="reference: label_NotBokslutsdispositioner_14 to res_NotBokslutsdispositioner_14"/>
    <link:loc xlink:type="locator" xlink:href="se-gen-base-2020-12-01.xsd#se-gen-base_NotBokslutsdispositioner" xlink:label="label_NotBokslutsdispositioner_15" xlink:title="label_NotBokslutsdispositioner_15"/>
    <link:reference xlink:type="resource" xlink:label="res_NotBokslutsdispositioner_15" xlink:role="http://www.xbrl.org/2003/role/reference" xlink:title="res_NotBokslutsdispositioner_15" id="res_NotBokslutsdispositioner_15">
      <ref:Name>Inkomstskattelag</ref:Name>
      <ref:Number>1999:1229</ref:Number>
      <ref:Chapter>35</ref:Chapter>
    </link:reference>
    <link:referenceArc xlink:type="arc" xlink:arcrole="http://www.xbrl.org/2003/arcrole/concept-reference" xlink:from="label_NotBokslutsdispositioner_15" xlink:to="res_NotBokslutsdispositioner_15" xlink:title="reference: label_NotBokslutsdispositioner_15 to res_NotBokslutsdispositioner_15"/>
    <link:loc xlink:type="locator" xlink:href="se-gen-base-2020-12-01.xsd#se-gen-base_ForandringErsattningsfond" xlink:label="label_ForandringErsattningsfond_16" xlink:title="label_ForandringErsattningsfond_16"/>
    <link:reference xlink:type="resource" xlink:label="res_ForandringErsattningsfond_16" xlink:role="http://www.xbrl.org/2003/role/reference" xlink:title="res_ForandringErsattningsfond_16" id="res_ForandringErsattningsfond_16">
      <ref:Name>Inkomstskattelag</ref:Name>
      <ref:Number>1999:1229</ref:Number>
      <ref:Chapter>31</ref:Chapter>
    </link:reference>
    <link:referenceArc xlink:type="arc" xlink:arcrole="http://www.xbrl.org/2003/arcrole/concept-reference" xlink:from="label_ForandringErsattningsfond_16" xlink:to="res_ForandringErsattningsfond_16" xlink:title="reference: label_ForandringErsattningsfond_16 to res_ForandringErsattningsfond_16"/>
    <link:loc xlink:type="locator" xlink:href="se-gen-base-2020-12-01.xsd#se-gen-base_ForandringPeriodiseringsfondAvsattning" xlink:label="label_ForandringPeriodiseringsfondAvsattning_17" xlink:title="label_ForandringPeriodiseringsfondAvsattning_17"/>
    <link:reference xlink:type="resource" xlink:label="res_ForandringPeriodiseringsfondAvsattning_17" xlink:role="http://www.xbrl.org/2003/role/reference" xlink:title="res_ForandringPeriodiseringsfondAvsattning_17" id="res_ForandringPeriodiseringsfondAvsattning_17">
      <ref:Name>Inkomstskattelag</ref:Name>
      <ref:Number>1999:1229</ref:Number>
      <ref:Chapter>30</ref:Chapter>
    </link:reference>
    <link:referenceArc xlink:type="arc" xlink:arcrole="http://www.xbrl.org/2003/arcrole/concept-reference" xlink:from="label_ForandringPeriodiseringsfondAvsattning_17" xlink:to="res_ForandringPeriodiseringsfondAvsattning_17" xlink:title="reference: label_ForandringPeriodiseringsfondAvsattning_17 to res_ForandringPeriodiseringsfondAvsattning_17"/>
    <link:loc xlink:type="locator" xlink:href="se-gen-base-2020-12-01.xsd#se-gen-base_ObeskattadeReserver" xlink:label="label_ObeskattadeReserver_21" xlink:title="label_ObeskattadeReserver_21"/>
    <link:reference xlink:type="resource" xlink:label="res_ObeskattadeReserver_21" xlink:role="http://www.xbrl.org/2003/role/reference" xlink:title="res_ObeskattadeReserver_21" id="res_ObeskattadeReserver_21">
      <ref:Name>Inkomstskattelag</ref:Name>
      <ref:Number>1999:1229</ref:Number>
      <ref:Chapter>18</ref:Chapter>
    </link:reference>
    <link:referenceArc xlink:type="arc" xlink:arcrole="http://www.xbrl.org/2003/arcrole/concept-reference" xlink:from="label_ObeskattadeReserver_21" xlink:to="res_ObeskattadeReserver_21" xlink:title="reference: label_ObeskattadeReserver_21 to res_ObeskattadeReserver_21"/>
    <link:loc xlink:type="locator" xlink:href="se-gen-base-2020-12-01.xsd#se-gen-base_ObeskattadeReserver" xlink:label="label_ObeskattadeReserver_22" xlink:title="label_ObeskattadeReserver_22"/>
    <link:reference xlink:type="resource" xlink:label="res_ObeskattadeReserver_22" xlink:role="http://www.xbrl.org/2003/role/reference" xlink:title="res_ObeskattadeReserver_22" id="res_ObeskattadeReserver_22">
      <ref:Name>Inkomstskattelag</ref:Name>
      <ref:Number>1999:1229</ref:Number>
      <ref:Chapter>30</ref:Chapter>
    </link:reference>
    <link:referenceArc xlink:type="arc" xlink:arcrole="http://www.xbrl.org/2003/arcrole/concept-reference" xlink:from="label_ObeskattadeReserver_22" xlink:to="res_ObeskattadeReserver_22" xlink:title="reference: label_ObeskattadeReserver_22 to res_ObeskattadeReserver_22"/>
    <link:loc xlink:type="locator" xlink:href="se-gen-base-2020-12-01.xsd#se-gen-base_ObeskattadeReserver" xlink:label="label_ObeskattadeReserver_23" xlink:title="label_ObeskattadeReserver_23"/>
    <link:reference xlink:type="resource" xlink:label="res_ObeskattadeReserver_23" xlink:role="http://www.xbrl.org/2003/role/reference" xlink:title="res_ObeskattadeReserver_23" id="res_ObeskattadeReserver_23">
      <ref:Name>Inkomstskattelag</ref:Name>
      <ref:Number>1999:1229</ref:Number>
      <ref:Chapter>31</ref:Chapter>
    </link:reference>
    <link:referenceArc xlink:type="arc" xlink:arcrole="http://www.xbrl.org/2003/arcrole/concept-reference" xlink:from="label_ObeskattadeReserver_23" xlink:to="res_ObeskattadeReserver_23" xlink:title="reference: label_ObeskattadeReserver_23 to res_ObeskattadeReserver_23"/>
    <link:loc xlink:type="locator" xlink:href="se-gen-base-2020-12-01.xsd#se-gen-base_NotObeskattadeReserverPeriodiseringsfonder" xlink:label="label_NotObeskattadeReserverPeriodiseringsfonder_24" xlink:title="label_NotObeskattadeReserverPeriodiseringsfonder_24"/>
    <link:reference xlink:type="resource" xlink:label="res_NotObeskattadeReserverPeriodiseringsfonder_24" xlink:role="http://www.xbrl.org/2003/role/reference" xlink:title="res_NotObeskattadeReserverPeriodiseringsfonder_24" id="res_NotObeskattadeReserverPeriodiseringsfonder_24">
      <ref:Name>Inkomstskattelag</ref:Name>
      <ref:Number>1999:1229</ref:Number>
      <ref:Chapter>18</ref:Chapter>
    </link:reference>
    <link:referenceArc xlink:type="arc" xlink:arcrole="http://www.xbrl.org/2003/arcrole/concept-reference" xlink:from="label_NotObeskattadeReserverPeriodiseringsfonder_24" xlink:to="res_NotObeskattadeReserverPeriodiseringsfonder_24" xlink:title="reference: label_NotObeskattadeReserverPeriodiseringsfonder_24 to res_NotObeskattadeReserverPeriodiseringsfonder_24"/>
    <link:loc xlink:type="locator" xlink:href="se-gen-base-2020-12-01.xsd#se-gen-base_NotObeskattadeReserverPeriodiseringsfonder" xlink:label="label_NotObeskattadeReserverPeriodiseringsfonder_25" xlink:title="label_NotObeskattadeReserverPeriodiseringsfonder_25"/>
    <link:reference xlink:type="resource" xlink:label="res_NotObeskattadeReserverPeriodiseringsfonder_25" xlink:role="http://www.xbrl.org/2003/role/reference" xlink:title="res_NotObeskattadeReserverPeriodiseringsfonder_25" id="res_NotObeskattadeReserverPeriodiseringsfonder_25">
      <ref:Name>Inkomstskattelag</ref:Name>
      <ref:Number>1999:1229</ref:Number>
      <ref:Chapter>30</ref:Chapter>
    </link:reference>
    <link:referenceArc xlink:type="arc" xlink:arcrole="http://www.xbrl.org/2003/arcrole/concept-reference" xlink:from="label_NotObeskattadeReserverPeriodiseringsfonder_25" xlink:to="res_NotObeskattadeReserverPeriodiseringsfonder_25" xlink:title="reference: label_NotObeskattadeReserverPeriodiseringsfonder_25 to res_NotObeskattadeReserverPeriodiseringsfonder_25"/>
    <link:loc xlink:type="locator" xlink:href="se-gen-base-2020-12-01.xsd#se-gen-base_NotObeskattadeReserverPeriodiseringsfonder" xlink:label="label_NotObeskattadeReserverPeriodiseringsfonder_26" xlink:title="label_NotObeskattadeReserverPeriodiseringsfonder_26"/>
    <link:reference xlink:type="resource" xlink:label="res_NotObeskattadeReserverPeriodiseringsfonder_26" xlink:role="http://www.xbrl.org/2003/role/reference" xlink:title="res_NotObeskattadeReserverPeriodiseringsfonder_26" id="res_NotObeskattadeReserverPeriodiseringsfonder_26">
      <ref:Name>Inkomstskattelag</ref:Name>
      <ref:Number>1999:1229</ref:Number>
      <ref:Chapter>31</ref:Chapter>
    </link:reference>
    <link:referenceArc xlink:type="arc" xlink:arcrole="http://www.xbrl.org/2003/arcrole/concept-reference" xlink:from="label_NotObeskattadeReserverPeriodiseringsfonder_26" xlink:to="res_NotObeskattadeReserverPeriodiseringsfonder_26" xlink:title="reference: label_NotObeskattadeReserverPeriodiseringsfonder_26 to res_NotObeskattadeReserverPeriodiseringsfonder_26"/>
    <link:loc xlink:type="locator" xlink:href="se-gen-base-2020-12-01.xsd#se-gen-base_AterforingErsattningsfond" xlink:label="label_AterforingErsattningsfond_27" xlink:title="label_AterforingErsattningsfond_27"/>
    <link:reference xlink:type="resource" xlink:label="res_AterforingErsattningsfond_27" xlink:role="http://www.xbrl.org/2003/role/reference" xlink:title="res_AterforingErsattningsfond_27" id="res_AterforingErsattningsfond_27">
      <ref:Name>Inkomstskattelag</ref:Name>
      <ref:Number>1999:1229</ref:Number>
      <ref:Chapter>31</ref:Chapter>
    </link:reference>
    <link:referenceArc xlink:type="arc" xlink:arcrole="http://www.xbrl.org/2003/arcrole/concept-reference" xlink:from="label_AterforingErsattningsfond_27" xlink:to="res_AterforingErsattningsfond_27" xlink:title="reference: label_AterforingErsattningsfond_27 to res_AterforingErsattningsfond_27"/>
    <link:loc xlink:type="locator" xlink:href="se-gen-base-2020-12-01.xsd#se-gen-base_IanspraktagetBeloppErsattningsfondAvskrivningar" xlink:label="label_IanspraktagetBeloppErsattningsfondAvskrivningar_28" xlink:title="label_IanspraktagetBeloppErsattningsfondAvskrivningar_28"/>
    <link:reference xlink:type="resource" xlink:label="res_IanspraktagetBeloppErsattningsfondAvskrivningar_28" xlink:role="http://www.xbrl.org/2003/role/reference" xlink:title="res_IanspraktagetBeloppErsattningsfondAvskrivningar_28" id="res_IanspraktagetBeloppErsattningsfondAvskrivningar_28">
      <ref:Name>Inkomstskattelag</ref:Name>
      <ref:Number>1999:1229</ref:Number>
      <ref:Chapter>31</ref:Chapter>
    </link:reference>
    <link:referenceArc xlink:type="arc" xlink:arcrole="http://www.xbrl.org/2003/arcrole/concept-reference" xlink:from="label_IanspraktagetBeloppErsattningsfondAvskrivningar_28" xlink:to="res_IanspraktagetBeloppErsattningsfondAvskrivningar_28" xlink:title="reference: label_IanspraktagetBeloppErsattningsfondAvskrivningar_28 to res_IanspraktagetBeloppErsattningsfondAvskrivningar_28"/>
    <link:loc xlink:type="locator" xlink:href="se-gen-base-2020-12-01.xsd#se-gen-base_ForandringPeriodiseringsfondAbstract" xlink:label="label_ForandringPeriodiseringsfondAbstract_29" xlink:title="label_ForandringPeriodiseringsfondAbstract_29"/>
    <link:reference xlink:type="resource" xlink:label="res_ForandringPeriodiseringsfondAbstract_29" xlink:role="http://www.xbrl.org/2003/role/reference" xlink:title="res_ForandringPeriodiseringsfondAbstract_29" id="res_ForandringPeriodiseringsfondAbstract_29">
      <ref:Name>Inkomstskattelag</ref:Name>
      <ref:Number>1999:1229</ref:Number>
      <ref:Chapter>30</ref:Chapter>
    </link:reference>
    <link:referenceArc xlink:type="arc" xlink:arcrole="http://www.xbrl.org/2003/arcrole/concept-reference" xlink:from="label_ForandringPeriodiseringsfondAbstract_29" xlink:to="res_ForandringPeriodiseringsfondAbstract_29" xlink:title="reference: label_ForandringPeriodiseringsfondAbstract_29 to res_ForandringPeriodiseringsfondAbstract_29"/>
    <link:loc xlink:type="locator" xlink:href="se-gen-base-2020-12-01.xsd#se-gen-base_ErsattningsfonderPerTyp" xlink:label="label_ErsattningsfonderPerTyp_30" xlink:title="label_ErsattningsfonderPerTyp_30"/>
    <link:reference xlink:type="resource" xlink:label="res_ErsattningsfonderPerTyp_30" xlink:role="http://www.xbrl.org/2003/role/reference" xlink:title="res_ErsattningsfonderPerTyp_30" id="res_ErsattningsfonderPerTyp_30">
      <ref:Name>Inkomstskattelag</ref:Name>
      <ref:Number>1999:1229</ref:Number>
      <ref:Chapter>31</ref:Chapter>
    </link:reference>
    <link:referenceArc xlink:type="arc" xlink:arcrole="http://www.xbrl.org/2003/arcrole/concept-reference" xlink:from="label_ErsattningsfonderPerTyp_30" xlink:to="res_ErsattningsfonderPerTyp_30" xlink:title="reference: label_ErsattningsfonderPerTyp_30 to res_ErsattningsfonderPerTyp_30"/>
    <link:loc xlink:type="locator" xlink:href="se-gen-base-2020-12-01.xsd#se-gen-base_OvrigaBokslutsdispositioner" xlink:label="label_OvrigaBokslutsdispositioner_31" xlink:title="label_OvrigaBokslutsdispositioner_31"/>
    <link:reference xlink:type="resource" xlink:label="res_OvrigaBokslutsdispositioner_31" xlink:role="http://www.xbrl.org/2003/role/reference" xlink:title="res_OvrigaBokslutsdispositioner_31" id="res_OvrigaBokslutsdispositioner_31">
      <ref:Name>Inkomstskattelag</ref:Name>
      <ref:Number>1999:1229</ref:Number>
      <ref:Chapter>31</ref:Chapter>
    </link:reference>
    <link:referenceArc xlink:type="arc" xlink:arcrole="http://www.xbrl.org/2003/arcrole/concept-reference" xlink:from="label_OvrigaBokslutsdispositioner_31" xlink:to="res_OvrigaBokslutsdispositioner_31" xlink:title="reference: label_OvrigaBokslutsdispositioner_31 to res_OvrigaBokslutsdispositioner_31"/>
    <link:loc xlink:type="locator" xlink:href="se-gen-base-2020-12-01.xsd#se-gen-base_ObeskattadeReserverPeriodiseringsfonderAbstract" xlink:label="label_ObeskattadeReserverPeriodiseringsfonderAbstract_32" xlink:title="label_ObeskattadeReserverPeriodiseringsfonderAbstract_32"/>
    <link:reference xlink:type="resource" xlink:label="res_ObeskattadeReserverPeriodiseringsfonderAbstract_32" xlink:role="http://www.xbrl.org/2003/role/reference" xlink:title="res_ObeskattadeReserverPeriodiseringsfonderAbstract_32" id="res_ObeskattadeReserverPeriodiseringsfonderAbstract_32">
      <ref:Name>Inkomstskattelag</ref:Name>
      <ref:Number>1999:1229</ref:Number>
      <ref:Chapter>30</ref:Chapter>
    </link:reference>
    <link:referenceArc xlink:type="arc" xlink:arcrole="http://www.xbrl.org/2003/arcrole/concept-reference" xlink:from="label_ObeskattadeReserverPeriodiseringsfonderAbstract_32" xlink:to="res_ObeskattadeReserverPeriodiseringsfonderAbstract_32" xlink:title="reference: label_ObeskattadeReserverPeriodiseringsfonderAbstract_32 to res_ObeskattadeReserverPeriodiseringsfonderAbstract_32"/>
    <link:loc xlink:type="locator" xlink:href="se-gen-base-2020-12-01.xsd#se-gen-base_ForandringPeriodiseringsfond" xlink:label="label_ForandringPeriodiseringsfond_33" xlink:title="label_ForandringPeriodiseringsfond_33"/>
    <link:reference xlink:type="resource" xlink:label="res_ForandringPeriodiseringsfond_33" xlink:role="http://www.xbrl.org/2003/role/reference" xlink:title="res_ForandringPeriodiseringsfond_33" id="res_ForandringPeriodiseringsfond_33">
      <ref:Name>Inkomstskattelag</ref:Name>
      <ref:Number>1999:1229</ref:Number>
      <ref:Chapter>30</ref:Chapter>
    </link:reference>
    <link:referenceArc xlink:type="arc" xlink:arcrole="http://www.xbrl.org/2003/arcrole/concept-reference" xlink:from="label_ForandringPeriodiseringsfond_33" xlink:to="res_ForandringPeriodiseringsfond_33" xlink:title="reference: label_ForandringPeriodiseringsfond_33 to res_ForandringPeriodiseringsfond_33"/>
    <link:loc xlink:type="locator" xlink:href="se-gen-base-2020-12-01.xsd#se-gen-base_ForandringOveravskrivningar" xlink:label="label_ForandringOveravskrivningar_34" xlink:title="label_ForandringOveravskrivningar_34"/>
    <link:reference xlink:type="resource" xlink:label="res_ForandringOveravskrivningar_34" xlink:role="http://www.xbrl.org/2003/role/reference" xlink:title="res_ForandringOveravskrivningar_34" id="res_ForandringOveravskrivningar_34">
      <ref:Name>Inkomstskattelag</ref:Name>
      <ref:Number>1999:1229</ref:Number>
      <ref:Chapter>18</ref:Chapter>
    </link:reference>
    <link:referenceArc xlink:type="arc" xlink:arcrole="http://www.xbrl.org/2003/arcrole/concept-reference" xlink:from="label_ForandringOveravskrivningar_34" xlink:to="res_ForandringOveravskrivningar_34" xlink:title="reference: label_ForandringOveravskrivningar_34 to res_ForandringOveravskrivningar_34"/>
    <link:loc xlink:type="locator" xlink:href="se-gen-base-2020-12-01.xsd#se-gen-base_AvsattningErsattningsfond" xlink:label="label_AvsattningErsattningsfond_35" xlink:title="label_AvsattningErsattningsfond_35"/>
    <link:reference xlink:type="resource" xlink:label="res_AvsattningErsattningsfond_35" xlink:role="http://www.xbrl.org/2003/role/reference" xlink:title="res_AvsattningErsattningsfond_35" id="res_AvsattningErsattningsfond_35">
      <ref:Name>Inkomstskattelag</ref:Name>
      <ref:Number>1999:1229</ref:Number>
      <ref:Chapter>31</ref:Chapter>
    </link:reference>
    <link:referenceArc xlink:type="arc" xlink:arcrole="http://www.xbrl.org/2003/arcrole/concept-reference" xlink:from="label_AvsattningErsattningsfond_35" xlink:to="res_AvsattningErsattningsfond_35" xlink:title="reference: label_AvsattningErsattningsfond_35 to res_AvsattningErsattningsfond_35"/>
    <link:loc xlink:type="locator" xlink:href="se-gen-base-2020-12-01.xsd#se-gen-base_Bokslutsdispositioner" xlink:label="label_Bokslutsdispositioner_36" xlink:title="label_Bokslutsdispositioner_36"/>
    <link:reference xlink:type="resource" xlink:label="res_Bokslutsdispositioner_36" xlink:role="http://www.xbrl.org/2003/role/reference" xlink:title="res_Bokslutsdispositioner_36" id="res_Bokslutsdispositioner_36">
      <ref:Name>Inkomstskattelag</ref:Name>
      <ref:Number>1999:1229</ref:Number>
      <ref:Chapter>18</ref:Chapter>
    </link:reference>
    <link:referenceArc xlink:type="arc" xlink:arcrole="http://www.xbrl.org/2003/arcrole/concept-reference" xlink:from="label_Bokslutsdispositioner_36" xlink:to="res_Bokslutsdispositioner_36" xlink:title="reference: label_Bokslutsdispositioner_36 to res_Bokslutsdispositioner_36"/>
    <link:loc xlink:type="locator" xlink:href="se-gen-base-2020-12-01.xsd#se-gen-base_Bokslutsdispositioner" xlink:label="label_Bokslutsdispositioner_37" xlink:title="label_Bokslutsdispositioner_37"/>
    <link:reference xlink:type="resource" xlink:label="res_Bokslutsdispositioner_37" xlink:role="http://www.xbrl.org/2003/role/reference" xlink:title="res_Bokslutsdispositioner_37" id="res_Bokslutsdispositioner_37">
      <ref:Name>Inkomstskattelag</ref:Name>
      <ref:Number>1999:1229</ref:Number>
      <ref:Chapter>30</ref:Chapter>
    </link:reference>
    <link:referenceArc xlink:type="arc" xlink:arcrole="http://www.xbrl.org/2003/arcrole/concept-reference" xlink:from="label_Bokslutsdispositioner_37" xlink:to="res_Bokslutsdispositioner_37" xlink:title="reference: label_Bokslutsdispositioner_37 to res_Bokslutsdispositioner_37"/>
    <link:loc xlink:type="locator" xlink:href="se-gen-base-2020-12-01.xsd#se-gen-base_Bokslutsdispositioner" xlink:label="label_Bokslutsdispositioner_38" xlink:title="label_Bokslutsdispositioner_38"/>
    <link:reference xlink:type="resource" xlink:label="res_Bokslutsdispositioner_38" xlink:role="http://www.xbrl.org/2003/role/reference" xlink:title="res_Bokslutsdispositioner_38" id="res_Bokslutsdispositioner_38">
      <ref:Name>Inkomstskattelag</ref:Name>
      <ref:Number>1999:1229</ref:Number>
      <ref:Chapter>31</ref:Chapter>
    </link:reference>
    <link:referenceArc xlink:type="arc" xlink:arcrole="http://www.xbrl.org/2003/arcrole/concept-reference" xlink:from="label_Bokslutsdispositioner_38" xlink:to="res_Bokslutsdispositioner_38" xlink:title="reference: label_Bokslutsdispositioner_38 to res_Bokslutsdispositioner_38"/>
    <link:loc xlink:type="locator" xlink:href="se-gen-base-2020-12-01.xsd#se-gen-base_Bokslutsdispositioner" xlink:label="label_Bokslutsdispositioner_39" xlink:title="label_Bokslutsdispositioner_39"/>
    <link:reference xlink:type="resource" xlink:label="res_Bokslutsdispositioner_39" xlink:role="http://www.xbrl.org/2003/role/reference" xlink:title="res_Bokslutsdispositioner_39" id="res_Bokslutsdispositioner_39">
      <ref:Name>Inkomstskattelag</ref:Name>
      <ref:Number>1999:1229</ref:Number>
      <ref:Chapter>35</ref:Chapter>
    </link:reference>
    <link:referenceArc xlink:type="arc" xlink:arcrole="http://www.xbrl.org/2003/arcrole/concept-reference" xlink:from="label_Bokslutsdispositioner_39" xlink:to="res_Bokslutsdispositioner_39" xlink:title="reference: label_Bokslutsdispositioner_39 to res_Bokslutsdispositioner_39"/>
    <link:loc xlink:type="locator" xlink:href="se-gen-base-2020-12-01.xsd#se-gen-base_PerioderingsfonderSpecifikationFondAr" xlink:label="label_PerioderingsfonderSpecifikationFondAr_40" xlink:title="label_PerioderingsfonderSpecifikationFondAr_40"/>
    <link:reference xlink:type="resource" xlink:label="res_PerioderingsfonderSpecifikationFondAr_40" xlink:role="http://www.xbrl.org/2003/role/reference" xlink:title="res_PerioderingsfonderSpecifikationFondAr_40" id="res_PerioderingsfonderSpecifikationFondAr_40">
      <ref:Name>Inkomstskattelag</ref:Name>
      <ref:Number>1999:1229</ref:Number>
      <ref:Chapter>30</ref:Chapter>
    </link:reference>
    <link:referenceArc xlink:type="arc" xlink:arcrole="http://www.xbrl.org/2003/arcrole/concept-reference" xlink:from="label_PerioderingsfonderSpecifikationFondAr_40" xlink:to="res_PerioderingsfonderSpecifikationFondAr_40" xlink:title="reference: label_PerioderingsfonderSpecifikationFondAr_40 to res_PerioderingsfonderSpecifikationFondAr_40"/>
    <link:loc xlink:type="locator" xlink:href="se-gen-base-2020-12-01.xsd#se-gen-base_IanspraktagetBeloppErsattningsfondAnnatAvskrivningar" xlink:label="label_IanspraktagetBeloppErsattningsfondAnnatAvskrivningar_41" xlink:title="label_IanspraktagetBeloppErsattningsfondAnnatAvskrivningar_41"/>
    <link:reference xlink:type="resource" xlink:label="res_IanspraktagetBeloppErsattningsfondAnnatAvskrivningar_41" xlink:role="http://www.xbrl.org/2003/role/reference" xlink:title="res_IanspraktagetBeloppErsattningsfondAnnatAvskrivningar_41" id="res_IanspraktagetBeloppErsattningsfondAnnatAvskrivningar_41">
      <ref:Name>Inkomstskattelag</ref:Name>
      <ref:Number>1999:1229</ref:Number>
      <ref:Chapter>31</ref:Chapter>
    </link:reference>
    <link:referenceArc xlink:type="arc" xlink:arcrole="http://www.xbrl.org/2003/arcrole/concept-reference" xlink:from="label_IanspraktagetBeloppErsattningsfondAnnatAvskrivningar_41" xlink:to="res_IanspraktagetBeloppErsattningsfondAnnatAvskrivningar_41" xlink:title="reference: label_IanspraktagetBeloppErsattningsfondAnnatAvskrivningar_41 to res_IanspraktagetBeloppErsattningsfondAnnatAvskrivningar_41"/>
    <link:loc xlink:type="locator" xlink:href="se-gen-base-2020-12-01.xsd#se-gen-base_ErsattningsfonderAbstract" xlink:label="label_ErsattningsfonderAbstract_42" xlink:title="label_ErsattningsfonderAbstract_42"/>
    <link:reference xlink:type="resource" xlink:label="res_ErsattningsfonderAbstract_42" xlink:role="http://www.xbrl.org/2003/role/reference" xlink:title="res_ErsattningsfonderAbstract_42" id="res_ErsattningsfonderAbstract_42">
      <ref:Name>Inkomstskattelag</ref:Name>
      <ref:Number>1999:1229</ref:Number>
      <ref:Chapter>31</ref:Chapter>
    </link:reference>
    <link:referenceArc xlink:type="arc" xlink:arcrole="http://www.xbrl.org/2003/arcrole/concept-reference" xlink:from="label_ErsattningsfonderAbstract_42" xlink:to="res_ErsattningsfonderAbstract_42" xlink:title="reference: label_ErsattningsfonderAbstract_42 to res_ErsattningsfonderAbstract_42"/>
    <link:loc xlink:type="locator" xlink:href="se-gen-base-2020-12-01.xsd#se-gen-base_ObeskattadeReserverPeriodiseringsfonderKommentar" xlink:label="label_ObeskattadeReserverPeriodiseringsfonderKommentar_43" xlink:title="label_ObeskattadeReserverPeriodiseringsfonderKommentar_43"/>
    <link:reference xlink:type="resource" xlink:label="res_ObeskattadeReserverPeriodiseringsfonderKommentar_43" xlink:role="http://www.xbrl.org/2003/role/reference" xlink:title="res_ObeskattadeReserverPeriodiseringsfonderKommentar_43" id="res_ObeskattadeReserverPeriodiseringsfonderKommentar_43">
      <ref:Name>Inkomstskattelag</ref:Name>
      <ref:Number>1999:1229</ref:Number>
      <ref:Chapter>30</ref:Chapter>
    </link:reference>
    <link:referenceArc xlink:type="arc" xlink:arcrole="http://www.xbrl.org/2003/arcrole/concept-reference" xlink:from="label_ObeskattadeReserverPeriodiseringsfonderKommentar_43" xlink:to="res_ObeskattadeReserverPeriodiseringsfonderKommentar_43" xlink:title="reference: label_ObeskattadeReserverPeriodiseringsfonderKommentar_43 to res_ObeskattadeReserverPeriodiseringsfonderKommentar_43"/>
    <link:loc xlink:type="locator" xlink:href="se-gen-base-2020-12-01.xsd#se-gen-base_OvrigaBokslutsdispositionerAbstract" xlink:label="label_OvrigaBokslutsdispositionerAbstract_44" xlink:title="label_OvrigaBokslutsdispositionerAbstract_44"/>
    <link:reference xlink:type="resource" xlink:label="res_OvrigaBokslutsdispositionerAbstract_44" xlink:role="http://www.xbrl.org/2003/role/reference" xlink:title="res_OvrigaBokslutsdispositionerAbstract_44" id="res_OvrigaBokslutsdispositionerAbstract_44">
      <ref:Name>Inkomstskattelag</ref:Name>
      <ref:Number>1999:1229</ref:Number>
      <ref:Chapter>31</ref:Chapter>
    </link:reference>
    <link:referenceArc xlink:type="arc" xlink:arcrole="http://www.xbrl.org/2003/arcrole/concept-reference" xlink:from="label_OvrigaBokslutsdispositionerAbstract_44" xlink:to="res_OvrigaBokslutsdispositionerAbstract_44" xlink:title="reference: label_OvrigaBokslutsdispositionerAbstract_44 to res_OvrigaBokslutsdispositionerAbstract_44"/>
    <link:loc xlink:type="locator" xlink:href="se-gen-base-2020-12-01.xsd#se-gen-base_ObeskattadeReserverAbstract" xlink:label="label_ObeskattadeReserverAbstract_45" xlink:title="label_ObeskattadeReserverAbstract_45"/>
    <link:reference xlink:type="resource" xlink:label="res_ObeskattadeReserverAbstract_45" xlink:role="http://www.xbrl.org/2003/role/reference" xlink:title="res_ObeskattadeReserverAbstract_45" id="res_ObeskattadeReserverAbstract_45">
      <ref:Name>Inkomstskattelag</ref:Name>
      <ref:Number>1999:1229</ref:Number>
      <ref:Chapter>18</ref:Chapter>
    </link:reference>
    <link:referenceArc xlink:type="arc" xlink:arcrole="http://www.xbrl.org/2003/arcrole/concept-reference" xlink:from="label_ObeskattadeReserverAbstract_45" xlink:to="res_ObeskattadeReserverAbstract_45" xlink:title="reference: label_ObeskattadeReserverAbstract_45 to res_ObeskattadeReserverAbstract_45"/>
    <link:loc xlink:type="locator" xlink:href="se-gen-base-2020-12-01.xsd#se-gen-base_ObeskattadeReserverAbstract" xlink:label="label_ObeskattadeReserverAbstract_46" xlink:title="label_ObeskattadeReserverAbstract_46"/>
    <link:reference xlink:type="resource" xlink:label="res_ObeskattadeReserverAbstract_46" xlink:role="http://www.xbrl.org/2003/role/reference" xlink:title="res_ObeskattadeReserverAbstract_46" id="res_ObeskattadeReserverAbstract_46">
      <ref:Name>Inkomstskattelag</ref:Name>
      <ref:Number>1999:1229</ref:Number>
      <ref:Chapter>30</ref:Chapter>
    </link:reference>
    <link:referenceArc xlink:type="arc" xlink:arcrole="http://www.xbrl.org/2003/arcrole/concept-reference" xlink:from="label_ObeskattadeReserverAbstract_46" xlink:to="res_ObeskattadeReserverAbstract_46" xlink:title="reference: label_ObeskattadeReserverAbstract_46 to res_ObeskattadeReserverAbstract_46"/>
    <link:loc xlink:type="locator" xlink:href="se-gen-base-2020-12-01.xsd#se-gen-base_ObeskattadeReserverAbstract" xlink:label="label_ObeskattadeReserverAbstract_47" xlink:title="label_ObeskattadeReserverAbstract_47"/>
    <link:reference xlink:type="resource" xlink:label="res_ObeskattadeReserverAbstract_47" xlink:role="http://www.xbrl.org/2003/role/reference" xlink:title="res_ObeskattadeReserverAbstract_47" id="res_ObeskattadeReserverAbstract_47">
      <ref:Name>Inkomstskattelag</ref:Name>
      <ref:Number>1999:1229</ref:Number>
      <ref:Chapter>31</ref:Chapter>
    </link:reference>
    <link:referenceArc xlink:type="arc" xlink:arcrole="http://www.xbrl.org/2003/arcrole/concept-reference" xlink:from="label_ObeskattadeReserverAbstract_47" xlink:to="res_ObeskattadeReserverAbstract_47" xlink:title="reference: label_ObeskattadeReserverAbstract_47 to res_ObeskattadeReserverAbstract_47"/>
    <link:loc xlink:type="locator" xlink:href="se-gen-base-2020-12-01.xsd#se-gen-base_PerioderingsfonderSpecifikation" xlink:label="label_PerioderingsfonderSpecifikation_48" xlink:title="label_PerioderingsfonderSpecifikation_48"/>
    <link:reference xlink:type="resource" xlink:label="res_PerioderingsfonderSpecifikation_48" xlink:role="http://www.xbrl.org/2003/role/reference" xlink:title="res_PerioderingsfonderSpecifikation_48" id="res_PerioderingsfonderSpecifikation_48">
      <ref:Name>Inkomstskattelag</ref:Name>
      <ref:Number>1999:1229</ref:Number>
      <ref:Chapter>30</ref:Chapter>
    </link:reference>
    <link:referenceArc xlink:type="arc" xlink:arcrole="http://www.xbrl.org/2003/arcrole/concept-reference" xlink:from="label_PerioderingsfonderSpecifikation_48" xlink:to="res_PerioderingsfonderSpecifikation_48" xlink:title="reference: label_PerioderingsfonderSpecifikation_48 to res_PerioderingsfonderSpecifikation_48"/>
    <link:loc xlink:type="locator" xlink:href="se-gen-base-2020-12-01.xsd#se-gen-base_ErsattningsfonderKommentar" xlink:label="label_ErsattningsfonderKommentar_49" xlink:title="label_ErsattningsfonderKommentar_49"/>
    <link:reference xlink:type="resource" xlink:label="res_ErsattningsfonderKommentar_49" xlink:role="http://www.xbrl.org/2003/role/reference" xlink:title="res_ErsattningsfonderKommentar_49" id="res_ErsattningsfonderKommentar_49">
      <ref:Name>Inkomstskattelag</ref:Name>
      <ref:Number>1999:1229</ref:Number>
      <ref:Chapter>31</ref:Chapter>
    </link:reference>
    <link:referenceArc xlink:type="arc" xlink:arcrole="http://www.xbrl.org/2003/arcrole/concept-reference" xlink:from="label_ErsattningsfonderKommentar_49" xlink:to="res_ErsattningsfonderKommentar_49" xlink:title="reference: label_ErsattningsfonderKommentar_49 to res_ErsattningsfonderKommentar_49"/>
    <link:loc xlink:type="locator" xlink:href="se-gen-base-2020-12-01.xsd#se-gen-base_Ersattningsfonder" xlink:label="label_Ersattningsfonder_50" xlink:title="label_Ersattningsfonder_50"/>
    <link:reference xlink:type="resource" xlink:label="res_Ersattningsfonder_50" xlink:role="http://www.xbrl.org/2003/role/reference" xlink:title="res_Ersattningsfonder_50" id="res_Ersattningsfonder_50">
      <ref:Name>Inkomstskattelag</ref:Name>
      <ref:Number>1999:1229</ref:Number>
      <ref:Chapter>31</ref:Chapter>
    </link:reference>
    <link:referenceArc xlink:type="arc" xlink:arcrole="http://www.xbrl.org/2003/arcrole/concept-reference" xlink:from="label_Ersattningsfonder_50" xlink:to="res_Ersattningsfonder_50" xlink:title="reference: label_Ersattningsfonder_50 to res_Ersattningsfonder_50"/>
    <link:loc xlink:type="locator" xlink:href="se-gen-base-2020-12-01.xsd#se-gen-base_ForandringPeriodiseringsfondAterforing" xlink:label="label_ForandringPeriodiseringsfondAterforing_51" xlink:title="label_ForandringPeriodiseringsfondAterforing_51"/>
    <link:reference xlink:type="resource" xlink:label="res_ForandringPeriodiseringsfondAterforing_51" xlink:role="http://www.xbrl.org/2003/role/reference" xlink:title="res_ForandringPeriodiseringsfondAterforing_51" id="res_ForandringPeriodiseringsfondAterforing_51">
      <ref:Name>Inkomstskattelag</ref:Name>
      <ref:Number>1999:1229</ref:Number>
      <ref:Chapter>30</ref:Chapter>
    </link:reference>
    <link:referenceArc xlink:type="arc" xlink:arcrole="http://www.xbrl.org/2003/arcrole/concept-reference" xlink:from="label_ForandringPeriodiseringsfondAterforing_51" xlink:to="res_ForandringPeriodiseringsfondAterforing_51" xlink:title="reference: label_ForandringPeriodiseringsfondAterforing_51 to res_ForandringPeriodiseringsfondAterforing_51"/>
    <link:loc xlink:type="locator" xlink:href="se-gen-base-2020-12-01.xsd#se-gen-base_ErsattningsfonderTyp" xlink:label="label_ErsattningsfonderTyp_52" xlink:title="label_ErsattningsfonderTyp_52"/>
    <link:reference xlink:type="resource" xlink:label="res_ErsattningsfonderTyp_52" xlink:role="http://www.xbrl.org/2003/role/reference" xlink:title="res_ErsattningsfonderTyp_52" id="res_ErsattningsfonderTyp_52">
      <ref:Name>Inkomstskattelag</ref:Name>
      <ref:Number>1999:1229</ref:Number>
      <ref:Chapter>31</ref:Chapter>
    </link:reference>
    <link:referenceArc xlink:type="arc" xlink:arcrole="http://www.xbrl.org/2003/arcrole/concept-reference" xlink:from="label_ErsattningsfonderTyp_52" xlink:to="res_ErsattningsfonderTyp_52" xlink:title="reference: label_ErsattningsfonderTyp_52 to res_ErsattningsfonderTyp_52"/>
    <link:loc xlink:type="locator" xlink:href="se-gen-base-2020-12-01.xsd#se-gen-base_Periodiseringsfonder" xlink:label="label_Periodiseringsfonder_53" xlink:title="label_Periodiseringsfonder_53"/>
    <link:reference xlink:type="resource" xlink:label="res_Periodiseringsfonder_53" xlink:role="http://www.xbrl.org/2003/role/reference" xlink:title="res_Periodiseringsfonder_53" id="res_Periodiseringsfonder_53">
      <ref:Name>Inkomstskattelag</ref:Name>
      <ref:Number>1999:1229</ref:Number>
      <ref:Chapter>30</ref:Chapter>
    </link:reference>
    <link:referenceArc xlink:type="arc" xlink:arcrole="http://www.xbrl.org/2003/arcrole/concept-reference" xlink:from="label_Periodiseringsfonder_53" xlink:to="res_Periodiseringsfonder_53" xlink:title="reference: label_Periodiseringsfonder_53 to res_Periodiseringsfonder_53"/>
    <link:loc xlink:type="locator" xlink:href="se-gen-base-2020-12-01.xsd#se-gen-base_AckumuleradeOveravskrivningar" xlink:label="label_AckumuleradeOveravskrivningar_54" xlink:title="label_AckumuleradeOveravskrivningar_54"/>
    <link:reference xlink:type="resource" xlink:label="res_AckumuleradeOveravskrivningar_54" xlink:role="http://www.xbrl.org/2003/role/reference" xlink:title="res_AckumuleradeOveravskrivningar_54" id="res_AckumuleradeOveravskrivningar_54">
      <ref:Name>Inkomstskattelag</ref:Name>
      <ref:Number>1999:1229</ref:Number>
      <ref:Chapter>18</ref:Chapter>
    </link:reference>
    <link:referenceArc xlink:type="arc" xlink:arcrole="http://www.xbrl.org/2003/arcrole/concept-reference" xlink:from="label_AckumuleradeOveravskrivningar_54" xlink:to="res_AckumuleradeOveravskrivningar_54" xlink:title="reference: label_AckumuleradeOveravskrivningar_54 to res_AckumuleradeOveravskrivningar_54"/>
    <link:loc xlink:type="locator" xlink:href="se-gen-base-2020-12-01.xsd#se-gen-base_ForandringErsattningsfondAbstract" xlink:label="label_ForandringErsattningsfondAbstract_55" xlink:title="label_ForandringErsattningsfondAbstract_55"/>
    <link:reference xlink:type="resource" xlink:label="res_ForandringErsattningsfondAbstract_55" xlink:role="http://www.xbrl.org/2003/role/reference" xlink:title="res_ForandringErsattningsfondAbstract_55" id="res_ForandringErsattningsfondAbstract_55">
      <ref:Name>Inkomstskattelag</ref:Name>
      <ref:Number>1999:1229</ref:Number>
      <ref:Chapter>31</ref:Chapter>
    </link:reference>
    <link:referenceArc xlink:type="arc" xlink:arcrole="http://www.xbrl.org/2003/arcrole/concept-reference" xlink:from="label_ForandringErsattningsfondAbstract_55" xlink:to="res_ForandringErsattningsfondAbstract_55" xlink:title="reference: label_ForandringErsattningsfondAbstract_55 to res_ForandringErsattningsfondAbstract_55"/>
    <link:loc xlink:type="locator" xlink:href="se-gen-base-2020-12-01.xsd#se-gen-base_NotObeskattadeReserverPeriodiseringsfonderKommentar" xlink:label="label_NotObeskattadeReserverPeriodiseringsfonderKommentar_18" xlink:title="label_NotObeskattadeReserverPeriodiseringsfonderKommentar_18"/>
    <link:reference xlink:type="resource" xlink:label="res_NotObeskattadeReserverPeriodiseringsfonderKommentar_18" xlink:role="http://www.xbrl.org/2003/role/reference" xlink:title="res_NotObeskattadeReserverPeriodiseringsfonderKommentar_18" id="res_NotObeskattadeReserverPeriodiseringsfonderKommentar_18">
      <ref:Name>Inkomstskattelag</ref:Name>
      <ref:Number>1999:1229</ref:Number>
      <ref:Chapter>18</ref:Chapter>
    </link:reference>
    <link:referenceArc xlink:type="arc" xlink:arcrole="http://www.xbrl.org/2003/arcrole/concept-reference" xlink:from="label_NotObeskattadeReserverPeriodiseringsfonderKommentar_18" xlink:to="res_NotObeskattadeReserverPeriodiseringsfonderKommentar_18" xlink:title="reference: label_NotObeskattadeReserverPeriodiseringsfonderKommentar_18 to res_NotObeskattadeReserverPeriodiseringsfonderKommentar_18"/>
    <link:loc xlink:type="locator" xlink:href="se-gen-base-2020-12-01.xsd#se-gen-base_NotObeskattadeReserverPeriodiseringsfonderKommentar" xlink:label="label_NotObeskattadeReserverPeriodiseringsfonderKommentar_19" xlink:title="label_NotObeskattadeReserverPeriodiseringsfonderKommentar_19"/>
    <link:reference xlink:type="resource" xlink:label="res_NotObeskattadeReserverPeriodiseringsfonderKommentar_19" xlink:role="http://www.xbrl.org/2003/role/reference" xlink:title="res_NotObeskattadeReserverPeriodiseringsfonderKommentar_19" id="res_NotObeskattadeReserverPeriodiseringsfonderKommentar_19">
      <ref:Name>Inkomstskattelag</ref:Name>
      <ref:Number>1999:1229</ref:Number>
      <ref:Chapter>30</ref:Chapter>
    </link:reference>
    <link:referenceArc xlink:type="arc" xlink:arcrole="http://www.xbrl.org/2003/arcrole/concept-reference" xlink:from="label_NotObeskattadeReserverPeriodiseringsfonderKommentar_19" xlink:to="res_NotObeskattadeReserverPeriodiseringsfonderKommentar_19" xlink:title="reference: label_NotObeskattadeReserverPeriodiseringsfonderKommentar_19 to res_NotObeskattadeReserverPeriodiseringsfonderKommentar_19"/>
    <link:loc xlink:type="locator" xlink:href="se-gen-base-2020-12-01.xsd#se-gen-base_NotObeskattadeReserverPeriodiseringsfonderKommentar" xlink:label="label_NotObeskattadeReserverPeriodiseringsfonderKommentar_20" xlink:title="label_NotObeskattadeReserverPeriodiseringsfonderKommentar_20"/>
    <link:reference xlink:type="resource" xlink:label="res_NotObeskattadeReserverPeriodiseringsfonderKommentar_20" xlink:role="http://www.xbrl.org/2003/role/reference" xlink:title="res_NotObeskattadeReserverPeriodiseringsfonderKommentar_20" id="res_NotObeskattadeReserverPeriodiseringsfonderKommentar_20">
      <ref:Name>Inkomstskattelag</ref:Name>
      <ref:Number>1999:1229</ref:Number>
      <ref:Chapter>31</ref:Chapter>
    </link:reference>
    <link:referenceArc xlink:type="arc" xlink:arcrole="http://www.xbrl.org/2003/arcrole/concept-reference" xlink:from="label_NotObeskattadeReserverPeriodiseringsfonderKommentar_20" xlink:to="res_NotObeskattadeReserverPeriodiseringsfonderKommentar_20" xlink:title="reference: label_NotObeskattadeReserverPeriodiseringsfonderKommentar_20 to res_NotObeskattadeReserverPeriodiseringsfonderKommentar_20"/>
  </link:referenceLink>
</link:linkbase>
