<?xml version="1.0" encoding="UTF-8"?><!--Versionsdatum/revision: 2023-06-01/2023-05-12_12:07:34--><!--Infil   : file:///O:/xmlstr/TaxSam/Inkomstdeklaration 2/2023-06-01 FINAL/Iteration 57 - FINAL LEV 2023-05-12 - bilagor/2023-05-12_12.01.40_10_KontrolleraOchGenerera_v2.00.xsl.xml--><!--XSLT-fil: file:///O:/xmlstr/TaxSam/Inkomstdeklaration 2/2023-06-01 FINAL/Iteration 57 - FINAL LEV 2023-05-12 - bilagor/30_UtokaAnpassadeBasskiktet_v2.00.xsl--><!--XSLT-fil: file:///O:/xmlstr/TaxSam/Inkomstdeklaration 2/2023-06-01 FINAL/Iteration 57 - FINAL LEV 2023-05-12 - bilagor/XSLTallmanKod_v1.05.xsl--><link:linkbase xmlns:xsi="http://www.w3.org/2001/XMLSchema-instance" xmlns:link="http://www.xbrl.org/2003/linkbase" xmlns:xlink="http://www.w3.org/1999/xlink" xsi:schemaLocation="http://www.xbrl.org/2003/linkbase http://www.xbrl.org/2003/xbrl-linkbase-2003-12-31.xsd">
	<link:labelLink xlink:type="extended" xlink:role="http://www.xbrl.org/2003/role/link">
		<link:loc xlink:type="locator" xlink:href="../../../../base/se-cd-base/2021-10-31/se-cd-base-2021-10-31.xsd#se-cd-base_AllmanInformationForetagetAbstract" xlink:label="extRubrik_locator_AllmanInformationForetagetAbstract" xlink:title="extRubrik_locator_AllmanInformationForetagetAbstract"/>
		<link:label xlink:type="resource" xlink:label="extRubrik_resource_AllmanInformationForetagetAbstract_1254_terseLabel" xlink:role="http://www.xbrl.org/2003/role/terseLabel" xlink:title="extRubrik_resource_AllmanInformationForetagetAbstract_1254_terseLabel" xml:lang="sv">Allmän information</link:label>
		<link:labelArc xlink:type="arc" xlink:arcrole="http://www.xbrl.org/2003/arcrole/concept-label" xlink:from="extRubrik_locator_AllmanInformationForetagetAbstract" xlink:to="extRubrik_resource_AllmanInformationForetagetAbstract_1254_terseLabel" xlink:title="reference: extRubrik_locator_AllmanInformationForetagetAbstract to extRubrik_resource_AllmanInformationForetagetAbstract_1254_terseLabel"/>
		<link:loc xlink:type="locator" xlink:href="../../../../base/se-cd-base/2021-10-31/se-cd-base-2021-10-31.xsd#se-cd-base_RakenskapsarAbstract" xlink:label="extRubrik_locator_RakenskapsarAbstract" xlink:title="extRubrik_locator_RakenskapsarAbstract"/>
		<link:label xlink:type="resource" xlink:label="extRubrik_resource_RakenskapsarAbstract_1255_terseLabel" xlink:role="http://www.xbrl.org/2003/role/terseLabel" xlink:title="extRubrik_resource_RakenskapsarAbstract_1255_terseLabel" xml:lang="sv">Räkenskapsår</link:label>
		<link:labelArc xlink:type="arc" xlink:arcrole="http://www.xbrl.org/2003/arcrole/concept-label" xlink:from="extRubrik_locator_RakenskapsarAbstract" xlink:to="extRubrik_resource_RakenskapsarAbstract_1255_terseLabel" xlink:title="reference: extRubrik_locator_RakenskapsarAbstract to extRubrik_resource_RakenskapsarAbstract_1255_terseLabel"/>
		<link:loc xlink:type="locator" xlink:href="../../../../base/se-tax-base/2022-09-12/se-tax-base-2022-09-12.xsd#se-tax-base_SkogsavdragAbstract" xlink:label="extRubrik_locator_SkogsavdragAbstract" xlink:title="extRubrik_locator_SkogsavdragAbstract"/>
		<link:label xlink:type="resource" xlink:label="extRubrik_resource_SkogsavdragAbstract_1272_terseLabel" xlink:role="http://www.xbrl.org/2003/role/terseLabel" xlink:title="extRubrik_resource_SkogsavdragAbstract_1272_terseLabel" xml:lang="sv">Skogsavdrag</link:label>
		<link:labelArc xlink:type="arc" xlink:arcrole="http://www.xbrl.org/2003/arcrole/concept-label" xlink:from="extRubrik_locator_SkogsavdragAbstract" xlink:to="extRubrik_resource_SkogsavdragAbstract_1272_terseLabel" xlink:title="reference: extRubrik_locator_SkogsavdragAbstract to extRubrik_resource_SkogsavdragAbstract_1272_terseLabel"/>
		<link:loc xlink:type="locator" xlink:href="../../../../base/se-tax-base/2022-09-12/se-tax-base-2022-09-12.xsd#se-tax-base_BegartSkogsavdrag" xlink:label="extRubrik_locator_BegartSkogsavdrag" xlink:title="extRubrik_locator_BegartSkogsavdrag"/>
		<link:label xlink:type="resource" xlink:label="extRubrik_resource_BegartSkogsavdrag_1277_terseLabel" xlink:role="http://www.xbrl.org/2003/role/terseLabel" xlink:title="extRubrik_resource_BegartSkogsavdrag_1277_terseLabel" xml:lang="sv">Belopp, kr</link:label>
		<link:labelArc xlink:type="arc" xlink:arcrole="http://www.xbrl.org/2003/arcrole/concept-label" xlink:from="extRubrik_locator_BegartSkogsavdrag" xlink:to="extRubrik_resource_BegartSkogsavdrag_1277_terseLabel" xlink:title="reference: extRubrik_locator_BegartSkogsavdrag to extRubrik_resource_BegartSkogsavdrag_1277_terseLabel"/>
		<link:loc xlink:type="locator" xlink:href="se-n8-ext-2023-06-01.xsd#se-n8-ext_AterfortSkogsavdragFordelatPerFastighetSomSkogsavdragetArHanforligtTillTuple" xlink:label="extRubrik_locator_AterfortSkogsavdragFordelatPerFastighetSomSkogsavdragetArHanforligtTillTuple" xlink:title="extRubrik_locator_AterfortSkogsavdragFordelatPerFastighetSomSkogsavdragetArHanforligtTillTuple"/>
		<link:label xlink:type="resource" xlink:label="extRubrik_resource_AterfortSkogsavdragFordelatPerFastighetSomSkogsavdragetArHanforligtTillTuple_1279_terseLabel" xlink:role="http://www.xbrl.org/2003/role/terseLabel" xlink:title="extRubrik_resource_AterfortSkogsavdragFordelatPerFastighetSomSkogsavdragetArHanforligtTillTuple_1279_terseLabel" xml:lang="sv">Återfört skogsavdrag för beskattningsåret</link:label>
		<link:labelArc xlink:type="arc" xlink:arcrole="http://www.xbrl.org/2003/arcrole/concept-label" xlink:from="extRubrik_locator_AterfortSkogsavdragFordelatPerFastighetSomSkogsavdragetArHanforligtTillTuple" xlink:to="extRubrik_resource_AterfortSkogsavdragFordelatPerFastighetSomSkogsavdragetArHanforligtTillTuple_1279_terseLabel" xlink:title="reference: extRubrik_locator_AterfortSkogsavdragFordelatPerFastighetSomSkogsavdragetArHanforligtTillTuple to extRubrik_resource_AterfortSkogsavdragFordelatPerFastighetSomSkogsavdragetArHanforligtTillTuple_1279_terseLabel"/>
		<link:loc xlink:type="locator" xlink:href="../../../../base/se-gen-base/2021-10-31/se-gen-base-2021-10-31.xsd#se-gen-base_AgdAndelFastighet" xlink:label="extRubrik_locator_AgdAndelFastighet" xlink:title="extRubrik_locator_AgdAndelFastighet"/>
		<link:label xlink:type="resource" xlink:label="extRubrik_resource_AgdAndelFastighet_1283_terseLabel" xlink:role="http://www.xbrl.org/2003/role/terseLabel" xlink:title="extRubrik_resource_AgdAndelFastighet_1283_terseLabel" xml:lang="sv">Ägd andel, %</link:label>
		<link:labelArc xlink:type="arc" xlink:arcrole="http://www.xbrl.org/2003/arcrole/concept-label" xlink:from="extRubrik_locator_AgdAndelFastighet" xlink:to="extRubrik_resource_AgdAndelFastighet_1283_terseLabel" xlink:title="reference: extRubrik_locator_AgdAndelFastighet to extRubrik_resource_AgdAndelFastighet_1283_terseLabel"/>
		<link:loc xlink:type="locator" xlink:href="../../../../base/se-tax-base/2022-09-12/se-tax-base-2022-09-12.xsd#se-tax-base_AterfortSkogsavdrag" xlink:label="extRubrik_locator_AterfortSkogsavdrag" xlink:title="extRubrik_locator_AterfortSkogsavdrag"/>
		<link:label xlink:type="resource" xlink:label="extRubrik_resource_AterfortSkogsavdrag_1284_terseLabel" xlink:role="http://www.xbrl.org/2003/role/terseLabel" xlink:title="extRubrik_resource_AterfortSkogsavdrag_1284_terseLabel" xml:lang="sv">Belopp, kr</link:label>
		<link:labelArc xlink:type="arc" xlink:arcrole="http://www.xbrl.org/2003/arcrole/concept-label" xlink:from="extRubrik_locator_AterfortSkogsavdrag" xlink:to="extRubrik_resource_AterfortSkogsavdrag_1284_terseLabel" xlink:title="reference: extRubrik_locator_AterfortSkogsavdrag to extRubrik_resource_AterfortSkogsavdrag_1284_terseLabel"/>
		<link:loc xlink:type="locator" xlink:href="../../../../base/se-tax-base/2022-09-12/se-tax-base-2022-09-12.xsd#se-tax-base_OkatMinskatAvdragsutrymmeForSkogsavdrag" xlink:label="extRubrik_locator_OkatMinskatAvdragsutrymmeForSkogsavdrag" xlink:title="extRubrik_locator_OkatMinskatAvdragsutrymmeForSkogsavdrag"/>
		<link:label xlink:type="resource" xlink:label="extRubrik_resource_OkatMinskatAvdragsutrymmeForSkogsavdrag_1294_terseLabel" xlink:role="http://www.xbrl.org/2003/role/terseLabel" xlink:title="extRubrik_resource_OkatMinskatAvdragsutrymmeForSkogsavdrag_1294_terseLabel" xml:lang="sv">Ökat/minskat avdragsutrymme</link:label>
		<link:labelArc xlink:type="arc" xlink:arcrole="http://www.xbrl.org/2003/arcrole/concept-label" xlink:from="extRubrik_locator_OkatMinskatAvdragsutrymmeForSkogsavdrag" xlink:to="extRubrik_resource_OkatMinskatAvdragsutrymmeForSkogsavdrag_1294_terseLabel" xlink:title="reference: extRubrik_locator_OkatMinskatAvdragsutrymmeForSkogsavdrag to extRubrik_resource_OkatMinskatAvdragsutrymmeForSkogsavdrag_1294_terseLabel"/>
		<link:loc xlink:type="locator" xlink:href="../../../../base/se-tax-base/2022-09-12/se-tax-base-2022-09-12.xsd#se-tax-base_SubstansminskningsavdragAbstract" xlink:label="extRubrik_locator_SubstansminskningsavdragAbstract" xlink:title="extRubrik_locator_SubstansminskningsavdragAbstract"/>
		<link:label xlink:type="resource" xlink:label="extRubrik_resource_SubstansminskningsavdragAbstract_1296_terseLabel" xlink:role="http://www.xbrl.org/2003/role/terseLabel" xlink:title="extRubrik_resource_SubstansminskningsavdragAbstract_1296_terseLabel" xml:lang="sv">Substansminskningsavdrag</link:label>
		<link:labelArc xlink:type="arc" xlink:arcrole="http://www.xbrl.org/2003/arcrole/concept-label" xlink:from="extRubrik_locator_SubstansminskningsavdragAbstract" xlink:to="extRubrik_resource_SubstansminskningsavdragAbstract_1296_terseLabel" xlink:title="reference: extRubrik_locator_SubstansminskningsavdragAbstract to extRubrik_resource_SubstansminskningsavdragAbstract_1296_terseLabel"/>
		<link:loc xlink:type="locator" xlink:href="se-n8-ext-2023-06-01.xsd#se-n8-ext_BegartSubstansminskningsavdragFordelatPerFastighetSomSubstansminskningsavdragetArHanforligtTillTuple" xlink:label="extRubrik_locator_BegartSubstansminskningsavdragFordelatPerFastighetSomSubstansminskningsavdragetArHanforligtTillTuple" xlink:title="extRubrik_locator_BegartSubstansminskningsavdragFordelatPerFastighetSomSubstansminskningsavdragetArHanforligtTillTuple"/>
		<link:label xlink:type="resource" xlink:label="extRubrik_resource_BegartSubstansminskningsavdragFordelatPerFastighetSomSubstansminskningsavdragetArHanforligtTillTuple_1299_terseLabel" xlink:role="http://www.xbrl.org/2003/role/terseLabel" xlink:title="extRubrik_resource_BegartSubstansminskningsavdragFordelatPerFastighetSomSubstansminskningsavdragetArHanforligtTillTuple_1299_terseLabel" xml:lang="sv">Begärt substansminskningsavdrag för beskattningsåret</link:label>
		<link:labelArc xlink:type="arc" xlink:arcrole="http://www.xbrl.org/2003/arcrole/concept-label" xlink:from="extRubrik_locator_BegartSubstansminskningsavdragFordelatPerFastighetSomSubstansminskningsavdragetArHanforligtTillTuple" xlink:to="extRubrik_resource_BegartSubstansminskningsavdragFordelatPerFastighetSomSubstansminskningsavdragetArHanforligtTillTuple_1299_terseLabel" xlink:title="reference: extRubrik_locator_BegartSubstansminskningsavdragFordelatPerFastighetSomSubstansminskningsavdragetArHanforligtTillTuple to extRubrik_resource_BegartSubstansminskningsavdragFordelatPerFastighetSomSubstansminskningsavdragetArHanforligtTillTuple_1299_terseLabel"/>
		<link:loc xlink:type="locator" xlink:href="../../../../base/se-tax-base/2022-09-12/se-tax-base-2022-09-12.xsd#se-tax-base_BegartSubstansminskningsavdrag" xlink:label="extRubrik_locator_BegartSubstansminskningsavdrag" xlink:title="extRubrik_locator_BegartSubstansminskningsavdrag"/>
		<link:label xlink:type="resource" xlink:label="extRubrik_resource_BegartSubstansminskningsavdrag_1303_terseLabel" xlink:role="http://www.xbrl.org/2003/role/terseLabel" xlink:title="extRubrik_resource_BegartSubstansminskningsavdrag_1303_terseLabel" xml:lang="sv">Belopp, kr</link:label>
		<link:labelArc xlink:type="arc" xlink:arcrole="http://www.xbrl.org/2003/arcrole/concept-label" xlink:from="extRubrik_locator_BegartSubstansminskningsavdrag" xlink:to="extRubrik_resource_BegartSubstansminskningsavdrag_1303_terseLabel" xlink:title="reference: extRubrik_locator_BegartSubstansminskningsavdrag to extRubrik_resource_BegartSubstansminskningsavdrag_1303_terseLabel"/>
		<link:loc xlink:type="locator" xlink:href="se-n8-ext-2023-06-01.xsd#se-n8-ext_AterfortSubstansminskningsavdragFordelatPerFastighetSomSubstansminskningsavdragetArHanforligtTillTuple" xlink:label="extRubrik_locator_AterfortSubstansminskningsavdragFordelatPerFastighetSomSubstansminskningsavdragetArHanforligtTillTuple" xlink:title="extRubrik_locator_AterfortSubstansminskningsavdragFordelatPerFastighetSomSubstansminskningsavdragetArHanforligtTillTuple"/>
		<link:label xlink:type="resource" xlink:label="extRubrik_resource_AterfortSubstansminskningsavdragFordelatPerFastighetSomSubstansminskningsavdragetArHanforligtTillTuple_1305_terseLabel" xlink:role="http://www.xbrl.org/2003/role/terseLabel" xlink:title="extRubrik_resource_AterfortSubstansminskningsavdragFordelatPerFastighetSomSubstansminskningsavdragetArHanforligtTillTuple_1305_terseLabel" xml:lang="sv">Återfört substansminskningsavdrag för beskattningsåret</link:label>
		<link:labelArc xlink:type="arc" xlink:arcrole="http://www.xbrl.org/2003/arcrole/concept-label" xlink:from="extRubrik_locator_AterfortSubstansminskningsavdragFordelatPerFastighetSomSubstansminskningsavdragetArHanforligtTillTuple" xlink:to="extRubrik_resource_AterfortSubstansminskningsavdragFordelatPerFastighetSomSubstansminskningsavdragetArHanforligtTillTuple_1305_terseLabel" xlink:title="reference: extRubrik_locator_AterfortSubstansminskningsavdragFordelatPerFastighetSomSubstansminskningsavdragetArHanforligtTillTuple to extRubrik_resource_AterfortSubstansminskningsavdragFordelatPerFastighetSomSubstansminskningsavdragetArHanforligtTillTuple_1305_terseLabel"/>
		<link:loc xlink:type="locator" xlink:href="../../../../base/se-tax-base/2022-09-12/se-tax-base-2022-09-12.xsd#se-tax-base_AterfortSubstansminskningsavdrag" xlink:label="extRubrik_locator_AterfortSubstansminskningsavdrag" xlink:title="extRubrik_locator_AterfortSubstansminskningsavdrag"/>
		<link:label xlink:type="resource" xlink:label="extRubrik_resource_AterfortSubstansminskningsavdrag_1310_terseLabel" xlink:role="http://www.xbrl.org/2003/role/terseLabel" xlink:title="extRubrik_resource_AterfortSubstansminskningsavdrag_1310_terseLabel" xml:lang="sv">Belopp, kr</link:label>
		<link:labelArc xlink:type="arc" xlink:arcrole="http://www.xbrl.org/2003/arcrole/concept-label" xlink:from="extRubrik_locator_AterfortSubstansminskningsavdrag" xlink:to="extRubrik_resource_AterfortSubstansminskningsavdrag_1310_terseLabel" xlink:title="reference: extRubrik_locator_AterfortSubstansminskningsavdrag to extRubrik_resource_AterfortSubstansminskningsavdrag_1310_terseLabel"/>
		<link:loc xlink:type="locator" xlink:href="../../../../base/se-tax-base/2022-09-12/se-tax-base-2022-09-12.xsd#se-tax-base_OkatMinskatAvdragsutrymmeForSubstansminskningsavdrag" xlink:label="extRubrik_locator_OkatMinskatAvdragsutrymmeForSubstansminskningsavdrag" xlink:title="extRubrik_locator_OkatMinskatAvdragsutrymmeForSubstansminskningsavdrag"/>
		<link:label xlink:type="resource" xlink:label="extRubrik_resource_OkatMinskatAvdragsutrymmeForSubstansminskningsavdrag_1317_terseLabel" xlink:role="http://www.xbrl.org/2003/role/terseLabel" xlink:title="extRubrik_resource_OkatMinskatAvdragsutrymmeForSubstansminskningsavdrag_1317_terseLabel" xml:lang="sv">Ökat/minskat avdragsutrymme</link:label>
		<link:labelArc xlink:type="arc" xlink:arcrole="http://www.xbrl.org/2003/arcrole/concept-label" xlink:from="extRubrik_locator_OkatMinskatAvdragsutrymmeForSubstansminskningsavdrag" xlink:to="extRubrik_resource_OkatMinskatAvdragsutrymmeForSubstansminskningsavdrag_1317_terseLabel" xlink:title="reference: extRubrik_locator_OkatMinskatAvdragsutrymmeForSubstansminskningsavdrag to extRubrik_resource_OkatMinskatAvdragsutrymmeForSubstansminskningsavdrag_1317_terseLabel"/>
	</link:labelLink>
</link:linkbase>