<?xml version="1.0" encoding="UTF-8"?><!--Versionsdatum/revision: 2023-06-01/2023-05-12_12:07:34--><!--Infil   : file:///O:/xmlstr/TaxSam/Inkomstdeklaration 2/2023-06-01 FINAL/Iteration 57 - FINAL LEV 2023-05-12 - bilagor/2023-05-12_12.01.40_10_KontrolleraOchGenerera_v2.00.xsl.xml--><!--XSLT-fil: file:///O:/xmlstr/TaxSam/Inkomstdeklaration 2/2023-06-01 FINAL/Iteration 57 - FINAL LEV 2023-05-12 - bilagor/30_UtokaAnpassadeBasskiktet_v2.00.xsl--><!--XSLT-fil: file:///O:/xmlstr/TaxSam/Inkomstdeklaration 2/2023-06-01 FINAL/Iteration 57 - FINAL LEV 2023-05-12 - bilagor/XSLTallmanKod_v1.05.xsl--><link:linkbase xmlns:xsi="http://www.w3.org/2001/XMLSchema-instance" xmlns:ref="http://www.xbrl.org/2004/ref" xmlns:link="http://www.xbrl.org/2003/linkbase" xmlns:xlink="http://www.w3.org/1999/xlink" xsi:schemaLocation="http://www.xbrl.org/2003/linkbase http://www.xbrl.org/2003/xbrl-linkbase-2003-12-31.xsd http://www.xbrl.org/2004/ref http://www.xbrl.org/2004/ref-2004-08-10.xsd">
	<link:roleRef roleURI="http://www.skatteverket.se/se/fr/role/reference/miscellaneous/il" xlink:type="simple" xlink:href="se-n8-ext-2023-06-01.xsd#IL"/>
	<link:referenceLink xlink:type="extended" xlink:role="http://www.skatteverket.se/se/fr/role/reference/miscellaneous/il" id="IL">
		<link:loc xlink:type="locator" xlink:href="se-n8-ext-2023-06-01.xsd#se-n8-ext_AterfortSkogsavdragFordelatPerFastighetSomSkogsavdragetArHanforligtTillTuple" xlink:label="referens_locator_AterfortSkogsavdragFordelatPerFastighetSomSkogsavdragetArHanforligtTillTuple_IL_1279" xlink:title="referens_locator_AterfortSkogsavdragFordelatPerFastighetSomSkogsavdragetArHanforligtTillTuple_IL_1279"/>
		<link:reference xlink:type="resource" xlink:label="referens_resource_AterfortSkogsavdragFordelatPerFastighetSomSkogsavdragetArHanforligtTillTuple_IL_1279_reference" xlink:role="http://www.xbrl.org/2003/role/reference" xlink:title="referens_resource_AterfortSkogsavdragFordelatPerFastighetSomSkogsavdragetArHanforligtTillTuple_IL_1279_reference">
			<ref:Name>IL</ref:Name>
			<ref:Number>1999:1229</ref:Number>
			<ref:Chapter>21</ref:Chapter>
			<ref:Paragraph>4-19</ref:Paragraph>
		</link:reference>
		<link:referenceArc xlink:type="arc" xlink:arcrole="http://www.xbrl.org/2003/arcrole/concept-reference" xlink:from="referens_locator_AterfortSkogsavdragFordelatPerFastighetSomSkogsavdragetArHanforligtTillTuple_IL_1279" xlink:to="referens_resource_AterfortSkogsavdragFordelatPerFastighetSomSkogsavdragetArHanforligtTillTuple_IL_1279_reference" xlink:title="reference: referens_locator_AterfortSkogsavdragFordelatPerFastighetSomSkogsavdragetArHanforligtTillTuple_IL_1279 to referens_resource_AterfortSkogsavdragFordelatPerFastighetSomSkogsavdragetArHanforligtTillTuple_IL_1279_reference"/>
		<link:loc xlink:type="locator" xlink:href="se-n8-ext-2023-06-01.xsd#se-n8-ext_AterfortSkogsavdragFordelatPerFastighetSomSkogsavdragetArHanforligtTillTuple" xlink:label="referens_locator_AterfortSkogsavdragFordelatPerFastighetSomSkogsavdragetArHanforligtTillTuple_IL_1280" xlink:title="referens_locator_AterfortSkogsavdragFordelatPerFastighetSomSkogsavdragetArHanforligtTillTuple_IL_1280"/>
		<link:reference xlink:type="resource" xlink:label="referens_resource_AterfortSkogsavdragFordelatPerFastighetSomSkogsavdragetArHanforligtTillTuple_IL_1280_reference" xlink:role="http://www.xbrl.org/2003/role/reference" xlink:title="referens_resource_AterfortSkogsavdragFordelatPerFastighetSomSkogsavdragetArHanforligtTillTuple_IL_1280_reference">
			<ref:Name>IL</ref:Name>
			<ref:Number>1999:1229</ref:Number>
			<ref:Chapter>26</ref:Chapter>
			<ref:Paragraph>2-3</ref:Paragraph>
		</link:reference>
		<link:referenceArc xlink:type="arc" xlink:arcrole="http://www.xbrl.org/2003/arcrole/concept-reference" xlink:from="referens_locator_AterfortSkogsavdragFordelatPerFastighetSomSkogsavdragetArHanforligtTillTuple_IL_1280" xlink:to="referens_resource_AterfortSkogsavdragFordelatPerFastighetSomSkogsavdragetArHanforligtTillTuple_IL_1280_reference" xlink:title="reference: referens_locator_AterfortSkogsavdragFordelatPerFastighetSomSkogsavdragetArHanforligtTillTuple_IL_1280 to referens_resource_AterfortSkogsavdragFordelatPerFastighetSomSkogsavdragetArHanforligtTillTuple_IL_1280_reference"/>
		<link:loc xlink:type="locator" xlink:href="se-n8-ext-2023-06-01.xsd#se-n8-ext_OkatEllerMinskatAvdragsutrymmeForSkogsavdragTuple" xlink:label="referens_locator_OkatEllerMinskatAvdragsutrymmeForSkogsavdragTuple_IL_1290" xlink:title="referens_locator_OkatEllerMinskatAvdragsutrymmeForSkogsavdragTuple_IL_1290"/>
		<link:reference xlink:type="resource" xlink:label="referens_resource_OkatEllerMinskatAvdragsutrymmeForSkogsavdragTuple_IL_1290_reference" xlink:role="http://www.xbrl.org/2003/role/reference" xlink:title="referens_resource_OkatEllerMinskatAvdragsutrymmeForSkogsavdragTuple_IL_1290_reference">
			<ref:Name>IL</ref:Name>
			<ref:Number>1999:1229</ref:Number>
			<ref:Chapter>21</ref:Chapter>
			<ref:Paragraph>4-19</ref:Paragraph>
		</link:reference>
		<link:referenceArc xlink:type="arc" xlink:arcrole="http://www.xbrl.org/2003/arcrole/concept-reference" xlink:from="referens_locator_OkatEllerMinskatAvdragsutrymmeForSkogsavdragTuple_IL_1290" xlink:to="referens_resource_OkatEllerMinskatAvdragsutrymmeForSkogsavdragTuple_IL_1290_reference" xlink:title="reference: referens_locator_OkatEllerMinskatAvdragsutrymmeForSkogsavdragTuple_IL_1290 to referens_resource_OkatEllerMinskatAvdragsutrymmeForSkogsavdragTuple_IL_1290_reference"/>
		<link:loc xlink:type="locator" xlink:href="se-n8-ext-2023-06-01.xsd#se-n8-ext_BegartSubstansminskningsavdragFordelatPerFastighetSomSubstansminskningsavdragetArHanforligtTillTuple" xlink:label="referens_locator_BegartSubstansminskningsavdragFordelatPerFastighetSomSubstansminskningsavdragetArHanforligtTillTuple_IL_1299" xlink:title="referens_locator_BegartSubstansminskningsavdragFordelatPerFastighetSomSubstansminskningsavdragetArHanforligtTillTuple_IL_1299"/>
		<link:reference xlink:type="resource" xlink:label="referens_resource_BegartSubstansminskningsavdragFordelatPerFastighetSomSubstansminskningsavdragetArHanforligtTillTuple_IL_1299_reference" xlink:role="http://www.xbrl.org/2003/role/reference" xlink:title="referens_resource_BegartSubstansminskningsavdragFordelatPerFastighetSomSubstansminskningsavdragetArHanforligtTillTuple_IL_1299_reference">
			<ref:Name>IL</ref:Name>
			<ref:Number>1999:1229</ref:Number>
			<ref:Chapter>20</ref:Chapter>
			<ref:Paragraph>20-28</ref:Paragraph>
		</link:reference>
		<link:referenceArc xlink:type="arc" xlink:arcrole="http://www.xbrl.org/2003/arcrole/concept-reference" xlink:from="referens_locator_BegartSubstansminskningsavdragFordelatPerFastighetSomSubstansminskningsavdragetArHanforligtTillTuple_IL_1299" xlink:to="referens_resource_BegartSubstansminskningsavdragFordelatPerFastighetSomSubstansminskningsavdragetArHanforligtTillTuple_IL_1299_reference" xlink:title="reference: referens_locator_BegartSubstansminskningsavdragFordelatPerFastighetSomSubstansminskningsavdragetArHanforligtTillTuple_IL_1299 to referens_resource_BegartSubstansminskningsavdragFordelatPerFastighetSomSubstansminskningsavdragetArHanforligtTillTuple_IL_1299_reference"/>
		<link:loc xlink:type="locator" xlink:href="se-n8-ext-2023-06-01.xsd#se-n8-ext_AterfortSubstansminskningsavdragFordelatPerFastighetSomSubstansminskningsavdragetArHanforligtTillTuple" xlink:label="referens_locator_AterfortSubstansminskningsavdragFordelatPerFastighetSomSubstansminskningsavdragetArHanforligtTillTuple_IL_1305" xlink:title="referens_locator_AterfortSubstansminskningsavdragFordelatPerFastighetSomSubstansminskningsavdragetArHanforligtTillTuple_IL_1305"/>
		<link:reference xlink:type="resource" xlink:label="referens_resource_AterfortSubstansminskningsavdragFordelatPerFastighetSomSubstansminskningsavdragetArHanforligtTillTuple_IL_1305_reference" xlink:role="http://www.xbrl.org/2003/role/reference" xlink:title="referens_resource_AterfortSubstansminskningsavdragFordelatPerFastighetSomSubstansminskningsavdragetArHanforligtTillTuple_IL_1305_reference">
			<ref:Name>IL</ref:Name>
			<ref:Number>1999:1229</ref:Number>
			<ref:Chapter>20</ref:Chapter>
			<ref:Paragraph>20-28</ref:Paragraph>
		</link:reference>
		<link:referenceArc xlink:type="arc" xlink:arcrole="http://www.xbrl.org/2003/arcrole/concept-reference" xlink:from="referens_locator_AterfortSubstansminskningsavdragFordelatPerFastighetSomSubstansminskningsavdragetArHanforligtTillTuple_IL_1305" xlink:to="referens_resource_AterfortSubstansminskningsavdragFordelatPerFastighetSomSubstansminskningsavdragetArHanforligtTillTuple_IL_1305_reference" xlink:title="reference: referens_locator_AterfortSubstansminskningsavdragFordelatPerFastighetSomSubstansminskningsavdragetArHanforligtTillTuple_IL_1305 to referens_resource_AterfortSubstansminskningsavdragFordelatPerFastighetSomSubstansminskningsavdragetArHanforligtTillTuple_IL_1305_reference"/>
		<link:loc xlink:type="locator" xlink:href="se-n8-ext-2023-06-01.xsd#se-n8-ext_AterfortSubstansminskningsavdragFordelatPerFastighetSomSubstansminskningsavdragetArHanforligtTillTuple" xlink:label="referens_locator_AterfortSubstansminskningsavdragFordelatPerFastighetSomSubstansminskningsavdragetArHanforligtTillTuple_IL_1306" xlink:title="referens_locator_AterfortSubstansminskningsavdragFordelatPerFastighetSomSubstansminskningsavdragetArHanforligtTillTuple_IL_1306"/>
		<link:reference xlink:type="resource" xlink:label="referens_resource_AterfortSubstansminskningsavdragFordelatPerFastighetSomSubstansminskningsavdragetArHanforligtTillTuple_IL_1306_reference" xlink:role="http://www.xbrl.org/2003/role/reference" xlink:title="referens_resource_AterfortSubstansminskningsavdragFordelatPerFastighetSomSubstansminskningsavdragetArHanforligtTillTuple_IL_1306_reference">
			<ref:Name>IL</ref:Name>
			<ref:Number>1999:1229</ref:Number>
			<ref:Chapter>26</ref:Chapter>
			<ref:Paragraph>2-3</ref:Paragraph>
		</link:reference>
		<link:referenceArc xlink:type="arc" xlink:arcrole="http://www.xbrl.org/2003/arcrole/concept-reference" xlink:from="referens_locator_AterfortSubstansminskningsavdragFordelatPerFastighetSomSubstansminskningsavdragetArHanforligtTillTuple_IL_1306" xlink:to="referens_resource_AterfortSubstansminskningsavdragFordelatPerFastighetSomSubstansminskningsavdragetArHanforligtTillTuple_IL_1306_reference" xlink:title="reference: referens_locator_AterfortSubstansminskningsavdragFordelatPerFastighetSomSubstansminskningsavdragetArHanforligtTillTuple_IL_1306 to referens_resource_AterfortSubstansminskningsavdragFordelatPerFastighetSomSubstansminskningsavdragetArHanforligtTillTuple_IL_1306_reference"/>
		<link:loc xlink:type="locator" xlink:href="se-n8-ext-2023-06-01.xsd#se-n8-ext_OkatEllerMinskatAvdragsutrymmeForSubstansminskningsavdragTuple" xlink:label="referens_locator_OkatEllerMinskatAvdragsutrymmeForSubstansminskningsavdragTuple_IL_1313" xlink:title="referens_locator_OkatEllerMinskatAvdragsutrymmeForSubstansminskningsavdragTuple_IL_1313"/>
		<link:reference xlink:type="resource" xlink:label="referens_resource_OkatEllerMinskatAvdragsutrymmeForSubstansminskningsavdragTuple_IL_1313_reference" xlink:role="http://www.xbrl.org/2003/role/reference" xlink:title="referens_resource_OkatEllerMinskatAvdragsutrymmeForSubstansminskningsavdragTuple_IL_1313_reference">
			<ref:Name>IL</ref:Name>
			<ref:Number>1999:1229</ref:Number>
			<ref:Chapter>20</ref:Chapter>
			<ref:Paragraph>20-28</ref:Paragraph>
		</link:reference>
		<link:referenceArc xlink:type="arc" xlink:arcrole="http://www.xbrl.org/2003/arcrole/concept-reference" xlink:from="referens_locator_OkatEllerMinskatAvdragsutrymmeForSubstansminskningsavdragTuple_IL_1313" xlink:to="referens_resource_OkatEllerMinskatAvdragsutrymmeForSubstansminskningsavdragTuple_IL_1313_reference" xlink:title="reference: referens_locator_OkatEllerMinskatAvdragsutrymmeForSubstansminskningsavdragTuple_IL_1313 to referens_resource_OkatEllerMinskatAvdragsutrymmeForSubstansminskningsavdragTuple_IL_1313_reference"/>
	</link:referenceLink>
</link:linkbase>