<?xml version="1.0" encoding="UTF-8"?><!--Versionsdatum/revision: 2023-06-01/2023-05-12_12:07:34--><!--Infil   : file:///O:/xmlstr/TaxSam/Inkomstdeklaration 2/2023-06-01 FINAL/Iteration 57 - FINAL LEV 2023-05-12 - bilagor/2023-05-12_12.01.40_10_KontrolleraOchGenerera_v2.00.xsl.xml--><!--XSLT-fil: file:///O:/xmlstr/TaxSam/Inkomstdeklaration 2/2023-06-01 FINAL/Iteration 57 - FINAL LEV 2023-05-12 - bilagor/30_UtokaAnpassadeBasskiktet_v2.00.xsl--><!--XSLT-fil: file:///O:/xmlstr/TaxSam/Inkomstdeklaration 2/2023-06-01 FINAL/Iteration 57 - FINAL LEV 2023-05-12 - bilagor/XSLTallmanKod_v1.05.xsl--><link:linkbase xmlns:xsi="http://www.w3.org/2001/XMLSchema-instance" xmlns:link="http://www.xbrl.org/2003/linkbase" xmlns:xlink="http://www.w3.org/1999/xlink" xsi:schemaLocation="http://www.xbrl.org/2003/linkbase http://www.xbrl.org/2003/xbrl-linkbase-2003-12-31.xsd">
	<link:labelLink xlink:type="extended" xlink:role="http://www.xbrl.org/2003/role/link">
		<link:loc xlink:type="locator" xlink:href="../../../../base/se-tax-base/2022-09-12/se-tax-base-2022-09-12.xsd#se-tax-base_BilagaN8SkogsavdragOchSubstansminskningsavdragAbstract" xlink:label="extBeskrivning_locator_BilagaN8SkogsavdragOchSubstansminskningsavdragAbstract" xlink:title="extBeskrivning_locator_BilagaN8SkogsavdragOchSubstansminskningsavdragAbstract"/>
		<link:label xlink:type="resource" xlink:label="extBeskrivning_resource_BilagaN8SkogsavdragOchSubstansminskningsavdragAbstract_1250_definitionGuidance" xlink:role="http://www.xbrl.org/2003/role/definitionGuidance" xlink:title="extBeskrivning_resource_BilagaN8SkogsavdragOchSubstansminskningsavdragAbstract_1250_definitionGuidance" xml:lang="sv">Rapportdel N8 Skogsavdrag och substansminskningsavdrag</link:label>
		<link:labelArc xlink:type="arc" xlink:arcrole="http://www.xbrl.org/2003/arcrole/concept-label" xlink:from="extBeskrivning_locator_BilagaN8SkogsavdragOchSubstansminskningsavdragAbstract" xlink:to="extBeskrivning_resource_BilagaN8SkogsavdragOchSubstansminskningsavdragAbstract_1250_definitionGuidance" xlink:title="reference: extBeskrivning_locator_BilagaN8SkogsavdragOchSubstansminskningsavdragAbstract to extBeskrivning_resource_BilagaN8SkogsavdragOchSubstansminskningsavdragAbstract_1250_definitionGuidance"/>
		<link:loc xlink:type="locator" xlink:href="../../../../base/se-tax-base/2022-09-12/se-tax-base-2022-09-12.xsd#se-tax-base_BegartSkogsavdragAbstract" xlink:label="extBeskrivning_locator_BegartSkogsavdragAbstract" xlink:title="extBeskrivning_locator_BegartSkogsavdragAbstract"/>
		<link:label xlink:type="resource" xlink:label="extBeskrivning_resource_BegartSkogsavdragAbstract_1275_definitionGuidance" xlink:role="http://www.xbrl.org/2003/role/definitionGuidance" xlink:title="extBeskrivning_resource_BegartSkogsavdragAbstract_1275_definitionGuidance" xml:lang="sv">Begärt skogsavdrag för beskattningsåret</link:label>
		<link:labelArc xlink:type="arc" xlink:arcrole="http://www.xbrl.org/2003/arcrole/concept-label" xlink:from="extBeskrivning_locator_BegartSkogsavdragAbstract" xlink:to="extBeskrivning_resource_BegartSkogsavdragAbstract_1275_definitionGuidance" xlink:title="reference: extBeskrivning_locator_BegartSkogsavdragAbstract to extBeskrivning_resource_BegartSkogsavdragAbstract_1275_definitionGuidance"/>
		<link:loc xlink:type="locator" xlink:href="../../../../base/se-tax-base/2022-09-12/se-tax-base-2022-09-12.xsd#se-tax-base_BegartSkogsavdrag" xlink:label="extBeskrivning_locator_BegartSkogsavdrag" xlink:title="extBeskrivning_locator_BegartSkogsavdrag"/>
		<link:label xlink:type="resource" xlink:label="extBeskrivning_resource_BegartSkogsavdrag_1277_definitionGuidance" xlink:role="http://www.xbrl.org/2003/role/definitionGuidance" xlink:title="extBeskrivning_resource_BegartSkogsavdrag_1277_definitionGuidance" xml:lang="sv">Begärt skogsavdrag för beskattningsåret</link:label>
		<link:labelArc xlink:type="arc" xlink:arcrole="http://www.xbrl.org/2003/arcrole/concept-label" xlink:from="extBeskrivning_locator_BegartSkogsavdrag" xlink:to="extBeskrivning_resource_BegartSkogsavdrag_1277_definitionGuidance" xlink:title="reference: extBeskrivning_locator_BegartSkogsavdrag to extBeskrivning_resource_BegartSkogsavdrag_1277_definitionGuidance"/>
		<link:loc xlink:type="locator" xlink:href="../../../../base/se-tax-base/2022-09-12/se-tax-base-2022-09-12.xsd#se-tax-base_AterfortSkogsavdrag" xlink:label="extBeskrivning_locator_AterfortSkogsavdrag" xlink:title="extBeskrivning_locator_AterfortSkogsavdrag"/>
		<link:label xlink:type="resource" xlink:label="extBeskrivning_resource_AterfortSkogsavdrag_1284_definitionGuidance" xlink:role="http://www.xbrl.org/2003/role/definitionGuidance" xlink:title="extBeskrivning_resource_AterfortSkogsavdrag_1284_definitionGuidance" xml:lang="sv">Återfört skogsavdrag för beskattningsåret</link:label>
		<link:labelArc xlink:type="arc" xlink:arcrole="http://www.xbrl.org/2003/arcrole/concept-label" xlink:from="extBeskrivning_locator_AterfortSkogsavdrag" xlink:to="extBeskrivning_resource_AterfortSkogsavdrag_1284_definitionGuidance" xlink:title="reference: extBeskrivning_locator_AterfortSkogsavdrag to extBeskrivning_resource_AterfortSkogsavdrag_1284_definitionGuidance"/>
		<link:loc xlink:type="locator" xlink:href="../../../../base/se-tax-base/2022-09-12/se-tax-base-2022-09-12.xsd#se-tax-base_SummaAterfortSkogsavdrag" xlink:label="extBeskrivning_locator_SummaAterfortSkogsavdrag" xlink:title="extBeskrivning_locator_SummaAterfortSkogsavdrag"/>
		<link:label xlink:type="resource" xlink:label="extBeskrivning_resource_SummaAterfortSkogsavdrag_1287_definitionGuidance" xlink:role="http://www.xbrl.org/2003/role/definitionGuidance" xlink:title="extBeskrivning_resource_SummaAterfortSkogsavdrag_1287_definitionGuidance" xml:lang="sv">Summa återfört skogsavdrag för beskattningsåret</link:label>
		<link:labelArc xlink:type="arc" xlink:arcrole="http://www.xbrl.org/2003/arcrole/concept-label" xlink:from="extBeskrivning_locator_SummaAterfortSkogsavdrag" xlink:to="extBeskrivning_resource_SummaAterfortSkogsavdrag_1287_definitionGuidance" xlink:title="reference: extBeskrivning_locator_SummaAterfortSkogsavdrag to extBeskrivning_resource_SummaAterfortSkogsavdrag_1287_definitionGuidance"/>
		<link:loc xlink:type="locator" xlink:href="../../../../base/se-tax-base/2022-09-12/se-tax-base-2022-09-12.xsd#se-tax-base_BegartSubstansminskningsavdrag" xlink:label="extBeskrivning_locator_BegartSubstansminskningsavdrag" xlink:title="extBeskrivning_locator_BegartSubstansminskningsavdrag"/>
		<link:label xlink:type="resource" xlink:label="extBeskrivning_resource_BegartSubstansminskningsavdrag_1303_definitionGuidance" xlink:role="http://www.xbrl.org/2003/role/definitionGuidance" xlink:title="extBeskrivning_resource_BegartSubstansminskningsavdrag_1303_definitionGuidance" xml:lang="sv">Begärt substansminskningsavdrag för beskattningsåret</link:label>
		<link:labelArc xlink:type="arc" xlink:arcrole="http://www.xbrl.org/2003/arcrole/concept-label" xlink:from="extBeskrivning_locator_BegartSubstansminskningsavdrag" xlink:to="extBeskrivning_resource_BegartSubstansminskningsavdrag_1303_definitionGuidance" xlink:title="reference: extBeskrivning_locator_BegartSubstansminskningsavdrag to extBeskrivning_resource_BegartSubstansminskningsavdrag_1303_definitionGuidance"/>
		<link:loc xlink:type="locator" xlink:href="../../../../base/se-tax-base/2022-09-12/se-tax-base-2022-09-12.xsd#se-tax-base_AterfortSubstansminskningsavdrag" xlink:label="extBeskrivning_locator_AterfortSubstansminskningsavdrag" xlink:title="extBeskrivning_locator_AterfortSubstansminskningsavdrag"/>
		<link:label xlink:type="resource" xlink:label="extBeskrivning_resource_AterfortSubstansminskningsavdrag_1310_definitionGuidance" xlink:role="http://www.xbrl.org/2003/role/definitionGuidance" xlink:title="extBeskrivning_resource_AterfortSubstansminskningsavdrag_1310_definitionGuidance" xml:lang="sv">Återfört substansminskningsavdrag för beskattningsåret</link:label>
		<link:labelArc xlink:type="arc" xlink:arcrole="http://www.xbrl.org/2003/arcrole/concept-label" xlink:from="extBeskrivning_locator_AterfortSubstansminskningsavdrag" xlink:to="extBeskrivning_resource_AterfortSubstansminskningsavdrag_1310_definitionGuidance" xlink:title="reference: extBeskrivning_locator_AterfortSubstansminskningsavdrag to extBeskrivning_resource_AterfortSubstansminskningsavdrag_1310_definitionGuidance"/>
	</link:labelLink>
</link:linkbase>