<?xml version="1.0" encoding="UTF-8"?>
<!-- Generated by Fujitsu Interstage XWand B0251 -->
<link:linkbase xmlns:xsi="http://www.w3.org/2001/XMLSchema-instance" xsi:schemaLocation="http://www.xbrl.org/2003/linkbase http://www.xbrl.org/2003/xbrl-linkbase-2003-12-31.xsd" xmlns:se-fekm-ext="http://www.taxonomier.se/se/fr/stat/fek/fekm-ext/2021-10-31" xmlns:link="http://www.xbrl.org/2003/linkbase" xmlns:xbrli="http://www.xbrl.org/2003/instance" xmlns:xlink="http://www.w3.org/1999/xlink">
  <link:labelLink xlink:type="extended" xlink:role="http://www.xbrl.org/2003/role/link">
    <link:loc xlink:type="locator" xlink:href="../../../../../base/se-cd-base/2021-10-31/se-cd-base-2021-10-31.xsd#se-cd-base_ForetagetsNamn" xlink:label="ForetagetsNamn" xlink:title="ForetagetsNamn"/>
    <link:label xlink:type="resource" xlink:label="label_ForetagetsNamn" xlink:role="http://www.xbrl.org/2003/role/terseLabel" xlink:title="label_ForetagetsNamn" xml:lang="sv" id="label_ForetagetsNamn">Företagets namn</link:label>
    <link:labelArc xlink:type="arc" xlink:arcrole="http://www.xbrl.org/2003/arcrole/concept-label" xlink:from="ForetagetsNamn" xlink:to="label_ForetagetsNamn" xlink:title="label: ForetagetsNamn to label_ForetagetsNamn"/>
    <link:loc xlink:type="locator" xlink:href="../../../../../base/se-cd-base/2021-10-31/se-cd-base-2021-10-31.xsd#se-cd-base_RedovisningsvalutaHandlingList" xlink:label="RedovisningsvalutaHandlingList" xlink:title="RedovisningsvalutaHandlingList"/>
    <link:label xlink:type="resource" xlink:label="label_RedovisningsvalutaHandlingList" xlink:role="http://www.xbrl.org/2003/role/terseLabel" xlink:title="label_RedovisningsvalutaHandlingList" xml:lang="sv" id="label_RedovisningsvalutaHandlingList">Redovisningsvaluta</link:label>
    <link:labelArc xlink:type="arc" xlink:arcrole="http://www.xbrl.org/2003/arcrole/concept-label" xlink:from="RedovisningsvalutaHandlingList" xlink:to="label_RedovisningsvalutaHandlingList" xlink:title="label: RedovisningsvalutaHandlingList to label_RedovisningsvalutaHandlingList"/>
    <link:loc xlink:type="locator" xlink:href="../../../../../base/se-cd-base/2021-10-31/se-cd-base-2021-10-31.xsd#se-cd-base_DelarsperiodAbstract" xlink:label="DelarsperiodAbstract" xlink:title="DelarsperiodAbstract"/>
    <link:label xlink:type="resource" xlink:label="label_DelarsperiodAbstract" xlink:role="http://www.xbrl.org/2003/role/terseLabel" xlink:title="label_DelarsperiodAbstract" xml:lang="sv" id="label_DelarsperiodAbstract">Delårsperiod</link:label>
    <link:labelArc xlink:type="arc" xlink:arcrole="http://www.xbrl.org/2003/arcrole/concept-label" xlink:from="DelarsperiodAbstract" xlink:to="label_DelarsperiodAbstract" xlink:title="label: DelarsperiodAbstract to label_DelarsperiodAbstract"/>
    <link:loc xlink:type="locator" xlink:href="../../../../../base/se-cd-base/2021-10-31/se-cd-base-2021-10-31.xsd#se-cd-base_Rapportmanad" xlink:label="Rapportmanad" xlink:title="Rapportmanad"/>
    <link:label xlink:type="resource" xlink:label="label_Rapportmanad" xlink:role="http://www.xbrl.org/2003/role/terseLabel" xlink:title="label_Rapportmanad" xml:lang="sv" id="label_Rapportmanad">Rapporteringsmånad</link:label>
    <link:labelArc xlink:type="arc" xlink:arcrole="http://www.xbrl.org/2003/arcrole/concept-label" xlink:from="Rapportmanad" xlink:to="label_Rapportmanad" xlink:title="label: Rapportmanad to label_Rapportmanad"/>
    <link:loc xlink:type="locator" xlink:href="../../../../../base/se-cd-base/2021-10-31/se-cd-base-2021-10-31.xsd#se-cd-base_KontaktuppgifterAbstract" xlink:label="KontaktuppgifterAbstract" xlink:title="KontaktuppgifterAbstract"/>
    <link:label xlink:type="resource" xlink:label="label_KontaktuppgifterAbstract" xlink:role="http://www.xbrl.org/2003/role/terseLabel" xlink:title="label_KontaktuppgifterAbstract" xml:lang="sv" id="label_KontaktuppgifterAbstract">Kontaktuppgifter</link:label>
    <link:labelArc xlink:type="arc" xlink:arcrole="http://www.xbrl.org/2003/arcrole/concept-label" xlink:from="KontaktuppgifterAbstract" xlink:to="label_KontaktuppgifterAbstract" xlink:title="label: KontaktuppgifterAbstract to label_KontaktuppgifterAbstract"/>
    <link:loc xlink:type="locator" xlink:href="../../../../../base/se-cd-base/2021-10-31/se-cd-base-2021-10-31.xsd#se-cd-base_AllmanInformationForetagetAbstract" xlink:label="AllmanInformationForetagetAbstract" xlink:title="AllmanInformationForetagetAbstract"/>
    <link:label xlink:type="resource" xlink:label="label_AllmanInformationForetagetAbstract" xlink:role="http://www.xbrl.org/2003/role/terseLabel" xlink:title="label_AllmanInformationForetagetAbstract" xml:lang="sv" id="label_AllmanInformationForetagetAbstract">Allmän information</link:label>
    <link:labelArc xlink:type="arc" xlink:arcrole="http://www.xbrl.org/2003/arcrole/concept-label" xlink:from="AllmanInformationForetagetAbstract" xlink:to="label_AllmanInformationForetagetAbstract" xlink:title="label: AllmanInformationForetagetAbstract to label_AllmanInformationForetagetAbstract"/>
    <link:loc xlink:type="locator" xlink:href="../../../../../base/se-gen-base/2021-10-31/se-gen-base-2021-10-31.xsd#se-gen-base_FordelningNettoomsattningVerksamheterAbstract" xlink:label="FordelningNettoomsattningVerksamheterAbstract" xlink:title="FordelningNettoomsattningVerksamheterAbstract"/>
    <link:label xlink:type="resource" xlink:label="label_FordelningNettoomsattningVerksamheterAbstract" xlink:role="http://www.xbrl.org/2003/role/terseLabel" xlink:title="label_FordelningNettoomsattningVerksamheterAbstract" xml:lang="sv" id="label_FordelningNettoomsattningVerksamheterAbstract">Fördelning av nettoomsättning på verksamheter</link:label>
    <link:labelArc xlink:type="arc" xlink:arcrole="http://www.xbrl.org/2003/arcrole/concept-label" xlink:from="FordelningNettoomsattningVerksamheterAbstract" xlink:to="label_FordelningNettoomsattningVerksamheterAbstract" xlink:title="label: FordelningNettoomsattningVerksamheterAbstract to label_FordelningNettoomsattningVerksamheterAbstract"/>
    <link:loc xlink:type="locator" xlink:href="../../../../../base/se-gen-base/2021-10-31/se-gen-base-2021-10-31.xsd#se-gen-base_NettoomsattningHandel" xlink:label="NettoomsattningHandel" xlink:title="NettoomsattningHandel"/>
    <link:label xlink:type="resource" xlink:label="label_NettoomsattningHandel" xlink:role="http://www.xbrl.org/2003/role/terseLabel" xlink:title="label_NettoomsattningHandel" xml:lang="sv" id="label_NettoomsattningHandel">Handelsverksamhet</link:label>
    <link:labelArc xlink:type="arc" xlink:arcrole="http://www.xbrl.org/2003/arcrole/concept-label" xlink:from="NettoomsattningHandel" xlink:to="label_NettoomsattningHandel" xlink:title="label: NettoomsattningHandel to label_NettoomsattningHandel"/>
    <link:loc xlink:type="locator" xlink:href="../../../../../base/se-gen-base/2021-10-31/se-gen-base-2021-10-31.xsd#se-gen-base_NettoomsattningTjanster" xlink:label="NettoomsattningTjanster" xlink:title="NettoomsattningTjanster"/>
    <link:label xlink:type="resource" xlink:label="label_NettoomsattningTjanster" xlink:role="http://www.xbrl.org/2003/role/terseLabel" xlink:title="label_NettoomsattningTjanster" xml:lang="sv" id="label_NettoomsattningTjanster">Tjänsteverksamhet</link:label>
    <link:labelArc xlink:type="arc" xlink:arcrole="http://www.xbrl.org/2003/arcrole/concept-label" xlink:from="NettoomsattningTjanster" xlink:to="label_NettoomsattningTjanster" xlink:title="label: NettoomsattningTjanster to label_NettoomsattningTjanster"/>
    <link:loc xlink:type="locator" xlink:href="../../../../../base/se-gen-base/2021-10-31/se-gen-base-2021-10-31.xsd#se-gen-base_GeografiskMarknadList" xlink:label="GeografiskMarknadList" xlink:title="GeografiskMarknadList"/>
    <link:label xlink:type="resource" xlink:label="label_GeografiskMarknadList" xlink:role="http://www.xbrl.org/2003/role/terseLabel" xlink:title="label_GeografiskMarknadList" xml:lang="sv" id="label_GeografiskMarknadList">Geografisk marknad</link:label>
    <link:labelArc xlink:type="arc" xlink:arcrole="http://www.xbrl.org/2003/arcrole/concept-label" xlink:from="GeografiskMarknadList" xlink:to="label_GeografiskMarknadList" xlink:title="label: GeografiskMarknadList to label_GeografiskMarknadList"/>
    <link:loc xlink:type="locator" xlink:href="../../../../../base/se-gen-base/2021-10-31/se-gen-base-2021-10-31.xsd#se-gen-base_HuvudsakligOrsakKapacitetsutnyttjandetUnderstigerHundraProcentList" xlink:label="HuvudsakligOrsakKapacitetsutnyttjandetUnderstigerHundraProcentList" xlink:title="HuvudsakligOrsakKapacitetsutnyttjandetUnderstigerHundraProcentList"/>
    <link:label xlink:type="resource" xlink:label="label_HuvudsakligOrsakKapacitetsutnyttjandetUnderstigerHundraProcentList" xlink:role="http://www.xbrl.org/2003/role/terseLabel" xlink:title="label_HuvudsakligOrsakKapacitetsutnyttjandetUnderstigerHundraProcentList" xml:lang="sv" id="label_HuvudsakligOrsakKapacitetsutnyttjandetUnderstigerHundraProcentList">Välj huvudsaklig orsak</link:label>
    <link:labelArc xlink:type="arc" xlink:arcrole="http://www.xbrl.org/2003/arcrole/concept-label" xlink:from="HuvudsakligOrsakKapacitetsutnyttjandetUnderstigerHundraProcentList" xlink:to="label_HuvudsakligOrsakKapacitetsutnyttjandetUnderstigerHundraProcentList" xlink:title="label: HuvudsakligOrsakKapacitetsutnyttjandetUnderstigerHundraProcentList to label_HuvudsakligOrsakKapacitetsutnyttjandetUnderstigerHundraProcentList"/>
    <link:loc xlink:type="locator" xlink:href="../../../../../base/se-gen-base/2021-10-31/se-gen-base-2021-10-31.xsd#se-gen-base_NettoomsattningJordbrukSkogsbrukJaktFiske" xlink:label="NettoomsattningJordbrukSkogsbrukJaktFiske" xlink:title="NettoomsattningJordbrukSkogsbrukJaktFiske"/>
    <link:label xlink:type="resource" xlink:label="label_NettoomsattningJordbrukSkogsbrukJaktFiske" xlink:role="http://www.xbrl.org/2003/role/terseLabel" xlink:title="label_NettoomsattningJordbrukSkogsbrukJaktFiske" xml:lang="sv" id="label_NettoomsattningJordbrukSkogsbrukJaktFiske">Jordbruk, skogsbruk, jakt och fiske</link:label>
    <link:labelArc xlink:type="arc" xlink:arcrole="http://www.xbrl.org/2003/arcrole/concept-label" xlink:from="NettoomsattningJordbrukSkogsbrukJaktFiske" xlink:to="label_NettoomsattningJordbrukSkogsbrukJaktFiske" xlink:title="label: NettoomsattningJordbrukSkogsbrukJaktFiske to label_NettoomsattningJordbrukSkogsbrukJaktFiske"/>
    <link:loc xlink:type="locator" xlink:href="../../../../../base/se-gen-base/2021-10-31/se-gen-base-2021-10-31.xsd#se-gen-base_NettoomsattningElGasVarmeVattenforsorjningAvfallshantering" xlink:label="NettoomsattningElGasVarmeVattenforsorjningAvfallshantering" xlink:title="NettoomsattningElGasVarmeVattenforsorjningAvfallshantering"/>
    <link:label xlink:type="resource" xlink:label="label_NettoomsattningElGasVarmeVattenforsorjningAvfallshantering" xlink:role="http://www.xbrl.org/2003/role/terseLabel" xlink:title="label_NettoomsattningElGasVarmeVattenforsorjningAvfallshantering" xml:lang="sv" id="label_NettoomsattningElGasVarmeVattenforsorjningAvfallshantering">El-, gas-, värme- och vattenförsörjning och avfallshantering</link:label>
    <link:labelArc xlink:type="arc" xlink:arcrole="http://www.xbrl.org/2003/arcrole/concept-label" xlink:from="NettoomsattningElGasVarmeVattenforsorjningAvfallshantering" xlink:to="label_NettoomsattningElGasVarmeVattenforsorjningAvfallshantering" xlink:title="label: NettoomsattningElGasVarmeVattenforsorjningAvfallshantering to label_NettoomsattningElGasVarmeVattenforsorjningAvfallshantering"/>
    <link:loc xlink:type="locator" xlink:href="../../../../../base/se-gen-base/2021-10-31/se-gen-base-2021-10-31.xsd#se-gen-base_NettoomsattningByggAnlaggningsverksamhet" xlink:label="NettoomsattningByggAnlaggningsverksamhet" xlink:title="NettoomsattningByggAnlaggningsverksamhet"/>
    <link:label xlink:type="resource" xlink:label="label_NettoomsattningByggAnlaggningsverksamhet" xlink:role="http://www.xbrl.org/2003/role/terseLabel" xlink:title="label_NettoomsattningByggAnlaggningsverksamhet" xml:lang="sv" id="label_NettoomsattningByggAnlaggningsverksamhet">Bygg- och anläggningsarbeten</link:label>
    <link:labelArc xlink:type="arc" xlink:arcrole="http://www.xbrl.org/2003/arcrole/concept-label" xlink:from="NettoomsattningByggAnlaggningsverksamhet" xlink:to="label_NettoomsattningByggAnlaggningsverksamhet" xlink:title="label: NettoomsattningByggAnlaggningsverksamhet to label_NettoomsattningByggAnlaggningsverksamhet"/>
    <link:loc xlink:type="locator" xlink:href="../../../../../base/se-gen-base/2021-10-31/se-gen-base-2021-10-31.xsd#se-gen-base_NettoomsattningJordbrukSkogsbrukJaktFiskePerMarknad" xlink:label="NettoomsattningJordbrukSkogsbrukJaktFiskePerMarknad" xlink:title="NettoomsattningJordbrukSkogsbrukJaktFiskePerMarknad"/>
    <link:label xlink:type="resource" xlink:label="label_NettoomsattningJordbrukSkogsbrukJaktFiskePerMarknad" xlink:role="http://www.xbrl.org/2003/role/terseLabel" xlink:title="label_NettoomsattningJordbrukSkogsbrukJaktFiskePerMarknad" xml:lang="sv" id="label_NettoomsattningJordbrukSkogsbrukJaktFiskePerMarknad">Belopp</link:label>
    <link:labelArc xlink:type="arc" xlink:arcrole="http://www.xbrl.org/2003/arcrole/concept-label" xlink:from="NettoomsattningJordbrukSkogsbrukJaktFiskePerMarknad" xlink:to="label_NettoomsattningJordbrukSkogsbrukJaktFiskePerMarknad" xlink:title="label: NettoomsattningJordbrukSkogsbrukJaktFiskePerMarknad to label_NettoomsattningJordbrukSkogsbrukJaktFiskePerMarknad"/>
    <link:loc xlink:type="locator" xlink:href="../../../../../base/se-gen-base/2021-10-31/se-gen-base-2021-10-31.xsd#se-gen-base_NettoomsattningElGasVarmeVattenforsorjningAvfallshanteringPerMarknad" xlink:label="NettoomsattningElGasVarmeVattenforsorjningAvfallshanteringPerMarknad" xlink:title="NettoomsattningElGasVarmeVattenforsorjningAvfallshanteringPerMarknad"/>
    <link:label xlink:type="resource" xlink:label="label_NettoomsattningElGasVarmeVattenforsorjningAvfallshanteringPerMarknad" xlink:role="http://www.xbrl.org/2003/role/terseLabel" xlink:title="label_NettoomsattningElGasVarmeVattenforsorjningAvfallshanteringPerMarknad" xml:lang="sv" id="label_NettoomsattningElGasVarmeVattenforsorjningAvfallshanteringPerMarknad">Belopp</link:label>
    <link:labelArc xlink:type="arc" xlink:arcrole="http://www.xbrl.org/2003/arcrole/concept-label" xlink:from="NettoomsattningElGasVarmeVattenforsorjningAvfallshanteringPerMarknad" xlink:to="label_NettoomsattningElGasVarmeVattenforsorjningAvfallshanteringPerMarknad" xlink:title="label: NettoomsattningElGasVarmeVattenforsorjningAvfallshanteringPerMarknad to label_NettoomsattningElGasVarmeVattenforsorjningAvfallshanteringPerMarknad"/>
    <link:loc xlink:type="locator" xlink:href="../../../../../base/se-gen-base/2021-10-31/se-gen-base-2021-10-31.xsd#se-gen-base_NettoomsattningByggAnlaggningsverksamhetPerMarknad" xlink:label="NettoomsattningByggAnlaggningsverksamhetPerMarknad" xlink:title="NettoomsattningByggAnlaggningsverksamhetPerMarknad"/>
    <link:label xlink:type="resource" xlink:label="label_NettoomsattningByggAnlaggningsverksamhetPerMarknad" xlink:role="http://www.xbrl.org/2003/role/terseLabel" xlink:title="label_NettoomsattningByggAnlaggningsverksamhetPerMarknad" xml:lang="sv" id="label_NettoomsattningByggAnlaggningsverksamhetPerMarknad">Belopp</link:label>
    <link:labelArc xlink:type="arc" xlink:arcrole="http://www.xbrl.org/2003/arcrole/concept-label" xlink:from="NettoomsattningByggAnlaggningsverksamhetPerMarknad" xlink:to="label_NettoomsattningByggAnlaggningsverksamhetPerMarknad" xlink:title="label: NettoomsattningByggAnlaggningsverksamhetPerMarknad to label_NettoomsattningByggAnlaggningsverksamhetPerMarknad"/>
    <link:loc xlink:type="locator" xlink:href="../../../../../base/se-gen-base/2021-10-31/se-gen-base-2021-10-31.xsd#se-gen-base_NettoomsattningHandelPerMarknad" xlink:label="NettoomsattningHandelPerMarknad" xlink:title="NettoomsattningHandelPerMarknad"/>
    <link:label xlink:type="resource" xlink:label="label_NettoomsattningHandelPerMarknad" xlink:role="http://www.xbrl.org/2003/role/terseLabel" xlink:title="label_NettoomsattningHandelPerMarknad" xml:lang="sv" id="label_NettoomsattningHandelPerMarknad">Belopp</link:label>
    <link:labelArc xlink:type="arc" xlink:arcrole="http://www.xbrl.org/2003/arcrole/concept-label" xlink:from="NettoomsattningHandelPerMarknad" xlink:to="label_NettoomsattningHandelPerMarknad" xlink:title="label: NettoomsattningHandelPerMarknad to label_NettoomsattningHandelPerMarknad"/>
    <link:loc xlink:type="locator" xlink:href="../../../../../base/se-gen-base/2021-10-31/se-gen-base-2021-10-31.xsd#se-gen-base_NettoomsattningTjansterPerMarknad" xlink:label="NettoomsattningTjansterPerMarknad" xlink:title="NettoomsattningTjansterPerMarknad"/>
    <link:label xlink:type="resource" xlink:label="label_NettoomsattningTjansterPerMarknad" xlink:role="http://www.xbrl.org/2003/role/terseLabel" xlink:title="label_NettoomsattningTjansterPerMarknad" xml:lang="sv" id="label_NettoomsattningTjansterPerMarknad">Belopp</link:label>
    <link:labelArc xlink:type="arc" xlink:arcrole="http://www.xbrl.org/2003/arcrole/concept-label" xlink:from="NettoomsattningTjansterPerMarknad" xlink:to="label_NettoomsattningTjansterPerMarknad" xlink:title="label: NettoomsattningTjansterPerMarknad to label_NettoomsattningTjansterPerMarknad"/>
    <link:loc xlink:type="locator" xlink:href="../../../../../base/se-gen-base/2021-10-31/se-gen-base-2021-10-31.xsd#se-gen-base_KapacitetsutnyttjandProcentAbstract" xlink:label="KapacitetsutnyttjandProcentAbstract" xlink:title="KapacitetsutnyttjandProcentAbstract"/>
    <link:label xlink:type="resource" xlink:label="label_KapacitetsutnyttjandProcentAbstract" xlink:role="http://www.xbrl.org/2003/role/terseLabel" xlink:title="label_KapacitetsutnyttjandProcentAbstract" xml:lang="sv" id="label_KapacitetsutnyttjandProcentAbstract">Kapacitetsutnyttjande i procent</link:label>
    <link:labelArc xlink:type="arc" xlink:arcrole="http://www.xbrl.org/2003/arcrole/concept-label" xlink:from="KapacitetsutnyttjandProcentAbstract" xlink:to="label_KapacitetsutnyttjandProcentAbstract" xlink:title="label: KapacitetsutnyttjandProcentAbstract to label_KapacitetsutnyttjandProcentAbstract"/>
    <link:loc xlink:type="locator" xlink:href="../../../../../base/se-gen-base/2021-10-31/se-gen-base-2021-10-31.xsd#se-gen-base_KapacitetsutnyttjandeProcent" xlink:label="KapacitetsutnyttjandeProcent" xlink:title="KapacitetsutnyttjandeProcent"/>
    <link:label xlink:type="resource" xlink:label="label_KapacitetsutnyttjandeProcent" xlink:role="http://www.xbrl.org/2003/role/terseLabel" xlink:title="label_KapacitetsutnyttjandeProcent" xml:lang="sv" id="label_KapacitetsutnyttjandeProcent">Kapacitetsutnyttjande %</link:label>
    <link:labelArc xlink:type="arc" xlink:arcrole="http://www.xbrl.org/2003/arcrole/concept-label" xlink:from="KapacitetsutnyttjandeProcent" xlink:to="label_KapacitetsutnyttjandeProcent" xlink:title="label: KapacitetsutnyttjandeProcent to label_KapacitetsutnyttjandeProcent"/>
    <link:loc xlink:type="locator" xlink:href="../../../../../base/se-gen-base/2021-10-31/se-gen-base-2021-10-31.xsd#se-gen-base_BenamningAnnanHuvudsakligOrsakKapacitetsutnyttjandetUnderstigerHundraProcent" xlink:label="BenamningAnnanHuvudsakligOrsakKapacitetsutnyttjandetUnderstigerHundraProcent" xlink:title="BenamningAnnanHuvudsakligOrsakKapacitetsutnyttjandetUnderstigerHundraProcent"/>
    <link:label xlink:type="resource" xlink:label="label_BenamningAnnanHuvudsakligOrsakKapacitetsutnyttjandetUnderstigerHundraProcent" xlink:role="http://www.xbrl.org/2003/role/terseLabel" xlink:title="label_BenamningAnnanHuvudsakligOrsakKapacitetsutnyttjandetUnderstigerHundraProcent" xml:lang="sv" id="label_BenamningAnnanHuvudsakligOrsakKapacitetsutnyttjandetUnderstigerHundraProcent">Benämning på annan orsak</link:label>
    <link:labelArc xlink:type="arc" xlink:arcrole="http://www.xbrl.org/2003/arcrole/concept-label" xlink:from="BenamningAnnanHuvudsakligOrsakKapacitetsutnyttjandetUnderstigerHundraProcent" xlink:to="label_BenamningAnnanHuvudsakligOrsakKapacitetsutnyttjandetUnderstigerHundraProcent" xlink:title="label: BenamningAnnanHuvudsakligOrsakKapacitetsutnyttjandetUnderstigerHundraProcent to label_BenamningAnnanHuvudsakligOrsakKapacitetsutnyttjandetUnderstigerHundraProcent"/>
    <link:loc xlink:type="locator" xlink:href="../../../../../base/se-gen-base/2021-10-31/se-gen-base-2021-10-31.xsd#se-gen-base_FordelningNettoomsattningVerksamheterMarknaderAbstract" xlink:label="FordelningNettoomsattningVerksamheterMarknaderAbstract" xlink:title="FordelningNettoomsattningVerksamheterMarknaderAbstract"/>
    <link:label xlink:type="resource" xlink:label="label_FordelningNettoomsattningVerksamheterMarknaderAbstract" xlink:role="http://www.xbrl.org/2003/role/terseLabel" xlink:title="label_FordelningNettoomsattningVerksamheterMarknaderAbstract" xml:lang="sv" id="label_FordelningNettoomsattningVerksamheterMarknaderAbstract">Fördelning av nettoomsättning på verksamheter och geografisk marknad</link:label>
    <link:labelArc xlink:type="arc" xlink:arcrole="http://www.xbrl.org/2003/arcrole/concept-label" xlink:from="FordelningNettoomsattningVerksamheterMarknaderAbstract" xlink:to="label_FordelningNettoomsattningVerksamheterMarknaderAbstract" xlink:title="label: FordelningNettoomsattningVerksamheterMarknaderAbstract to label_FordelningNettoomsattningVerksamheterMarknaderAbstract"/>
    <link:loc xlink:type="locator" xlink:href="../../../../../base/se-gen-base/2021-10-31/se-gen-base-2021-10-31.xsd#se-gen-base_FordelningNettoomsattningMarknaderAbstract" xlink:label="FordelningNettoomsattningMarknaderAbstract" xlink:title="FordelningNettoomsattningMarknaderAbstract"/>
    <link:label xlink:type="resource" xlink:label="label_FordelningNettoomsattningMarknaderAbstract" xlink:role="http://www.xbrl.org/2003/role/terseLabel" xlink:title="label_FordelningNettoomsattningMarknaderAbstract" xml:lang="sv" id="label_FordelningNettoomsattningMarknaderAbstract">Fördelning av nettoomsättning på geografisk marknad</link:label>
    <link:labelArc xlink:type="arc" xlink:arcrole="http://www.xbrl.org/2003/arcrole/concept-label" xlink:from="FordelningNettoomsattningMarknaderAbstract" xlink:to="label_FordelningNettoomsattningMarknaderAbstract" xlink:title="label: FordelningNettoomsattningMarknaderAbstract to label_FordelningNettoomsattningMarknaderAbstract"/>
    <link:loc xlink:type="locator" xlink:href="../../../../../base/se-gen-base/2021-10-31/se-gen-base-2021-10-31.xsd#se-gen-base_PeriodensOrderingangIndustriverksamhetMarknad" xlink:label="PeriodensOrderingangIndustriverksamhetMarknad" xlink:title="PeriodensOrderingangIndustriverksamhetMarknad"/>
    <link:label xlink:type="resource" xlink:label="label_PeriodensOrderingangIndustriverksamhetMarknad" xlink:role="http://www.xbrl.org/2003/role/terseLabel" xlink:title="label_PeriodensOrderingangIndustriverksamhetMarknad" xml:lang="sv" id="label_PeriodensOrderingangIndustriverksamhetMarknad">Belopp</link:label>
    <link:labelArc xlink:type="arc" xlink:arcrole="http://www.xbrl.org/2003/arcrole/concept-label" xlink:from="PeriodensOrderingangIndustriverksamhetMarknad" xlink:to="label_PeriodensOrderingangIndustriverksamhetMarknad" xlink:title="label: PeriodensOrderingangIndustriverksamhetMarknad to label_PeriodensOrderingangIndustriverksamhetMarknad"/>
    <link:loc xlink:type="locator" xlink:href="../../../../../base/se-gen-base/2021-10-31/se-gen-base-2021-10-31.xsd#se-gen-base_PeriodensOrderingangIndustriverksamhetMarknadAbstract" xlink:label="PeriodensOrderingangIndustriverksamhetMarknadAbstract" xlink:title="PeriodensOrderingangIndustriverksamhetMarknadAbstract"/>
    <link:label xlink:type="resource" xlink:label="label_PeriodensOrderingangIndustriverksamhetMarknadAbstract" xlink:role="http://www.xbrl.org/2003/role/terseLabel" xlink:title="label_PeriodensOrderingangIndustriverksamhetMarknadAbstract" xml:lang="sv" id="label_PeriodensOrderingangIndustriverksamhetMarknadAbstract">Månadens orderingång för industriverksamheten per geografisk marknad</link:label>
    <link:labelArc xlink:type="arc" xlink:arcrole="http://www.xbrl.org/2003/arcrole/concept-label" xlink:from="PeriodensOrderingangIndustriverksamhetMarknadAbstract" xlink:to="label_PeriodensOrderingangIndustriverksamhetMarknadAbstract" xlink:title="label: PeriodensOrderingangIndustriverksamhetMarknadAbstract to label_PeriodensOrderingangIndustriverksamhetMarknadAbstract"/>
    <link:loc xlink:type="locator" xlink:href="../../../../../base/se-gen-base/2021-10-31/se-gen-base-2021-10-31.xsd#se-gen-base_KommentarManadensNettoomsattning" xlink:label="KommentarManadensNettoomsattning" xlink:title="KommentarManadensNettoomsattning"/>
    <link:label xlink:type="resource" xlink:label="label_KommentarManadensNettoomsattning" xlink:role="http://www.xbrl.org/2003/role/terseLabel" xlink:title="label_KommentarManadensNettoomsattning" xml:lang="sv" id="label_KommentarManadensNettoomsattning">Kommentar</link:label>
    <link:labelArc xlink:type="arc" xlink:arcrole="http://www.xbrl.org/2003/arcrole/concept-label" xlink:from="KommentarManadensNettoomsattning" xlink:to="label_KommentarManadensNettoomsattning" xlink:title="label: KommentarManadensNettoomsattning to label_KommentarManadensNettoomsattning"/>
    <link:loc xlink:type="locator" xlink:href="../../../../../base/se-gen-base/2021-10-31/se-gen-base-2021-10-31.xsd#se-gen-base_KommentarManadensOrderingang" xlink:label="KommentarManadensOrderingang" xlink:title="KommentarManadensOrderingang"/>
    <link:label xlink:type="resource" xlink:label="label_KommentarManadensOrderingang" xlink:role="http://www.xbrl.org/2003/role/terseLabel" xlink:title="label_KommentarManadensOrderingang" xml:lang="sv" id="label_KommentarManadensOrderingang">Kommentar</link:label>
    <link:labelArc xlink:type="arc" xlink:arcrole="http://www.xbrl.org/2003/arcrole/concept-label" xlink:from="KommentarManadensOrderingang" xlink:to="label_KommentarManadensOrderingang" xlink:title="label: KommentarManadensOrderingang to label_KommentarManadensOrderingang"/>
    <link:loc xlink:type="locator" xlink:href="../../../../../base/se-gen-base/2021-10-31/se-gen-base-2021-10-31.xsd#se-gen-base_KommentarKapacitetsutnyttjandeIndustrin" xlink:label="KommentarKapacitetsutnyttjandeIndustrin" xlink:title="KommentarKapacitetsutnyttjandeIndustrin"/>
    <link:label xlink:type="resource" xlink:label="label_KommentarKapacitetsutnyttjandeIndustrin" xlink:role="http://www.xbrl.org/2003/role/terseLabel" xlink:title="label_KommentarKapacitetsutnyttjandeIndustrin" xml:lang="sv" id="label_KommentarKapacitetsutnyttjandeIndustrin">Kommentar</link:label>
    <link:labelArc xlink:type="arc" xlink:arcrole="http://www.xbrl.org/2003/arcrole/concept-label" xlink:from="KommentarKapacitetsutnyttjandeIndustrin" xlink:to="label_KommentarKapacitetsutnyttjandeIndustrin" xlink:title="label: KommentarKapacitetsutnyttjandeIndustrin to label_KommentarKapacitetsutnyttjandeIndustrin"/>
    <link:loc xlink:type="locator" xlink:href="../../../../../base/se-gen-base/2021-10-31/se-gen-base-2021-10-31.xsd#se-gen-base_NettoomsattningTillverkningUtvinningMineralerReparationerInstallationerPerMarknad" xlink:label="NettoomsattningTillverkningUtvinningMineralerReparationerInstallationerPerMarknad" xlink:title="NettoomsattningTillverkningUtvinningMineralerReparationerInstallationerPerMarknad"/>
    <link:label xlink:type="resource" xlink:label="label_NettoomsattningTillverkningUtvinningMineralerReparationerInstallationerPerMarknad" xlink:role="http://www.xbrl.org/2003/role/terseLabel" xlink:title="label_NettoomsattningTillverkningUtvinningMineralerReparationerInstallationerPerMarknad" xml:lang="sv" id="label_NettoomsattningTillverkningUtvinningMineralerReparationerInstallationerPerMarknad">Belopp</link:label>
    <link:labelArc xlink:type="arc" xlink:arcrole="http://www.xbrl.org/2003/arcrole/concept-label" xlink:from="NettoomsattningTillverkningUtvinningMineralerReparationerInstallationerPerMarknad" xlink:to="label_NettoomsattningTillverkningUtvinningMineralerReparationerInstallationerPerMarknad" xlink:title="label: NettoomsattningTillverkningUtvinningMineralerReparationerInstallationerPerMarknad to label_NettoomsattningTillverkningUtvinningMineralerReparationerInstallationerPerMarknad"/>
    <link:loc xlink:type="locator" xlink:href="../../../../../base/se-gen-base/2021-10-31/se-gen-base-2021-10-31.xsd#se-gen-base_NettoomsattningTillverkningUtvinningMineralerReparationerInstallationer" xlink:label="NettoomsattningTillverkningUtvinningMineralerReparationerInstallationer" xlink:title="NettoomsattningTillverkningUtvinningMineralerReparationerInstallationer"/>
    <link:label xlink:type="resource" xlink:label="label_NettoomsattningTillverkningUtvinningMineralerReparationerInstallationer" xlink:role="http://www.xbrl.org/2003/role/terseLabel" xlink:title="label_NettoomsattningTillverkningUtvinningMineralerReparationerInstallationer" xml:lang="sv" id="label_NettoomsattningTillverkningUtvinningMineralerReparationerInstallationer">Tillverkning, utvinning av mineraler, reparationer och installationer (Industriverksamhet)</link:label>
    <link:labelArc xlink:type="arc" xlink:arcrole="http://www.xbrl.org/2003/arcrole/concept-label" xlink:from="NettoomsattningTillverkningUtvinningMineralerReparationerInstallationer" xlink:to="label_NettoomsattningTillverkningUtvinningMineralerReparationerInstallationer" xlink:title="label: NettoomsattningTillverkningUtvinningMineralerReparationerInstallationer to label_NettoomsattningTillverkningUtvinningMineralerReparationerInstallationer"/>
    <link:loc xlink:type="locator" xlink:href="../../../../../base/se-gen-base/2021-10-31/se-gen-base-2021-10-31.xsd#se-gen-base_PeriodensOrderingangAbstract" xlink:label="PeriodensOrderingangAbstract" xlink:title="PeriodensOrderingangAbstract"/>
    <link:label xlink:type="resource" xlink:label="label_PeriodensOrderingangAbstract" xlink:role="http://www.xbrl.org/2003/role/terseLabel" xlink:title="label_PeriodensOrderingangAbstract" xml:lang="sv" id="label_PeriodensOrderingangAbstract">Månadens orderingång</link:label>
    <link:labelArc xlink:type="arc" xlink:arcrole="http://www.xbrl.org/2003/arcrole/concept-label" xlink:from="PeriodensOrderingangAbstract" xlink:to="label_PeriodensOrderingangAbstract" xlink:title="label: PeriodensOrderingangAbstract to label_PeriodensOrderingangAbstract"/>
    <link:loc xlink:type="locator" xlink:href="../../../../../base/se-gen-base/2021-10-31/se-gen-base-2021-10-31.xsd#se-gen-base_PeriodensKapacitetsutnyttjandeIndustrinAbstract" xlink:label="PeriodensKapacitetsutnyttjandeIndustrinAbstract" xlink:title="PeriodensKapacitetsutnyttjandeIndustrinAbstract"/>
    <link:label xlink:type="resource" xlink:label="label_PeriodensKapacitetsutnyttjandeIndustrinAbstract" xlink:role="http://www.xbrl.org/2003/role/terseLabel" xlink:title="label_PeriodensKapacitetsutnyttjandeIndustrinAbstract" xml:lang="sv" id="label_PeriodensKapacitetsutnyttjandeIndustrinAbstract">Kapacitetsutnyttjande</link:label>
    <link:labelArc xlink:type="arc" xlink:arcrole="http://www.xbrl.org/2003/arcrole/concept-label" xlink:from="PeriodensKapacitetsutnyttjandeIndustrinAbstract" xlink:to="label_PeriodensKapacitetsutnyttjandeIndustrinAbstract" xlink:title="label: PeriodensKapacitetsutnyttjandeIndustrinAbstract to label_PeriodensKapacitetsutnyttjandeIndustrinAbstract"/>
    <link:loc xlink:type="locator" xlink:href="../../../../../base/se-gen-base/2021-10-31/se-gen-base-2021-10-31.xsd#se-gen-base_HuvudsakligOrsakKapacitetsutnyttjandeUnderstigerAbstract" xlink:label="HuvudsakligOrsakKapacitetsutnyttjandeUnderstigerAbstract" xlink:title="HuvudsakligOrsakKapacitetsutnyttjandeUnderstigerAbstract"/>
    <link:label xlink:type="resource" xlink:label="label_HuvudsakligOrsakKapacitetsutnyttjandeUnderstigerAbstract" xlink:role="http://www.xbrl.org/2003/role/terseLabel" xlink:title="label_HuvudsakligOrsakKapacitetsutnyttjandeUnderstigerAbstract" xml:lang="sv" id="label_HuvudsakligOrsakKapacitetsutnyttjandeUnderstigerAbstract">Huvudsaklig orsak till att kapacitetsutnyttjandet understiger 100 procent</link:label>
    <link:labelArc xlink:type="arc" xlink:arcrole="http://www.xbrl.org/2003/arcrole/concept-label" xlink:from="HuvudsakligOrsakKapacitetsutnyttjandeUnderstigerAbstract" xlink:to="label_HuvudsakligOrsakKapacitetsutnyttjandeUnderstigerAbstract" xlink:title="label: HuvudsakligOrsakKapacitetsutnyttjandeUnderstigerAbstract to label_HuvudsakligOrsakKapacitetsutnyttjandeUnderstigerAbstract"/>
    <link:loc xlink:type="locator" xlink:href="se-fekm-ext-2021-10-31.xsd#se-fekm-ext_FordelningNettoomsattningTillverkningUtvinningMarknadTuple" xlink:label="FordelningNettoomsattningTuple" xlink:title="FordelningNettoomsattningTuple"/>
    <link:label xlink:type="resource" xlink:label="label_FordelningNettoomsattningTuple_2" xlink:role="http://www.xbrl.org/2003/role/terseLabel" xlink:title="label_FordelningNettoomsattningTuple" xml:lang="sv" id="label_FordelningNettoomsattningTuple_2">Fördelning av nettoomsättning från tillverkning, utvinning av mineraler, reparationer och installationer (Industriverksamhet) per geografisk marknad</link:label>
    <link:labelArc xlink:type="arc" xlink:arcrole="http://www.xbrl.org/2003/arcrole/concept-label" xlink:from="FordelningNettoomsattningTuple" xlink:to="label_FordelningNettoomsattningTuple_2" xlink:title="label: FordelningNettoomsattningTuple to label_FordelningNettoomsattningTuple"/>
    <link:loc xlink:type="locator" xlink:href="se-fekm-ext-2021-10-31.xsd#se-fekm-ext_FordelningNettoomsattningHandelMarknadTuple" xlink:label="FordelningNettoomsattningHandelMarknadTuple" xlink:title="FordelningNettoomsattningHandelMarknadTuple"/>
    <link:label xlink:type="resource" xlink:label="label_FordelningNettoomsattningHandelMarknadTuple_2" xlink:role="http://www.xbrl.org/2003/role/terseLabel" xlink:title="label_FordelningNettoomsattningHandelMarknadTuple" xml:lang="sv" id="label_FordelningNettoomsattningHandelMarknadTuple_2">Fördelning av nettoomsättning från handelsverksamhet per geografisk marknad</link:label>
    <link:labelArc xlink:type="arc" xlink:arcrole="http://www.xbrl.org/2003/arcrole/concept-label" xlink:from="FordelningNettoomsattningHandelMarknadTuple" xlink:to="label_FordelningNettoomsattningHandelMarknadTuple_2" xlink:title="label: FordelningNettoomsattningHandelMarknadTuple to label_FordelningNettoomsattningHandelMarknadTuple"/>
    <link:loc xlink:type="locator" xlink:href="se-fekm-ext-2021-10-31.xsd#se-fekm-ext_FordelningNettoomsattningJordSkogsbrukJaktFiskeMarknadTuple" xlink:label="FordelningNettoomsattning" xlink:title="FordelningNettoomsattning"/>
    <link:label xlink:type="resource" xlink:label="label_FordelningNettoomsattning_2" xlink:role="http://www.xbrl.org/2003/role/terseLabel" xlink:title="label_FordelningNettoomsattning" xml:lang="sv" id="label_FordelningNettoomsattning_2">Fördelning av nettoomsättning från jord-, skogsbruk, jakt och fiske per geografisk marknad</link:label>
    <link:labelArc xlink:type="arc" xlink:arcrole="http://www.xbrl.org/2003/arcrole/concept-label" xlink:from="FordelningNettoomsattning" xlink:to="label_FordelningNettoomsattning_2" xlink:title="label: FordelningNettoomsattning to label_FordelningNettoomsattning"/>
    <link:loc xlink:type="locator" xlink:href="se-fekm-ext-2021-10-31.xsd#se-fekm-ext_FordelningNettoomsattningElGasVarmeVattenforsorjningAvfallshanteringMarknadTuple" xlink:label="FordelningNettoomsattningElGasVarmeVattenforsorjningAvfallshanteringMarknadTuple" xlink:title="FordelningNettoomsattningElGasVarmeVattenforsorjningAvfallshanteringMarknadTuple"/>
    <link:label xlink:type="resource" xlink:label="label_FordelningNettoomsattningElGasVarmeVattenforsorjningAvfallshanteringMarknadTuple_2" xlink:role="http://www.xbrl.org/2003/role/terseLabel" xlink:title="label_FordelningNettoomsattningElGasVarmeVattenforsorjningAvfallshanteringMarknadTuple" xml:lang="sv" id="label_FordelningNettoomsattningElGasVarmeVattenforsorjningAvfallshanteringMarknadTuple_2">Fördelning av nettoomsättning från el-, gas-, värme-, vattenförsörjning och avfallshantering per geografisk marknad</link:label>
    <link:labelArc xlink:type="arc" xlink:arcrole="http://www.xbrl.org/2003/arcrole/concept-label" xlink:from="FordelningNettoomsattningElGasVarmeVattenforsorjningAvfallshanteringMarknadTuple" xlink:to="label_FordelningNettoomsattningElGasVarmeVattenforsorjningAvfallshanteringMarknadTuple_2" xlink:title="label: FordelningNettoomsattningElGasVarmeVattenforsorjningAvfallshanteringMarknadTuple to label_FordelningNettoomsattningElGasVarmeVattenforsorjningAvfallshanteringMarknadTuple"/>
    <link:loc xlink:type="locator" xlink:href="se-fekm-ext-2021-10-31.xsd#se-fekm-ext_FordelningNettoomsattningByggAnlaggningsarbetenMarknadTuple" xlink:label="FordelningNettoomsattningByggAnlaggningsarbetenMarknadTuple" xlink:title="FordelningNettoomsattningByggAnlaggningsarbetenMarknadTuple"/>
    <link:label xlink:type="resource" xlink:label="label_FordelningNettoomsattningByggAnlaggningsarbetenMarknadTuple_2" xlink:role="http://www.xbrl.org/2003/role/terseLabel" xlink:title="label_FordelningNettoomsattningByggAnlaggningsarbetenMarknadTuple" xml:lang="sv" id="label_FordelningNettoomsattningByggAnlaggningsarbetenMarknadTuple_2">Fördelning av nettoomsättning från bygg- och anläggningsverksamhet per geografisk marknad</link:label>
    <link:labelArc xlink:type="arc" xlink:arcrole="http://www.xbrl.org/2003/arcrole/concept-label" xlink:from="FordelningNettoomsattningByggAnlaggningsarbetenMarknadTuple" xlink:to="label_FordelningNettoomsattningByggAnlaggningsarbetenMarknadTuple_2" xlink:title="label: FordelningNettoomsattningByggAnlaggningsarbetenMarknadTuple to label_FordelningNettoomsattningByggAnlaggningsarbetenMarknadTuple"/>
    <link:loc xlink:type="locator" xlink:href="se-fekm-ext-2021-10-31.xsd#se-fekm-ext_FordelningNettoomsattningTjansteverksamhetMarknadTuple" xlink:label="FordelningNettoomsattningTjansteverksamhetMarknadTuple" xlink:title="FordelningNettoomsattningTjansteverksamhetMarknadTuple"/>
    <link:label xlink:type="resource" xlink:label="label_FordelningNettoomsattningTjansteverksamhetMarknadTuple_2" xlink:role="http://www.xbrl.org/2003/role/terseLabel" xlink:title="label_FordelningNettoomsattningTjansteverksamhetMarknadTuple" xml:lang="sv" id="label_FordelningNettoomsattningTjansteverksamhetMarknadTuple_2">Fördelning av nettoomsättning från tjänsteverksamhet per geografisk marknad</link:label>
    <link:labelArc xlink:type="arc" xlink:arcrole="http://www.xbrl.org/2003/arcrole/concept-label" xlink:from="FordelningNettoomsattningTjansteverksamhetMarknadTuple" xlink:to="label_FordelningNettoomsattningTjansteverksamhetMarknadTuple_2" xlink:title="label: FordelningNettoomsattningTjansteverksamhetMarknadTuple to label_FordelningNettoomsattningTjansteverksamhetMarknadTuple"/>
    <link:loc xlink:type="locator" xlink:href="se-fekm-ext-2021-10-31.xsd#se-fekm-ext_PeriodensOrderingangIndustriverksamhetMarknadTuple" xlink:label="PeriodensOrderingangIndustriverksamhetMarknadTuple" xlink:title="PeriodensOrderingangIndustriverksamhetMarknadTuple"/>
    <link:label xlink:type="resource" xlink:label="label_PeriodensOrderingangIndustriverksamhetMarknadTuple_2" xlink:role="http://www.xbrl.org/2003/role/terseLabel" xlink:title="label_PeriodensOrderingangIndustriverksamhetMarknadTuple" xml:lang="sv" id="label_PeriodensOrderingangIndustriverksamhetMarknadTuple_2">Orderingång för industriverksamheten per geografisk marknad</link:label>
    <link:labelArc xlink:type="arc" xlink:arcrole="http://www.xbrl.org/2003/arcrole/concept-label" xlink:from="PeriodensOrderingangIndustriverksamhetMarknadTuple" xlink:to="label_PeriodensOrderingangIndustriverksamhetMarknadTuple_2" xlink:title="label: PeriodensOrderingangIndustriverksamhetMarknadTuple to label_PeriodensOrderingangIndustriverksamhetMarknadTuple"/>
  </link:labelLink>
</link:linkbase>
