<?xml version="1.0" encoding="UTF-8"?>
<!-- Generated by Fujitsu Interstage XWand B0251 -->
<link:linkbase xmlns:xsi="http://www.w3.org/2001/XMLSchema-instance" xsi:schemaLocation="http://www.xbrl.org/2003/linkbase http://www.xbrl.org/2003/xbrl-linkbase-2003-12-31.xsd" xmlns:se-fekm-ext="http://www.taxonomier.se/se/fr/stat/fek/fekm-ext/2021-10-31" xmlns:link="http://www.xbrl.org/2003/linkbase" xmlns:xlink="http://www.w3.org/1999/xlink" xmlns:xbrli="http://www.xbrl.org/2003/instance">
  <link:labelLink xlink:type="extended" xlink:role="http://www.xbrl.org/2003/role/link">
    <link:loc xlink:type="locator" xlink:href="../../../../../base/se-gen-base/2021-10-31/se-gen-base-2021-10-31.xsd#se-gen-base_Nettoomsattning" xlink:label="Nettoomsattning" xlink:title="Nettoomsattning"/>
    <link:label xlink:type="resource" xlink:label="label_Nettoomsattning" xlink:role="http://www.xbrl.org/2003/role/totalLabel" xlink:title="label_Nettoomsattning" xml:lang="sv" id="label_Nettoomsattning">Summa nettoomsättning</link:label>
    <link:labelArc xlink:type="arc" xlink:arcrole="http://www.xbrl.org/2003/arcrole/concept-label" xlink:from="Nettoomsattning" xlink:to="label_Nettoomsattning" xlink:title="label: Nettoomsattning to label_Nettoomsattning"/>
    <link:loc xlink:type="locator" xlink:href="../../../../../base/se-gen-base/2021-10-31/se-gen-base-2021-10-31.xsd#se-gen-base_PeriodensOrderingangIndustriverksamhet" xlink:label="PeriodensOrderingangIndustriverksamhet" xlink:title="PeriodensOrderingangIndustriverksamhet"/>
    <link:label xlink:type="resource" xlink:label="label_PeriodensOrderingangIndustriverksamhet" xlink:role="http://www.xbrl.org/2003/role/totalLabel" xlink:title="label_PeriodensOrderingangIndustriverksamhet" xml:lang="sv" id="label_PeriodensOrderingangIndustriverksamhet">Summa orderingång</link:label>
    <link:labelArc xlink:type="arc" xlink:arcrole="http://www.xbrl.org/2003/arcrole/concept-label" xlink:from="PeriodensOrderingangIndustriverksamhet" xlink:to="label_PeriodensOrderingangIndustriverksamhet" xlink:title="label: PeriodensOrderingangIndustriverksamhet to label_PeriodensOrderingangIndustriverksamhet"/>
  </link:labelLink>
</link:linkbase>
