<?xml version="1.0" encoding="UTF-8"?>
<!-- Generated by Fujitsu Interstage XWand B0251 -->
<link:linkbase xmlns:xsi="http://www.w3.org/2001/XMLSchema-instance" xsi:schemaLocation="http://www.xbrl.org/2003/linkbase http://www.xbrl.org/2003/xbrl-linkbase-2003-12-31.xsd" xmlns:se-fekm-ext="http://www.taxonomier.se/se/fr/stat/fek/fekm-ext/2021-10-31" xmlns:link="http://www.xbrl.org/2003/linkbase" xmlns:xbrli="http://www.xbrl.org/2003/instance" xmlns:xlink="http://www.w3.org/1999/xlink">
  <link:labelLink xlink:type="extended" xlink:role="http://www.xbrl.org/2003/role/link">
    <link:loc xlink:type="locator" xlink:href="../../../../../base/se-cd-base/2021-10-31/se-cd-base-2021-10-31.xsd#se-cd-base_RakenskapsarAbstract" xlink:label="RakenskapsarAbstract" xlink:title="RakenskapsarAbstract"/>
    <link:label xlink:type="resource" xlink:label="label_RakenskapsarAbstract" xlink:role="http://www.xbrl.org/2003/role/verboseLabel" xlink:title="label_RakenskapsarAbstract" xml:lang="sv" id="label_RakenskapsarAbstract">Räkenskapsår, delårsperiod och rapporteringsmånad</link:label>
    <link:labelArc xlink:type="arc" xlink:arcrole="http://www.xbrl.org/2003/arcrole/concept-label" xlink:from="RakenskapsarAbstract" xlink:to="label_RakenskapsarAbstract" xlink:title="label: RakenskapsarAbstract to label_RakenskapsarAbstract"/>
    <link:loc xlink:type="locator" xlink:href="../../../../../base/se-cd-base/2021-10-31/se-cd-base-2021-10-31.xsd#se-cd-base_DelarsperiodForstaDag" xlink:label="DelarsperiodForstaDag" xlink:title="DelarsperiodForstaDag"/>
    <link:label xlink:type="resource" xlink:label="label_DelarsperiodForstaDag" xlink:role="http://www.xbrl.org/2003/role/verboseLabel" xlink:title="label_DelarsperiodForstaDag" xml:lang="sv" id="label_DelarsperiodForstaDag">Delårsperiodens/kvartalets första dag</link:label>
    <link:labelArc xlink:type="arc" xlink:arcrole="http://www.xbrl.org/2003/arcrole/concept-label" xlink:from="DelarsperiodForstaDag" xlink:to="label_DelarsperiodForstaDag" xlink:title="label: DelarsperiodForstaDag to label_DelarsperiodForstaDag"/>
    <link:loc xlink:type="locator" xlink:href="../../../../../base/se-cd-base/2021-10-31/se-cd-base-2021-10-31.xsd#se-cd-base_DelarsperiodSistaDag" xlink:label="DelarsperiodSistaDag" xlink:title="DelarsperiodSistaDag"/>
    <link:label xlink:type="resource" xlink:label="label_DelarsperiodSistaDag" xlink:role="http://www.xbrl.org/2003/role/verboseLabel" xlink:title="label_DelarsperiodSistaDag" xml:lang="sv" id="label_DelarsperiodSistaDag">Delårsperiodens/kvartalets sista dag</link:label>
    <link:labelArc xlink:type="arc" xlink:arcrole="http://www.xbrl.org/2003/arcrole/concept-label" xlink:from="DelarsperiodSistaDag" xlink:to="label_DelarsperiodSistaDag" xlink:title="label: DelarsperiodSistaDag to label_DelarsperiodSistaDag"/>
    <link:loc xlink:type="locator" xlink:href="../../../../../base/se-mem-base/2021-10-31/se-mem-base-2021-10-31.xsd#se-mem-base_AnnanOrsakKapacitetsutnyttjandeMember" xlink:label="AnnanOrsakKapacitetsutnyttjandeMember" xlink:title="AnnanOrsakKapacitetsutnyttjandeMember"/>
    <link:label xlink:type="resource" xlink:label="label_AnnanOrsakKapacitetsutnyttjandeMember" xlink:role="http://www.xbrl.org/2003/role/verboseLabel" xlink:title="label_AnnanOrsakKapacitetsutnyttjandeMember" xml:lang="sv" id="label_AnnanOrsakKapacitetsutnyttjandeMember">Annan orsak, ange vad</link:label>
    <link:labelArc xlink:type="arc" xlink:arcrole="http://www.xbrl.org/2003/arcrole/concept-label" xlink:from="AnnanOrsakKapacitetsutnyttjandeMember" xlink:to="label_AnnanOrsakKapacitetsutnyttjandeMember" xlink:title="label: AnnanOrsakKapacitetsutnyttjandeMember to label_AnnanOrsakKapacitetsutnyttjandeMember"/>
  </link:labelLink>
</link:linkbase>
