<?xml version="1.0" encoding="UTF-8"?>
<!-- Generated by Fujitsu Interstage XWand B0251 -->
<link:linkbase xmlns:xsi="http://www.w3.org/2001/XMLSchema-instance" xsi:schemaLocation="http://www.xbrl.org/2003/linkbase http://www.xbrl.org/2003/xbrl-linkbase-2003-12-31.xsd" xmlns:se-fekm-ext="http://www.taxonomier.se/se/fr/stat/fek/fekm-ext/2021-10-31" xmlns:link="http://www.xbrl.org/2003/linkbase" xmlns:xlink="http://www.w3.org/1999/xlink" xmlns:xbrli="http://www.xbrl.org/2003/instance">
  <link:labelLink xlink:type="extended" xlink:role="http://www.xbrl.org/2003/role/link">
    <link:loc xlink:type="locator" xlink:href="se-fekm-ext-2021-10-31.xsd#se-fekm-ext_FordelningNettoomsattningTillverkningUtvinningMarknadTuple" xlink:label="FordelningNettoomsattningTillverkningUtvinningMarknadTuple" xlink:title="FordelningNettoomsattningTillverkningUtvinningMarknadTuple"/>
    <link:label xlink:type="resource" xlink:label="label_FordelningNettoomsattningTillverkningUtvinningMarknadTuple" xlink:role="http://www.xbrl.org/2003/role/documentation" xlink:title="label_FordelningNettoomsattningTillverkningUtvinningMarknadTuple" xml:lang="sv" id="label_FordelningNettoomsattningTillverkningUtvinningMarknadTuple">Specifikation av nettoomsättning från industriverksamhet; omfattar tillverkning, utvinning av mineraler, reparationer och installationer, per geografisk marknad</link:label>
    <link:labelArc xlink:type="arc" xlink:arcrole="http://www.xbrl.org/2003/arcrole/concept-label" xlink:from="FordelningNettoomsattningTillverkningUtvinningMarknadTuple" xlink:to="label_FordelningNettoomsattningTillverkningUtvinningMarknadTuple" xlink:title="label: FordelningNettoomsattningTillverkningUtvinningMarknadTuple to label_FordelningNettoomsattningTillverkningUtvinningMarknadTuple"/>
    <link:loc xlink:type="locator" xlink:href="se-fekm-ext-2021-10-31.xsd#se-fekm-ext_FordelningNettoomsattningHandelMarknadTuple" xlink:label="FordelningNettoomsattningHandelMarknadTuple" xlink:title="FordelningNettoomsattningHandelMarknadTuple"/>
    <link:label xlink:type="resource" xlink:label="label_FordelningNettoomsattningHandelMarknadTuple" xlink:role="http://www.xbrl.org/2003/role/documentation" xlink:title="label_FordelningNettoomsattningHandelMarknadTuple" xml:lang="sv" id="label_FordelningNettoomsattningHandelMarknadTuple">Specifikation av nettoomsättning från handelsverksamhet, dvs. försäljning av varor som har köpts in för vidareförsäljning (handelsvaror), per geografisk marknad</link:label>
    <link:labelArc xlink:type="arc" xlink:arcrole="http://www.xbrl.org/2003/arcrole/concept-label" xlink:from="FordelningNettoomsattningHandelMarknadTuple" xlink:to="label_FordelningNettoomsattningHandelMarknadTuple" xlink:title="label: FordelningNettoomsattningHandelMarknadTuple to label_FordelningNettoomsattningHandelMarknadTuple"/>
    <link:loc xlink:type="locator" xlink:href="se-fekm-ext-2021-10-31.xsd#se-fekm-ext_FordelningNettoomsattningJordSkogsbrukJaktFiskeMarknadTuple" xlink:label="FordelningNettoomsattningJordSkogsbrukJaktFiskeMarknadTuple" xlink:title="FordelningNettoomsattningJordSkogsbrukJaktFiskeMarknadTuple"/>
    <link:label xlink:type="resource" xlink:label="label_FordelningNettoomsattningJordSkogsbrukJaktFiskeMarknadTuple" xlink:role="http://www.xbrl.org/2003/role/documentation" xlink:title="label_FordelningNettoomsattningJordSkogsbrukJaktFiskeMarknadTuple" xml:lang="sv" id="label_FordelningNettoomsattningJordSkogsbrukJaktFiskeMarknadTuple">Specifikation av nettoomsättning från verksamhet inom jordbruk, skogsbruk, jakt och fiske per geografisk marknad</link:label>
    <link:labelArc xlink:type="arc" xlink:arcrole="http://www.xbrl.org/2003/arcrole/concept-label" xlink:from="FordelningNettoomsattningJordSkogsbrukJaktFiskeMarknadTuple" xlink:to="label_FordelningNettoomsattningJordSkogsbrukJaktFiskeMarknadTuple" xlink:title="label: FordelningNettoomsattningJordSkogsbrukJaktFiskeMarknadTuple to label_FordelningNettoomsattningJordSkogsbrukJaktFiskeMarknadTuple"/>
    <link:loc xlink:type="locator" xlink:href="se-fekm-ext-2021-10-31.xsd#se-fekm-ext_FordelningNettoomsattningElGasVarmeVattenforsorjningAvfallshanteringMarknadTuple" xlink:label="FordelningNettoomsattningElGasVarmeVattenforsorjningAvfallshanteringMarknadTuple" xlink:title="FordelningNettoomsattningElGasVarmeVattenforsorjningAvfallshanteringMarknadTuple"/>
    <link:label xlink:type="resource" xlink:label="label_FordelningNettoomsattningElGasVarmeVattenforsorjningAvfallshanteringMarknadTuple" xlink:role="http://www.xbrl.org/2003/role/documentation" xlink:title="label_FordelningNettoomsattningElGasVarmeVattenforsorjningAvfallshanteringMarknadTuple" xml:lang="sv" id="label_FordelningNettoomsattningElGasVarmeVattenforsorjningAvfallshanteringMarknadTuple">Specifikation av nettoomsättning från verksamhet inom försörjning av el, gas, värme och vatten samt avfallshantering per geografisk marknad</link:label>
    <link:labelArc xlink:type="arc" xlink:arcrole="http://www.xbrl.org/2003/arcrole/concept-label" xlink:from="FordelningNettoomsattningElGasVarmeVattenforsorjningAvfallshanteringMarknadTuple" xlink:to="label_FordelningNettoomsattningElGasVarmeVattenforsorjningAvfallshanteringMarknadTuple" xlink:title="label: FordelningNettoomsattningElGasVarmeVattenforsorjningAvfallshanteringMarknadTuple to label_FordelningNettoomsattningElGasVarmeVattenforsorjningAvfallshanteringMarknadTuple"/>
    <link:loc xlink:type="locator" xlink:href="se-fekm-ext-2021-10-31.xsd#se-fekm-ext_FordelningNettoomsattningByggAnlaggningsarbetenMarknadTuple" xlink:label="FordelningNettoomsattningByggAnlaggningsarbetenMarknadTuple" xlink:title="FordelningNettoomsattningByggAnlaggningsarbetenMarknadTuple"/>
    <link:label xlink:type="resource" xlink:label="label_FordelningNettoomsattningByggAnlaggningsarbetenMarknadTuple" xlink:role="http://www.xbrl.org/2003/role/documentation" xlink:title="label_FordelningNettoomsattningByggAnlaggningsarbetenMarknadTuple" xml:lang="sv" id="label_FordelningNettoomsattningByggAnlaggningsarbetenMarknadTuple">Specifikation av nettoomsättning från verksamhet inom bygg- och anläggningsarbeten och liknande arbeten per geografisk marknad</link:label>
    <link:labelArc xlink:type="arc" xlink:arcrole="http://www.xbrl.org/2003/arcrole/concept-label" xlink:from="FordelningNettoomsattningByggAnlaggningsarbetenMarknadTuple" xlink:to="label_FordelningNettoomsattningByggAnlaggningsarbetenMarknadTuple" xlink:title="label: FordelningNettoomsattningByggAnlaggningsarbetenMarknadTuple to label_FordelningNettoomsattningByggAnlaggningsarbetenMarknadTuple"/>
    <link:loc xlink:type="locator" xlink:href="se-fekm-ext-2021-10-31.xsd#se-fekm-ext_FordelningNettoomsattningTjansteverksamhetMarknadTuple" xlink:label="FordelningNettoomsattningTjansteverksamhetMarknadTuple" xlink:title="FordelningNettoomsattningTjansteverksamhetMarknadTuple"/>
    <link:label xlink:type="resource" xlink:label="label_FordelningNettoomsattningTjansteverksamhetMarknadTuple" xlink:role="http://www.xbrl.org/2003/role/documentation" xlink:title="label_FordelningNettoomsattningTjansteverksamhetMarknadTuple" xml:lang="sv" id="label_FordelningNettoomsattningTjansteverksamhetMarknadTuple">Specifikation av nettoomsättning från verksamhet avseende tjänster per geografisk marknad</link:label>
    <link:labelArc xlink:type="arc" xlink:arcrole="http://www.xbrl.org/2003/arcrole/concept-label" xlink:from="FordelningNettoomsattningTjansteverksamhetMarknadTuple" xlink:to="label_FordelningNettoomsattningTjansteverksamhetMarknadTuple" xlink:title="label: FordelningNettoomsattningTjansteverksamhetMarknadTuple to label_FordelningNettoomsattningTjansteverksamhetMarknadTuple"/>
    <link:loc xlink:type="locator" xlink:href="se-fekm-ext-2021-10-31.xsd#se-fekm-ext_PeriodensOrderingangIndustriverksamhetMarknadTuple" xlink:label="PeriodensOrderingangIndustriverksamhetMarknadTuple" xlink:title="PeriodensOrderingangIndustriverksamhetMarknadTuple"/>
    <link:label xlink:type="resource" xlink:label="label_PeriodensOrderingangIndustriverksamhetMarknadTuple" xlink:role="http://www.xbrl.org/2003/role/documentation" xlink:title="label_PeriodensOrderingangIndustriverksamhetMarknadTuple" xml:lang="sv" id="label_PeriodensOrderingangIndustriverksamhetMarknadTuple">Specifikation av periodens orderingång för industriverksamheten per geografisk marknad</link:label>
    <link:labelArc xlink:type="arc" xlink:arcrole="http://www.xbrl.org/2003/arcrole/concept-label" xlink:from="PeriodensOrderingangIndustriverksamhetMarknadTuple" xlink:to="label_PeriodensOrderingangIndustriverksamhetMarknadTuple" xlink:title="label: PeriodensOrderingangIndustriverksamhetMarknadTuple to label_PeriodensOrderingangIndustriverksamhetMarknadTuple"/>
  </link:labelLink>
</link:linkbase>
