<?xml version="1.0" encoding="UTF-8"?><!--Versionsdatum/revision: 2023-06-01/2024-03-05_15:38:03--><!--Infil   : file:///O:/xmlstr/TaxSam/Inkomstdeklaration 2/2024-06-01 PWD/Iteration 70 - PWD LEV 2024-03-05 - FULL INK3 INK4 N3B/2024-03-05_14.48.36_10_KontrolleraOchGenerera_v2.03.xsl.xml--><!--XSLT-fil: file:///O:/xmlstr/TaxSam/Inkomstdeklaration 2/2024-06-01 PWD/Iteration 70 - PWD LEV 2024-03-05 - FULL INK3 INK4 N3B/30_UtokaAnpassadeBasskiktet_v2.09.xsl--><!--XSLT-fil: file:///O:/xmlstr/TaxSam/Inkomstdeklaration 2/2024-06-01 PWD/Iteration 70 - PWD LEV 2024-03-05 - FULL INK3 INK4 N3B/XSLTallmanKod_v1.05.xsl--><link:linkbase xmlns:xsi="http://www.w3.org/2001/XMLSchema-instance" xmlns:link="http://www.xbrl.org/2003/linkbase" xmlns:xlink="http://www.w3.org/1999/xlink" xsi:schemaLocation="http://www.xbrl.org/2003/linkbase http://www.xbrl.org/2003/xbrl-linkbase-2003-12-31.xsd">
	<link:labelLink xlink:type="extended" xlink:role="http://www.xbrl.org/2003/role/link">
		<link:loc xlink:type="locator" xlink:href="../../../../base/se-tax-base/2022-09-12/se-tax-base-2022-09-12.xsd#se-tax-base_RanteutgifterSomSkaIngaIRantenettotAbstract" xlink:label="extRubrik_locator_RanteutgifterSomSkaIngaIRantenettotAbstract" xlink:title="extRubrik_locator_RanteutgifterSomSkaIngaIRantenettotAbstract"/>
		<link:label xlink:type="resource" xlink:label="extRubrik_resource_RanteutgifterSomSkaIngaIRantenettotAbstract_1361_verboseLabel" xlink:role="http://www.xbrl.org/2003/role/verboseLabel" xlink:title="extRubrik_resource_RanteutgifterSomSkaIngaIRantenettotAbstract_1361_verboseLabel" xml:lang="sv">Ränteutgifter som ska ingå i räntenettot (fylls alltid i)</link:label>
		<link:labelArc xlink:type="arc" xlink:arcrole="http://www.xbrl.org/2003/arcrole/concept-label" xlink:from="extRubrik_locator_RanteutgifterSomSkaIngaIRantenettotAbstract" xlink:to="extRubrik_resource_RanteutgifterSomSkaIngaIRantenettotAbstract_1361_verboseLabel" xlink:title="reference: extRubrik_locator_RanteutgifterSomSkaIngaIRantenettotAbstract to extRubrik_resource_RanteutgifterSomSkaIngaIRantenettotAbstract_1361_verboseLabel"/>
		<link:loc xlink:type="locator" xlink:href="../../../../base/se-tax-base/2022-09-12/se-tax-base-2022-09-12.xsd#se-tax-base_RanteinkomsterOchBerakningAvRantenettoAbstract" xlink:label="extRubrik_locator_RanteinkomsterOchBerakningAvRantenettoAbstract" xlink:title="extRubrik_locator_RanteinkomsterOchBerakningAvRantenettoAbstract"/>
		<link:label xlink:type="resource" xlink:label="extRubrik_resource_RanteinkomsterOchBerakningAvRantenettoAbstract_1402_verboseLabel" xlink:role="http://www.xbrl.org/2003/role/verboseLabel" xlink:title="extRubrik_resource_RanteinkomsterOchBerakningAvRantenettoAbstract_1402_verboseLabel" xml:lang="sv">Ränteinkomster och beräkning av räntenetto (fylls alltid i)</link:label>
		<link:labelArc xlink:type="arc" xlink:arcrole="http://www.xbrl.org/2003/arcrole/concept-label" xlink:from="extRubrik_locator_RanteinkomsterOchBerakningAvRantenettoAbstract" xlink:to="extRubrik_resource_RanteinkomsterOchBerakningAvRantenettoAbstract_1402_verboseLabel" xlink:title="reference: extRubrik_locator_RanteinkomsterOchBerakningAvRantenettoAbstract to extRubrik_resource_RanteinkomsterOchBerakningAvRantenettoAbstract_1402_verboseLabel"/>
		<link:loc xlink:type="locator" xlink:href="../../../../base/se-tax-base/2022-09-12/se-tax-base-2022-09-12.xsd#se-tax-base_OvertagetNegativtRantenettoFranKoncernforetag" xlink:label="extRubrik_locator_OvertagetNegativtRantenettoFranKoncernforetag" xlink:title="extRubrik_locator_OvertagetNegativtRantenettoFranKoncernforetag"/>
		<link:label xlink:type="resource" xlink:label="extRubrik_resource_OvertagetNegativtRantenettoFranKoncernforetag_1429_verboseLabel" xlink:role="http://www.xbrl.org/2003/role/verboseLabel" xlink:title="extRubrik_resource_OvertagetNegativtRantenettoFranKoncernforetag_1429_verboseLabel" xml:lang="sv">Övertaget negativt räntenetto från koncernföretag (högst motsvarande positivt räntenetto)</link:label>
		<link:labelArc xlink:type="arc" xlink:arcrole="http://www.xbrl.org/2003/arcrole/concept-label" xlink:from="extRubrik_locator_OvertagetNegativtRantenettoFranKoncernforetag" xlink:to="extRubrik_resource_OvertagetNegativtRantenettoFranKoncernforetag_1429_verboseLabel" xlink:title="reference: extRubrik_locator_OvertagetNegativtRantenettoFranKoncernforetag to extRubrik_resource_OvertagetNegativtRantenettoFranKoncernforetag_1429_verboseLabel"/>
		<link:loc xlink:type="locator" xlink:href="../../../../base/se-tax-base/2022-09-12/se-tax-base-2022-09-12.xsd#se-tax-base_OverfortNegativtRantenettoTillKoncernforetag" xlink:label="extRubrik_locator_OverfortNegativtRantenettoTillKoncernforetag" xlink:title="extRubrik_locator_OverfortNegativtRantenettoTillKoncernforetag"/>
		<link:label xlink:type="resource" xlink:label="extRubrik_resource_OverfortNegativtRantenettoTillKoncernforetag_1439_verboseLabel" xlink:role="http://www.xbrl.org/2003/role/verboseLabel" xlink:title="extRubrik_resource_OverfortNegativtRantenettoTillKoncernforetag_1439_verboseLabel" xml:lang="sv">Överfört negativt räntenetto till koncernföretag (högst motsvarande negativt räntenetto)</link:label>
		<link:labelArc xlink:type="arc" xlink:arcrole="http://www.xbrl.org/2003/arcrole/concept-label" xlink:from="extRubrik_locator_OverfortNegativtRantenettoTillKoncernforetag" xlink:to="extRubrik_resource_OverfortNegativtRantenettoTillKoncernforetag_1439_verboseLabel" xlink:title="reference: extRubrik_locator_OverfortNegativtRantenettoTillKoncernforetag to extRubrik_resource_OverfortNegativtRantenettoTillKoncernforetag_1439_verboseLabel"/>
		<link:loc xlink:type="locator" xlink:href="../../../../base/se-tax-base/2022-09-12/se-tax-base-2022-09-12.xsd#se-tax-base_PositivtNegativtSkattemassigtResultatAvNaringsverksamhet" xlink:label="extRubrik_locator_PositivtNegativtSkattemassigtResultatAvNaringsverksamhet" xlink:title="extRubrik_locator_PositivtNegativtSkattemassigtResultatAvNaringsverksamhet"/>
		<link:label xlink:type="resource" xlink:label="extRubrik_resource_PositivtNegativtSkattemassigtResultatAvNaringsverksamhet_1456_verboseLabel" xlink:role="http://www.xbrl.org/2003/role/verboseLabel" xlink:title="extRubrik_resource_PositivtNegativtSkattemassigtResultatAvNaringsverksamhet_1456_verboseLabel" xml:lang="sv">Skattemässigt resultat av näringsverksamhet före avdragsbegränsning för negativt räntenetto och avdrag för kvarstående negativa räntenetton samt avsättning till periodiseringsfond</link:label>
		<link:labelArc xlink:type="arc" xlink:arcrole="http://www.xbrl.org/2003/arcrole/concept-label" xlink:from="extRubrik_locator_PositivtNegativtSkattemassigtResultatAvNaringsverksamhet" xlink:to="extRubrik_resource_PositivtNegativtSkattemassigtResultatAvNaringsverksamhet_1456_verboseLabel" xlink:title="reference: extRubrik_locator_PositivtNegativtSkattemassigtResultatAvNaringsverksamhet to extRubrik_resource_PositivtNegativtSkattemassigtResultatAvNaringsverksamhet_1456_verboseLabel"/>
		<link:loc xlink:type="locator" xlink:href="../../../../base/se-tax-base/2022-09-12/se-tax-base-2022-09-12.xsd#se-tax-base_Avdragsutrymme" xlink:label="extRubrik_locator_Avdragsutrymme" xlink:title="extRubrik_locator_Avdragsutrymme"/>
		<link:label xlink:type="resource" xlink:label="extRubrik_resource_Avdragsutrymme_1479_verboseLabel" xlink:role="http://www.xbrl.org/2003/role/verboseLabel" xlink:title="extRubrik_resource_Avdragsutrymme_1479_verboseLabel" xml:lang="sv">Avdragsutymme (30 % av positivt avdragsunderlag)</link:label>
		<link:labelArc xlink:type="arc" xlink:arcrole="http://www.xbrl.org/2003/arcrole/concept-label" xlink:from="extRubrik_locator_Avdragsutrymme" xlink:to="extRubrik_resource_Avdragsutrymme_1479_verboseLabel" xlink:title="reference: extRubrik_locator_Avdragsutrymme to extRubrik_resource_Avdragsutrymme_1479_verboseLabel"/>
	</link:labelLink>
</link:linkbase>