<?xml version="1.0" encoding="UTF-8"?><!--Versionsdatum/revision: 2023-06-01/2024-03-05_15:38:03--><!--Infil   : file:///O:/xmlstr/TaxSam/Inkomstdeklaration 2/2024-06-01 PWD/Iteration 70 - PWD LEV 2024-03-05 - FULL INK3 INK4 N3B/2024-03-05_14.48.36_10_KontrolleraOchGenerera_v2.03.xsl.xml--><!--XSLT-fil: file:///O:/xmlstr/TaxSam/Inkomstdeklaration 2/2024-06-01 PWD/Iteration 70 - PWD LEV 2024-03-05 - FULL INK3 INK4 N3B/30_UtokaAnpassadeBasskiktet_v2.09.xsl--><!--XSLT-fil: file:///O:/xmlstr/TaxSam/Inkomstdeklaration 2/2024-06-01 PWD/Iteration 70 - PWD LEV 2024-03-05 - FULL INK3 INK4 N3B/XSLTallmanKod_v1.05.xsl--><link:linkbase xmlns:xsi="http://www.w3.org/2001/XMLSchema-instance" xmlns:ref="http://www.xbrl.org/2004/ref" xmlns:link="http://www.xbrl.org/2003/linkbase" xmlns:xlink="http://www.w3.org/1999/xlink" xsi:schemaLocation="http://www.xbrl.org/2003/linkbase http://www.xbrl.org/2003/xbrl-linkbase-2003-12-31.xsd http://www.xbrl.org/2004/ref http://www.xbrl.org/2004/ref-2004-08-10.xsd">
	<link:roleRef roleURI="http://www.skatteverket.se/se/fr/role/reference/miscellaneous/il" xlink:type="simple" xlink:href="se-n9-ext-2023-06-01.xsd#IL"/>
	<link:referenceLink xlink:type="extended" xlink:role="http://www.skatteverket.se/se/fr/role/reference/miscellaneous/il" id="IL">
		<link:loc xlink:type="locator" xlink:href="se-n9-ext-2023-06-01.xsd#se-n9-ext_UppgifterOmOvertagetNegativtRantenettoFranKoncernforetagTuple" xlink:label="referens_locator_UppgifterOmOvertagetNegativtRantenettoFranKoncernforetagTuple_IL_1444" xlink:title="referens_locator_UppgifterOmOvertagetNegativtRantenettoFranKoncernforetagTuple_IL_1444"/>
		<link:reference xlink:type="resource" xlink:label="referens_resource_UppgifterOmOvertagetNegativtRantenettoFranKoncernforetagTuple_IL_1444_reference" xlink:role="http://www.xbrl.org/2003/role/reference" xlink:title="referens_resource_UppgifterOmOvertagetNegativtRantenettoFranKoncernforetagTuple_IL_1444_reference">
			<ref:Name>IL</ref:Name>
			<ref:Number>1999:1229</ref:Number>
			<ref:Chapter>24</ref:Chapter>
			<ref:Paragraph>28-29</ref:Paragraph>
		</link:reference>
		<link:referenceArc xlink:type="arc" xlink:arcrole="http://www.xbrl.org/2003/arcrole/concept-reference" xlink:from="referens_locator_UppgifterOmOvertagetNegativtRantenettoFranKoncernforetagTuple_IL_1444" xlink:to="referens_resource_UppgifterOmOvertagetNegativtRantenettoFranKoncernforetagTuple_IL_1444_reference" xlink:title="reference: referens_locator_UppgifterOmOvertagetNegativtRantenettoFranKoncernforetagTuple_IL_1444 to referens_resource_UppgifterOmOvertagetNegativtRantenettoFranKoncernforetagTuple_IL_1444_reference"/>
		<link:loc xlink:type="locator" xlink:href="se-n9-ext-2023-06-01.xsd#se-n9-ext_BegartAvdragForAretsNegativaRantenettoPerForetagIIntressegemenskapVidForenklingsregelnTuple" xlink:label="referens_locator_BegartAvdragForAretsNegativaRantenettoPerForetagIIntressegemenskapVidForenklingsregelnTuple_IL_1507" xlink:title="referens_locator_BegartAvdragForAretsNegativaRantenettoPerForetagIIntressegemenskapVidForenklingsregelnTuple_IL_1507"/>
		<link:reference xlink:type="resource" xlink:label="referens_resource_BegartAvdragForAretsNegativaRantenettoPerForetagIIntressegemenskapVidForenklingsregelnTuple_IL_1507_reference" xlink:role="http://www.xbrl.org/2003/role/reference" xlink:title="referens_resource_BegartAvdragForAretsNegativaRantenettoPerForetagIIntressegemenskapVidForenklingsregelnTuple_IL_1507_reference">
			<ref:Name>IL</ref:Name>
			<ref:Number>1999:1229</ref:Number>
			<ref:Chapter>24</ref:Chapter>
			<ref:Paragraph>22-24</ref:Paragraph>
		</link:reference>
		<link:referenceArc xlink:type="arc" xlink:arcrole="http://www.xbrl.org/2003/arcrole/concept-reference" xlink:from="referens_locator_BegartAvdragForAretsNegativaRantenettoPerForetagIIntressegemenskapVidForenklingsregelnTuple_IL_1507" xlink:to="referens_resource_BegartAvdragForAretsNegativaRantenettoPerForetagIIntressegemenskapVidForenklingsregelnTuple_IL_1507_reference" xlink:title="reference: referens_locator_BegartAvdragForAretsNegativaRantenettoPerForetagIIntressegemenskapVidForenklingsregelnTuple_IL_1507 to referens_resource_BegartAvdragForAretsNegativaRantenettoPerForetagIIntressegemenskapVidForenklingsregelnTuple_IL_1507_reference"/>
	</link:referenceLink>
</link:linkbase>