<?xml version="1.0" encoding="UTF-8"?><!--Versionsdatum/revision: 2023-06-01/2024-03-05_15:38:03--><!--Infil   : file:///O:/xmlstr/TaxSam/Inkomstdeklaration 2/2024-06-01 PWD/Iteration 70 - PWD LEV 2024-03-05 - FULL INK3 INK4 N3B/2024-03-05_14.48.36_10_KontrolleraOchGenerera_v2.03.xsl.xml--><!--XSLT-fil: file:///O:/xmlstr/TaxSam/Inkomstdeklaration 2/2024-06-01 PWD/Iteration 70 - PWD LEV 2024-03-05 - FULL INK3 INK4 N3B/30_UtokaAnpassadeBasskiktet_v2.09.xsl--><!--XSLT-fil: file:///O:/xmlstr/TaxSam/Inkomstdeklaration 2/2024-06-01 PWD/Iteration 70 - PWD LEV 2024-03-05 - FULL INK3 INK4 N3B/XSLTallmanKod_v1.05.xsl--><link:linkbase xmlns:xsi="http://www.w3.org/2001/XMLSchema-instance" xmlns:link="http://www.xbrl.org/2003/linkbase" xmlns:xlink="http://www.w3.org/1999/xlink" xsi:schemaLocation="http://www.xbrl.org/2003/linkbase http://www.xbrl.org/2003/xbrl-linkbase-2003-12-31.xsd">
	<link:labelLink xlink:type="extended" xlink:role="http://www.xbrl.org/2003/role/link">
		<link:loc xlink:type="locator" xlink:href="se-n9-ext-2023-06-01.xsd#se-n9-ext_UppgifterOmOvertagetNegativtRantenettoFranKoncernforetagTuple" xlink:label="term_locator_UppgifterOmOvertagetNegativtRantenettoFranKoncernforetagTuple" xlink:title="term_locator_UppgifterOmOvertagetNegativtRantenettoFranKoncernforetagTuple"/>
		<link:label xlink:type="resource" xlink:label="term_resource_UppgifterOmOvertagetNegativtRantenettoFranKoncernforetagTuple_1444_label" xlink:role="http://www.xbrl.org/2003/role/label" xlink:title="term_resource_UppgifterOmOvertagetNegativtRantenettoFranKoncernforetagTuple_1444_label" xml:lang="sv">Uppgifter om övertaget negativt räntenetto från koncernföretag (Tabell)</link:label>
		<link:labelArc xlink:type="arc" xlink:arcrole="http://www.xbrl.org/2003/arcrole/concept-label" xlink:from="term_locator_UppgifterOmOvertagetNegativtRantenettoFranKoncernforetagTuple" xlink:to="term_resource_UppgifterOmOvertagetNegativtRantenettoFranKoncernforetagTuple_1444_label" xlink:title="reference: term_locator_UppgifterOmOvertagetNegativtRantenettoFranKoncernforetagTuple to term_resource_UppgifterOmOvertagetNegativtRantenettoFranKoncernforetagTuple_1444_label"/>
		<link:loc xlink:type="locator" xlink:href="se-n9-ext-2023-06-01.xsd#se-n9-ext_BegartAvdragForAretsNegativaRantenettoPerForetagIIntressegemenskapVidForenklingsregelnTuple" xlink:label="term_locator_BegartAvdragForAretsNegativaRantenettoPerForetagIIntressegemenskapVidForenklingsregelnTuple" xlink:title="term_locator_BegartAvdragForAretsNegativaRantenettoPerForetagIIntressegemenskapVidForenklingsregelnTuple"/>
		<link:label xlink:type="resource" xlink:label="term_resource_BegartAvdragForAretsNegativaRantenettoPerForetagIIntressegemenskapVidForenklingsregelnTuple_1507_label" xlink:role="http://www.xbrl.org/2003/role/label" xlink:title="term_resource_BegartAvdragForAretsNegativaRantenettoPerForetagIIntressegemenskapVidForenklingsregelnTuple_1507_label" xml:lang="sv">Begärt avdrag för årets negativa räntenetto per företag i intressegemenskap vid förenklingsregeln (Tabell)</link:label>
		<link:labelArc xlink:type="arc" xlink:arcrole="http://www.xbrl.org/2003/arcrole/concept-label" xlink:from="term_locator_BegartAvdragForAretsNegativaRantenettoPerForetagIIntressegemenskapVidForenklingsregelnTuple" xlink:to="term_resource_BegartAvdragForAretsNegativaRantenettoPerForetagIIntressegemenskapVidForenklingsregelnTuple_1507_label" xlink:title="reference: term_locator_BegartAvdragForAretsNegativaRantenettoPerForetagIIntressegemenskapVidForenklingsregelnTuple to term_resource_BegartAvdragForAretsNegativaRantenettoPerForetagIIntressegemenskapVidForenklingsregelnTuple_1507_label"/>
	</link:labelLink>
</link:linkbase>