<?xml version="1.0" encoding="UTF-8"?>
<!-- Generated by Fujitsu Interstage XWand B0255 -->
<link:linkbase xmlns:xsi="http://www.w3.org/2001/XMLSchema-instance" xsi:schemaLocation="http://www.xbrl.org/2004/ref http://www.xbrl.org/2004/ref-2004-08-10.xsd http://www.xbrl.org/2003/linkbase http://www.xbrl.org/2003/xbrl-linkbase-2003-12-31.xsd" xmlns:link="http://www.xbrl.org/2003/linkbase" xmlns:ref="http://www.xbrl.org/2004/ref" xmlns:xlink="http://www.w3.org/1999/xlink" xmlns:xbrli="http://www.xbrl.org/2003/instance">
  <link:roleRef roleURI="http://www.taxonomier.se/se/fr/role/reference/legislation/sfl" xlink:type="simple" xlink:href="../../../shared/role/se-leg-role/2021-10-31/se-leg-role-2021-10-31.xsd#LEG_ROLE_SFL"/>
  <link:referenceLink xlink:type="extended" xlink:role="http://www.taxonomier.se/se/fr/role/reference/legislation/sfl">
    <link:loc xlink:type="locator" xlink:href="se-gen-base-2021-10-31.xsd#se-gen-base_OvrigaUpplysningarAbstract" xlink:label="OvrigaUpplysningarAbstract" xlink:title="OvrigaUpplysningarAbstract"/>
    <link:reference xlink:type="resource" xlink:label="reference_OvrigaUpplysningarAbstract" xlink:role="http://www.xbrl.org/2003/role/reference" xlink:title="reference_OvrigaUpplysningarAbstract" id="reference_OvrigaUpplysningarAbstract_3">
      <ref:Name>SFL</ref:Name>
      <ref:Number>2011:1244</ref:Number>
      <ref:Chapter>31</ref:Chapter>
      <ref:Paragraph>3</ref:Paragraph>
    </link:reference>
    <link:referenceArc xlink:type="arc" xlink:arcrole="http://www.xbrl.org/2003/arcrole/concept-reference" xlink:from="OvrigaUpplysningarAbstract" xlink:to="reference_OvrigaUpplysningarAbstract" xlink:title="reference: OvrigaUpplysningarAbstract to reference_OvrigaUpplysningarAbstract"/>
    <link:loc xlink:type="locator" xlink:href="se-gen-base-2021-10-31.xsd#se-gen-base_PensionskostnaderAbstract" xlink:label="PensionskostnaderAbstract" xlink:title="PensionskostnaderAbstract"/>
    <link:reference xlink:type="resource" xlink:label="reference_PensionskostnaderAbstract" xlink:role="http://www.xbrl.org/2003/role/reference" xlink:title="reference_PensionskostnaderAbstract" id="reference_PensionskostnaderAbstract_3">
      <ref:Name>SFL</ref:Name>
      <ref:Number>2011:1244 </ref:Number>
      <ref:Chapter>31</ref:Chapter>
      <ref:Paragraph>3</ref:Paragraph>
    </link:reference>
    <link:referenceArc xlink:type="arc" xlink:arcrole="http://www.xbrl.org/2003/arcrole/concept-reference" xlink:from="PensionskostnaderAbstract" xlink:to="reference_PensionskostnaderAbstract" xlink:title="reference: PensionskostnaderAbstract to reference_PensionskostnaderAbstract"/>
    <link:loc xlink:type="locator" xlink:href="se-gen-base-2021-10-31.xsd#se-gen-base_Pensionskostnader" xlink:label="Pensionskostnader" xlink:title="Pensionskostnader"/>
    <link:reference xlink:type="resource" xlink:label="reference_Pensionskostnader" xlink:role="http://www.xbrl.org/2003/role/reference" xlink:title="reference_Pensionskostnader" id="reference_Pensionskostnader_2">
      <ref:Name>SFL</ref:Name>
      <ref:Number>2011:1244</ref:Number>
      <ref:Chapter>31</ref:Chapter>
      <ref:Paragraph>3</ref:Paragraph>
    </link:reference>
    <link:referenceArc xlink:type="arc" xlink:arcrole="http://www.xbrl.org/2003/arcrole/concept-reference" xlink:from="Pensionskostnader" xlink:to="reference_Pensionskostnader" xlink:title="reference: Pensionskostnader to reference_Pensionskostnader"/>
    <link:loc xlink:type="locator" xlink:href="se-gen-base-2021-10-31.xsd#se-gen-base_AretsResultat" xlink:label="AretsResultat" xlink:title="AretsResultat"/>
    <link:reference xlink:type="resource" xlink:label="reference_AretsResultat" xlink:role="http://www.xbrl.org/2003/role/reference" xlink:title="reference_AretsResultat" id="reference_AretsResultat_5">
      <ref:Name>SFL</ref:Name>
      <ref:Number>2011:1244</ref:Number>
      <ref:Chapter>31</ref:Chapter>
      <ref:Paragraph>2</ref:Paragraph>
      <ref:Subparagraph>2</ref:Subparagraph>
    </link:reference>
    <link:referenceArc xlink:type="arc" xlink:arcrole="http://www.xbrl.org/2003/arcrole/concept-reference" xlink:from="AretsResultat" xlink:to="reference_AretsResultat" xlink:title="reference: AretsResultat to reference_AretsResultat"/>
    <link:loc xlink:type="locator" xlink:href="se-gen-base-2021-10-31.xsd#se-gen-base_SkattPeriodensResultatInteSkattemassigtAvdragsgill" xlink:label="SkattPeriodensResultatInteSkattemassigtAvdragsgill" xlink:title="SkattPeriodensResultatInteSkattemassigtAvdragsgill"/>
    <link:reference xlink:type="resource" xlink:label="reference_SkattPeriodensResultatInteSkattemassigtAvdragsgill_2" xlink:role="http://www.xbrl.org/2003/role/reference" xlink:title="reference_SkattPeriodensResultatInteSkattemassigtAvdragsgill" id="reference_SkattPeriodensResultatInteSkattemassigtAvdragsgill_5">
      <ref:Name>SFL</ref:Name>
      <ref:Number>2011:1244</ref:Number>
      <ref:Chapter>31</ref:Chapter>
      <ref:Paragraph>2</ref:Paragraph>
      <ref:Subparagraph>2</ref:Subparagraph>
    </link:reference>
    <link:referenceArc xlink:type="arc" xlink:arcrole="http://www.xbrl.org/2003/arcrole/concept-reference" xlink:from="SkattPeriodensResultatInteSkattemassigtAvdragsgill" xlink:to="reference_SkattPeriodensResultatInteSkattemassigtAvdragsgill_2" xlink:title="reference: SkattPeriodensResultatInteSkattemassigtAvdragsgill to reference_SkattPeriodensResultatInteSkattemassigtAvdragsgill"/>
    <link:loc xlink:type="locator" xlink:href="se-gen-base-2021-10-31.xsd#se-gen-base_NedskrivningFinansiellaTillgangarInteSkattemassigtAvdragsgilla" xlink:label="NedskrivningFinansiellaTillgangarInteSkattemassigtAvdragsgilla" xlink:title="NedskrivningFinansiellaTillgangarInteSkattemassigtAvdragsgilla"/>
    <link:reference xlink:type="resource" xlink:label="reference_NedskrivningFinansiellaTillgangarInteSkattemassigtAvdragsgilla" xlink:role="http://www.xbrl.org/2003/role/reference" xlink:title="reference_NedskrivningFinansiellaTillgangarInteSkattemassigtAvdragsgilla" id="reference_NedskrivningFinansiellaTillgangarInteSkattemassigtAvdragsgilla">
      <ref:Name>SFL</ref:Name>
      <ref:Number>2011:1244</ref:Number>
      <ref:Chapter>31</ref:Chapter>
      <ref:Paragraph>2</ref:Paragraph>
      <ref:Subparagraph>2</ref:Subparagraph>
    </link:reference>
    <link:referenceArc xlink:type="arc" xlink:arcrole="http://www.xbrl.org/2003/arcrole/concept-reference" xlink:from="NedskrivningFinansiellaTillgangarInteSkattemassigtAvdragsgilla" xlink:to="reference_NedskrivningFinansiellaTillgangarInteSkattemassigtAvdragsgilla" xlink:title="reference: NedskrivningFinansiellaTillgangarInteSkattemassigtAvdragsgilla to reference_NedskrivningFinansiellaTillgangarInteSkattemassigtAvdragsgilla"/>
    <link:loc xlink:type="locator" xlink:href="se-gen-base-2021-10-31.xsd#se-gen-base_AndraBokfordaKostnaderInteSkattemassigtAvdragsgilla" xlink:label="AndraBokfordaKostnaderInteSkattemassigtAvdragsgilla" xlink:title="AndraBokfordaKostnaderInteSkattemassigtAvdragsgilla"/>
    <link:reference xlink:type="resource" xlink:label="reference_AndraBokfordaKostnaderInteSkattemassigtAvdragsgilla" xlink:role="http://www.xbrl.org/2003/role/reference" xlink:title="reference_AndraBokfordaKostnaderInteSkattemassigtAvdragsgilla" id="reference_AndraBokfordaKostnaderInteSkattemassigtAvdragsgilla_3">
      <ref:Name>SFL</ref:Name>
      <ref:Number>2011:1244</ref:Number>
      <ref:Chapter>31</ref:Chapter>
      <ref:Paragraph>2</ref:Paragraph>
      <ref:Subparagraph>2</ref:Subparagraph>
    </link:reference>
    <link:referenceArc xlink:type="arc" xlink:arcrole="http://www.xbrl.org/2003/arcrole/concept-reference" xlink:from="AndraBokfordaKostnaderInteSkattemassigtAvdragsgilla" xlink:to="reference_AndraBokfordaKostnaderInteSkattemassigtAvdragsgilla" xlink:title="reference: AndraBokfordaKostnaderInteSkattemassigtAvdragsgilla to reference_AndraBokfordaKostnaderInteSkattemassigtAvdragsgilla"/>
    <link:loc xlink:type="locator" xlink:href="se-gen-base-2021-10-31.xsd#se-gen-base_LamnadeKoncernbidragInteIngarRedovisadeResultatet" xlink:label="LamnadeKoncernbidragInteIngarRedovisadeResultatet" xlink:title="LamnadeKoncernbidragInteIngarRedovisadeResultatet"/>
    <link:reference xlink:type="resource" xlink:label="reference_LamnadeKoncernbidragInteIngarRedovisadeResultatet" xlink:role="http://www.xbrl.org/2003/role/reference" xlink:title="reference_LamnadeKoncernbidragInteIngarRedovisadeResultatet" id="reference_LamnadeKoncernbidragInteIngarRedovisadeResultatet">
      <ref:Name>SFL</ref:Name>
      <ref:Number>2011:1244</ref:Number>
      <ref:Chapter>31</ref:Chapter>
      <ref:Paragraph>2</ref:Paragraph>
      <ref:Subparagraph>2</ref:Subparagraph>
    </link:reference>
    <link:referenceArc xlink:type="arc" xlink:arcrole="http://www.xbrl.org/2003/arcrole/concept-reference" xlink:from="LamnadeKoncernbidragInteIngarRedovisadeResultatet" xlink:to="reference_LamnadeKoncernbidragInteIngarRedovisadeResultatet" xlink:title="reference: LamnadeKoncernbidragInteIngarRedovisadeResultatet to reference_LamnadeKoncernbidragInteIngarRedovisadeResultatet"/>
    <link:loc xlink:type="locator" xlink:href="se-gen-base-2021-10-31.xsd#se-gen-base_AndraSkattemassigtAvdragsgillaKostnaderInteIngarRedovisadeResultatet" xlink:label="AndraSkattemassigtAvdragsgillaKostnaderInteIngarRedovisadeResultatet" xlink:title="AndraSkattemassigtAvdragsgillaKostnaderInteIngarRedovisadeResultatet"/>
    <link:reference xlink:type="resource" xlink:label="reference_AndraSkattemassigtAvdragsgillaKostnaderInteIngarRedovisadeResultatet" xlink:role="http://www.xbrl.org/2003/role/reference" xlink:title="reference_AndraSkattemassigtAvdragsgillaKostnaderInteIngarRedovisadeResultatet" id="reference_AndraSkattemassigtAvdragsgillaKostnaderInteIngarRedovisadeResultatet_8">
      <ref:Name>SFL</ref:Name>
      <ref:Number>2011:1244</ref:Number>
      <ref:Chapter>31</ref:Chapter>
      <ref:Paragraph>2</ref:Paragraph>
      <ref:Subparagraph>2</ref:Subparagraph>
    </link:reference>
    <link:referenceArc xlink:type="arc" xlink:arcrole="http://www.xbrl.org/2003/arcrole/concept-reference" xlink:from="AndraSkattemassigtAvdragsgillaKostnaderInteIngarRedovisadeResultatet" xlink:to="reference_AndraSkattemassigtAvdragsgillaKostnaderInteIngarRedovisadeResultatet" xlink:title="reference: AndraSkattemassigtAvdragsgillaKostnaderInteIngarRedovisadeResultatet to reference_AndraSkattemassigtAvdragsgillaKostnaderInteIngarRedovisadeResultatet"/>
    <link:loc xlink:type="locator" xlink:href="se-gen-base-2021-10-31.xsd#se-gen-base_AckordsvinsterInteSkattepliktiga" xlink:label="AckordsvinsterInteSkattepliktiga" xlink:title="AckordsvinsterInteSkattepliktiga"/>
    <link:reference xlink:type="resource" xlink:label="reference_AckordsvinsterInteSkattepliktiga_2" xlink:role="http://www.xbrl.org/2003/role/reference" xlink:title="reference_AckordsvinsterInteSkattepliktiga" id="reference_AckordsvinsterInteSkattepliktiga_7">
      <ref:Name>SFL</ref:Name>
      <ref:Number>2011:1244</ref:Number>
      <ref:Chapter>31</ref:Chapter>
      <ref:Paragraph>2</ref:Paragraph>
      <ref:Subparagraph>2</ref:Subparagraph>
    </link:reference>
    <link:referenceArc xlink:type="arc" xlink:arcrole="http://www.xbrl.org/2003/arcrole/concept-reference" xlink:from="AckordsvinsterInteSkattepliktiga" xlink:to="reference_AckordsvinsterInteSkattepliktiga_2" xlink:title="reference: AckordsvinsterInteSkattepliktiga to reference_AckordsvinsterInteSkattepliktiga"/>
    <link:loc xlink:type="locator" xlink:href="se-gen-base-2021-10-31.xsd#se-gen-base_UtdelningInteSkattepliktig" xlink:label="UtdelningInteSkattepliktig" xlink:title="UtdelningInteSkattepliktig"/>
    <link:reference xlink:type="resource" xlink:label="reference_UtdelningInteSkattepliktig_2" xlink:role="http://www.xbrl.org/2003/role/reference" xlink:title="reference_UtdelningInteSkattepliktig" id="reference_UtdelningInteSkattepliktig_7">
      <ref:Name>SFL</ref:Name>
      <ref:Number>2011:1244</ref:Number>
      <ref:Chapter>31</ref:Chapter>
      <ref:Paragraph>2</ref:Paragraph>
      <ref:Subparagraph>2</ref:Subparagraph>
    </link:reference>
    <link:referenceArc xlink:type="arc" xlink:arcrole="http://www.xbrl.org/2003/arcrole/concept-reference" xlink:from="UtdelningInteSkattepliktig" xlink:to="reference_UtdelningInteSkattepliktig_2" xlink:title="reference: UtdelningInteSkattepliktig to reference_UtdelningInteSkattepliktig"/>
    <link:loc xlink:type="locator" xlink:href="se-gen-base-2021-10-31.xsd#se-gen-base_AndraBokfordaIntakterInteSkattepliktiga" xlink:label="AndraBokfordaIntakterInteSkattepliktiga" xlink:title="AndraBokfordaIntakterInteSkattepliktiga"/>
    <link:reference xlink:type="resource" xlink:label="reference_AndraBokfordaIntakterInteSkattepliktiga_2" xlink:role="http://www.xbrl.org/2003/role/reference" xlink:title="reference_AndraBokfordaIntakterInteSkattepliktiga" id="reference_AndraBokfordaIntakterInteSkattepliktiga_6">
      <ref:Name>SFL</ref:Name>
      <ref:Number>2011:1244</ref:Number>
      <ref:Chapter>31</ref:Chapter>
      <ref:Paragraph>2</ref:Paragraph>
      <ref:Subparagraph>2</ref:Subparagraph>
    </link:reference>
    <link:referenceArc xlink:type="arc" xlink:arcrole="http://www.xbrl.org/2003/arcrole/concept-reference" xlink:from="AndraBokfordaIntakterInteSkattepliktiga" xlink:to="reference_AndraBokfordaIntakterInteSkattepliktiga_2" xlink:title="reference: AndraBokfordaIntakterInteSkattepliktiga to reference_AndraBokfordaIntakterInteSkattepliktiga"/>
    <link:loc xlink:type="locator" xlink:href="se-gen-base-2021-10-31.xsd#se-gen-base_MottagnaKoncernbidragInteRedovisadeResultatet" xlink:label="MottagnaKoncernbidragInteRedovisadeResultatet" xlink:title="MottagnaKoncernbidragInteRedovisadeResultatet"/>
    <link:reference xlink:type="resource" xlink:label="reference_MottagnaKoncernbidragInteRedovisadeResultatet_2" xlink:role="http://www.xbrl.org/2003/role/reference" xlink:title="reference_MottagnaKoncernbidragInteRedovisadeResultatet" id="reference_MottagnaKoncernbidragInteRedovisadeResultatet_8">
      <ref:Name>SFL</ref:Name>
      <ref:Number>2011:1244</ref:Number>
      <ref:Chapter>31</ref:Chapter>
      <ref:Paragraph>2</ref:Paragraph>
      <ref:Subparagraph>2</ref:Subparagraph>
    </link:reference>
    <link:referenceArc xlink:type="arc" xlink:arcrole="http://www.xbrl.org/2003/arcrole/concept-reference" xlink:from="MottagnaKoncernbidragInteRedovisadeResultatet" xlink:to="reference_MottagnaKoncernbidragInteRedovisadeResultatet_2" xlink:title="reference: MottagnaKoncernbidragInteRedovisadeResultatet to reference_MottagnaKoncernbidragInteRedovisadeResultatet"/>
    <link:loc xlink:type="locator" xlink:href="se-gen-base-2021-10-31.xsd#se-gen-base_AndraSkattepliktigaIntakterInteIngarRedovisadeResultatet" xlink:label="AndraSkattepliktigaIntakterInteIngarRedovisadeResultatet" xlink:title="AndraSkattepliktigaIntakterInteIngarRedovisadeResultatet"/>
    <link:reference xlink:type="resource" xlink:label="reference_AndraSkattepliktigaIntakterInteIngarRedovisadeResultatet_2" xlink:role="http://www.xbrl.org/2003/role/reference" xlink:title="reference_AndraSkattepliktigaIntakterInteIngarRedovisadeResultatet" id="reference_AndraSkattepliktigaIntakterInteIngarRedovisadeResultatet_11">
      <ref:Name>SFL</ref:Name>
      <ref:Number>2011:1244</ref:Number>
      <ref:Chapter>31</ref:Chapter>
      <ref:Paragraph>2</ref:Paragraph>
      <ref:Subparagraph>2</ref:Subparagraph>
    </link:reference>
    <link:referenceArc xlink:type="arc" xlink:arcrole="http://www.xbrl.org/2003/arcrole/concept-reference" xlink:from="AndraSkattepliktigaIntakterInteIngarRedovisadeResultatet" xlink:to="reference_AndraSkattepliktigaIntakterInteIngarRedovisadeResultatet_2" xlink:title="reference: AndraSkattepliktigaIntakterInteIngarRedovisadeResultatet to reference_AndraSkattepliktigaIntakterInteIngarRedovisadeResultatet"/>
    <link:loc xlink:type="locator" xlink:href="se-gen-base-2021-10-31.xsd#se-gen-base_BokfordVinstAvyttringDelagarratter" xlink:label="BokfordVinstAvyttringDelagarratter" xlink:title="BokfordVinstAvyttringDelagarratter"/>
    <link:reference xlink:type="resource" xlink:label="reference_BokfordVinstAvyttringDelagarratter_2" xlink:role="http://www.xbrl.org/2003/role/reference" xlink:title="reference_BokfordVinstAvyttringDelagarratter" id="reference_BokfordVinstAvyttringDelagarratter_6">
      <ref:Name>SFL</ref:Name>
      <ref:Number>2011:1244</ref:Number>
      <ref:Chapter>31</ref:Chapter>
      <ref:Paragraph>2</ref:Paragraph>
      <ref:Subparagraph>2</ref:Subparagraph>
    </link:reference>
    <link:referenceArc xlink:type="arc" xlink:arcrole="http://www.xbrl.org/2003/arcrole/concept-reference" xlink:from="BokfordVinstAvyttringDelagarratter" xlink:to="reference_BokfordVinstAvyttringDelagarratter_2" xlink:title="reference: BokfordVinstAvyttringDelagarratter to reference_BokfordVinstAvyttringDelagarratter"/>
    <link:loc xlink:type="locator" xlink:href="se-gen-base-2021-10-31.xsd#se-gen-base_BokfordForlustAvyttringDelagarratter" xlink:label="BokfordForlustAvyttringDelagarratter" xlink:title="BokfordForlustAvyttringDelagarratter"/>
    <link:reference xlink:type="resource" xlink:label="reference_BokfordForlustAvyttringDelagarratter_2" xlink:role="http://www.xbrl.org/2003/role/reference" xlink:title="reference_BokfordForlustAvyttringDelagarratter" id="reference_BokfordForlustAvyttringDelagarratter_6">
      <ref:Name>SFL</ref:Name>
      <ref:Number>2011:1244</ref:Number>
      <ref:Chapter>31</ref:Chapter>
      <ref:Paragraph>2</ref:Paragraph>
      <ref:Subparagraph>2</ref:Subparagraph>
    </link:reference>
    <link:referenceArc xlink:type="arc" xlink:arcrole="http://www.xbrl.org/2003/arcrole/concept-reference" xlink:from="BokfordForlustAvyttringDelagarratter" xlink:to="reference_BokfordForlustAvyttringDelagarratter_2" xlink:title="reference: BokfordForlustAvyttringDelagarratter to reference_BokfordForlustAvyttringDelagarratter"/>
    <link:loc xlink:type="locator" xlink:href="se-gen-base-2021-10-31.xsd#se-gen-base_BokfordaKostnaderInteSkattemassigtAvdragsgillaAbstract" xlink:label="BokfordaKostnaderInteSkattemassigtAvdragsgillaAbstract" xlink:title="BokfordaKostnaderInteSkattemassigtAvdragsgillaAbstract"/>
    <link:reference xlink:type="resource" xlink:label="reference_BokfordaKostnaderInteSkattemassigtAvdragsgillaAbstract" xlink:role="http://www.xbrl.org/2003/role/reference" xlink:title="reference_BokfordaKostnaderInteSkattemassigtAvdragsgillaAbstract" id="reference_BokfordaKostnaderInteSkattemassigtAvdragsgillaAbstract">
      <ref:Name>SFL</ref:Name>
      <ref:Number>2011:1244</ref:Number>
      <ref:Chapter>31</ref:Chapter>
      <ref:Paragraph>2</ref:Paragraph>
      <ref:Subparagraph>2</ref:Subparagraph>
    </link:reference>
    <link:referenceArc xlink:type="arc" xlink:arcrole="http://www.xbrl.org/2003/arcrole/concept-reference" xlink:from="BokfordaKostnaderInteSkattemassigtAvdragsgillaAbstract" xlink:to="reference_BokfordaKostnaderInteSkattemassigtAvdragsgillaAbstract" xlink:title="reference: BokfordaKostnaderInteSkattemassigtAvdragsgillaAbstract to reference_BokfordaKostnaderInteSkattemassigtAvdragsgillaAbstract"/>
    <link:reference xlink:type="resource" xlink:label="reference_BokfordaKostnaderInteSkattemassigtAvdragsgillaAbstract_3" xlink:role="http://www.xbrl.org/2003/role/reference" xlink:title="reference_BokfordaKostnaderInteSkattemassigtAvdragsgillaAbstract" id="reference_BokfordaKostnaderInteSkattemassigtAvdragsgillaAbstract_3">
      <ref:Name>SFL</ref:Name>
      <ref:Number>2011:1244</ref:Number>
      <ref:Chapter>33</ref:Chapter>
      <ref:Paragraph>3</ref:Paragraph>
      <ref:Section>1</ref:Section>
      <ref:Subparagraph>1</ref:Subparagraph>
    </link:reference>
    <link:referenceArc xlink:type="arc" xlink:arcrole="http://www.xbrl.org/2003/arcrole/concept-reference" xlink:from="BokfordaKostnaderInteSkattemassigtAvdragsgillaAbstract" xlink:to="reference_BokfordaKostnaderInteSkattemassigtAvdragsgillaAbstract_3" xlink:title="reference: BokfordaKostnaderInteSkattemassigtAvdragsgillaAbstract to reference_BokfordaKostnaderInteSkattemassigtAvdragsgillaAbstract"/>
    <link:loc xlink:type="locator" xlink:href="se-gen-base-2021-10-31.xsd#se-gen-base_KostnaderSkattemassigtAvdragsgillaInteIngarRedovisadeResultatetAbstract" xlink:label="KostnaderSkattemassigtAvdragsgillaInteIngarRedovisadeResultatetAbstract" xlink:title="KostnaderSkattemassigtAvdragsgillaInteIngarRedovisadeResultatetAbstract"/>
    <link:reference xlink:type="resource" xlink:label="reference_KostnaderSkattemassigtAvdragsgillaInteIngarRedovisadeResultatetAbstract" xlink:role="http://www.xbrl.org/2003/role/reference" xlink:title="reference_KostnaderSkattemassigtAvdragsgillaInteIngarRedovisadeResultatetAbstract" id="reference_KostnaderSkattemassigtAvdragsgillaInteIngarRedovisadeResultatetAbstract">
      <ref:Name>SFL</ref:Name>
      <ref:Number>2011:1244</ref:Number>
      <ref:Chapter>31</ref:Chapter>
      <ref:Paragraph>2</ref:Paragraph>
      <ref:Subparagraph>2</ref:Subparagraph>
    </link:reference>
    <link:referenceArc xlink:type="arc" xlink:arcrole="http://www.xbrl.org/2003/arcrole/concept-reference" xlink:from="KostnaderSkattemassigtAvdragsgillaInteIngarRedovisadeResultatetAbstract" xlink:to="reference_KostnaderSkattemassigtAvdragsgillaInteIngarRedovisadeResultatetAbstract" xlink:title="reference: KostnaderSkattemassigtAvdragsgillaInteIngarRedovisadeResultatetAbstract to reference_KostnaderSkattemassigtAvdragsgillaInteIngarRedovisadeResultatetAbstract"/>
    <link:loc xlink:type="locator" xlink:href="se-gen-base-2021-10-31.xsd#se-gen-base_BokfordaIntakterInteSkattepliktigaAbstract" xlink:label="BokfordaIntakterInteSkattepliktigaAbstract" xlink:title="BokfordaIntakterInteSkattepliktigaAbstract"/>
    <link:reference xlink:type="resource" xlink:label="reference_BokfordaIntakterInteSkattepliktigaAbstract" xlink:role="http://www.xbrl.org/2003/role/reference" xlink:title="reference_BokfordaIntakterInteSkattepliktigaAbstract" id="reference_BokfordaIntakterInteSkattepliktigaAbstract">
      <ref:Name>SFL</ref:Name>
      <ref:Number>2011:1244</ref:Number>
      <ref:Chapter>31</ref:Chapter>
      <ref:Paragraph>2</ref:Paragraph>
      <ref:Subparagraph>2</ref:Subparagraph>
    </link:reference>
    <link:referenceArc xlink:type="arc" xlink:arcrole="http://www.xbrl.org/2003/arcrole/concept-reference" xlink:from="BokfordaIntakterInteSkattepliktigaAbstract" xlink:to="reference_BokfordaIntakterInteSkattepliktigaAbstract" xlink:title="reference: BokfordaIntakterInteSkattepliktigaAbstract to reference_BokfordaIntakterInteSkattepliktigaAbstract"/>
    <link:reference xlink:type="resource" xlink:label="reference_BokfordaIntakterInteSkattepliktigaAbstract_2" xlink:role="http://www.xbrl.org/2003/role/reference" xlink:title="reference_BokfordaIntakterInteSkattepliktigaAbstract" id="reference_BokfordaIntakterInteSkattepliktigaAbstract_2">
      <ref:Name>SFL</ref:Name>
      <ref:Number>2011:1244</ref:Number>
      <ref:Chapter>33</ref:Chapter>
      <ref:Paragraph>3</ref:Paragraph>
      <ref:Section>1</ref:Section>
      <ref:Subparagraph>1</ref:Subparagraph>
    </link:reference>
    <link:referenceArc xlink:type="arc" xlink:arcrole="http://www.xbrl.org/2003/arcrole/concept-reference" xlink:from="BokfordaIntakterInteSkattepliktigaAbstract" xlink:to="reference_BokfordaIntakterInteSkattepliktigaAbstract_2" xlink:title="reference: BokfordaIntakterInteSkattepliktigaAbstract to reference_BokfordaIntakterInteSkattepliktigaAbstract"/>
    <link:loc xlink:type="locator" xlink:href="se-gen-base-2021-10-31.xsd#se-gen-base_LanAktieagareFysiskPersonPeriodensUtgang" xlink:label="LanAktieagareFysiskPersonPeriodensUtgang" xlink:title="LanAktieagareFysiskPersonPeriodensUtgang"/>
    <link:reference xlink:type="resource" xlink:label="reference_LanAktieagareFysiskPersonPeriodensUtgang" xlink:role="http://www.xbrl.org/2003/role/reference" xlink:title="reference_LanAktieagareFysiskPersonPeriodensUtgang" id="reference_LanAktieagareFysiskPersonPeriodensUtgang">
      <ref:Name>SFL</ref:Name>
      <ref:Number>2011:1244</ref:Number>
      <ref:Chapter>31</ref:Chapter>
      <ref:Paragraph>3</ref:Paragraph>
    </link:reference>
    <link:referenceArc xlink:type="arc" xlink:arcrole="http://www.xbrl.org/2003/arcrole/concept-reference" xlink:from="LanAktieagareFysiskPersonPeriodensUtgang" xlink:to="reference_LanAktieagareFysiskPersonPeriodensUtgang" xlink:title="reference: LanAktieagareFysiskPersonPeriodensUtgang to reference_LanAktieagareFysiskPersonPeriodensUtgang"/>
    <link:loc xlink:type="locator" xlink:href="se-gen-base-2021-10-31.xsd#se-gen-base_BokfordIntaktAndelHandelsbolagResultatBokfordRealisationsvinstAvyttringAndelHandelsbolag" xlink:label="BokfordIntaktAndelHandelsbolagResultatBokfordRealisationsvinstAvyttringAndelHandelsbolag" xlink:title="BokfordIntaktAndelHandelsbolagResultatBokfordRealisationsvinstAvyttringAndelHandelsbolag"/>
    <link:reference xlink:type="resource" xlink:label="reference_BokfordIntaktAndelHandelsbolagResultatBokfordRealisationsvinstAvyttringAndelHandelsbolag" xlink:role="http://www.xbrl.org/2003/role/reference" xlink:title="reference_BokfordIntaktAndelHandelsbolagResultatBokfordRealisationsvinstAvyttringAndelHandelsbolag" id="reference_BokfordIntaktAndelHandelsbolagResultatBokfordRealisationsvinstAvyttringAndelHandelsbolag">
      <ref:Name>SFL</ref:Name>
      <ref:Number>2011:1244</ref:Number>
      <ref:Chapter>31</ref:Chapter>
      <ref:Paragraph>2</ref:Paragraph>
      <ref:Subparagraph>2</ref:Subparagraph>
    </link:reference>
    <link:referenceArc xlink:type="arc" xlink:arcrole="http://www.xbrl.org/2003/arcrole/concept-reference" xlink:from="BokfordIntaktAndelHandelsbolagResultatBokfordRealisationsvinstAvyttringAndelHandelsbolag" xlink:to="reference_BokfordIntaktAndelHandelsbolagResultatBokfordRealisationsvinstAvyttringAndelHandelsbolag" xlink:title="reference: BokfordIntaktAndelHandelsbolagResultatBokfordRealisationsvinstAvyttringAndelHandelsbolag to reference_BokfordIntaktAndelHandelsbolagResultatBokfordRealisationsvinstAvyttringAndelHandelsbolag"/>
    <link:loc xlink:type="locator" xlink:href="se-gen-base-2021-10-31.xsd#se-gen-base_BokfordKostnadAndelHandelsbolagResultatBokfordRealisationsforlustAvyttringAndelHandelsbolag" xlink:label="BokfordKostnadAndelHandelsbolagResultatBokfordRealisationsforlustAvyttringAndelHandelsbolag" xlink:title="BokfordKostnadAndelHandelsbolagResultatBokfordRealisationsforlustAvyttringAndelHandelsbolag"/>
    <link:reference xlink:type="resource" xlink:label="reference_BokfordKostnadAndelHandelsbolagResultatBokfordRealisationsforlustAvyttringAndelHandelsbolag" xlink:role="http://www.xbrl.org/2003/role/reference" xlink:title="reference_BokfordKostnadAndelHandelsbolagResultatBokfordRealisationsforlustAvyttringAndelHandelsbolag" id="reference_BokfordKostnadAndelHandelsbolagResultatBokfordRealisationsforlustAvyttringAndelHandelsbolag">
      <ref:Name>SFL</ref:Name>
      <ref:Number>2011:1244</ref:Number>
      <ref:Chapter>31</ref:Chapter>
      <ref:Paragraph>2</ref:Paragraph>
      <ref:Subparagraph>2</ref:Subparagraph>
    </link:reference>
    <link:referenceArc xlink:type="arc" xlink:arcrole="http://www.xbrl.org/2003/arcrole/concept-reference" xlink:from="BokfordKostnadAndelHandelsbolagResultatBokfordRealisationsforlustAvyttringAndelHandelsbolag" xlink:to="reference_BokfordKostnadAndelHandelsbolagResultatBokfordRealisationsforlustAvyttringAndelHandelsbolag" xlink:title="reference: BokfordKostnadAndelHandelsbolagResultatBokfordRealisationsforlustAvyttringAndelHandelsbolag to reference_BokfordKostnadAndelHandelsbolagResultatBokfordRealisationsforlustAvyttringAndelHandelsbolag"/>
    <link:loc xlink:type="locator" xlink:href="se-gen-base-2021-10-31.xsd#se-gen-base_Medlemsavgifter" xlink:label="Medlemsavgifter" xlink:title="Medlemsavgifter"/>
    <link:reference xlink:type="resource" xlink:label="reference_Medlemsavgifter" xlink:role="http://www.xbrl.org/2003/role/reference" xlink:title="reference_Medlemsavgifter" id="reference_Medlemsavgifter_3">
      <ref:Name>SFL</ref:Name>
      <ref:Number>2011:1244</ref:Number>
      <ref:Chapter>33</ref:Chapter>
      <ref:Paragraph>3</ref:Paragraph>
      <ref:Section>1</ref:Section>
      <ref:Subparagraph>1</ref:Subparagraph>
    </link:reference>
    <link:referenceArc xlink:type="arc" xlink:arcrole="http://www.xbrl.org/2003/arcrole/concept-reference" xlink:from="Medlemsavgifter" xlink:to="reference_Medlemsavgifter" xlink:title="reference: Medlemsavgifter to reference_Medlemsavgifter"/>
    <link:loc xlink:type="locator" xlink:href="se-gen-base-2021-10-31.xsd#se-gen-base_PeriodiseringsfonderAbstract" xlink:label="PeriodiseringsfonderAbstract" xlink:title="PeriodiseringsfonderAbstract"/>
    <link:reference xlink:type="resource" xlink:label="reference_PeriodiseringsfonderAbstract" xlink:role="http://www.xbrl.org/2003/role/reference" xlink:title="reference_PeriodiseringsfonderAbstract" id="reference_PeriodiseringsfonderAbstract">
      <ref:Name>SFL</ref:Name>
      <ref:Number>2011:1244</ref:Number>
      <ref:Chapter>31</ref:Chapter>
      <ref:Paragraph>3</ref:Paragraph>
    </link:reference>
    <link:referenceArc xlink:type="arc" xlink:arcrole="http://www.xbrl.org/2003/arcrole/concept-reference" xlink:from="PeriodiseringsfonderAbstract" xlink:to="reference_PeriodiseringsfonderAbstract" xlink:title="reference: PeriodiseringsfonderAbstract to reference_PeriodiseringsfonderAbstract"/>
    <link:loc xlink:type="locator" xlink:href="se-gen-base-2021-10-31.xsd#se-gen-base_DelagareTillskottHandelsbolag" xlink:label="DelagareTillskottHandelsbolag" xlink:title="DelagareTillskottHandelsbolag"/>
    <link:reference xlink:type="resource" xlink:label="reference_DelagareTillskottHandelsbolag" xlink:role="http://www.xbrl.org/2003/role/reference" xlink:title="reference_DelagareTillskottHandelsbolag" id="reference_DelagareTillskottHandelsbolag">
      <ref:Name>SFL</ref:Name>
      <ref:Number>2011:1244</ref:Number>
      <ref:Chapter>31</ref:Chapter>
      <ref:Paragraph>3</ref:Paragraph>
    </link:reference>
    <link:referenceArc xlink:type="arc" xlink:arcrole="http://www.xbrl.org/2003/arcrole/concept-reference" xlink:from="DelagareTillskottHandelsbolag" xlink:to="reference_DelagareTillskottHandelsbolag" xlink:title="reference: DelagareTillskottHandelsbolag to reference_DelagareTillskottHandelsbolag"/>
    <link:loc xlink:type="locator" xlink:href="se-gen-base-2021-10-31.xsd#se-gen-base_DelagareUttagHandelsbolag" xlink:label="DelagareUttagHandelsbolag" xlink:title="DelagareUttagHandelsbolag"/>
    <link:reference xlink:type="resource" xlink:label="reference_DelagareUttagHandelsbolag" xlink:role="http://www.xbrl.org/2003/role/reference" xlink:title="reference_DelagareUttagHandelsbolag" id="reference_DelagareUttagHandelsbolag">
      <ref:Name>SFL</ref:Name>
      <ref:Number>2011:1244</ref:Number>
      <ref:Chapter>31</ref:Chapter>
      <ref:Paragraph>3</ref:Paragraph>
    </link:reference>
    <link:referenceArc xlink:type="arc" xlink:arcrole="http://www.xbrl.org/2003/arcrole/concept-reference" xlink:from="DelagareUttagHandelsbolag" xlink:to="reference_DelagareUttagHandelsbolag" xlink:title="reference: DelagareUttagHandelsbolag to reference_DelagareUttagHandelsbolag"/>
    <link:loc xlink:type="locator" xlink:href="se-gen-base-2021-10-31.xsd#se-gen-base_FastighetensUthyrdaAndelTotalYta" xlink:label="FastighetensUthyrdaAndelTotalYta" xlink:title="FastighetensUthyrdaAndelTotalYta"/>
    <link:reference xlink:type="resource" xlink:label="reference_FastighetensUthyrdaAndelTotalYta" xlink:role="http://www.xbrl.org/2003/role/reference" xlink:title="reference_FastighetensUthyrdaAndelTotalYta" id="reference_FastighetensUthyrdaAndelTotalYta">
      <ref:Name>SFL</ref:Name>
      <ref:Number>2011:1244</ref:Number>
      <ref:Chapter>33</ref:Chapter>
      <ref:Paragraph>3</ref:Paragraph>
      <ref:Section>1</ref:Section>
      <ref:Subparagraph>3</ref:Subparagraph>
    </link:reference>
    <link:referenceArc xlink:type="arc" xlink:arcrole="http://www.xbrl.org/2003/arcrole/concept-reference" xlink:from="FastighetensUthyrdaAndelTotalYta" xlink:to="reference_FastighetensUthyrdaAndelTotalYta" xlink:title="reference: FastighetensUthyrdaAndelTotalYta to reference_FastighetensUthyrdaAndelTotalYta"/>
    <link:loc xlink:type="locator" xlink:href="se-gen-base-2021-10-31.xsd#se-gen-base_FastighetensUthyrdaDelKvadratmeter" xlink:label="FastighetensUthyrdaDelKvadratmeter" xlink:title="FastighetensUthyrdaDelKvadratmeter"/>
    <link:reference xlink:type="resource" xlink:label="reference_FastighetensUthyrdaDelKvadratmeter" xlink:role="http://www.xbrl.org/2003/role/reference" xlink:title="reference_FastighetensUthyrdaDelKvadratmeter" id="reference_FastighetensUthyrdaDelKvadratmeter">
      <ref:Name>SFL</ref:Name>
      <ref:Number>2011:1244</ref:Number>
      <ref:Chapter>33</ref:Chapter>
      <ref:Paragraph>3</ref:Paragraph>
      <ref:Section>1</ref:Section>
      <ref:Subparagraph>3</ref:Subparagraph>
    </link:reference>
    <link:referenceArc xlink:type="arc" xlink:arcrole="http://www.xbrl.org/2003/arcrole/concept-reference" xlink:from="FastighetensUthyrdaDelKvadratmeter" xlink:to="reference_FastighetensUthyrdaDelKvadratmeter" xlink:title="reference: FastighetensUthyrdaDelKvadratmeter to reference_FastighetensUthyrdaDelKvadratmeter"/>
    <link:loc xlink:type="locator" xlink:href="se-gen-base-2021-10-31.xsd#se-gen-base_RedovisadeRanteutgifterAbstract" xlink:label="RedovisadeRanteutgifterAbstract" xlink:title="RedovisadeRanteutgifterAbstract"/>
    <link:reference xlink:type="resource" xlink:label="reference_RedovisadeRanteutgifterAbstract" xlink:role="http://www.xbrl.org/2003/role/reference" xlink:title="reference_RedovisadeRanteutgifterAbstract" id="reference_RedovisadeRanteutgifterAbstract_2">
      <ref:Name>SFL</ref:Name>
      <ref:Number>2011:1244</ref:Number>
      <ref:Chapter>31</ref:Chapter>
      <ref:Paragraph>3</ref:Paragraph>
    </link:reference>
    <link:referenceArc xlink:type="arc" xlink:arcrole="http://www.xbrl.org/2003/arcrole/concept-reference" xlink:from="RedovisadeRanteutgifterAbstract" xlink:to="reference_RedovisadeRanteutgifterAbstract" xlink:title="reference: RedovisadeRanteutgifterAbstract to reference_RedovisadeRanteutgifterAbstract"/>
    <link:loc xlink:type="locator" xlink:href="se-gen-base-2021-10-31.xsd#se-gen-base_RanteutgifterLiknandeResultatposterExklusiveRantalForetagIntressegemenskap" xlink:label="RanteutgifterOchLiknandeResultatposterExklusiveRantaTillForetagIIntressegemenskap" xlink:title="RanteutgifterOchLiknandeResultatposterExklusiveRantaTillForetagIIntressegemenskap"/>
    <link:reference xlink:type="resource" xlink:label="reference_RanteutgifterOchLiknandeResultatposterExklusiveRantaTillForetagIIntressegemenskap" xlink:role="http://www.xbrl.org/2003/role/reference" xlink:title="reference_RanteutgifterOchLiknandeResultatposterExklusiveRantaTillForetagIIntressegemenskap" id="reference_RanteutgifterOchLiknandeResultatposterExklusiveRantaTillForetagIIntressegemenskap_2">
      <ref:Name>SFL</ref:Name>
      <ref:Number>2011:1244</ref:Number>
      <ref:Chapter>31</ref:Chapter>
      <ref:Paragraph>3</ref:Paragraph>
    </link:reference>
    <link:referenceArc xlink:type="arc" xlink:arcrole="http://www.xbrl.org/2003/arcrole/concept-reference" xlink:from="RanteutgifterOchLiknandeResultatposterExklusiveRantaTillForetagIIntressegemenskap" xlink:to="reference_RanteutgifterOchLiknandeResultatposterExklusiveRantaTillForetagIIntressegemenskap" xlink:title="reference: RanteutgifterOchLiknandeResultatposterExklusiveRantaTillForetagIIntressegemenskap to reference_RanteutgifterOchLiknandeResultatposterExklusiveRantaTillForetagIIntressegemenskap"/>
    <link:loc xlink:type="locator" xlink:href="se-gen-base-2021-10-31.xsd#se-gen-base_RanteutgifterForetagIntressegemenskap" xlink:label="RanteutgifterTillForetagIIntressegemenskap" xlink:title="RanteutgifterTillForetagIIntressegemenskap"/>
    <link:reference xlink:type="resource" xlink:label="reference_RanteutgifterTillForetagIIntressegemenskap" xlink:role="http://www.xbrl.org/2003/role/reference" xlink:title="reference_RanteutgifterTillForetagIIntressegemenskap" id="reference_RanteutgifterTillForetagIIntressegemenskap">
      <ref:Name>SFL</ref:Name>
      <ref:Number>2011:1244</ref:Number>
      <ref:Chapter>31</ref:Chapter>
      <ref:Paragraph>3</ref:Paragraph>
    </link:reference>
    <link:referenceArc xlink:type="arc" xlink:arcrole="http://www.xbrl.org/2003/arcrole/concept-reference" xlink:from="RanteutgifterTillForetagIIntressegemenskap" xlink:to="reference_RanteutgifterTillForetagIIntressegemenskap" xlink:title="reference: RanteutgifterTillForetagIIntressegemenskap to reference_RanteutgifterTillForetagIIntressegemenskap"/>
    <link:loc xlink:type="locator" xlink:href="se-gen-base-2021-10-31.xsd#se-gen-base_UpplysningArsredovisningenAbstract" xlink:label="UpplysningArsredovisningenAbstract" xlink:title="UpplysningArsredovisningenAbstract"/>
    <link:reference xlink:type="resource" xlink:label="reference_UpplysningArsredovisningenAbstract" xlink:role="http://www.xbrl.org/2003/role/reference" xlink:title="reference_UpplysningArsredovisningenAbstract" id="reference_UpplysningArsredovisningenAbstract">
      <ref:Name>SFL</ref:Name>
      <ref:Number>2011:1244</ref:Number>
      <ref:Chapter>31</ref:Chapter>
      <ref:Paragraph>9</ref:Paragraph>
    </link:reference>
    <link:referenceArc xlink:type="arc" xlink:arcrole="http://www.xbrl.org/2003/arcrole/concept-reference" xlink:from="UpplysningArsredovisningenAbstract" xlink:to="reference_UpplysningArsredovisningenAbstract" xlink:title="reference: UpplysningArsredovisningenAbstract to reference_UpplysningArsredovisningenAbstract"/>
    <link:loc xlink:type="locator" xlink:href="se-gen-base-2021-10-31.xsd#se-gen-base_UppdragstagareRedovisningskonsultBitrattUpprattandeArsredovisning" xlink:label="UppdragstagareRedovisningskonsultBitrattUpprattandeArsredovisning" xlink:title="UppdragstagareRedovisningskonsultBitrattUpprattandeArsredovisning"/>
    <link:reference xlink:type="resource" xlink:label="reference_UppdragstagareRedovisningskonsultBitrattUpprattandeArsredovisning" xlink:role="http://www.xbrl.org/2003/role/reference" xlink:title="reference_UppdragstagareRedovisningskonsultBitrattUpprattandeArsredovisning" id="reference_UppdragstagareRedovisningskonsultBitrattUpprattandeArsredovisning">
      <ref:Name>SFL</ref:Name>
      <ref:Number>2011:1244</ref:Number>
      <ref:Chapter>31</ref:Chapter>
      <ref:Paragraph>9</ref:Paragraph>
      <ref:Subparagraph>1</ref:Subparagraph>
    </link:reference>
    <link:referenceArc xlink:type="arc" xlink:arcrole="http://www.xbrl.org/2003/arcrole/concept-reference" xlink:from="UppdragstagareRedovisningskonsultBitrattUpprattandeArsredovisning" xlink:to="reference_UppdragstagareRedovisningskonsultBitrattUpprattandeArsredovisning" xlink:title="reference: UppdragstagareRedovisningskonsultBitrattUpprattandeArsredovisning to reference_UppdragstagareRedovisningskonsultBitrattUpprattandeArsredovisning"/>
    <link:loc xlink:type="locator" xlink:href="se-gen-base-2021-10-31.xsd#se-gen-base_ArsredovisningForemalRevision" xlink:label="ArsredovisningForemalRevision" xlink:title="ArsredovisningForemalRevision"/>
    <link:reference xlink:type="resource" xlink:label="reference_ArsredovisningForemalRevision" xlink:role="http://www.xbrl.org/2003/role/reference" xlink:title="reference_ArsredovisningForemalRevision" id="reference_ArsredovisningForemalRevision">
      <ref:Name>SFL</ref:Name>
      <ref:Number>2011:1244</ref:Number>
      <ref:Chapter>31</ref:Chapter>
      <ref:Paragraph>9</ref:Paragraph>
      <ref:Subparagraph>2</ref:Subparagraph>
    </link:reference>
    <link:referenceArc xlink:type="arc" xlink:arcrole="http://www.xbrl.org/2003/arcrole/concept-reference" xlink:from="ArsredovisningForemalRevision" xlink:to="reference_ArsredovisningForemalRevision" xlink:title="reference: ArsredovisningForemalRevision to reference_ArsredovisningForemalRevision"/>
    <link:loc xlink:type="locator" xlink:href="se-gen-base-2021-10-31.xsd#se-gen-base_RedovisadeRanteinkomsterLiknandeResultatposter" xlink:label="RedovisadeRanteinkomsterOchLiknandeResultatposter" xlink:title="RedovisadeRanteinkomsterOchLiknandeResultatposter"/>
    <link:reference xlink:type="resource" xlink:label="reference_RedovisadeRanteinkomsterOchLiknandeResultatposter" xlink:role="http://www.xbrl.org/2003/role/reference" xlink:title="reference_RedovisadeRanteinkomsterOchLiknandeResultatposter" id="reference_RedovisadeRanteinkomsterOchLiknandeResultatposter">
      <ref:Name>SFL</ref:Name>
      <ref:Number>2011:1244</ref:Number>
      <ref:Chapter>31</ref:Chapter>
      <ref:Paragraph>3</ref:Paragraph>
    </link:reference>
    <link:referenceArc xlink:type="arc" xlink:arcrole="http://www.xbrl.org/2003/arcrole/concept-reference" xlink:from="RedovisadeRanteinkomsterOchLiknandeResultatposter" xlink:to="reference_RedovisadeRanteinkomsterOchLiknandeResultatposter" xlink:title="reference: RedovisadeRanteinkomsterOchLiknandeResultatposter to reference_RedovisadeRanteinkomsterOchLiknandeResultatposter"/>
  </link:referenceLink>
</link:linkbase>
