<?xml version="1.0" encoding="UTF-8"?>
<!-- Generated by Fujitsu Interstage XWand B0255 -->
<link:linkbase xmlns:xsi="http://www.w3.org/2001/XMLSchema-instance" xsi:schemaLocation="http://www.xbrl.org/2003/linkbase http://www.xbrl.org/2003/xbrl-linkbase-2003-12-31.xsd" xmlns:se-gen-base="http://www.taxonomier.se/se/fr/gen-base/2021-10-31" xmlns:link="http://www.xbrl.org/2003/linkbase" xmlns:xlink="http://www.w3.org/1999/xlink" xmlns:xbrli="http://www.xbrl.org/2003/instance">
  <link:labelLink xlink:type="extended" xlink:role="http://www.xbrl.org/2003/role/link">
    <link:loc xlink:type="locator" xlink:href="se-gen-base-2021-10-31.xsd#se-gen-base_KvartaletsKundfordringarLeverantorsskulderMmAbstract" xlink:label="KvartaletsKundfordringarLeverantorsskulderMmAbstract" xlink:title="KvartaletsKundfordringarLeverantorsskulderMmAbstract"/>
    <link:label xlink:type="resource" xlink:label="label_KvartaletsKundfordringarLeverantorsskulderMmAbstract" xlink:role="http://www.xbrl.org/2003/role/verboseLabel" xlink:title="label_KvartaletsKundfordringarLeverantorsskulderMmAbstract" xml:lang="sv" id="label_KvartaletsKundfordringarLeverantorsskulderMmAbstract">Kvartalets kundfordringar och leverantörsskulder m.m. (Presentation)</link:label>
    <link:labelArc xlink:type="arc" xlink:arcrole="http://www.xbrl.org/2003/arcrole/concept-label" xlink:from="KvartaletsKundfordringarLeverantorsskulderMmAbstract" xlink:to="label_KvartaletsKundfordringarLeverantorsskulderMmAbstract" xlink:title="label: KvartaletsKundfordringarLeverantorsskulderMmAbstract to label_KvartaletsKundfordringarLeverantorsskulderMmAbstract"/>
    <link:loc xlink:type="locator" xlink:href="se-gen-base-2021-10-31.xsd#se-gen-base_KvartaletsFinansiellaTillgangarSkulderAbstract" xlink:label="KvartaletsFinansiellaTillgangarSkulderAbstract" xlink:title="KvartaletsFinansiellaTillgangarSkulderAbstract"/>
    <link:label xlink:type="resource" xlink:label="label_KvartaletsFinansiellaTillgangarSkulderAbstract" xlink:role="http://www.xbrl.org/2003/role/verboseLabel" xlink:title="label_KvartaletsFinansiellaTillgangarSkulderAbstract" xml:lang="sv" id="label_KvartaletsFinansiellaTillgangarSkulderAbstract">Kvartalets finansiella tillgångar och skulder (Presentation)</link:label>
    <link:labelArc xlink:type="arc" xlink:arcrole="http://www.xbrl.org/2003/arcrole/concept-label" xlink:from="KvartaletsFinansiellaTillgangarSkulderAbstract" xlink:to="label_KvartaletsFinansiellaTillgangarSkulderAbstract" xlink:title="label: KvartaletsFinansiellaTillgangarSkulderAbstract to label_KvartaletsFinansiellaTillgangarSkulderAbstract"/>
    <link:loc xlink:type="locator" xlink:href="se-gen-base-2021-10-31.xsd#se-gen-base_ForvaltningsberattelseAbstract" xlink:label="ForvaltningsberattelseAbstract" xlink:title="ForvaltningsberattelseAbstract"/>
    <link:label xlink:type="resource" xlink:label="label_ForvaltningsberattelseAbstract" xlink:role="http://www.xbrl.org/2003/role/verboseLabel" xlink:title="label_ForvaltningsberattelseAbstract" xml:lang="sv" id="label_ForvaltningsberattelseAbstract">Förvaltningsberättelse (Presentation)</link:label>
    <link:labelArc xlink:type="arc" xlink:arcrole="http://www.xbrl.org/2003/arcrole/concept-label" xlink:from="ForvaltningsberattelseAbstract" xlink:to="label_ForvaltningsberattelseAbstract" xlink:title="label: ForvaltningsberattelseAbstract to label_ForvaltningsberattelseAbstract"/>
    <link:loc xlink:type="locator" xlink:href="se-gen-base-2021-10-31.xsd#se-gen-base_ForandringEgetKapitalAbstract" xlink:label="ForandringEgetKapitalAbstract" xlink:title="ForandringEgetKapitalAbstract"/>
    <link:label xlink:type="resource" xlink:label="label_ForandringEgetKapitalAbstract" xlink:role="http://www.xbrl.org/2003/role/verboseLabel" xlink:title="label_ForandringEgetKapitalAbstract" xml:lang="sv" id="label_ForandringEgetKapitalAbstract">Förändringar i eget kapital (Presentation)</link:label>
    <link:labelArc xlink:type="arc" xlink:arcrole="http://www.xbrl.org/2003/arcrole/concept-label" xlink:from="ForandringEgetKapitalAbstract" xlink:to="label_ForandringEgetKapitalAbstract" xlink:title="label: ForandringEgetKapitalAbstract to label_ForandringEgetKapitalAbstract"/>
    <link:loc xlink:type="locator" xlink:href="se-gen-base-2021-10-31.xsd#se-gen-base_ResultatrakningKostnadsslagsindeladAbstract" xlink:label="ResultatrakningKostnadsslagsindeladAbstract" xlink:title="ResultatrakningKostnadsslagsindeladAbstract"/>
    <link:label xlink:type="resource" xlink:label="label_ResultatrakningKostnadsslagsindeladAbstract" xlink:role="http://www.xbrl.org/2003/role/verboseLabel" xlink:title="label_ResultatrakningKostnadsslagsindeladAbstract" xml:lang="sv" id="label_ResultatrakningKostnadsslagsindeladAbstract">Kostnadsslagsindelad resultaträkning (Presentation)</link:label>
    <link:labelArc xlink:type="arc" xlink:arcrole="http://www.xbrl.org/2003/arcrole/concept-label" xlink:from="ResultatrakningKostnadsslagsindeladAbstract" xlink:to="label_ResultatrakningKostnadsslagsindeladAbstract" xlink:title="label: ResultatrakningKostnadsslagsindeladAbstract to label_ResultatrakningKostnadsslagsindeladAbstract"/>
    <link:loc xlink:type="locator" xlink:href="se-gen-base-2021-10-31.xsd#se-gen-base_ResultatrakningKostnadsslagsindeladForkortadAbstract" xlink:label="ResultatrakningKostnadsslagsindeladForkortadAbstract" xlink:title="ResultatrakningKostnadsslagsindeladForkortadAbstract"/>
    <link:label xlink:type="resource" xlink:label="label_ResultatrakningKostnadsslagsindeladForkortadAbstract" xlink:role="http://www.xbrl.org/2003/role/verboseLabel" xlink:title="label_ResultatrakningKostnadsslagsindeladForkortadAbstract" xml:lang="sv" id="label_ResultatrakningKostnadsslagsindeladForkortadAbstract">Förkortad kostnadsslagsindelad resultaträkning (Presentation)</link:label>
    <link:labelArc xlink:type="arc" xlink:arcrole="http://www.xbrl.org/2003/arcrole/concept-label" xlink:from="ResultatrakningKostnadsslagsindeladForkortadAbstract" xlink:to="label_ResultatrakningKostnadsslagsindeladForkortadAbstract" xlink:title="label: ResultatrakningKostnadsslagsindeladForkortadAbstract to label_ResultatrakningKostnadsslagsindeladForkortadAbstract"/>
    <link:loc xlink:type="locator" xlink:href="se-gen-base-2021-10-31.xsd#se-gen-base_ResultatrakningFunktionsindeladAbstract" xlink:label="ResultatrakningFunktionsindeladAbstract" xlink:title="ResultatrakningFunktionsindeladAbstract"/>
    <link:label xlink:type="resource" xlink:label="label_ResultatrakningFunktionsindeladAbstract" xlink:role="http://www.xbrl.org/2003/role/verboseLabel" xlink:title="label_ResultatrakningFunktionsindeladAbstract" xml:lang="sv" id="label_ResultatrakningFunktionsindeladAbstract">Funktionsindelad resultaträkning (Presentation)</link:label>
    <link:labelArc xlink:type="arc" xlink:arcrole="http://www.xbrl.org/2003/arcrole/concept-label" xlink:from="ResultatrakningFunktionsindeladAbstract" xlink:to="label_ResultatrakningFunktionsindeladAbstract" xlink:title="label: ResultatrakningFunktionsindeladAbstract to label_ResultatrakningFunktionsindeladAbstract"/>
    <link:loc xlink:type="locator" xlink:href="se-gen-base-2021-10-31.xsd#se-gen-base_ResultatrakningFunktionsindeladForkortadAbstract" xlink:label="ResultatrakningFunktionsindeladForkortadAbstract" xlink:title="ResultatrakningFunktionsindeladForkortadAbstract"/>
    <link:label xlink:type="resource" xlink:label="label_ResultatrakningFunktionsindeladForkortadAbstract" xlink:role="http://www.xbrl.org/2003/role/verboseLabel" xlink:title="label_ResultatrakningFunktionsindeladForkortadAbstract" xml:lang="sv" id="label_ResultatrakningFunktionsindeladForkortadAbstract">Förkortad funktionsindelad resultaträkning (Presentation)</link:label>
    <link:labelArc xlink:type="arc" xlink:arcrole="http://www.xbrl.org/2003/arcrole/concept-label" xlink:from="ResultatrakningFunktionsindeladForkortadAbstract" xlink:to="label_ResultatrakningFunktionsindeladForkortadAbstract" xlink:title="label: ResultatrakningFunktionsindeladForkortadAbstract to label_ResultatrakningFunktionsindeladForkortadAbstract"/>
    <link:loc xlink:type="locator" xlink:href="se-gen-base-2021-10-31.xsd#se-gen-base_BalansrakningAbstract" xlink:label="BalansrakningAbstract" xlink:title="BalansrakningAbstract"/>
    <link:label xlink:type="resource" xlink:label="label_BalansrakningAbstract" xlink:role="http://www.xbrl.org/2003/role/verboseLabel" xlink:title="label_BalansrakningAbstract" xml:lang="sv" id="label_BalansrakningAbstract">Balansräkning (Presentation)</link:label>
    <link:labelArc xlink:type="arc" xlink:arcrole="http://www.xbrl.org/2003/arcrole/concept-label" xlink:from="BalansrakningAbstract" xlink:to="label_BalansrakningAbstract" xlink:title="label: BalansrakningAbstract to label_BalansrakningAbstract"/>
    <link:loc xlink:type="locator" xlink:href="se-gen-base-2021-10-31.xsd#se-gen-base_BalansrakningForkortadAbstract" xlink:label="BalansrakningForkortadAbstract" xlink:title="BalansrakningForkortadAbstract"/>
    <link:label xlink:type="resource" xlink:label="label_BalansrakningForkortadAbstract" xlink:role="http://www.xbrl.org/2003/role/verboseLabel" xlink:title="label_BalansrakningForkortadAbstract" xml:lang="sv" id="label_BalansrakningForkortadAbstract">Förkortad balansräkning (Presentation)</link:label>
    <link:labelArc xlink:type="arc" xlink:arcrole="http://www.xbrl.org/2003/arcrole/concept-label" xlink:from="BalansrakningForkortadAbstract" xlink:to="label_BalansrakningForkortadAbstract" xlink:title="label: BalansrakningForkortadAbstract to label_BalansrakningForkortadAbstract"/>
    <link:loc xlink:type="locator" xlink:href="se-gen-base-2021-10-31.xsd#se-gen-base_NoterAbstract" xlink:label="NoterAbstract" xlink:title="NoterAbstract"/>
    <link:label xlink:type="resource" xlink:label="label_NoterAbstract" xlink:role="http://www.xbrl.org/2003/role/verboseLabel" xlink:title="label_NoterAbstract" xml:lang="sv" id="label_NoterAbstract">Noter (Presentation)</link:label>
    <link:labelArc xlink:type="arc" xlink:arcrole="http://www.xbrl.org/2003/arcrole/concept-label" xlink:from="NoterAbstract" xlink:to="label_NoterAbstract" xlink:title="label: NoterAbstract to label_NoterAbstract"/>
    <link:loc xlink:type="locator" xlink:href="se-gen-base-2021-10-31.xsd#se-gen-base_UndertecknandeForetradareRevisionspateckningAbstract" xlink:label="UndertecknandeForetradareRevisionspateckningAbstract" xlink:title="UndertecknandeForetradareRevisionspateckningAbstract"/>
    <link:label xlink:type="resource" xlink:label="label_UndertecknandeForetradareRevisionspateckningAbstract" xlink:role="http://www.xbrl.org/2003/role/verboseLabel" xlink:title="label_UndertecknandeForetradareRevisionspateckningAbstract" xml:lang="sv" id="label_UndertecknandeForetradareRevisionspateckningAbstract">Undertecknande av företrädare och revisionspåteckning (Presentation)</link:label>
    <link:labelArc xlink:type="arc" xlink:arcrole="http://www.xbrl.org/2003/arcrole/concept-label" xlink:from="UndertecknandeForetradareRevisionspateckningAbstract" xlink:to="label_UndertecknandeForetradareRevisionspateckningAbstract" xlink:title="label: UndertecknandeForetradareRevisionspateckningAbstract to label_UndertecknandeForetradareRevisionspateckningAbstract"/>
    <link:loc xlink:type="locator" xlink:href="se-gen-base-2021-10-31.xsd#se-gen-base_InvesteringForsaljningMateriellaAnlaggningstillgangarAbstract" xlink:label="InvesteringForsaljningMateriellaAnlaggningstillgangarAbstract" xlink:title="InvesteringForsaljningMateriellaAnlaggningstillgangarAbstract"/>
    <link:label xlink:type="resource" xlink:label="label_InvesteringForsaljningMateriellaAnlaggningstillgangarAbstract" xlink:role="http://www.xbrl.org/2003/role/verboseLabel" xlink:title="label_InvesteringForsaljningMateriellaAnlaggningstillgangarAbstract" xml:lang="sv" id="label_InvesteringForsaljningMateriellaAnlaggningstillgangarAbstract">Investeringar och försäljningar av materiella anläggningstillgångar (Presentation)</link:label>
    <link:labelArc xlink:type="arc" xlink:arcrole="http://www.xbrl.org/2003/arcrole/concept-label" xlink:from="InvesteringForsaljningMateriellaAnlaggningstillgangarAbstract" xlink:to="label_InvesteringForsaljningMateriellaAnlaggningstillgangarAbstract" xlink:title="label: InvesteringForsaljningMateriellaAnlaggningstillgangarAbstract to label_InvesteringForsaljningMateriellaAnlaggningstillgangarAbstract"/>
    <link:loc xlink:type="locator" xlink:href="se-gen-base-2021-10-31.xsd#se-gen-base_InvesteringarMateriellaAnlaggningstillgangarAbstract" xlink:label="InvesteringarMateriellaAnlaggningstillgangarAbstract" xlink:title="InvesteringarMateriellaAnlaggningstillgangarAbstract"/>
    <link:label xlink:type="resource" xlink:label="label_InvesteringarMateriellaAnlaggningstillgangarAbstract" xlink:role="http://www.xbrl.org/2003/role/verboseLabel" xlink:title="label_InvesteringarMateriellaAnlaggningstillgangarAbstract" xml:lang="sv" id="label_InvesteringarMateriellaAnlaggningstillgangarAbstract">Investeringar i materiella anläggningstillgångar (Presentation)</link:label>
    <link:labelArc xlink:type="arc" xlink:arcrole="http://www.xbrl.org/2003/arcrole/concept-label" xlink:from="InvesteringarMateriellaAnlaggningstillgangarAbstract" xlink:to="label_InvesteringarMateriellaAnlaggningstillgangarAbstract" xlink:title="label: InvesteringarMateriellaAnlaggningstillgangarAbstract to label_InvesteringarMateriellaAnlaggningstillgangarAbstract"/>
    <link:loc xlink:type="locator" xlink:href="se-gen-base-2021-10-31.xsd#se-gen-base_LagerMmAbstract" xlink:label="LagerMmAbstract" xlink:title="LagerMmAbstract"/>
    <link:label xlink:type="resource" xlink:label="label_LagerMmAbstract" xlink:role="http://www.xbrl.org/2003/role/verboseLabel" xlink:title="label_LagerMmAbstract" xml:lang="sv" id="label_LagerMmAbstract">Specifikation av varulager m.m. (Presentation)</link:label>
    <link:labelArc xlink:type="arc" xlink:arcrole="http://www.xbrl.org/2003/arcrole/concept-label" xlink:from="LagerMmAbstract" xlink:to="label_LagerMmAbstract" xlink:title="label: LagerMmAbstract to label_LagerMmAbstract"/>
    <link:loc xlink:type="locator" xlink:href="se-gen-base-2021-10-31.xsd#se-gen-base_InvesteringarMateriellaAnlaggningstillgangarMmPrognosAbstract" xlink:label="InvesteringarMateriellaAnlaggningstillgangarMmPrognosAbstract" xlink:title="InvesteringarMateriellaAnlaggningstillgangarMmPrognosAbstract"/>
    <link:label xlink:type="resource" xlink:label="label_InvesteringarMateriellaAnlaggningstillgangarMmPrognosAbstract" xlink:role="http://www.xbrl.org/2003/role/verboseLabel" xlink:title="label_InvesteringarMateriellaAnlaggningstillgangarMmPrognosAbstract" xml:lang="sv" id="label_InvesteringarMateriellaAnlaggningstillgangarMmPrognosAbstract">Prognos för investeringar i materiella anläggningstillgångar (Presentation)</link:label>
    <link:labelArc xlink:type="arc" xlink:arcrole="http://www.xbrl.org/2003/arcrole/concept-label" xlink:from="InvesteringarMateriellaAnlaggningstillgangarMmPrognosAbstract" xlink:to="label_InvesteringarMateriellaAnlaggningstillgangarMmPrognosAbstract" xlink:title="label: InvesteringarMateriellaAnlaggningstillgangarMmPrognosAbstract to label_InvesteringarMateriellaAnlaggningstillgangarMmPrognosAbstract"/>
    <link:loc xlink:type="locator" xlink:href="se-gen-base-2021-10-31.xsd#se-gen-base_KvartaletsRorelseresultatAbstract" xlink:label="KvartaletsRorelseresultatAbstract" xlink:title="KvartaletsRorelseresultatAbstract"/>
    <link:label xlink:type="resource" xlink:label="label_KvartaletsRorelseresultatAbstract" xlink:role="http://www.xbrl.org/2003/role/verboseLabel" xlink:title="label_KvartaletsRorelseresultatAbstract" xml:lang="sv" id="label_KvartaletsRorelseresultatAbstract">Kvartalets rörelseresultat (Presentation)</link:label>
    <link:labelArc xlink:type="arc" xlink:arcrole="http://www.xbrl.org/2003/arcrole/concept-label" xlink:from="KvartaletsRorelseresultatAbstract" xlink:to="label_KvartaletsRorelseresultatAbstract" xlink:title="label: KvartaletsRorelseresultatAbstract to label_KvartaletsRorelseresultatAbstract"/>
    <link:loc xlink:type="locator" xlink:href="se-gen-base-2021-10-31.xsd#se-gen-base_ManadensNettoomsattningAbstract" xlink:label="ManadensNettoomsattningAbstract" xlink:title="ManadensNettoomsattningAbstract"/>
    <link:label xlink:type="resource" xlink:label="label_ManadensNettoomsattningAbstract" xlink:role="http://www.xbrl.org/2003/role/verboseLabel" xlink:title="label_ManadensNettoomsattningAbstract" xml:lang="sv" id="label_ManadensNettoomsattningAbstract">Månadens nettoomsättning (Presentation)</link:label>
    <link:labelArc xlink:type="arc" xlink:arcrole="http://www.xbrl.org/2003/arcrole/concept-label" xlink:from="ManadensNettoomsattningAbstract" xlink:to="label_ManadensNettoomsattningAbstract" xlink:title="label: ManadensNettoomsattningAbstract to label_ManadensNettoomsattningAbstract"/>
    <link:loc xlink:type="locator" xlink:href="se-gen-base-2021-10-31.xsd#se-gen-base_ForandringEgetKapitalKoncernAbstract" xlink:label="ForandringEgetKapitalKoncernAbstract" xlink:title="ForandringEgetKapitalKoncernAbstract"/>
    <link:label xlink:type="resource" xlink:label="label_ForandringEgetKapitalKoncernAbstract" xlink:role="http://www.xbrl.org/2003/role/verboseLabel" xlink:title="label_ForandringEgetKapitalKoncernAbstract" xml:lang="sv" id="label_ForandringEgetKapitalKoncernAbstract">Koncernens förändringar i eget kapital (Presentation)</link:label>
    <link:labelArc xlink:type="arc" xlink:arcrole="http://www.xbrl.org/2003/arcrole/concept-label" xlink:from="ForandringEgetKapitalKoncernAbstract" xlink:to="label_ForandringEgetKapitalKoncernAbstract" xlink:title="label: ForandringEgetKapitalKoncernAbstract to label_ForandringEgetKapitalKoncernAbstract"/>
    <link:loc xlink:type="locator" xlink:href="se-gen-base-2021-10-31.xsd#se-gen-base_ResultatrakningKostnadsslagsindeladKoncernAbstract" xlink:label="ResultatrakningKostnadsslagsindeladKoncernAbstract" xlink:title="ResultatrakningKostnadsslagsindeladKoncernAbstract"/>
    <link:label xlink:type="resource" xlink:label="label_ResultatrakningKostnadsslagsindeladKoncernAbstract" xlink:role="http://www.xbrl.org/2003/role/verboseLabel" xlink:title="label_ResultatrakningKostnadsslagsindeladKoncernAbstract" xml:lang="sv" id="label_ResultatrakningKostnadsslagsindeladKoncernAbstract">Koncernens kostnadsslagsindelad resultaträkning (Presentation)</link:label>
    <link:labelArc xlink:type="arc" xlink:arcrole="http://www.xbrl.org/2003/arcrole/concept-label" xlink:from="ResultatrakningKostnadsslagsindeladKoncernAbstract" xlink:to="label_ResultatrakningKostnadsslagsindeladKoncernAbstract" xlink:title="label: ResultatrakningKostnadsslagsindeladKoncernAbstract to label_ResultatrakningKostnadsslagsindeladKoncernAbstract"/>
    <link:loc xlink:type="locator" xlink:href="se-gen-base-2021-10-31.xsd#se-gen-base_ResultatrakningFunktionsindeladKoncernAbstract" xlink:label="ResultatrakningFunktionsindeladKoncernAbstract" xlink:title="ResultatrakningFunktionsindeladKoncernAbstract"/>
    <link:label xlink:type="resource" xlink:label="label_ResultatrakningFunktionsindeladKoncernAbstract" xlink:role="http://www.xbrl.org/2003/role/verboseLabel" xlink:title="label_ResultatrakningFunktionsindeladKoncernAbstract" xml:lang="sv" id="label_ResultatrakningFunktionsindeladKoncernAbstract">Koncernens funktionsindelad resultaträkning (Presentation)</link:label>
    <link:labelArc xlink:type="arc" xlink:arcrole="http://www.xbrl.org/2003/arcrole/concept-label" xlink:from="ResultatrakningFunktionsindeladKoncernAbstract" xlink:to="label_ResultatrakningFunktionsindeladKoncernAbstract" xlink:title="label: ResultatrakningFunktionsindeladKoncernAbstract to label_ResultatrakningFunktionsindeladKoncernAbstract"/>
    <link:loc xlink:type="locator" xlink:href="se-gen-base-2021-10-31.xsd#se-gen-base_BalansrakningKoncernAbstract" xlink:label="BalansrakningKoncernAbstract" xlink:title="BalansrakningKoncernAbstract"/>
    <link:label xlink:type="resource" xlink:label="label_BalansrakningKoncernAbstract" xlink:role="http://www.xbrl.org/2003/role/verboseLabel" xlink:title="label_BalansrakningKoncernAbstract" xml:lang="sv" id="label_BalansrakningKoncernAbstract">Koncernens balansräkning (Presentation)</link:label>
    <link:labelArc xlink:type="arc" xlink:arcrole="http://www.xbrl.org/2003/arcrole/concept-label" xlink:from="BalansrakningKoncernAbstract" xlink:to="label_BalansrakningKoncernAbstract" xlink:title="label: BalansrakningKoncernAbstract to label_BalansrakningKoncernAbstract"/>
    <link:loc xlink:type="locator" xlink:href="se-gen-base-2021-10-31.xsd#se-gen-base_KassaflodesanalysIndirektKoncernAbstract" xlink:label="KassaflodesanalysIndirektKoncernAbstract" xlink:title="KassaflodesanalysIndirektKoncernAbstract"/>
    <link:label xlink:type="resource" xlink:label="label_KassaflodesanalysIndirektKoncernAbstract" xlink:role="http://www.xbrl.org/2003/role/verboseLabel" xlink:title="label_KassaflodesanalysIndirektKoncernAbstract" xml:lang="sv" id="label_KassaflodesanalysIndirektKoncernAbstract">Koncernens kassaflödesanalys indirekt metod (Presentation)</link:label>
    <link:labelArc xlink:type="arc" xlink:arcrole="http://www.xbrl.org/2003/arcrole/concept-label" xlink:from="KassaflodesanalysIndirektKoncernAbstract" xlink:to="label_KassaflodesanalysIndirektKoncernAbstract" xlink:title="label: KassaflodesanalysIndirektKoncernAbstract to label_KassaflodesanalysIndirektKoncernAbstract"/>
    <link:loc xlink:type="locator" xlink:href="se-gen-base-2021-10-31.xsd#se-gen-base_KassaflodesanalysIndirektAbstract" xlink:label="KassaflodesanalysIndirektAbstract" xlink:title="KassaflodesanalysIndirektAbstract"/>
    <link:label xlink:type="resource" xlink:label="label_KassaflodesanalysIndirektAbstract" xlink:role="http://www.xbrl.org/2003/role/verboseLabel" xlink:title="label_KassaflodesanalysIndirektAbstract" xml:lang="sv" id="label_KassaflodesanalysIndirektAbstract">Kassaflödesanalys indirekt metod (Presentation)</link:label>
    <link:labelArc xlink:type="arc" xlink:arcrole="http://www.xbrl.org/2003/arcrole/concept-label" xlink:from="KassaflodesanalysIndirektAbstract" xlink:to="label_KassaflodesanalysIndirektAbstract" xlink:title="label: KassaflodesanalysIndirektAbstract to label_KassaflodesanalysIndirektAbstract"/>
    <link:loc xlink:type="locator" xlink:href="se-gen-base-2021-10-31.xsd#se-gen-base_ManadensOrderingangAbstract" xlink:label="ManadensOrderingangAbstract" xlink:title="ManadensOrderingangAbstract"/>
    <link:label xlink:type="resource" xlink:label="label_ManadensOrderingangAbstract" xlink:role="http://www.xbrl.org/2003/role/verboseLabel" xlink:title="label_ManadensOrderingangAbstract" xml:lang="sv" id="label_ManadensOrderingangAbstract">Månadens orderingång för industriverksamheten (Presentation)</link:label>
    <link:labelArc xlink:type="arc" xlink:arcrole="http://www.xbrl.org/2003/arcrole/concept-label" xlink:from="ManadensOrderingangAbstract" xlink:to="label_ManadensOrderingangAbstract" xlink:title="label: ManadensOrderingangAbstract to label_ManadensOrderingangAbstract"/>
    <link:loc xlink:type="locator" xlink:href="se-gen-base-2021-10-31.xsd#se-gen-base_KapacitetsutnyttjandeIndustrinAbstract" xlink:label="KapacitetsutnyttjandeIndustrinAbstract" xlink:title="KapacitetsutnyttjandeIndustrinAbstract"/>
    <link:label xlink:type="resource" xlink:label="label_KapacitetsutnyttjandeIndustrinAbstract" xlink:role="http://www.xbrl.org/2003/role/verboseLabel" xlink:title="label_KapacitetsutnyttjandeIndustrinAbstract" xml:lang="sv" id="label_KapacitetsutnyttjandeIndustrinAbstract">Kapacitetsutnyttjande inom industriverksamheten (Presentation)</link:label>
    <link:labelArc xlink:type="arc" xlink:arcrole="http://www.xbrl.org/2003/arcrole/concept-label" xlink:from="KapacitetsutnyttjandeIndustrinAbstract" xlink:to="label_KapacitetsutnyttjandeIndustrinAbstract" xlink:title="label: KapacitetsutnyttjandeIndustrinAbstract to label_KapacitetsutnyttjandeIndustrinAbstract"/>
    <link:loc xlink:type="locator" xlink:href="se-gen-base-2021-10-31.xsd#se-gen-base_KvartaletsInvesteringarMateriellaAnlaggningstillgangarAbstract" xlink:label="KvartaletsInvesteringarMateriellaAnlaggningstillgangarAbstract" xlink:title="KvartaletsInvesteringarMateriellaAnlaggningstillgangarAbstract"/>
    <link:label xlink:type="resource" xlink:label="label_KvartaletsInvesteringarMateriellaAnlaggningstillgangarAbstract" xlink:role="http://www.xbrl.org/2003/role/verboseLabel" xlink:title="label_KvartaletsInvesteringarMateriellaAnlaggningstillgangarAbstract" xml:lang="sv" id="label_KvartaletsInvesteringarMateriellaAnlaggningstillgangarAbstract">Kvartalets investeringar i materiella anläggningstillgångar (Presentation)</link:label>
    <link:labelArc xlink:type="arc" xlink:arcrole="http://www.xbrl.org/2003/arcrole/concept-label" xlink:from="KvartaletsInvesteringarMateriellaAnlaggningstillgangarAbstract" xlink:to="label_KvartaletsInvesteringarMateriellaAnlaggningstillgangarAbstract" xlink:title="label: KvartaletsInvesteringarMateriellaAnlaggningstillgangarAbstract to label_KvartaletsInvesteringarMateriellaAnlaggningstillgangarAbstract"/>
    <link:loc xlink:type="locator" xlink:href="se-gen-base-2021-10-31.xsd#se-gen-base_KvartaletsVarulagerMmAbstract" xlink:label="KvartaletsVarulagerMmAbstract" xlink:title="KvartaletsVarulagerMmAbstract"/>
    <link:label xlink:type="resource" xlink:label="label_KvartaletsVarulagerMmAbstract" xlink:role="http://www.xbrl.org/2003/role/verboseLabel" xlink:title="label_KvartaletsVarulagerMmAbstract" xml:lang="sv" id="label_KvartaletsVarulagerMmAbstract">Kvartalets varulager m.m. (Presentation)</link:label>
    <link:labelArc xlink:type="arc" xlink:arcrole="http://www.xbrl.org/2003/arcrole/concept-label" xlink:from="KvartaletsVarulagerMmAbstract" xlink:to="label_KvartaletsVarulagerMmAbstract" xlink:title="label: KvartaletsVarulagerMmAbstract to label_KvartaletsVarulagerMmAbstract"/>
  </link:labelLink>
</link:linkbase>
