<?xml version="1.0" encoding="UTF-8"?>
<!-- Generated by Fujitsu Interstage XWand B0255 -->
<link:linkbase xmlns:xsi="http://www.w3.org/2001/XMLSchema-instance" xsi:schemaLocation="http://www.xbrl.org/2004/ref http://www.xbrl.org/2004/ref-2004-08-10.xsd http://www.xbrl.org/2003/linkbase http://www.xbrl.org/2003/xbrl-linkbase-2003-12-31.xsd" xmlns:se-gen-base="http://www.taxonomier.se/se/fr/gen-base/2021-10-31" xmlns:link="http://www.xbrl.org/2003/linkbase" xmlns:ref="http://www.xbrl.org/2004/ref" xmlns:xbrli="http://www.xbrl.org/2003/instance" xmlns:xlink="http://www.w3.org/1999/xlink">
  <link:roleRef roleURI="http://www.taxonomier.se/se/fr/role/reference/legislation/trl" xlink:type="simple" xlink:href="../../../shared/role/se-leg-role/2021-10-31/se-leg-role-2021-10-31.xsd#LEG_ROLE_TRL"/>
  <link:roleRef roleURI="http://www.taxonomier.se/se/fr/role/reference/legislation/il" xlink:type="simple" xlink:href="../../../shared/role/se-leg-role/2021-10-31/se-leg-role-2021-10-31.xsd#LEG_ROLE_IL"/>
  <link:referenceLink xlink:type="extended" xlink:role="http://www.taxonomier.se/se/fr/role/reference/legislation/il"/>
  <link:referenceLink xlink:type="extended" xlink:role="http://www.taxonomier.se/se/fr/role/reference/legislation/trl">
    <link:loc xlink:type="locator" xlink:href="se-gen-base-2021-10-31.xsd#se-gen-base_AvsattningarPensionerLiknandeForpliktelserForandringAbstract" xlink:label="AvsattningarPensionerLiknandeForpliktelserForandringAbstract" xlink:title="AvsattningarPensionerLiknandeForpliktelserForandringAbstract"/>
    <link:reference xlink:type="resource" xlink:label="reference_AvsattningarPensionerLiknandeForpliktelserForandringAbstract" xlink:role="http://www.xbrl.org/2003/role/reference" xlink:title="reference_AvsattningarPensionerLiknandeForpliktelserForandringAbstract" id="reference_AvsattningarPensionerLiknandeForpliktelserForandringAbstract">
      <ref:Name>TrL</ref:Name>
      <ref:Number>1967:531</ref:Number>
    </link:reference>
    <link:referenceArc xlink:type="arc" xlink:arcrole="http://www.xbrl.org/2003/arcrole/concept-reference" xlink:from="AvsattningarPensionerLiknandeForpliktelserForandringAbstract" xlink:to="reference_AvsattningarPensionerLiknandeForpliktelserForandringAbstract" xlink:title="reference: AvsattningarPensionerLiknandeForpliktelserForandringAbstract to reference_AvsattningarPensionerLiknandeForpliktelserForandringAbstract"/>
    <link:loc xlink:type="locator" xlink:href="se-gen-base-2021-10-31.xsd#se-gen-base_AvsattningarPensionerLiknandeForpliktelserForandringJusteringarForandringNuvarde" xlink:label="AvsattningarPensionerLiknandeForpliktelserForandringJusteringarForandringNuvarde" xlink:title="AvsattningarPensionerLiknandeForpliktelserForandringJusteringarForandringNuvarde"/>
    <link:reference xlink:type="resource" xlink:label="reference_AvsattningarPensionerLiknandeForpliktelserForandringJusteringarForandringNuvarde" xlink:role="http://www.xbrl.org/2003/role/reference" xlink:title="reference_AvsattningarPensionerLiknandeForpliktelserForandringJusteringarForandringNuvarde" id="reference_AvsattningarPensionerLiknandeForpliktelserForandringJusteringarForandringNuvarde">
      <ref:Name>TrL</ref:Name>
      <ref:Number>1967:531</ref:Number>
    </link:reference>
    <link:referenceArc xlink:type="arc" xlink:arcrole="http://www.xbrl.org/2003/arcrole/concept-reference" xlink:from="AvsattningarPensionerLiknandeForpliktelserForandringJusteringarForandringNuvarde" xlink:to="reference_AvsattningarPensionerLiknandeForpliktelserForandringJusteringarForandringNuvarde" xlink:title="reference: AvsattningarPensionerLiknandeForpliktelserForandringJusteringarForandringNuvarde to reference_AvsattningarPensionerLiknandeForpliktelserForandringJusteringarForandringNuvarde"/>
    <link:loc xlink:type="locator" xlink:href="se-gen-base-2021-10-31.xsd#se-gen-base_AvsattningarPensionerLiknandeForpliktelserOvrigaVardeforandringar" xlink:label="AvsattningarPensionerLiknandeForpliktelserOvrigaVardeforandringar" xlink:title="AvsattningarPensionerLiknandeForpliktelserOvrigaVardeforandringar"/>
    <link:reference xlink:type="resource" xlink:label="reference_AvsattningarPensionerLiknandeForpliktelserOvrigaVardeforandringar" xlink:role="http://www.xbrl.org/2003/role/reference" xlink:title="reference_AvsattningarPensionerLiknandeForpliktelserOvrigaVardeforandringar" id="reference_AvsattningarPensionerLiknandeForpliktelserOvrigaVardeforandringar">
      <ref:Name>TrL</ref:Name>
      <ref:Number>1967:531</ref:Number>
    </link:reference>
    <link:referenceArc xlink:type="arc" xlink:arcrole="http://www.xbrl.org/2003/arcrole/concept-reference" xlink:from="AvsattningarPensionerLiknandeForpliktelserOvrigaVardeforandringar" xlink:to="reference_AvsattningarPensionerLiknandeForpliktelserOvrigaVardeforandringar" xlink:title="reference: AvsattningarPensionerLiknandeForpliktelserOvrigaVardeforandringar to reference_AvsattningarPensionerLiknandeForpliktelserOvrigaVardeforandringar"/>
    <link:loc xlink:type="locator" xlink:href="se-gen-base-2021-10-31.xsd#se-gen-base_AvsattningarAbstract" xlink:label="AvsattningarAbstract" xlink:title="AvsattningarAbstract"/>
    <link:reference xlink:type="resource" xlink:label="reference_AvsattningarAbstract" xlink:role="http://www.xbrl.org/2003/role/reference" xlink:title="reference_AvsattningarAbstract" id="reference_AvsattningarAbstract">
      <ref:Name>TrL</ref:Name>
      <ref:Number>1967:531</ref:Number>
    </link:reference>
    <link:referenceArc xlink:type="arc" xlink:arcrole="http://www.xbrl.org/2003/arcrole/concept-reference" xlink:from="AvsattningarAbstract" xlink:to="reference_AvsattningarAbstract" xlink:title="reference: AvsattningarAbstract to reference_AvsattningarAbstract"/>
    <link:loc xlink:type="locator" xlink:href="se-gen-base-2021-10-31.xsd#se-gen-base_AvsattningarPensionerLiknandeForpliktelser" xlink:label="AvsattningarPensionerLiknandeForpliktelser" xlink:title="AvsattningarPensionerLiknandeForpliktelser"/>
    <link:reference xlink:type="resource" xlink:label="reference_AvsattningarPensionerLiknandeForpliktelser" xlink:role="http://www.xbrl.org/2003/role/reference" xlink:title="reference_AvsattningarPensionerLiknandeForpliktelser" id="reference_AvsattningarPensionerLiknandeForpliktelser">
      <ref:Name>TrL</ref:Name>
      <ref:Number>1967:531</ref:Number>
    </link:reference>
    <link:referenceArc xlink:type="arc" xlink:arcrole="http://www.xbrl.org/2003/arcrole/concept-reference" xlink:from="AvsattningarPensionerLiknandeForpliktelser" xlink:to="reference_AvsattningarPensionerLiknandeForpliktelser" xlink:title="reference: AvsattningarPensionerLiknandeForpliktelser to reference_AvsattningarPensionerLiknandeForpliktelser"/>
    <link:loc xlink:type="locator" xlink:href="se-gen-base-2021-10-31.xsd#se-gen-base_Avsattningar" xlink:label="Avsattningar" xlink:title="Avsattningar"/>
    <link:reference xlink:type="resource" xlink:label="reference_Avsattningar" xlink:role="http://www.xbrl.org/2003/role/reference" xlink:title="reference_Avsattningar" id="reference_Avsattningar">
      <ref:Name>TrL</ref:Name>
      <ref:Number>1967:531</ref:Number>
    </link:reference>
    <link:referenceArc xlink:type="arc" xlink:arcrole="http://www.xbrl.org/2003/arcrole/concept-reference" xlink:from="Avsattningar" xlink:to="reference_Avsattningar" xlink:title="reference: Avsattningar to reference_Avsattningar"/>
    <link:loc xlink:type="locator" xlink:href="se-gen-base-2021-10-31.xsd#se-gen-base_PensionsavsattningarnaTryggandelagenAbstract" xlink:label="PensionsavsattningarnaTryggandelagenAbstract" xlink:title="PensionsavsattningarnaTryggandelagenAbstract"/>
    <link:reference xlink:type="resource" xlink:label="reference_PensionsavsattningarnaTryggandelagenAbstract" xlink:role="http://www.xbrl.org/2003/role/reference" xlink:title="reference_PensionsavsattningarnaTryggandelagenAbstract" id="reference_PensionsavsattningarnaTryggandelagenAbstract">
      <ref:Name>TrL</ref:Name>
      <ref:Number>1967:531</ref:Number>
    </link:reference>
    <link:referenceArc xlink:type="arc" xlink:arcrole="http://www.xbrl.org/2003/arcrole/concept-reference" xlink:from="PensionsavsattningarnaTryggandelagenAbstract" xlink:to="reference_PensionsavsattningarnaTryggandelagenAbstract" xlink:title="reference: PensionsavsattningarnaTryggandelagenAbstract to reference_PensionsavsattningarnaTryggandelagenAbstract"/>
    <link:loc xlink:type="locator" xlink:href="se-gen-base-2021-10-31.xsd#se-gen-base_AvsattningarPensionerLiknandeForpliktelserForandringKommentar" xlink:label="AvsattningarPensionerLiknandeForpliktelserForandringKommentar" xlink:title="AvsattningarPensionerLiknandeForpliktelserForandringKommentar"/>
    <link:reference xlink:type="resource" xlink:label="reference_AvsattningarPensionerLiknandeForpliktelserForandringKommentar" xlink:role="http://www.xbrl.org/2003/role/reference" xlink:title="reference_AvsattningarPensionerLiknandeForpliktelserForandringKommentar" id="reference_AvsattningarPensionerLiknandeForpliktelserForandringKommentar">
      <ref:Name>TrL</ref:Name>
      <ref:Number>1967:531</ref:Number>
    </link:reference>
    <link:referenceArc xlink:type="arc" xlink:arcrole="http://www.xbrl.org/2003/arcrole/concept-reference" xlink:from="AvsattningarPensionerLiknandeForpliktelserForandringKommentar" xlink:to="reference_AvsattningarPensionerLiknandeForpliktelserForandringKommentar" xlink:title="reference: AvsattningarPensionerLiknandeForpliktelserForandringKommentar to reference_AvsattningarPensionerLiknandeForpliktelserForandringKommentar"/>
    <link:loc xlink:type="locator" xlink:href="se-gen-base-2021-10-31.xsd#se-gen-base_AvsattningarPensionerLiknandeForpliktelserForandringAterfordaBelopp" xlink:label="AvsattningarPensionerLiknandeForpliktelserForandringAterfordaBelopp" xlink:title="AvsattningarPensionerLiknandeForpliktelserForandringAterfordaBelopp"/>
    <link:reference xlink:type="resource" xlink:label="reference_AvsattningarPensionerLiknandeForpliktelserForandringAterfordaBelopp" xlink:role="http://www.xbrl.org/2003/role/reference" xlink:title="reference_AvsattningarPensionerLiknandeForpliktelserForandringAterfordaBelopp" id="reference_AvsattningarPensionerLiknandeForpliktelserForandringAterfordaBelopp">
      <ref:Name>TrL</ref:Name>
      <ref:Number>1967:531</ref:Number>
    </link:reference>
    <link:referenceArc xlink:type="arc" xlink:arcrole="http://www.xbrl.org/2003/arcrole/concept-reference" xlink:from="AvsattningarPensionerLiknandeForpliktelserForandringAterfordaBelopp" xlink:to="reference_AvsattningarPensionerLiknandeForpliktelserForandringAterfordaBelopp" xlink:title="reference: AvsattningarPensionerLiknandeForpliktelserForandringAterfordaBelopp to reference_AvsattningarPensionerLiknandeForpliktelserForandringAterfordaBelopp"/>
    <link:loc xlink:type="locator" xlink:href="se-gen-base-2021-10-31.xsd#se-gen-base_AvsattningarPensionerLiknandeForpliktelserForandringAvsattningar" xlink:label="AvsattningarPensionerLiknandeForpliktelserForandringAvsattningar" xlink:title="AvsattningarPensionerLiknandeForpliktelserForandringAvsattningar"/>
    <link:reference xlink:type="resource" xlink:label="reference_AvsattningarPensionerLiknandeForpliktelserForandringAvsattningar" xlink:role="http://www.xbrl.org/2003/role/reference" xlink:title="reference_AvsattningarPensionerLiknandeForpliktelserForandringAvsattningar" id="reference_AvsattningarPensionerLiknandeForpliktelserForandringAvsattningar">
      <ref:Name>TrL</ref:Name>
      <ref:Number>1967:531</ref:Number>
    </link:reference>
    <link:referenceArc xlink:type="arc" xlink:arcrole="http://www.xbrl.org/2003/arcrole/concept-reference" xlink:from="AvsattningarPensionerLiknandeForpliktelserForandringAvsattningar" xlink:to="reference_AvsattningarPensionerLiknandeForpliktelserForandringAvsattningar" xlink:title="reference: AvsattningarPensionerLiknandeForpliktelserForandringAvsattningar to reference_AvsattningarPensionerLiknandeForpliktelserForandringAvsattningar"/>
    <link:loc xlink:type="locator" xlink:href="se-gen-base-2021-10-31.xsd#se-gen-base_UpplysningPensionsavsattningarnaTryggandelagenKommentar" xlink:label="UpplysningPensionsavsattningarnaTryggandelagenKommentar" xlink:title="UpplysningPensionsavsattningarnaTryggandelagenKommentar"/>
    <link:reference xlink:type="resource" xlink:label="reference_UpplysningPensionsavsattningarnaTryggandelagenKommentar" xlink:role="http://www.xbrl.org/2003/role/reference" xlink:title="reference_UpplysningPensionsavsattningarnaTryggandelagenKommentar" id="reference_UpplysningPensionsavsattningarnaTryggandelagenKommentar">
      <ref:Name>TrL</ref:Name>
      <ref:Number>1967:531</ref:Number>
    </link:reference>
    <link:referenceArc xlink:type="arc" xlink:arcrole="http://www.xbrl.org/2003/arcrole/concept-reference" xlink:from="UpplysningPensionsavsattningarnaTryggandelagenKommentar" xlink:to="reference_UpplysningPensionsavsattningarnaTryggandelagenKommentar" xlink:title="reference: UpplysningPensionsavsattningarnaTryggandelagenKommentar to reference_UpplysningPensionsavsattningarnaTryggandelagenKommentar"/>
    <link:loc xlink:type="locator" xlink:href="se-gen-base-2021-10-31.xsd#se-gen-base_AvsattningarPensionerLiknandeForpliktelserForandringFusion" xlink:label="AvsattningarPensionerLiknandeForpliktelserForandringFusion" xlink:title="AvsattningarPensionerLiknandeForpliktelserForandringFusion"/>
    <link:reference xlink:type="resource" xlink:label="reference_AvsattningarPensionerLiknandeForpliktelserForandringFusion" xlink:role="http://www.xbrl.org/2003/role/reference" xlink:title="reference_AvsattningarPensionerLiknandeForpliktelserForandringFusion" id="reference_AvsattningarPensionerLiknandeForpliktelserForandringFusion">
      <ref:Name>TrL</ref:Name>
      <ref:Number>1967:531</ref:Number>
    </link:reference>
    <link:referenceArc xlink:type="arc" xlink:arcrole="http://www.xbrl.org/2003/arcrole/concept-reference" xlink:from="AvsattningarPensionerLiknandeForpliktelserForandringFusion" xlink:to="reference_AvsattningarPensionerLiknandeForpliktelserForandringFusion" xlink:title="reference: AvsattningarPensionerLiknandeForpliktelserForandringFusion to reference_AvsattningarPensionerLiknandeForpliktelserForandringFusion"/>
    <link:loc xlink:type="locator" xlink:href="se-gen-base-2021-10-31.xsd#se-gen-base_AvsattningarPensionerLiknandeForpliktelserForandringRorelseforvarv" xlink:label="AvsattningarPensionerLiknandeForpliktelserForandringRorelseforvarv" xlink:title="AvsattningarPensionerLiknandeForpliktelserForandringRorelseforvarv"/>
    <link:reference xlink:type="resource" xlink:label="reference_AvsattningarPensionerLiknandeForpliktelserForandringRorelseforvarv" xlink:role="http://www.xbrl.org/2003/role/reference" xlink:title="reference_AvsattningarPensionerLiknandeForpliktelserForandringRorelseforvarv" id="reference_AvsattningarPensionerLiknandeForpliktelserForandringRorelseforvarv">
      <ref:Name>TrL</ref:Name>
      <ref:Number>1967:531</ref:Number>
    </link:reference>
    <link:referenceArc xlink:type="arc" xlink:arcrole="http://www.xbrl.org/2003/arcrole/concept-reference" xlink:from="AvsattningarPensionerLiknandeForpliktelserForandringRorelseforvarv" xlink:to="reference_AvsattningarPensionerLiknandeForpliktelserForandringRorelseforvarv" xlink:title="reference: AvsattningarPensionerLiknandeForpliktelserForandringRorelseforvarv to reference_AvsattningarPensionerLiknandeForpliktelserForandringRorelseforvarv"/>
    <link:loc xlink:type="locator" xlink:href="se-gen-base-2021-10-31.xsd#se-gen-base_AvsattningarPensionerLiknandeForpliktelserEnligtLag" xlink:label="AvsattningarPensionerLiknandeForpliktelserEnligtLag" xlink:title="AvsattningarPensionerLiknandeForpliktelserEnligtLag"/>
    <link:reference xlink:type="resource" xlink:label="reference_AvsattningarPensionerLiknandeForpliktelserEnligtLag" xlink:role="http://www.xbrl.org/2003/role/reference" xlink:title="reference_AvsattningarPensionerLiknandeForpliktelserEnligtLag" id="reference_AvsattningarPensionerLiknandeForpliktelserEnligtLag">
      <ref:Name>TrL</ref:Name>
      <ref:Number>1967:531</ref:Number>
    </link:reference>
    <link:referenceArc xlink:type="arc" xlink:arcrole="http://www.xbrl.org/2003/arcrole/concept-reference" xlink:from="AvsattningarPensionerLiknandeForpliktelserEnligtLag" xlink:to="reference_AvsattningarPensionerLiknandeForpliktelserEnligtLag" xlink:title="reference: AvsattningarPensionerLiknandeForpliktelserEnligtLag to reference_AvsattningarPensionerLiknandeForpliktelserEnligtLag"/>
    <link:loc xlink:type="locator" xlink:href="se-gen-base-2021-10-31.xsd#se-gen-base_NotAvsattningarPensionerLiknandeForpliktelser" xlink:label="NotAvsattningarPensionerLiknandeForpliktelser" xlink:title="NotAvsattningarPensionerLiknandeForpliktelser"/>
    <link:reference xlink:type="resource" xlink:label="reference_NotAvsattningarPensionerLiknandeForpliktelser" xlink:role="http://www.xbrl.org/2003/role/reference" xlink:title="reference_NotAvsattningarPensionerLiknandeForpliktelser" id="reference_NotAvsattningarPensionerLiknandeForpliktelser">
      <ref:Name>TrL</ref:Name>
      <ref:Number>1967:531</ref:Number>
    </link:reference>
    <link:referenceArc xlink:type="arc" xlink:arcrole="http://www.xbrl.org/2003/arcrole/concept-reference" xlink:from="NotAvsattningarPensionerLiknandeForpliktelser" xlink:to="reference_NotAvsattningarPensionerLiknandeForpliktelser" xlink:title="reference: NotAvsattningarPensionerLiknandeForpliktelser to reference_NotAvsattningarPensionerLiknandeForpliktelser"/>
    <link:loc xlink:type="locator" xlink:href="se-gen-base-2021-10-31.xsd#se-gen-base_AvsattningarPensionerLiknandeForpliktelserForandringOmrakningsdifferenser" xlink:label="AvsattningarPensionerLiknandeForpliktelserForandringOmrakningsdifferenser" xlink:title="AvsattningarPensionerLiknandeForpliktelserForandringOmrakningsdifferenser"/>
    <link:reference xlink:type="resource" xlink:label="reference_AvsattningarPensionerLiknandeForpliktelserForandringOmrakningsdifferenser" xlink:role="http://www.xbrl.org/2003/role/reference" xlink:title="reference_AvsattningarPensionerLiknandeForpliktelserForandringOmrakningsdifferenser" id="reference_AvsattningarPensionerLiknandeForpliktelserForandringOmrakningsdifferenser">
      <ref:Name>TrL</ref:Name>
      <ref:Number>1967:531</ref:Number>
    </link:reference>
    <link:referenceArc xlink:type="arc" xlink:arcrole="http://www.xbrl.org/2003/arcrole/concept-reference" xlink:from="AvsattningarPensionerLiknandeForpliktelserForandringOmrakningsdifferenser" xlink:to="reference_AvsattningarPensionerLiknandeForpliktelserForandringOmrakningsdifferenser" xlink:title="reference: AvsattningarPensionerLiknandeForpliktelserForandringOmrakningsdifferenser to reference_AvsattningarPensionerLiknandeForpliktelserForandringOmrakningsdifferenser"/>
    <link:loc xlink:type="locator" xlink:href="se-gen-base-2021-10-31.xsd#se-gen-base_AvsattningarPensionerLiknandeForpliktelserForandringOmklassificeringar" xlink:label="AvsattningarPensionerLiknandeForpliktelserForandringOmklassificeringar" xlink:title="AvsattningarPensionerLiknandeForpliktelserForandringOmklassificeringar"/>
    <link:reference xlink:type="resource" xlink:label="reference_AvsattningarPensionerLiknandeForpliktelserForandringOmklassificeringar" xlink:role="http://www.xbrl.org/2003/role/reference" xlink:title="reference_AvsattningarPensionerLiknandeForpliktelserForandringOmklassificeringar" id="reference_AvsattningarPensionerLiknandeForpliktelserForandringOmklassificeringar">
      <ref:Name>TrL</ref:Name>
      <ref:Number>1967:531</ref:Number>
    </link:reference>
    <link:referenceArc xlink:type="arc" xlink:arcrole="http://www.xbrl.org/2003/arcrole/concept-reference" xlink:from="AvsattningarPensionerLiknandeForpliktelserForandringOmklassificeringar" xlink:to="reference_AvsattningarPensionerLiknandeForpliktelserForandringOmklassificeringar" xlink:title="reference: AvsattningarPensionerLiknandeForpliktelserForandringOmklassificeringar to reference_AvsattningarPensionerLiknandeForpliktelserForandringOmklassificeringar"/>
    <link:loc xlink:type="locator" xlink:href="se-gen-base-2021-10-31.xsd#se-gen-base_AvsattningarPensionerLiknandeForpliktelserAbstract" xlink:label="AvsattningarPensionerLiknandeForpliktelserAbstract" xlink:title="AvsattningarPensionerLiknandeForpliktelserAbstract"/>
    <link:reference xlink:type="resource" xlink:label="reference_AvsattningarPensionerLiknandeForpliktelserAbstract" xlink:role="http://www.xbrl.org/2003/role/reference" xlink:title="reference_AvsattningarPensionerLiknandeForpliktelserAbstract" id="reference_AvsattningarPensionerLiknandeForpliktelserAbstract">
      <ref:Name>TrL</ref:Name>
      <ref:Number>1967:531</ref:Number>
    </link:reference>
    <link:referenceArc xlink:type="arc" xlink:arcrole="http://www.xbrl.org/2003/arcrole/concept-reference" xlink:from="AvsattningarPensionerLiknandeForpliktelserAbstract" xlink:to="reference_AvsattningarPensionerLiknandeForpliktelserAbstract" xlink:title="reference: AvsattningarPensionerLiknandeForpliktelserAbstract to reference_AvsattningarPensionerLiknandeForpliktelserAbstract"/>
    <link:loc xlink:type="locator" xlink:href="se-gen-base-2021-10-31.xsd#se-gen-base_UpplysningPensionsavsattningarnaTryggandelagen" xlink:label="UpplysningPensionsavsattningarnaTryggandelagen" xlink:title="UpplysningPensionsavsattningarnaTryggandelagen"/>
    <link:reference xlink:type="resource" xlink:label="reference_UpplysningPensionsavsattningarnaTryggandelagen" xlink:role="http://www.xbrl.org/2003/role/reference" xlink:title="reference_UpplysningPensionsavsattningarnaTryggandelagen" id="reference_UpplysningPensionsavsattningarnaTryggandelagen">
      <ref:Name>TrL</ref:Name>
      <ref:Number>1967:531</ref:Number>
    </link:reference>
    <link:referenceArc xlink:type="arc" xlink:arcrole="http://www.xbrl.org/2003/arcrole/concept-reference" xlink:from="UpplysningPensionsavsattningarnaTryggandelagen" xlink:to="reference_UpplysningPensionsavsattningarnaTryggandelagen" xlink:title="reference: UpplysningPensionsavsattningarnaTryggandelagen to reference_UpplysningPensionsavsattningarnaTryggandelagen"/>
    <link:loc xlink:type="locator" xlink:href="se-gen-base-2021-10-31.xsd#se-gen-base_AvsattningarPensionerLiknandeForpliktelserForandringIanspraktagnaBelopp" xlink:label="AvsattningarPensionerLiknandeForpliktelserForandringIanspraktagnaBelopp" xlink:title="AvsattningarPensionerLiknandeForpliktelserForandringIanspraktagnaBelopp"/>
    <link:reference xlink:type="resource" xlink:label="reference_AvsattningarPensionerLiknandeForpliktelserForandringIanspraktagnaBelopp" xlink:role="http://www.xbrl.org/2003/role/reference" xlink:title="reference_AvsattningarPensionerLiknandeForpliktelserForandringIanspraktagnaBelopp" id="reference_AvsattningarPensionerLiknandeForpliktelserForandringIanspraktagnaBelopp">
      <ref:Name>TrL</ref:Name>
      <ref:Number>1967:531</ref:Number>
    </link:reference>
    <link:referenceArc xlink:type="arc" xlink:arcrole="http://www.xbrl.org/2003/arcrole/concept-reference" xlink:from="AvsattningarPensionerLiknandeForpliktelserForandringIanspraktagnaBelopp" xlink:to="reference_AvsattningarPensionerLiknandeForpliktelserForandringIanspraktagnaBelopp" xlink:title="reference: AvsattningarPensionerLiknandeForpliktelserForandringIanspraktagnaBelopp to reference_AvsattningarPensionerLiknandeForpliktelserForandringIanspraktagnaBelopp"/>
  </link:referenceLink>
</link:linkbase>
