<?xml version="1.0" encoding="UTF-8"?>
<!-- Generated by Fujitsu Interstage XWand B0255 -->
<link:linkbase xmlns:xsi="http://www.w3.org/2001/XMLSchema-instance" xsi:schemaLocation="http://www.xbrl.org/2004/ref http://www.xbrl.org/2004/ref-2004-08-10.xsd http://www.xbrl.org/2003/linkbase http://www.xbrl.org/2003/xbrl-linkbase-2003-12-31.xsd" xmlns:link="http://www.xbrl.org/2003/linkbase" xmlns:ref="http://www.xbrl.org/2004/ref" xmlns:xlink="http://www.w3.org/1999/xlink" xmlns:xbrli="http://www.xbrl.org/2003/instance">
  <link:roleRef roleURI="http://www.taxonomier.se/se/fr/role/reference/legislation/ra" xlink:type="simple" xlink:href="../../../shared/role/se-leg-role/2021-10-31/se-leg-role-2021-10-31.xsd#LEG_ROLE_RA"/>
  <link:referenceLink xlink:type="extended" xlink:role="http://www.taxonomier.se/se/fr/role/reference/legislation/ra">
    <link:loc xlink:type="locator" xlink:href="se-gen-base-2021-10-31.xsd#se-gen-base_AckordsvinsterInteSkattepliktiga" xlink:label="AckordsvinsterInteSkattepliktiga" xlink:title="AckordsvinsterInteSkattepliktiga"/>
    <link:reference xlink:type="resource" xlink:label="reference_AckordsvinsterInteSkattepliktiga" xlink:role="http://www.xbrl.org/2003/role/reference" xlink:title="reference_AckordsvinsterInteSkattepliktiga" id="reference_AckordsvinsterInteSkattepliktiga">
      <ref:Publisher>Högsta förvaltningsdomstolen</ref:Publisher>
      <ref:Name>RÅ</ref:Name>
      <ref:Number>1929 Fi 396</ref:Number>
    </link:reference>
    <link:referenceArc xlink:type="arc" xlink:arcrole="http://www.xbrl.org/2003/arcrole/concept-reference" xlink:from="AckordsvinsterInteSkattepliktiga" xlink:to="reference_AckordsvinsterInteSkattepliktiga" xlink:title="reference: AckordsvinsterInteSkattepliktiga to reference_AckordsvinsterInteSkattepliktiga"/>
    <link:reference xlink:type="resource" xlink:label="reference_AckordsvinsterInteSkattepliktiga_2" xlink:role="http://www.xbrl.org/2003/role/reference" xlink:title="reference_AckordsvinsterInteSkattepliktiga" id="reference_AckordsvinsterInteSkattepliktiga_4">
      <ref:Publisher>Högsta förvaltningsdomstolen</ref:Publisher>
      <ref:Name>RÅ</ref:Name>
      <ref:Number>1929 Fi 2032</ref:Number>
    </link:reference>
    <link:referenceArc xlink:type="arc" xlink:arcrole="http://www.xbrl.org/2003/arcrole/concept-reference" xlink:from="AckordsvinsterInteSkattepliktiga" xlink:to="reference_AckordsvinsterInteSkattepliktiga_2" xlink:title="reference: AckordsvinsterInteSkattepliktiga to reference_AckordsvinsterInteSkattepliktiga"/>
    <link:reference xlink:type="resource" xlink:label="reference_AckordsvinsterInteSkattepliktiga_3" xlink:role="http://www.xbrl.org/2003/role/reference" xlink:title="reference_AckordsvinsterInteSkattepliktiga" id="reference_AckordsvinsterInteSkattepliktiga_5">
      <ref:Publisher>Högsta förvaltningsdomstolen</ref:Publisher>
      <ref:Name>RÅ</ref:Name>
      <ref:Number>1963 ref.48</ref:Number>
    </link:reference>
    <link:referenceArc xlink:type="arc" xlink:arcrole="http://www.xbrl.org/2003/arcrole/concept-reference" xlink:from="AckordsvinsterInteSkattepliktiga" xlink:to="reference_AckordsvinsterInteSkattepliktiga_3" xlink:title="reference: AckordsvinsterInteSkattepliktiga to reference_AckordsvinsterInteSkattepliktiga"/>
    <link:loc xlink:type="locator" xlink:href="se-gen-base-2021-10-31.xsd#se-gen-base_BokfordaIntakterInteSkattepliktigaAbstract" xlink:label="BokfordaIntakterInteSkattepliktigaAbstract" xlink:title="BokfordaIntakterInteSkattepliktigaAbstract"/>
    <link:reference xlink:type="resource" xlink:label="reference_BokfordaIntakterInteSkattepliktigaAbstract" xlink:role="http://www.xbrl.org/2003/role/reference" xlink:title="reference_BokfordaIntakterInteSkattepliktigaAbstract" id="reference_BokfordaIntakterInteSkattepliktigaAbstract_3_2">
      <ref:Publisher>Högsta förvaltningsdomstolen</ref:Publisher>
      <ref:Name>RÅ</ref:Name>
      <ref:Number>1929 Fi 396</ref:Number>
    </link:reference>
    <link:referenceArc xlink:type="arc" xlink:arcrole="http://www.xbrl.org/2003/arcrole/concept-reference" xlink:from="BokfordaIntakterInteSkattepliktigaAbstract" xlink:to="reference_BokfordaIntakterInteSkattepliktigaAbstract" xlink:title="reference: BokfordaIntakterInteSkattepliktigaAbstract to reference_BokfordaIntakterInteSkattepliktigaAbstract"/>
    <link:reference xlink:type="resource" xlink:label="reference_BokfordaIntakterInteSkattepliktigaAbstract_2" xlink:role="http://www.xbrl.org/2003/role/reference" xlink:title="reference_BokfordaIntakterInteSkattepliktigaAbstract" id="reference_BokfordaIntakterInteSkattepliktigaAbstract_4">
      <ref:Publisher>Högsta förvaltningsdomstolen</ref:Publisher>
      <ref:Name>RÅ</ref:Name>
      <ref:Number>1929 Fi 2032</ref:Number>
    </link:reference>
    <link:referenceArc xlink:type="arc" xlink:arcrole="http://www.xbrl.org/2003/arcrole/concept-reference" xlink:from="BokfordaIntakterInteSkattepliktigaAbstract" xlink:to="reference_BokfordaIntakterInteSkattepliktigaAbstract_2" xlink:title="reference: BokfordaIntakterInteSkattepliktigaAbstract to reference_BokfordaIntakterInteSkattepliktigaAbstract"/>
    <link:reference xlink:type="resource" xlink:label="reference_BokfordaIntakterInteSkattepliktigaAbstract_3" xlink:role="http://www.xbrl.org/2003/role/reference" xlink:title="reference_BokfordaIntakterInteSkattepliktigaAbstract" id="reference_BokfordaIntakterInteSkattepliktigaAbstract_5">
      <ref:Publisher>Högsta förvaltningsdomstolen</ref:Publisher>
      <ref:Name>RÅ</ref:Name>
      <ref:Number>1963 ref.48</ref:Number>
    </link:reference>
    <link:referenceArc xlink:type="arc" xlink:arcrole="http://www.xbrl.org/2003/arcrole/concept-reference" xlink:from="BokfordaIntakterInteSkattepliktigaAbstract" xlink:to="reference_BokfordaIntakterInteSkattepliktigaAbstract_3" xlink:title="reference: BokfordaIntakterInteSkattepliktigaAbstract to reference_BokfordaIntakterInteSkattepliktigaAbstract"/>
  </link:referenceLink>
</link:linkbase>
