<?xml version="1.0" encoding="UTF-8"?>
<!-- Generated by Fujitsu Interstage XWand B0255 -->
<link:linkbase xmlns:xsi="http://www.w3.org/2001/XMLSchema-instance" xsi:schemaLocation="http://www.xbrl.org/2004/ref http://www.xbrl.org/2004/ref-2004-08-10.xsd http://www.xbrl.org/2003/linkbase http://www.xbrl.org/2003/xbrl-linkbase-2003-12-31.xsd" xmlns:link="http://www.xbrl.org/2003/linkbase" xmlns:ref="http://www.xbrl.org/2004/ref" xmlns:xbrli="http://www.xbrl.org/2003/instance" xmlns:xlink="http://www.w3.org/1999/xlink">
  <link:roleRef roleURI="http://www.taxonomier.se/se/fr/role/reference/legislation/efl" xlink:type="simple" xlink:href="../../../shared/role/se-leg-role/2021-10-31/se-leg-role-2021-10-31.xsd#LEG_ROLE_EFL"/>
  <link:referenceLink xlink:type="extended" xlink:role="http://www.taxonomier.se/se/fr/role/reference/legislation/efl">
    <link:loc xlink:type="locator" xlink:href="se-gen-base-2021-10-31.xsd#se-gen-base_ForandringEgetKapitalReservfondForandringReservfond" xlink:label="ForandringEgetKapitalReservfondForandringReservfond" xlink:title="ForandringEgetKapitalReservfondForandringReservfond"/>
    <link:reference xlink:type="resource" xlink:label="reference_ForandringEgetKapitalReservfondForandringReservfond" xlink:role="http://www.xbrl.org/2003/role/reference" xlink:title="reference_ForandringEgetKapitalReservfondForandringReservfond" id="reference_ForandringEgetKapitalReservfondForandringReservfond_2">
      <ref:Name>EFL</ref:Name>
      <ref:Number>2018:672</ref:Number>
      <ref:Chapter>15</ref:Chapter>
      <ref:Paragraph>1</ref:Paragraph>
      <ref:Subparagraph>2</ref:Subparagraph>
    </link:reference>
    <link:referenceArc xlink:type="arc" xlink:arcrole="http://www.xbrl.org/2003/arcrole/concept-reference" xlink:from="ForandringEgetKapitalReservfondForandringReservfond" xlink:to="reference_ForandringEgetKapitalReservfondForandringReservfond" xlink:title="reference: ForandringEgetKapitalReservfondForandringReservfond to reference_ForandringEgetKapitalReservfondForandringReservfond"/>
    <link:loc xlink:type="locator" xlink:href="se-gen-base-2021-10-31.xsd#se-gen-base_OvrigaBokslutsdispositionerLamnadeGottgorelser" xlink:label="OvrigaBokslutsdispositionerLamnadeGottgorelserForutomKoncernbidragForandringPeriodiseringsfonderOveravskrivningar" xlink:title="OvrigaBokslutsdispositionerLamnadeGottgorelserForutomKoncernbidragForandringPeriodiseringsfonderOveravskrivningar"/>
    <link:reference xlink:type="resource" xlink:label="reference_OvrigaBokslutsdispositionerLamnadeGottgorelserForutomKoncernbidragForandringPeriodiseringsfonderOveravskrivningar" xlink:role="http://www.xbrl.org/2003/role/reference" xlink:title="reference_OvrigaBokslutsdispositionerLamnadeGottgorelserForutomKoncernbidragForandringPeriodiseringsfonderOveravskrivningar" id="reference_OvrigaBokslutsdispositionerLamnadeGottgorelserForutomKoncernbidragForandringPeriodiseringsfonderOveravskrivningar">
      <ref:Name>EFL</ref:Name>
      <ref:Number>2018:672</ref:Number>
      <ref:Chapter>14</ref:Chapter>
    </link:reference>
    <link:referenceArc xlink:type="arc" xlink:arcrole="http://www.xbrl.org/2003/arcrole/concept-reference" xlink:from="OvrigaBokslutsdispositionerLamnadeGottgorelserForutomKoncernbidragForandringPeriodiseringsfonderOveravskrivningar" xlink:to="reference_OvrigaBokslutsdispositionerLamnadeGottgorelserForutomKoncernbidragForandringPeriodiseringsfonderOveravskrivningar" xlink:title="reference: OvrigaBokslutsdispositionerLamnadeGottgorelserForutomKoncernbidragForandringPeriodiseringsfonderOveravskrivningar to reference_OvrigaBokslutsdispositionerLamnadeGottgorelserForutomKoncernbidragForandringPeriodiseringsfonderOveravskrivningar"/>
    <link:loc xlink:type="locator" xlink:href="se-gen-base-2021-10-31.xsd#se-gen-base_Medlemsinsatser" xlink:label="Medlemsinsatser" xlink:title="Medlemsinsatser"/>
    <link:reference xlink:type="resource" xlink:label="reference_Medlemsinsatser" xlink:role="http://www.xbrl.org/2003/role/reference" xlink:title="reference_Medlemsinsatser" id="reference_Medlemsinsatser_2">
      <ref:Name>EFL</ref:Name>
      <ref:Number>2018:672</ref:Number>
      <ref:Chapter>10</ref:Chapter>
      <ref:Paragraph>1</ref:Paragraph>
    </link:reference>
    <link:referenceArc xlink:type="arc" xlink:arcrole="http://www.xbrl.org/2003/arcrole/concept-reference" xlink:from="Medlemsinsatser" xlink:to="reference_Medlemsinsatser" xlink:title="reference: Medlemsinsatser to reference_Medlemsinsatser"/>
    <link:loc xlink:type="locator" xlink:href="se-gen-base-2021-10-31.xsd#se-gen-base_LamnadGottgorelse" xlink:label="LamnadGottgorelse" xlink:title="LamnadGottgorelse"/>
    <link:reference xlink:type="resource" xlink:label="reference_LamnadGottgorelse" xlink:role="http://www.xbrl.org/2003/role/reference" xlink:title="reference_LamnadGottgorelse" id="reference_LamnadGottgorelse_2">
      <ref:Name>EFL</ref:Name>
      <ref:Number>2018:672</ref:Number>
      <ref:Chapter>14</ref:Chapter>
    </link:reference>
    <link:referenceArc xlink:type="arc" xlink:arcrole="http://www.xbrl.org/2003/arcrole/concept-reference" xlink:from="LamnadGottgorelse" xlink:to="reference_LamnadGottgorelse" xlink:title="reference: LamnadGottgorelse to reference_LamnadGottgorelse"/>
    <link:loc xlink:type="locator" xlink:href="se-gen-base-2021-10-31.xsd#se-gen-base_InsatsbeloppAterbetalas" xlink:label="InsatsbeloppAterbetalas" xlink:title="InsatsbeloppAterbetalas"/>
    <link:reference xlink:type="resource" xlink:label="reference_InsatsbeloppAterbetalas" xlink:role="http://www.xbrl.org/2003/role/reference" xlink:title="reference_InsatsbeloppAterbetalas" id="reference_InsatsbeloppAterbetalas">
      <ref:Name>EFL</ref:Name>
      <ref:Chapter>10</ref:Chapter>
      <ref:Paragraph>11</ref:Paragraph>
      <ref:Number>2018:672</ref:Number>
    </link:reference>
    <link:referenceArc xlink:type="arc" xlink:arcrole="http://www.xbrl.org/2003/arcrole/concept-reference" xlink:from="InsatsbeloppAterbetalas" xlink:to="reference_InsatsbeloppAterbetalas" xlink:title="reference: InsatsbeloppAterbetalas to reference_InsatsbeloppAterbetalas"/>
    <link:reference xlink:type="resource" xlink:label="reference_InsatsbeloppAterbetalas_2" xlink:role="http://www.xbrl.org/2003/role/reference" xlink:title="reference_InsatsbeloppAterbetalas" id="reference_InsatsbeloppAterbetalas_2">
      <ref:Name>EFL</ref:Name>
      <ref:Chapter>10</ref:Chapter>
      <ref:Paragraph>16</ref:Paragraph>
      <ref:Number>2018:672</ref:Number>
    </link:reference>
    <link:referenceArc xlink:type="arc" xlink:arcrole="http://www.xbrl.org/2003/arcrole/concept-reference" xlink:from="InsatsbeloppAterbetalas" xlink:to="reference_InsatsbeloppAterbetalas_2" xlink:title="reference: InsatsbeloppAterbetalas to reference_InsatsbeloppAterbetalas"/>
    <link:loc xlink:type="locator" xlink:href="se-gen-base-2021-10-31.xsd#se-gen-base_ForandringEgetKapitalMedlemsinsatserOverinsats" xlink:label="ForandringEgetKapitalMedlemsinsatserOverinsats" xlink:title="ForandringEgetKapitalMedlemsinsatserOverinsats"/>
    <link:reference xlink:type="resource" xlink:label="reference_ForandringEgetKapitalMedlemsinsatserOverinsats" xlink:role="http://www.xbrl.org/2003/role/reference" xlink:title="reference_ForandringEgetKapitalMedlemsinsatserOverinsats" id="reference_ForandringEgetKapitalMedlemsinsatserOverinsats_2">
      <ref:Name>EFL</ref:Name>
      <ref:Number>2018:672</ref:Number>
      <ref:Chapter>10</ref:Chapter>
      <ref:Paragraph>16</ref:Paragraph>
    </link:reference>
    <link:referenceArc xlink:type="arc" xlink:arcrole="http://www.xbrl.org/2003/arcrole/concept-reference" xlink:from="ForandringEgetKapitalMedlemsinsatserOverinsats" xlink:to="reference_ForandringEgetKapitalMedlemsinsatserOverinsats" xlink:title="reference: ForandringEgetKapitalMedlemsinsatserOverinsats to reference_ForandringEgetKapitalMedlemsinsatserOverinsats"/>
    <link:loc xlink:type="locator" xlink:href="se-gen-base-2021-10-31.xsd#se-gen-base_ForandringEgetKapitalReservfondForverkadeForlagsinsatser" xlink:label="ForandringEgetKapitalReservfondForverkadeForlagsinsatser" xlink:title="ForandringEgetKapitalReservfondForverkadeForlagsinsatser"/>
    <link:reference xlink:type="resource" xlink:label="reference_ForandringEgetKapitalReservfondForverkadeForlagsinsatser" xlink:role="http://www.xbrl.org/2003/role/reference" xlink:title="reference_ForandringEgetKapitalReservfondForverkadeForlagsinsatser" id="reference_ForandringEgetKapitalReservfondForverkadeForlagsinsatser_2">
      <ref:Name>EFL</ref:Name>
      <ref:Number>2018:672</ref:Number>
      <ref:Chapter>11</ref:Chapter>
      <ref:Paragraph>6</ref:Paragraph>
    </link:reference>
    <link:referenceArc xlink:type="arc" xlink:arcrole="http://www.xbrl.org/2003/arcrole/concept-reference" xlink:from="ForandringEgetKapitalReservfondForverkadeForlagsinsatser" xlink:to="reference_ForandringEgetKapitalReservfondForverkadeForlagsinsatser" xlink:title="reference: ForandringEgetKapitalReservfondForverkadeForlagsinsatser to reference_ForandringEgetKapitalReservfondForverkadeForlagsinsatser"/>
    <link:loc xlink:type="locator" xlink:href="se-gen-base-2021-10-31.xsd#se-gen-base_ForandringEgetKapitalBalanseratResultatLamnadUtdelningAbstract" xlink:label="ForandringEgetKapitalBalanseratResultatLamnadUtdelningAbstract" xlink:title="ForandringEgetKapitalBalanseratResultatLamnadUtdelningAbstract"/>
    <link:reference xlink:type="resource" xlink:label="reference_ForandringEgetKapitalBalanseratResultatLamnadUtdelningAbstract" xlink:role="http://www.xbrl.org/2003/role/reference" xlink:title="reference_ForandringEgetKapitalBalanseratResultatLamnadUtdelningAbstract" id="reference_ForandringEgetKapitalBalanseratResultatLamnadUtdelningAbstract_2">
      <ref:Name>EFL</ref:Name>
      <ref:Number>2018:672</ref:Number>
      <ref:Chapter>13</ref:Chapter>
    </link:reference>
    <link:referenceArc xlink:type="arc" xlink:arcrole="http://www.xbrl.org/2003/arcrole/concept-reference" xlink:from="ForandringEgetKapitalBalanseratResultatLamnadUtdelningAbstract" xlink:to="reference_ForandringEgetKapitalBalanseratResultatLamnadUtdelningAbstract" xlink:title="reference: ForandringEgetKapitalBalanseratResultatLamnadUtdelningAbstract to reference_ForandringEgetKapitalBalanseratResultatLamnadUtdelningAbstract"/>
    <link:loc xlink:type="locator" xlink:href="se-gen-base-2021-10-31.xsd#se-gen-base_ForandringEgetKapitalIngaendeAretsResultatLamnadUtdelningAbstract" xlink:label="ForandringEgetKapitalIngaendeAretsResultatLamnadUtdelningAbstract" xlink:title="ForandringEgetKapitalIngaendeAretsResultatLamnadUtdelningAbstract"/>
    <link:reference xlink:type="resource" xlink:label="reference_ForandringEgetKapitalIngaendeAretsResultatLamnadUtdelningAbstract" xlink:role="http://www.xbrl.org/2003/role/reference" xlink:title="reference_ForandringEgetKapitalIngaendeAretsResultatLamnadUtdelningAbstract" id="reference_ForandringEgetKapitalIngaendeAretsResultatLamnadUtdelningAbstract_2">
      <ref:Name>EFL</ref:Name>
      <ref:Number>2018:672</ref:Number>
      <ref:Chapter>13</ref:Chapter>
    </link:reference>
    <link:referenceArc xlink:type="arc" xlink:arcrole="http://www.xbrl.org/2003/arcrole/concept-reference" xlink:from="ForandringEgetKapitalIngaendeAretsResultatLamnadUtdelningAbstract" xlink:to="reference_ForandringEgetKapitalIngaendeAretsResultatLamnadUtdelningAbstract" xlink:title="reference: ForandringEgetKapitalIngaendeAretsResultatLamnadUtdelningAbstract to reference_ForandringEgetKapitalIngaendeAretsResultatLamnadUtdelningAbstract"/>
    <link:loc xlink:type="locator" xlink:href="se-gen-base-2021-10-31.xsd#se-gen-base_ForandringEgetKapitalTotaltLamnadUtdelningAbstract" xlink:label="ForandringEgetKapitalTotaltLamnadUtdelningAbstract" xlink:title="ForandringEgetKapitalTotaltLamnadUtdelningAbstract"/>
    <link:reference xlink:type="resource" xlink:label="reference_ForandringEgetKapitalTotaltLamnadUtdelningAbstract" xlink:role="http://www.xbrl.org/2003/role/reference" xlink:title="reference_ForandringEgetKapitalTotaltLamnadUtdelningAbstract" id="reference_ForandringEgetKapitalTotaltLamnadUtdelningAbstract_2">
      <ref:Name>EFL</ref:Name>
      <ref:Number>2018:672</ref:Number>
      <ref:Chapter>13</ref:Chapter>
    </link:reference>
    <link:referenceArc xlink:type="arc" xlink:arcrole="http://www.xbrl.org/2003/arcrole/concept-reference" xlink:from="ForandringEgetKapitalTotaltLamnadUtdelningAbstract" xlink:to="reference_ForandringEgetKapitalTotaltLamnadUtdelningAbstract" xlink:title="reference: ForandringEgetKapitalTotaltLamnadUtdelningAbstract to reference_ForandringEgetKapitalTotaltLamnadUtdelningAbstract"/>
    <link:loc xlink:type="locator" xlink:href="se-gen-base-2021-10-31.xsd#se-gen-base_ForandringEgetKapitalTotaltMedlemsinsatserOverinsats" xlink:label="ForandringEgetKapitalTotaltMedlemsinsatserOverinsats" xlink:title="ForandringEgetKapitalTotaltMedlemsinsatserOverinsats"/>
    <link:reference xlink:type="resource" xlink:label="reference_ForandringEgetKapitalTotaltMedlemsinsatserOverinsats" xlink:role="http://www.xbrl.org/2003/role/reference" xlink:title="reference_ForandringEgetKapitalTotaltMedlemsinsatserOverinsats" id="reference_ForandringEgetKapitalTotaltMedlemsinsatserOverinsats_2">
      <ref:Name>EFL</ref:Name>
      <ref:Number>2018:672</ref:Number>
      <ref:Chapter>10</ref:Chapter>
      <ref:Paragraph>16</ref:Paragraph>
    </link:reference>
    <link:referenceArc xlink:type="arc" xlink:arcrole="http://www.xbrl.org/2003/arcrole/concept-reference" xlink:from="ForandringEgetKapitalTotaltMedlemsinsatserOverinsats" xlink:to="reference_ForandringEgetKapitalTotaltMedlemsinsatserOverinsats" xlink:title="reference: ForandringEgetKapitalTotaltMedlemsinsatserOverinsats to reference_ForandringEgetKapitalTotaltMedlemsinsatserOverinsats"/>
    <link:loc xlink:type="locator" xlink:href="se-gen-base-2021-10-31.xsd#se-gen-base_ForslagDispositionUtdelningAndraAnMedlemmarInnehavareForlagsandelar" xlink:label="ForslagDispositionUtdelningAndraAnMedlemmarInnehavareForlagsandelar" xlink:title="ForslagDispositionUtdelningAndraAnMedlemmarInnehavareForlagsandelar"/>
    <link:reference xlink:type="resource" xlink:label="reference_ForslagDispositionUtdelningAndraAnMedlemmarInnehavareForlagsandelar" xlink:role="http://www.xbrl.org/2003/role/reference" xlink:title="reference_ForslagDispositionUtdelningAndraAnMedlemmarInnehavareForlagsandelar" id="reference_ForslagDispositionUtdelningAndraAnMedlemmarInnehavareForlagsandelar">
      <ref:Name>EFL</ref:Name>
      <ref:Number>2018:672</ref:Number>
      <ref:Chapter>13</ref:Chapter>
      <ref:Paragraph>1</ref:Paragraph>
      <ref:Section>2</ref:Section>
    </link:reference>
    <link:referenceArc xlink:type="arc" xlink:arcrole="http://www.xbrl.org/2003/arcrole/concept-reference" xlink:from="ForslagDispositionUtdelningAndraAnMedlemmarInnehavareForlagsandelar" xlink:to="reference_ForslagDispositionUtdelningAndraAnMedlemmarInnehavareForlagsandelar" xlink:title="reference: ForslagDispositionUtdelningAndraAnMedlemmarInnehavareForlagsandelar to reference_ForslagDispositionUtdelningAndraAnMedlemmarInnehavareForlagsandelar"/>
    <link:loc xlink:type="locator" xlink:href="se-gen-base-2021-10-31.xsd#se-gen-base_ForslagUtdelningMedlemmarForhallandeKopForsaljning" xlink:label="ForslagUtdelningMedlemmarForhallandeKopForsaljning" xlink:title="ForslagUtdelningMedlemmarForhallandeKopForsaljning"/>
    <link:reference xlink:type="resource" xlink:label="reference_ForslagUtdelningMedlemmarForhallandeKopForsaljning" xlink:role="http://www.xbrl.org/2003/role/reference" xlink:title="reference_ForslagUtdelningMedlemmarForhallandeKopForsaljning" id="reference_ForslagUtdelningMedlemmarForhallandeKopForsaljning_3">
      <ref:Name>EFL</ref:Name>
      <ref:Number>2018:672</ref:Number>
      <ref:Chapter>13</ref:Chapter>
      <ref:Paragraph>1</ref:Paragraph>
    </link:reference>
    <link:referenceArc xlink:type="arc" xlink:arcrole="http://www.xbrl.org/2003/arcrole/concept-reference" xlink:from="ForslagUtdelningMedlemmarForhallandeKopForsaljning" xlink:to="reference_ForslagUtdelningMedlemmarForhallandeKopForsaljning" xlink:title="reference: ForslagUtdelningMedlemmarForhallandeKopForsaljning to reference_ForslagUtdelningMedlemmarForhallandeKopForsaljning"/>
    <link:loc xlink:type="locator" xlink:href="se-gen-base-2021-10-31.xsd#se-gen-base_ForslagUtdelningMedlemmarForhallandeMedlemsinsatser" xlink:label="ForslagUtdelningMedlemmarForhallandeMedlemsinsatser" xlink:title="ForslagUtdelningMedlemmarForhallandeMedlemsinsatser"/>
    <link:reference xlink:type="resource" xlink:label="reference_ForslagUtdelningMedlemmarForhallandeMedlemsinsatser" xlink:role="http://www.xbrl.org/2003/role/reference" xlink:title="reference_ForslagUtdelningMedlemmarForhallandeMedlemsinsatser" id="reference_ForslagUtdelningMedlemmarForhallandeMedlemsinsatser">
      <ref:Name>EFL</ref:Name>
      <ref:Number>2018:672</ref:Number>
      <ref:Chapter>13</ref:Chapter>
      <ref:Paragraph>1</ref:Paragraph>
    </link:reference>
    <link:referenceArc xlink:type="arc" xlink:arcrole="http://www.xbrl.org/2003/arcrole/concept-reference" xlink:from="ForslagUtdelningMedlemmarForhallandeMedlemsinsatser" xlink:to="reference_ForslagUtdelningMedlemmarForhallandeMedlemsinsatser" xlink:title="reference: ForslagUtdelningMedlemmarForhallandeMedlemsinsatser to reference_ForslagUtdelningMedlemmarForhallandeMedlemsinsatser"/>
    <link:loc xlink:type="locator" xlink:href="se-gen-base-2021-10-31.xsd#se-gen-base_StyrelsensYttrandeVinstutdelning" xlink:label="StyrelsensYttrandeVinstutdelning" xlink:title="StyrelsensYttrandeVinstutdelning"/>
    <link:reference xlink:type="resource" xlink:label="reference_StyrelsensYttrandeVinstutdelning" xlink:role="http://www.xbrl.org/2003/role/reference" xlink:title="reference_StyrelsensYttrandeVinstutdelning" id="reference_StyrelsensYttrandeVinstutdelning">
      <ref:Name>EFL</ref:Name>
      <ref:Number>2018:672</ref:Number>
      <ref:Chapter>13</ref:Chapter>
      <ref:Paragraph>6</ref:Paragraph>
    </link:reference>
    <link:referenceArc xlink:type="arc" xlink:arcrole="http://www.xbrl.org/2003/arcrole/concept-reference" xlink:from="StyrelsensYttrandeVinstutdelning" xlink:to="reference_StyrelsensYttrandeVinstutdelning" xlink:title="reference: StyrelsensYttrandeVinstutdelning to reference_StyrelsensYttrandeVinstutdelning"/>
    <link:loc xlink:type="locator" xlink:href="se-gen-base-2021-10-31.xsd#se-gen-base_ForandringEgetKapitalBalanseratResultatLamnadUtdelningForlagsinsatser" xlink:label="ForandringEgetKapitalBalanseratResultatLamnadUtdelningForlagsinsatser" xlink:title="ForandringEgetKapitalBalanseratResultatLamnadUtdelningForlagsinsatser"/>
    <link:reference xlink:type="resource" xlink:label="reference_ForandringEgetKapitalBalanseratResultatLamnadUtdelningForlagsinsatser" xlink:role="http://www.xbrl.org/2003/role/reference" xlink:title="reference_ForandringEgetKapitalBalanseratResultatLamnadUtdelningForlagsinsatser" id="reference_ForandringEgetKapitalBalanseratResultatLamnadUtdelningForlagsinsatser">
      <ref:Name>EFL</ref:Name>
      <ref:Number>2018:672</ref:Number>
      <ref:Chapter>13</ref:Chapter>
    </link:reference>
    <link:referenceArc xlink:type="arc" xlink:arcrole="http://www.xbrl.org/2003/arcrole/concept-reference" xlink:from="ForandringEgetKapitalBalanseratResultatLamnadUtdelningForlagsinsatser" xlink:to="reference_ForandringEgetKapitalBalanseratResultatLamnadUtdelningForlagsinsatser" xlink:title="reference: ForandringEgetKapitalBalanseratResultatLamnadUtdelningForlagsinsatser to reference_ForandringEgetKapitalBalanseratResultatLamnadUtdelningForlagsinsatser"/>
    <link:loc xlink:type="locator" xlink:href="se-gen-base-2021-10-31.xsd#se-gen-base_ForandringEgetKapitalBalanseratResultatLamnadUtdelningMedlemmar" xlink:label="ForandringEgetKapitalBalanseratResultatLamnadUtdelningMedlemmar" xlink:title="ForandringEgetKapitalBalanseratResultatLamnadUtdelningMedlemmar"/>
    <link:reference xlink:type="resource" xlink:label="reference_ForandringEgetKapitalBalanseratResultatLamnadUtdelningMedlemmar" xlink:role="http://www.xbrl.org/2003/role/reference" xlink:title="reference_ForandringEgetKapitalBalanseratResultatLamnadUtdelningMedlemmar" id="reference_ForandringEgetKapitalBalanseratResultatLamnadUtdelningMedlemmar">
      <ref:Name>EFL</ref:Name>
      <ref:Number>2018:672</ref:Number>
      <ref:Chapter>13</ref:Chapter>
    </link:reference>
    <link:referenceArc xlink:type="arc" xlink:arcrole="http://www.xbrl.org/2003/arcrole/concept-reference" xlink:from="ForandringEgetKapitalBalanseratResultatLamnadUtdelningMedlemmar" xlink:to="reference_ForandringEgetKapitalBalanseratResultatLamnadUtdelningMedlemmar" xlink:title="reference: ForandringEgetKapitalBalanseratResultatLamnadUtdelningMedlemmar to reference_ForandringEgetKapitalBalanseratResultatLamnadUtdelningMedlemmar"/>
    <link:loc xlink:type="locator" xlink:href="se-gen-base-2021-10-31.xsd#se-gen-base_ForandringEgetKapitalAretsResultatLamnadUtdelningForlagsinsatser" xlink:label="ForandringEgetKapitalAretsResultatLamnadUtdelningForlagsinsatser" xlink:title="ForandringEgetKapitalAretsResultatLamnadUtdelningForlagsinsatser"/>
    <link:reference xlink:type="resource" xlink:label="reference_ForandringEgetKapitalAretsResultatLamnadUtdelningForlagsinsatser" xlink:role="http://www.xbrl.org/2003/role/reference" xlink:title="reference_ForandringEgetKapitalAretsResultatLamnadUtdelningForlagsinsatser" id="reference_ForandringEgetKapitalAretsResultatLamnadUtdelningForlagsinsatser">
      <ref:Name>EFL</ref:Name>
      <ref:Number>2018:672</ref:Number>
      <ref:Chapter>13</ref:Chapter>
    </link:reference>
    <link:referenceArc xlink:type="arc" xlink:arcrole="http://www.xbrl.org/2003/arcrole/concept-reference" xlink:from="ForandringEgetKapitalAretsResultatLamnadUtdelningForlagsinsatser" xlink:to="reference_ForandringEgetKapitalAretsResultatLamnadUtdelningForlagsinsatser" xlink:title="reference: ForandringEgetKapitalAretsResultatLamnadUtdelningForlagsinsatser to reference_ForandringEgetKapitalAretsResultatLamnadUtdelningForlagsinsatser"/>
    <link:loc xlink:type="locator" xlink:href="se-gen-base-2021-10-31.xsd#se-gen-base_ForandringEgetKapitalAretsResultatLamnadUtdelningMedlemmar" xlink:label="ForandringEgetKapitalAretsResultatLamnadUtdelningMedlemmar" xlink:title="ForandringEgetKapitalAretsResultatLamnadUtdelningMedlemmar"/>
    <link:reference xlink:type="resource" xlink:label="reference_ForandringEgetKapitalAretsResultatLamnadUtdelningMedlemmar" xlink:role="http://www.xbrl.org/2003/role/reference" xlink:title="reference_ForandringEgetKapitalAretsResultatLamnadUtdelningMedlemmar" id="reference_ForandringEgetKapitalAretsResultatLamnadUtdelningMedlemmar">
      <ref:Name>EFL</ref:Name>
      <ref:Number>2018:672</ref:Number>
      <ref:Chapter>13</ref:Chapter>
    </link:reference>
    <link:referenceArc xlink:type="arc" xlink:arcrole="http://www.xbrl.org/2003/arcrole/concept-reference" xlink:from="ForandringEgetKapitalAretsResultatLamnadUtdelningMedlemmar" xlink:to="reference_ForandringEgetKapitalAretsResultatLamnadUtdelningMedlemmar" xlink:title="reference: ForandringEgetKapitalAretsResultatLamnadUtdelningMedlemmar to reference_ForandringEgetKapitalAretsResultatLamnadUtdelningMedlemmar"/>
    <link:loc xlink:type="locator" xlink:href="se-gen-base-2021-10-31.xsd#se-gen-base_ForandringEgetKapitalTotaltLamnadUtdelningForlagsinsatser" xlink:label="ForandringEgetKapitalTotaltLamnadUtdelningForlagsinsatser" xlink:title="ForandringEgetKapitalTotaltLamnadUtdelningForlagsinsatser"/>
    <link:reference xlink:type="resource" xlink:label="reference_ForandringEgetKapitalTotaltLamnadUtdelningForlagsinsatser" xlink:role="http://www.xbrl.org/2003/role/reference" xlink:title="reference_ForandringEgetKapitalTotaltLamnadUtdelningForlagsinsatser" id="reference_ForandringEgetKapitalTotaltLamnadUtdelningForlagsinsatser">
      <ref:Name>EFL</ref:Name>
      <ref:Number>2018:672</ref:Number>
      <ref:Chapter>13</ref:Chapter>
    </link:reference>
    <link:referenceArc xlink:type="arc" xlink:arcrole="http://www.xbrl.org/2003/arcrole/concept-reference" xlink:from="ForandringEgetKapitalTotaltLamnadUtdelningForlagsinsatser" xlink:to="reference_ForandringEgetKapitalTotaltLamnadUtdelningForlagsinsatser" xlink:title="reference: ForandringEgetKapitalTotaltLamnadUtdelningForlagsinsatser to reference_ForandringEgetKapitalTotaltLamnadUtdelningForlagsinsatser"/>
    <link:loc xlink:type="locator" xlink:href="se-gen-base-2021-10-31.xsd#se-gen-base_ForandringEgetKapitalTotaltLamnadUtdelningMedlemmar" xlink:label="ForandringEgetKapitalTotaltLamnadUtdelningMedlemmar" xlink:title="ForandringEgetKapitalTotaltLamnadUtdelningMedlemmar"/>
    <link:reference xlink:type="resource" xlink:label="reference_ForandringEgetKapitalTotaltLamnadUtdelningMedlemmar" xlink:role="http://www.xbrl.org/2003/role/reference" xlink:title="reference_ForandringEgetKapitalTotaltLamnadUtdelningMedlemmar" id="reference_ForandringEgetKapitalTotaltLamnadUtdelningMedlemmar">
      <ref:Name>EFL</ref:Name>
      <ref:Number>2018:672</ref:Number>
      <ref:Chapter>13</ref:Chapter>
    </link:reference>
    <link:referenceArc xlink:type="arc" xlink:arcrole="http://www.xbrl.org/2003/arcrole/concept-reference" xlink:from="ForandringEgetKapitalTotaltLamnadUtdelningMedlemmar" xlink:to="reference_ForandringEgetKapitalTotaltLamnadUtdelningMedlemmar" xlink:title="reference: ForandringEgetKapitalTotaltLamnadUtdelningMedlemmar to reference_ForandringEgetKapitalTotaltLamnadUtdelningMedlemmar"/>
    <link:loc xlink:type="locator" xlink:href="se-gen-base-2021-10-31.xsd#se-gen-base_ForandringEgetKapitalBalanseratResultatLamnadUtdelningAndraAnMedlemmarInnehavareForlagsandelar" xlink:label="ForandringEgetKapitalBalanseratResultatLamnadUtdelningAndraAnMedlemmarInnehavareForlagsandelar" xlink:title="ForandringEgetKapitalBalanseratResultatLamnadUtdelningAndraAnMedlemmarInnehavareForlagsandelar"/>
    <link:reference xlink:type="resource" xlink:label="reference_ForandringEgetKapitalBalanseratResultatLamnadUtdelningAndraAnMedlemmarInnehavareForlagsandelar" xlink:role="http://www.xbrl.org/2003/role/reference" xlink:title="reference_ForandringEgetKapitalBalanseratResultatLamnadUtdelningAndraAnMedlemmarInnehavareForlagsandelar" id="reference_ForandringEgetKapitalBalanseratResultatLamnadUtdelningAndraAnMedlemmarInnehavareForlagsandelar">
      <ref:Name>EFL</ref:Name>
      <ref:Number>2018:672</ref:Number>
      <ref:Chapter>13</ref:Chapter>
    </link:reference>
    <link:referenceArc xlink:type="arc" xlink:arcrole="http://www.xbrl.org/2003/arcrole/concept-reference" xlink:from="ForandringEgetKapitalBalanseratResultatLamnadUtdelningAndraAnMedlemmarInnehavareForlagsandelar" xlink:to="reference_ForandringEgetKapitalBalanseratResultatLamnadUtdelningAndraAnMedlemmarInnehavareForlagsandelar" xlink:title="reference: ForandringEgetKapitalBalanseratResultatLamnadUtdelningAndraAnMedlemmarInnehavareForlagsandelar to reference_ForandringEgetKapitalBalanseratResultatLamnadUtdelningAndraAnMedlemmarInnehavareForlagsandelar"/>
    <link:reference xlink:type="resource" xlink:label="reference_ForandringEgetKapitalBalanseratResultatLamnadUtdelningAndraAnMedlemmarInnehavareForlagsandelar_2" xlink:role="http://www.xbrl.org/2003/role/reference" xlink:title="reference_ForandringEgetKapitalBalanseratResultatLamnadUtdelningAndraAnMedlemmarInnehavareForlagsandelar" id="reference_ForandringEgetKapitalBalanseratResultatLamnadUtdelningAndraAnMedlemmarInnehavareForlagsandelar_2">
      <ref:Name>EFL</ref:Name>
      <ref:Number>2018:672</ref:Number>
      <ref:Chapter>13</ref:Chapter>
      <ref:Paragraph>1</ref:Paragraph>
      <ref:Section>2</ref:Section>
    </link:reference>
    <link:referenceArc xlink:type="arc" xlink:arcrole="http://www.xbrl.org/2003/arcrole/concept-reference" xlink:from="ForandringEgetKapitalBalanseratResultatLamnadUtdelningAndraAnMedlemmarInnehavareForlagsandelar" xlink:to="reference_ForandringEgetKapitalBalanseratResultatLamnadUtdelningAndraAnMedlemmarInnehavareForlagsandelar_2" xlink:title="reference: ForandringEgetKapitalBalanseratResultatLamnadUtdelningAndraAnMedlemmarInnehavareForlagsandelar to reference_ForandringEgetKapitalBalanseratResultatLamnadUtdelningAndraAnMedlemmarInnehavareForlagsandelar"/>
    <link:loc xlink:type="locator" xlink:href="se-gen-base-2021-10-31.xsd#se-gen-base_ForandringEgetKapitalAretsResultatLamnadUtdelningAndraAnMedlemmarInnehavareForlagsandelar" xlink:label="ForandringEgetKapitalAretsResultatLamnadUtdelningAndraAnMedlemmarInnehavareForlagsandelar" xlink:title="ForandringEgetKapitalAretsResultatLamnadUtdelningAndraAnMedlemmarInnehavareForlagsandelar"/>
    <link:reference xlink:type="resource" xlink:label="reference_ForandringEgetKapitalAretsResultatLamnadUtdelningAndraAnMedlemmarInnehavareForlagsandelar" xlink:role="http://www.xbrl.org/2003/role/reference" xlink:title="reference_ForandringEgetKapitalAretsResultatLamnadUtdelningAndraAnMedlemmarInnehavareForlagsandelar" id="reference_ForandringEgetKapitalAretsResultatLamnadUtdelningAndraAnMedlemmarInnehavareForlagsandelar">
      <ref:Name>EFL</ref:Name>
      <ref:Number>2018:672</ref:Number>
      <ref:Chapter>13</ref:Chapter>
    </link:reference>
    <link:referenceArc xlink:type="arc" xlink:arcrole="http://www.xbrl.org/2003/arcrole/concept-reference" xlink:from="ForandringEgetKapitalAretsResultatLamnadUtdelningAndraAnMedlemmarInnehavareForlagsandelar" xlink:to="reference_ForandringEgetKapitalAretsResultatLamnadUtdelningAndraAnMedlemmarInnehavareForlagsandelar" xlink:title="reference: ForandringEgetKapitalAretsResultatLamnadUtdelningAndraAnMedlemmarInnehavareForlagsandelar to reference_ForandringEgetKapitalAretsResultatLamnadUtdelningAndraAnMedlemmarInnehavareForlagsandelar"/>
    <link:reference xlink:type="resource" xlink:label="reference_ForandringEgetKapitalAretsResultatLamnadUtdelningAndraAnMedlemmarInnehavareForlagsandelar_2" xlink:role="http://www.xbrl.org/2003/role/reference" xlink:title="reference_ForandringEgetKapitalAretsResultatLamnadUtdelningAndraAnMedlemmarInnehavareForlagsandelar" id="reference_ForandringEgetKapitalAretsResultatLamnadUtdelningAndraAnMedlemmarInnehavareForlagsandelar_2">
      <ref:Name>EFL</ref:Name>
      <ref:Number>2018:672</ref:Number>
      <ref:Chapter>13</ref:Chapter>
      <ref:Paragraph>1</ref:Paragraph>
      <ref:Section>2</ref:Section>
    </link:reference>
    <link:referenceArc xlink:type="arc" xlink:arcrole="http://www.xbrl.org/2003/arcrole/concept-reference" xlink:from="ForandringEgetKapitalAretsResultatLamnadUtdelningAndraAnMedlemmarInnehavareForlagsandelar" xlink:to="reference_ForandringEgetKapitalAretsResultatLamnadUtdelningAndraAnMedlemmarInnehavareForlagsandelar_2" xlink:title="reference: ForandringEgetKapitalAretsResultatLamnadUtdelningAndraAnMedlemmarInnehavareForlagsandelar to reference_ForandringEgetKapitalAretsResultatLamnadUtdelningAndraAnMedlemmarInnehavareForlagsandelar"/>
    <link:loc xlink:type="locator" xlink:href="se-gen-base-2021-10-31.xsd#se-gen-base_ForandringEgetKapitalTotaltLamnadUtdelningAndraAnMedlemmarInnehavareForlagsandelar" xlink:label="ForandringEgetKapitalTotaltLamnadUtdelningAndraAnMedlemmarInnehavareForlagsandelar" xlink:title="ForandringEgetKapitalTotaltLamnadUtdelningAndraAnMedlemmarInnehavareForlagsandelar"/>
    <link:reference xlink:type="resource" xlink:label="reference_ForandringEgetKapitalTotaltLamnadUtdelningAndraAnMedlemmarInnehavareForlagsandelar" xlink:role="http://www.xbrl.org/2003/role/reference" xlink:title="reference_ForandringEgetKapitalTotaltLamnadUtdelningAndraAnMedlemmarInnehavareForlagsandelar" id="reference_ForandringEgetKapitalTotaltLamnadUtdelningAndraAnMedlemmarInnehavareForlagsandelar">
      <ref:Name>EFL</ref:Name>
      <ref:Number>2018:672</ref:Number>
      <ref:Chapter>13</ref:Chapter>
    </link:reference>
    <link:referenceArc xlink:type="arc" xlink:arcrole="http://www.xbrl.org/2003/arcrole/concept-reference" xlink:from="ForandringEgetKapitalTotaltLamnadUtdelningAndraAnMedlemmarInnehavareForlagsandelar" xlink:to="reference_ForandringEgetKapitalTotaltLamnadUtdelningAndraAnMedlemmarInnehavareForlagsandelar" xlink:title="reference: ForandringEgetKapitalTotaltLamnadUtdelningAndraAnMedlemmarInnehavareForlagsandelar to reference_ForandringEgetKapitalTotaltLamnadUtdelningAndraAnMedlemmarInnehavareForlagsandelar"/>
    <link:reference xlink:type="resource" xlink:label="reference_ForandringEgetKapitalTotaltLamnadUtdelningAndraAnMedlemmarInnehavareForlagsandelar_2" xlink:role="http://www.xbrl.org/2003/role/reference" xlink:title="reference_ForandringEgetKapitalTotaltLamnadUtdelningAndraAnMedlemmarInnehavareForlagsandelar" id="reference_ForandringEgetKapitalTotaltLamnadUtdelningAndraAnMedlemmarInnehavareForlagsandelar_2">
      <ref:Name>EFL</ref:Name>
      <ref:Number>2018:672</ref:Number>
      <ref:Chapter>13</ref:Chapter>
      <ref:Paragraph>1</ref:Paragraph>
      <ref:Section>2</ref:Section>
    </link:reference>
    <link:referenceArc xlink:type="arc" xlink:arcrole="http://www.xbrl.org/2003/arcrole/concept-reference" xlink:from="ForandringEgetKapitalTotaltLamnadUtdelningAndraAnMedlemmarInnehavareForlagsandelar" xlink:to="reference_ForandringEgetKapitalTotaltLamnadUtdelningAndraAnMedlemmarInnehavareForlagsandelar_2" xlink:title="reference: ForandringEgetKapitalTotaltLamnadUtdelningAndraAnMedlemmarInnehavareForlagsandelar to reference_ForandringEgetKapitalTotaltLamnadUtdelningAndraAnMedlemmarInnehavareForlagsandelar"/>
  </link:referenceLink>
</link:linkbase>
