<?xml version="1.0" encoding="UTF-8"?>
<!-- Generated by Fujitsu Interstage XWand B0255 -->
<link:linkbase xmlns:xsi="http://www.w3.org/2001/XMLSchema-instance" xsi:schemaLocation="http://www.xbrl.org/2003/linkbase http://www.xbrl.org/2003/xbrl-linkbase-2003-12-31.xsd" xmlns:link="http://www.xbrl.org/2003/linkbase" xmlns:xlink="http://www.w3.org/1999/xlink" xmlns:xbrli="http://www.xbrl.org/2003/instance">
  <link:labelLink xlink:type="extended" xlink:role="http://www.xbrl.org/2003/role/link">
    <link:loc xlink:type="locator" xlink:href="se-gen-base-2021-10-31.xsd#se-gen-base_ForvaltningsberattelseAbstract" xlink:label="ForvaltningsberattelseAbstract" xlink:title="ForvaltningsberattelseAbstract"/>
    <link:label xlink:type="resource" xlink:label="label_ForvaltningsberattelseAbstract" xlink:role="http://www.xbrl.org/2003/role/verboseLabel" xlink:title="label_ForvaltningsberattelseAbstract" xml:lang="en" id="label_ForvaltningsberattelseAbstract">Management report (Presentation)</link:label>
    <link:labelArc xlink:type="arc" xlink:arcrole="http://www.xbrl.org/2003/arcrole/concept-label" xlink:from="ForvaltningsberattelseAbstract" xlink:to="label_ForvaltningsberattelseAbstract" xlink:title="label: ForvaltningsberattelseAbstract to label_ForvaltningsberattelseAbstract"/>
    <link:loc xlink:type="locator" xlink:href="se-gen-base-2021-10-31.xsd#se-gen-base_ForandringEgetKapitalAbstract" xlink:label="ForandringEgetKapitalAbstract" xlink:title="ForandringEgetKapitalAbstract"/>
    <link:label xlink:type="resource" xlink:label="label_ForandringEgetKapitalAbstract" xlink:role="http://www.xbrl.org/2003/role/verboseLabel" xlink:title="label_ForandringEgetKapitalAbstract" xml:lang="en" id="label_ForandringEgetKapitalAbstract">Changes in capital and reserves (Presentation)</link:label>
    <link:labelArc xlink:type="arc" xlink:arcrole="http://www.xbrl.org/2003/arcrole/concept-label" xlink:from="ForandringEgetKapitalAbstract" xlink:to="label_ForandringEgetKapitalAbstract" xlink:title="label: ForandringEgetKapitalAbstract to label_ForandringEgetKapitalAbstract"/>
    <link:loc xlink:type="locator" xlink:href="se-gen-base-2021-10-31.xsd#se-gen-base_ResultatrakningKostnadsslagsindeladAbstract" xlink:label="ResultatrakningKostnadsslagsindeladAbstract" xlink:title="ResultatrakningKostnadsslagsindeladAbstract"/>
    <link:label xlink:type="resource" xlink:label="label_ResultatrakningKostnadsslagsindeladAbstract" xlink:role="http://www.xbrl.org/2003/role/verboseLabel" xlink:title="label_ResultatrakningKostnadsslagsindeladAbstract" xml:lang="en" id="label_ResultatrakningKostnadsslagsindeladAbstract">Profit and loss account classified by nature of expenses (Presentation)</link:label>
    <link:labelArc xlink:type="arc" xlink:arcrole="http://www.xbrl.org/2003/arcrole/concept-label" xlink:from="ResultatrakningKostnadsslagsindeladAbstract" xlink:to="label_ResultatrakningKostnadsslagsindeladAbstract" xlink:title="label: ResultatrakningKostnadsslagsindeladAbstract to label_ResultatrakningKostnadsslagsindeladAbstract"/>
    <link:loc xlink:type="locator" xlink:href="se-gen-base-2021-10-31.xsd#se-gen-base_ResultatrakningKostnadsslagsindeladForkortadAbstract" xlink:label="ResultatrakningKostnadsslagsindeladForkortadAbstract" xlink:title="ResultatrakningKostnadsslagsindeladForkortadAbstract"/>
    <link:label xlink:type="resource" xlink:label="label_ResultatrakningKostnadsslagsindeladForkortadAbstract" xlink:role="http://www.xbrl.org/2003/role/verboseLabel" xlink:title="label_ResultatrakningKostnadsslagsindeladForkortadAbstract" xml:lang="en" id="label_ResultatrakningKostnadsslagsindeladForkortadAbstract">Abridged profit and loss account classified by nature of expenses (Presentation)</link:label>
    <link:labelArc xlink:type="arc" xlink:arcrole="http://www.xbrl.org/2003/arcrole/concept-label" xlink:from="ResultatrakningKostnadsslagsindeladForkortadAbstract" xlink:to="label_ResultatrakningKostnadsslagsindeladForkortadAbstract" xlink:title="label: ResultatrakningKostnadsslagsindeladForkortadAbstract to label_ResultatrakningKostnadsslagsindeladForkortadAbstract"/>
    <link:loc xlink:type="locator" xlink:href="se-gen-base-2021-10-31.xsd#se-gen-base_BalansrakningAbstract" xlink:label="BalansrakningAbstract" xlink:title="BalansrakningAbstract"/>
    <link:label xlink:type="resource" xlink:label="label_BalansrakningAbstract" xlink:role="http://www.xbrl.org/2003/role/verboseLabel" xlink:title="label_BalansrakningAbstract" xml:lang="en" id="label_BalansrakningAbstract">Balance sheet (Presentation)</link:label>
    <link:labelArc xlink:type="arc" xlink:arcrole="http://www.xbrl.org/2003/arcrole/concept-label" xlink:from="BalansrakningAbstract" xlink:to="label_BalansrakningAbstract" xlink:title="label: BalansrakningAbstract to label_BalansrakningAbstract"/>
    <link:loc xlink:type="locator" xlink:href="se-gen-base-2021-10-31.xsd#se-gen-base_BalansrakningForkortadAbstract" xlink:label="BalansrakningForkortadAbstract" xlink:title="BalansrakningForkortadAbstract"/>
    <link:label xlink:type="resource" xlink:label="label_BalansrakningForkortadAbstract" xlink:role="http://www.xbrl.org/2003/role/verboseLabel" xlink:title="label_BalansrakningForkortadAbstract" xml:lang="en" id="label_BalansrakningForkortadAbstract">Abridged balance sheet (Presentation)</link:label>
    <link:labelArc xlink:type="arc" xlink:arcrole="http://www.xbrl.org/2003/arcrole/concept-label" xlink:from="BalansrakningForkortadAbstract" xlink:to="label_BalansrakningForkortadAbstract" xlink:title="label: BalansrakningForkortadAbstract to label_BalansrakningForkortadAbstract"/>
    <link:loc xlink:type="locator" xlink:href="se-gen-base-2021-10-31.xsd#se-gen-base_NoterAbstract" xlink:label="NoterAbstract" xlink:title="NoterAbstract"/>
    <link:label xlink:type="resource" xlink:label="label_NoterAbstract" xlink:role="http://www.xbrl.org/2003/role/verboseLabel" xlink:title="label_NoterAbstract" xml:lang="en" id="label_NoterAbstract">Notes (Presentation)</link:label>
    <link:labelArc xlink:type="arc" xlink:arcrole="http://www.xbrl.org/2003/arcrole/concept-label" xlink:from="NoterAbstract" xlink:to="label_NoterAbstract" xlink:title="label: NoterAbstract to label_NoterAbstract"/>
    <link:loc xlink:type="locator" xlink:href="se-gen-base-2021-10-31.xsd#se-gen-base_UndertecknandeForetradareRevisionspateckningAbstract" xlink:label="UndertecknandeForetradareRevisionspateckningAbstract" xlink:title="UndertecknandeForetradareRevisionspateckningAbstract"/>
    <link:label xlink:type="resource" xlink:label="label_UndertecknandeForetradareRevisionspateckningAbstract" xlink:role="http://www.xbrl.org/2003/role/verboseLabel" xlink:title="label_UndertecknandeForetradareRevisionspateckningAbstract" xml:lang="en" id="label_UndertecknandeForetradareRevisionspateckningAbstract">Signing of representatives and auditor's endorsement (Presentation)</link:label>
    <link:labelArc xlink:type="arc" xlink:arcrole="http://www.xbrl.org/2003/arcrole/concept-label" xlink:from="UndertecknandeForetradareRevisionspateckningAbstract" xlink:to="label_UndertecknandeForetradareRevisionspateckningAbstract" xlink:title="label: UndertecknandeForetradareRevisionspateckningAbstract to label_UndertecknandeForetradareRevisionspateckningAbstract"/>
    <link:loc xlink:type="locator" xlink:href="se-gen-base-2021-10-31.xsd#se-gen-base_KassaflodesanalysIndirektAbstract" xlink:label="KassaflodesanalysIndirektAbstract" xlink:title="KassaflodesanalysIndirektAbstract"/>
    <link:label xlink:type="resource" xlink:label="label_KassaflodesanalysIndirektAbstract" xlink:role="http://www.xbrl.org/2003/role/verboseLabel" xlink:title="label_KassaflodesanalysIndirektAbstract" xml:lang="en" id="label_KassaflodesanalysIndirektAbstract">Cash flow statement indirect method (Presentation)</link:label>
    <link:labelArc xlink:type="arc" xlink:arcrole="http://www.xbrl.org/2003/arcrole/concept-label" xlink:from="KassaflodesanalysIndirektAbstract" xlink:to="label_KassaflodesanalysIndirektAbstract" xlink:title="label: KassaflodesanalysIndirektAbstract to label_KassaflodesanalysIndirektAbstract"/>
  </link:labelLink>
</link:linkbase>
