<?xml version="1.0" encoding="UTF-8"?>
<link:linkbase xmlns:xsi="http://www.w3.org/2001/XMLSchema-instance" xsi:schemaLocation="http://www.xbrl.org/2006/ref http://www.xbrl.org/2006/ref-2006-02-27.xsd http://www.xbrl.org/2003/linkbase http://www.xbrl.org/2003/xbrl-linkbase-2003-12-31.xsd" xmlns:link="http://www.xbrl.org/2003/linkbase" xmlns:ref="http://www.xbrl.org/2006/ref" xmlns:xlink="http://www.w3.org/1999/xlink" xmlns:xbrli="http://www.xbrl.org/2003/instance">
  <link:roleRef roleURI="http://www.taxonomier.se/se/fr/role/reference/legislation/lagomidentitetsbeteckning" xlink:type="simple" xlink:href="se-ar-base-2020-12-01.xsd#LEG_ROLE_IDA"/>
  <link:referenceLink xlink:type="extended" xlink:role="http://www.taxonomier.se/se/fr/role/reference/legislation/lagomidentitetsbeteckning">
    <link:loc xlink:type="locator" xlink:href="se-ar-base-2020-12-01.xsd#se-ar-base_Organisationsnummer" xlink:label="Organisationsnummer" xlink:title="Organisationsnummer"/>
    <link:reference xlink:type="resource" xlink:label="reference_Organisationsnummer" xlink:role="http://www.xbrl.org/2003/role/reference" xlink:title="reference_Organisationsnummer" id="reference_Organisationsnummer">
      <ref:Name>Lag om identitetsbeteckning för juridiska personer m.fl</ref:Name>
      <ref:Number>1974:174</ref:Number>
      <ref:Chapter>1</ref:Chapter>
      <ref:Paragraph>1</ref:Paragraph>
    </link:reference>
    <link:referenceArc xlink:type="arc" xlink:arcrole="http://www.xbrl.org/2003/arcrole/concept-reference" xlink:from="Organisationsnummer" xlink:to="reference_Organisationsnummer" xlink:title="reference: Organisationsnummer to reference_Organisationsnummer"/>
  </link:referenceLink>
</link:linkbase>
