<?xml version="1.0" encoding="UTF-8"?>
<link:linkbase xmlns:xsi="http://www.w3.org/2001/XMLSchema-instance" xsi:schemaLocation="http://www.xbrl.org/2004/ref http://www.xbrl.org/2004/ref-2004-08-10.xsd http://www.xbrl.org/2003/linkbase http://www.xbrl.org/2003/xbrl-linkbase-2003-12-31.xsd" xmlns:link="http://www.xbrl.org/2003/linkbase" xmlns:ref="http://www.xbrl.org/2004/ref" xmlns:xbrli="http://www.xbrl.org/2003/instance" xmlns:xlink="http://www.w3.org/1999/xlink">
  <link:roleRef roleURI="http://www.taxonomier.se/se/fr/role/reference/miscellaneous/far/revu" xlink:type="simple" xlink:href="se-ar-base-2020-12-01.xsd#FARREVU"/>
  <link:referenceLink xlink:type="extended" xlink:role="http://www.taxonomier.se/se/fr/role/reference/miscellaneous/far/revu">
    <link:loc xlink:type="locator" xlink:href="se-ar-base-2020-12-01.xsd#se-ar-base_AndraKravLagForfattningLikvidatorAnsvar" xlink:label="AndraKravLagForfattningLikvidatorAnsvar" xlink:title="AndraKravLagForfattningLikvidatorAnsvar"/>
    <link:reference xlink:type="resource" xlink:label="reference_AndraKravLagForfattningLikvidatorAnsvar" xlink:role="http://www.xbrl.org/2003/role/reference" xlink:title="reference_AndraKravLagForfattningLikvidatorAnsvar" id="reference_AndraKravLagForfattningLikvidatorAnsvar">
      <ref:Name>RevR</ref:Name>
      <ref:Number>13</ref:Number>
    </link:reference>
    <link:referenceArc xlink:type="arc" xlink:arcrole="http://www.xbrl.org/2003/arcrole/concept-reference" xlink:from="AndraKravLagForfattningLikvidatorAnsvar" xlink:to="reference_AndraKravLagForfattningLikvidatorAnsvar" xlink:title="reference: AndraKravLagForfattningLikvidatorAnsvar to reference_AndraKravLagForfattningLikvidatorAnsvar"/>
    <link:loc xlink:type="locator" xlink:href="se-ar-base-2020-12-01.xsd#se-ar-base_RevisornsGranskningBolagsstyrningsrapporten" xlink:label="RevisornsGranskningBolagsstyrningsrapporten" xlink:title="RevisornsGranskningBolagsstyrningsrapporten"/>
    <link:reference xlink:type="resource" xlink:label="reference_RevisornsGranskningBolagsstyrningsrapporten" xlink:role="http://www.xbrl.org/2003/role/reference" xlink:title="reference_RevisornsGranskningBolagsstyrningsrapporten" id="reference_RevisornsGranskningBolagsstyrningsrapporten">
      <ref:Name>RevR</ref:Name>
      <ref:Number>16</ref:Number>
    </link:reference>
    <link:referenceArc xlink:type="arc" xlink:arcrole="http://www.xbrl.org/2003/arcrole/concept-reference" xlink:from="RevisornsGranskningBolagsstyrningsrapporten" xlink:to="reference_RevisornsGranskningBolagsstyrningsrapporten" xlink:title="reference: RevisornsGranskningBolagsstyrningsrapporten to reference_RevisornsGranskningBolagsstyrningsrapporten"/>
    <link:loc xlink:type="locator" xlink:href="se-ar-base-2020-12-01.xsd#se-ar-base_LikvidatorAnsvar" xlink:label="LikvidatorAnsvar" xlink:title="LikvidatorAnsvar"/>
    <link:reference xlink:type="resource" xlink:label="reference_LikvidatorAnsvar" xlink:role="http://www.xbrl.org/2003/role/reference" xlink:title="reference_LikvidatorAnsvar" id="reference_LikvidatorAnsvar_2">
      <ref:Name>RevR</ref:Name>
      <ref:Number>13</ref:Number>
    </link:reference>
    <link:referenceArc xlink:type="arc" xlink:arcrole="http://www.xbrl.org/2003/arcrole/concept-reference" xlink:from="LikvidatorAnsvar" xlink:to="reference_LikvidatorAnsvar" xlink:title="reference: LikvidatorAnsvar to reference_LikvidatorAnsvar"/>
  </link:referenceLink>
</link:linkbase>
