<?xml version="1.0" encoding="UTF-8"?>
<link:linkbase xmlns:xsi="http://www.w3.org/2001/XMLSchema-instance" xsi:schemaLocation="http://www.xbrl.org/2003/linkbase http://www.xbrl.org/2003/xbrl-linkbase-2003-12-31.xsd" xmlns:link="http://www.xbrl.org/2003/linkbase" xmlns:xbrli="http://www.xbrl.org/2003/instance" xmlns:xlink="http://www.w3.org/1999/xlink">
  <link:labelLink xlink:type="extended" xlink:role="http://www.xbrl.org/2003/role/link">
    <link:loc xlink:type="locator" xlink:href="se-misc-base-2017-09-30.xsd#se-misc-base_ReferensInstansDokumentNamn" xlink:label="ReferensInstansDokumentNamn" xlink:title="ReferensInstansDokumentNamn"/>
    <link:label xlink:type="resource" xlink:label="label_ReferensInstansDokumentNamn" xlink:role="http://www.xbrl.org/2003/role/documentation" xlink:title="label_ReferensInstansDokumentNamn" xml:lang="sv" id="label_ReferensInstansDokumentNamn">Benämning alternativt namn för referenser mellan element i ett XBRL instansdokument. Kan exempelvis vara den siffra som finns i årsredovisningars resultat- och balansräkning för att hänvisa till en not.</link:label>
    <link:labelArc xlink:type="arc" xlink:arcrole="http://www.xbrl.org/2003/arcrole/concept-label" xlink:from="ReferensInstansDokumentNamn" xlink:to="label_ReferensInstansDokumentNamn" xlink:title="label: ReferensInstansDokumentNamn to label_ReferensInstansDokumentNamn"/>
    <link:loc xlink:type="locator" xlink:href="se-misc-base-2017-09-30.xsd#se-misc-base_ReferensInstansDokumentFran" xlink:label="ReferensInstansDokumentFran" xlink:title="ReferensInstansDokumentFran"/>
    <link:label xlink:type="resource" xlink:label="label_ReferensInstansDokumentFran" xlink:role="http://www.xbrl.org/2003/role/documentation" xlink:title="label_ReferensInstansDokumentFran" xml:lang="sv" id="label_ReferensInstansDokumentFran">Utgångspunkt för referenser mellan ett eller flera element i ett XBRL instansdokument. Referensen specificeras som en XPointer med pekare till ID(s) internt i dokumentet.</link:label>
    <link:labelArc xlink:type="arc" xlink:arcrole="http://www.xbrl.org/2003/arcrole/concept-label" xlink:from="ReferensInstansDokumentFran" xlink:to="label_ReferensInstansDokumentFran" xlink:title="label: ReferensInstansDokumentFran to label_ReferensInstansDokumentFran"/>
    <link:loc xlink:type="locator" xlink:href="se-misc-base-2017-09-30.xsd#se-misc-base_ReferensInstansDokumentTill" xlink:label="ReferensInstansDokumentTill" xlink:title="ReferensInstansDokumentTill"/>
    <link:label xlink:type="resource" xlink:label="label_ReferensInstansDokumentTill" xlink:role="http://www.xbrl.org/2003/role/documentation" xlink:title="label_ReferensInstansDokumentTill" xml:lang="sv" id="label_ReferensInstansDokumentTill">Destination för referenser mellan ett eller flera element i ett XBRL instansdokument. Referensen specificeras som en XPointer med pekare till ID(s) internt i dokumentet.</link:label>
    <link:labelArc xlink:type="arc" xlink:arcrole="http://www.xbrl.org/2003/arcrole/concept-label" xlink:from="ReferensInstansDokumentTill" xlink:to="label_ReferensInstansDokumentTill" xlink:title="label: ReferensInstansDokumentTill to label_ReferensInstansDokumentTill"/>
    <link:loc xlink:type="locator" xlink:href="se-misc-base-2017-09-30.xsd#se-misc-base_ReferensInstansDokumentTuple" xlink:label="ReferensInstansDokumentTuple" xlink:title="ReferensInstansDokumentTuple"/>
    <link:label xlink:type="resource" xlink:label="label_ReferensInstansDokumentTuple" xlink:role="http://www.xbrl.org/2003/role/documentation" xlink:title="label_ReferensInstansDokumentTuple" xml:lang="sv" id="label_ReferensInstansDokumentTuple">Referenser mellan ett eller flera element i ett XBRL instansdokument som kan tillämpas för maskinell bearbetning av data</link:label>
    <link:labelArc xlink:type="arc" xlink:arcrole="http://www.xbrl.org/2003/arcrole/concept-label" xlink:from="ReferensInstansDokumentTuple" xlink:to="label_ReferensInstansDokumentTuple" xlink:title="label: ReferensInstansDokumentTuple to label_ReferensInstansDokumentTuple"/>
    <link:loc xlink:type="locator" xlink:href="se-misc-base-2017-09-30.xsd#se-misc-base_OdefinieratBegreppNamn" xlink:label="OdefinieratBegreppNamn" xlink:title="OdefinieratBegreppNamn"/>
    <link:label xlink:type="resource" xlink:label="label_OdefinieratBegreppNamn" xlink:role="http://www.xbrl.org/2003/role/documentation" xlink:title="label_OdefinieratBegreppNamn" xml:lang="sv" id="label_OdefinieratBegreppNamn">Namn alternativt benämning för ett i taxonomin odefinierat begrepp</link:label>
    <link:labelArc xlink:type="arc" xlink:arcrole="http://www.xbrl.org/2003/arcrole/concept-label" xlink:from="OdefinieratBegreppNamn" xlink:to="label_OdefinieratBegreppNamn" xlink:title="label: OdefinieratBegreppNamn to label_OdefinieratBegreppNamn"/>
    <link:loc xlink:type="locator" xlink:href="se-misc-base-2017-09-30.xsd#se-misc-base_OdefinieratBegreppMonetart" xlink:label="OdefinieratBegreppMonetart" xlink:title="OdefinieratBegreppMonetart"/>
    <link:label xlink:type="resource" xlink:label="label_OdefinieratBegreppMonetart" xlink:role="http://www.xbrl.org/2003/role/documentation" xlink:title="label_OdefinieratBegreppMonetart" xml:lang="sv" id="label_OdefinieratBegreppMonetart">Monetärt värde för ett i taxonomin odefinierat begrepp där man inte kan avgöra om det är debit eller kredit</link:label>
    <link:labelArc xlink:type="arc" xlink:arcrole="http://www.xbrl.org/2003/arcrole/concept-label" xlink:from="OdefinieratBegreppMonetart" xlink:to="label_OdefinieratBegreppMonetart" xlink:title="label: OdefinieratBegreppMonetart to label_OdefinieratBegreppMonetart"/>
    <link:loc xlink:type="locator" xlink:href="se-misc-base-2017-09-30.xsd#se-misc-base_OdefinieratBegreppMonetartCredit" xlink:label="OdefinieratBegreppMonetartCredit" xlink:title="OdefinieratBegreppMonetartCredit"/>
    <link:label xlink:type="resource" xlink:label="label_OdefinieratBegreppMonetartCredit" xlink:role="http://www.xbrl.org/2003/role/documentation" xlink:title="label_OdefinieratBegreppMonetartCredit" xml:lang="sv" id="label_OdefinieratBegreppMonetartCredit">Monetärt kredit värde för ett i taxonomin odefinierat begrepp</link:label>
    <link:labelArc xlink:type="arc" xlink:arcrole="http://www.xbrl.org/2003/arcrole/concept-label" xlink:from="OdefinieratBegreppMonetartCredit" xlink:to="label_OdefinieratBegreppMonetartCredit" xlink:title="label: OdefinieratBegreppMonetartCredit to label_OdefinieratBegreppMonetartCredit"/>
    <link:loc xlink:type="locator" xlink:href="se-misc-base-2017-09-30.xsd#se-misc-base_OdefinieratBegreppMonetartDebit" xlink:label="OdefinieratBegreppMonetartDebit" xlink:title="OdefinieratBegreppMonetartDebit"/>
    <link:label xlink:type="resource" xlink:label="label_OdefinieratBegreppMonetartDebit" xlink:role="http://www.xbrl.org/2003/role/documentation" xlink:title="label_OdefinieratBegreppMonetartDebit" xml:lang="sv" id="label_OdefinieratBegreppMonetartDebit">Monetärt debet värde för ett i taxonomin odefinierat begrepp</link:label>
    <link:labelArc xlink:type="arc" xlink:arcrole="http://www.xbrl.org/2003/arcrole/concept-label" xlink:from="OdefinieratBegreppMonetartDebit" xlink:to="label_OdefinieratBegreppMonetartDebit" xlink:title="label: OdefinieratBegreppMonetartDebit to label_OdefinieratBegreppMonetartDebit"/>
    <link:loc xlink:type="locator" xlink:href="se-misc-base-2017-09-30.xsd#se-misc-base_OdefinieratBegreppNumeriskt" xlink:label="OdefinieratBegreppNumeriskt" xlink:title="OdefinieratBegreppNumeriskt"/>
    <link:label xlink:type="resource" xlink:label="label_OdefinieratBegreppNumeriskt" xlink:role="http://www.xbrl.org/2003/role/documentation" xlink:title="label_OdefinieratBegreppNumeriskt" xml:lang="sv" id="label_OdefinieratBegreppNumeriskt">Numerärt värde för ett i taxonomin odefinierat begrepp</link:label>
    <link:labelArc xlink:type="arc" xlink:arcrole="http://www.xbrl.org/2003/arcrole/concept-label" xlink:from="OdefinieratBegreppNumeriskt" xlink:to="label_OdefinieratBegreppNumeriskt" xlink:title="label: OdefinieratBegreppNumeriskt to label_OdefinieratBegreppNumeriskt"/>
    <link:loc xlink:type="locator" xlink:href="se-misc-base-2017-09-30.xsd#se-misc-base_OdefinieratBegreppText" xlink:label="OdefinieratBegreppText" xlink:title="OdefinieratBegreppText"/>
    <link:label xlink:type="resource" xlink:label="label_OdefinieratBegreppText" xlink:role="http://www.xbrl.org/2003/role/documentation" xlink:title="label_OdefinieratBegreppText" xml:lang="sv" id="label_OdefinieratBegreppText">Textuellt värde för ett odefinierat begrepp som saknas i taxonomin</link:label>
    <link:labelArc xlink:type="arc" xlink:arcrole="http://www.xbrl.org/2003/arcrole/concept-label" xlink:from="OdefinieratBegreppText" xlink:to="label_OdefinieratBegreppText" xlink:title="label: OdefinieratBegreppText to label_OdefinieratBegreppText"/>
    <link:loc xlink:type="locator" xlink:href="se-misc-base-2017-09-30.xsd#se-misc-base_OdefinieratBegreppMonetartTuple" xlink:label="OdefinieratBegreppMonetartTuple" xlink:title="OdefinieratBegreppMonetartTuple"/>
    <link:label xlink:type="resource" xlink:label="label_OdefinieratBegreppMonetartTuple" xlink:role="http://www.xbrl.org/2003/role/documentation" xlink:title="label_OdefinieratBegreppMonetartTuple" xml:lang="sv" id="label_OdefinieratBegreppMonetartTuple">I taxonomin odefinierade begrepp med monetära värden</link:label>
    <link:labelArc xlink:type="arc" xlink:arcrole="http://www.xbrl.org/2003/arcrole/concept-label" xlink:from="OdefinieratBegreppMonetartTuple" xlink:to="label_OdefinieratBegreppMonetartTuple" xlink:title="label: OdefinieratBegreppMonetartTuple to label_OdefinieratBegreppMonetartTuple"/>
    <link:loc xlink:type="locator" xlink:href="se-misc-base-2017-09-30.xsd#se-misc-base_OdefinieratBegreppNumerisktTuple" xlink:label="OdefinieratBegreppNumerisktTuple" xlink:title="OdefinieratBegreppNumerisktTuple"/>
    <link:label xlink:type="resource" xlink:label="label_OdefinieratBegreppNumerisktTuple" xlink:role="http://www.xbrl.org/2003/role/documentation" xlink:title="label_OdefinieratBegreppNumerisktTuple" xml:lang="sv" id="label_OdefinieratBegreppNumerisktTuple">I taxonomin odefinierade begrepp med numeriska värden</link:label>
    <link:labelArc xlink:type="arc" xlink:arcrole="http://www.xbrl.org/2003/arcrole/concept-label" xlink:from="OdefinieratBegreppNumerisktTuple" xlink:to="label_OdefinieratBegreppNumerisktTuple" xlink:title="label: OdefinieratBegreppNumerisktTuple to label_OdefinieratBegreppNumerisktTuple"/>
    <link:loc xlink:type="locator" xlink:href="se-misc-base-2017-09-30.xsd#se-misc-base_OdefinieratBegreppTextTuple" xlink:label="OdefinieratBegreppTextTuple" xlink:title="OdefinieratBegreppTextTuple"/>
    <link:label xlink:type="resource" xlink:label="label_OdefinieratBegreppTextTuple" xlink:role="http://www.xbrl.org/2003/role/documentation" xlink:title="label_OdefinieratBegreppTextTuple" xml:lang="sv" id="label_OdefinieratBegreppTextTuple">I taxonomin odefinierade begrepp med textuella värden</link:label>
    <link:labelArc xlink:type="arc" xlink:arcrole="http://www.xbrl.org/2003/arcrole/concept-label" xlink:from="OdefinieratBegreppTextTuple" xlink:to="label_OdefinieratBegreppTextTuple" xlink:title="label: OdefinieratBegreppTextTuple to label_OdefinieratBegreppTextTuple"/>
    <link:loc xlink:type="locator" xlink:href="se-misc-base-2017-09-30.xsd#se-misc-base_OdefinieradeBegreppAbstract" xlink:label="OdefinieradeBegreppAbstract" xlink:title="OdefinieradeBegreppAbstract"/>
    <link:label xlink:type="resource" xlink:label="label_OdefinieradeBegreppAbstract" xlink:role="http://www.xbrl.org/2003/role/documentation" xlink:title="label_OdefinieradeBegreppAbstract" xml:lang="sv" id="label_OdefinieradeBegreppAbstract">I taxonomin odefinierade begrepp med olika värde typer</link:label>
    <link:labelArc xlink:type="arc" xlink:arcrole="http://www.xbrl.org/2003/arcrole/concept-label" xlink:from="OdefinieradeBegreppAbstract" xlink:to="label_OdefinieradeBegreppAbstract" xlink:title="label: OdefinieradeBegreppAbstract to label_OdefinieradeBegreppAbstract"/>
    <link:loc xlink:type="locator" xlink:href="se-misc-base-2017-09-30.xsd#se-misc-base_ReferenserInstansDokumentAbstract" xlink:label="ReferenserInstansDokumentAbstract" xlink:title="ReferenserInstansDokumentAbstract"/>
    <link:label xlink:type="resource" xlink:label="label_ReferenserInstansDokumentAbstract" xlink:role="http://www.xbrl.org/2003/role/documentation" xlink:title="label_ReferenserInstansDokumentAbstract" xml:lang="sv" id="label_ReferenserInstansDokumentAbstract">Samtliga referenser inom ett instansdokument</link:label>
    <link:labelArc xlink:type="arc" xlink:arcrole="http://www.xbrl.org/2003/arcrole/concept-label" xlink:from="ReferenserInstansDokumentAbstract" xlink:to="label_ReferenserInstansDokumentAbstract" xlink:title="label: ReferenserInstansDokumentAbstract to label_ReferenserInstansDokumentAbstract"/>
    <link:loc xlink:type="locator" xlink:href="se-misc-base-2017-09-30.xsd#se-misc-base_ReferensInstansDokumentTyp" xlink:label="ReferensInstansDokumentTyp" xlink:title="ReferensInstansDokumentTyp"/>
    <link:label xlink:type="resource" xlink:label="label_ReferensInstansDokumentTyp" xlink:role="http://www.xbrl.org/2003/role/documentation" xlink:title="label_ReferensInstansDokumentTyp" xml:lang="sv" id="label_ReferensInstansDokumentTyp">Definierar typen av referens som avses vilket exempelvis kan vara en koppling mellan resultaträkning och en not.</link:label>
    <link:labelArc xlink:type="arc" xlink:arcrole="http://www.xbrl.org/2003/arcrole/concept-label" xlink:from="ReferensInstansDokumentTyp" xlink:to="label_ReferensInstansDokumentTyp" xlink:title="label: ReferensInstansDokumentTyp to label_ReferensInstansDokumentTyp"/>
    <link:loc xlink:type="locator" xlink:href="se-misc-base-2017-09-30.xsd#se-misc-base_ArsredovisningEjTaggadInformation" xlink:label="ArsredovisningEjTaggadInfromation" xlink:title="ArsredovisningEjTaggadInfromation"/>
    <link:label xlink:type="resource" xlink:label="label_ArsredovisningEjTaggadInfromation" xlink:role="http://www.xbrl.org/2003/role/documentation" xlink:title="label_ArsredovisningEjTaggadInfromation" xml:lang="sv" id="label_ArsredovisningEjTaggadInfromation">Årsredovisningen innehåller information som inte har taggats så en visuell granskning av handlingen kan vara nödvändig</link:label>
    <link:labelArc xlink:type="arc" xlink:arcrole="http://www.xbrl.org/2003/arcrole/concept-label" xlink:from="ArsredovisningEjTaggadInfromation" xlink:to="label_ArsredovisningEjTaggadInfromation" xlink:title="label: ArsredovisningEjTaggadInfromation to label_ArsredovisningEjTaggadInfromation"/>
    <link:loc xlink:type="locator" xlink:href="se-misc-base-2017-09-30.xsd#se-misc-base_RevisionsberattelseEjTaggadInformation" xlink:label="RevisionsberattelseEjTaggadInfromation" xlink:title="RevisionsberattelseEjTaggadInfromation"/>
    <link:label xlink:type="resource" xlink:label="label_RevisionsberattelseEjTaggadInfromation" xlink:role="http://www.xbrl.org/2003/role/documentation" xlink:title="label_RevisionsberattelseEjTaggadInfromation" xml:lang="sv" id="label_RevisionsberattelseEjTaggadInfromation">Revisionsberättelsen innehåller information som inte har taggats så en visuell granskning av handlingen kan vara nödvändig</link:label>
    <link:labelArc xlink:type="arc" xlink:arcrole="http://www.xbrl.org/2003/arcrole/concept-label" xlink:from="RevisionsberattelseEjTaggadInfromation" xlink:to="label_RevisionsberattelseEjTaggadInfromation" xlink:title="label: RevisionsberattelseEjTaggadInfromation to label_RevisionsberattelseEjTaggadInfromation"/>
    <link:loc xlink:type="locator" xlink:href="se-misc-base-2017-09-30.xsd#se-misc-base_StatusTaggningInformationAbstract" xlink:label="StatusTaggningInformationAbstract" xlink:title="StatusTaggningInformationAbstract"/>
    <link:label xlink:type="resource" xlink:label="label_StatusTaggningInformationAbstract" xlink:role="http://www.xbrl.org/2003/role/documentation" xlink:title="label_StatusTaggningInformationAbstract" xml:lang="sv" id="label_StatusTaggningInformationAbstract">Sammanfattning av status på taggning av information i de olika handlingarna</link:label>
    <link:labelArc xlink:type="arc" xlink:arcrole="http://www.xbrl.org/2003/arcrole/concept-label" xlink:from="StatusTaggningInformationAbstract" xlink:to="label_StatusTaggningInformationAbstract" xlink:title="label: StatusTaggningInformationAbstract to label_StatusTaggningInformationAbstract"/>
    <link:loc xlink:type="locator" xlink:href="se-misc-base-2017-09-30.xsd#se-misc-base_UtokadInformationAbstract" xlink:label="UtokadInformationAbstract" xlink:title="UtokadInformationAbstract"/>
    <link:label xlink:type="resource" xlink:label="label_UtokadInformationAbstract" xlink:role="http://www.xbrl.org/2003/role/documentation" xlink:title="label_UtokadInformationAbstract" xml:lang="sv" id="label_UtokadInformationAbstract">Utökad information jämfört med taxonomins fastställda struktur</link:label>
    <link:labelArc xlink:type="arc" xlink:arcrole="http://www.xbrl.org/2003/arcrole/concept-label" xlink:from="UtokadInformationAbstract" xlink:to="label_UtokadInformationAbstract" xlink:title="label: UtokadInformationAbstract to label_UtokadInformationAbstract"/>
    <link:loc xlink:type="locator" xlink:href="se-misc-base-2017-09-30.xsd#se-misc-base_UtokadInformationAbstract" xlink:label="UtokadInformationAbstract_2" xlink:title="UtokadInformationAbstract"/>
    <link:label xlink:type="resource" xlink:label="label_UtokadInformationAbstract_2" xlink:role="http://www.xbrl.org/2003/role/label" xlink:title="label_UtokadInformationAbstract" xml:lang="sv" id="label_UtokadInformationAbstract_2">Utökad information</link:label>
    <link:labelArc xlink:type="arc" xlink:arcrole="http://www.xbrl.org/2003/arcrole/concept-label" xlink:from="UtokadInformationAbstract_2" xlink:to="label_UtokadInformationAbstract_2" xlink:title="label: UtokadInformationAbstract to label_UtokadInformationAbstract"/>
    <link:loc xlink:type="locator" xlink:href="se-misc-base-2017-09-30.xsd#se-misc-base_OdefinieratBegreppTillhorTaxonomi" xlink:label="OdefinieratBegreppTillhorTaxonomi" xlink:title="OdefinieratBegreppTillhorTaxonomi"/>
    <link:label xlink:type="resource" xlink:label="label_OdefinieratBegreppTillhorTaxonomi" xlink:role="http://www.xbrl.org/2003/role/documentation" xlink:title="label_OdefinieratBegreppTillhorTaxonomi" xml:lang="sv" id="label_OdefinieratBegreppTillhorTaxonomi">Anger vilken taxonomi det odefinierade begreppet tillhör vilket kan vara exempelvis årsredovisning</link:label>
    <link:labelArc xlink:type="arc" xlink:arcrole="http://www.xbrl.org/2003/arcrole/concept-label" xlink:from="OdefinieratBegreppTillhorTaxonomi" xlink:to="label_OdefinieratBegreppTillhorTaxonomi" xlink:title="label: OdefinieratBegreppTillhorTaxonomi to label_OdefinieratBegreppTillhorTaxonomi"/>
  </link:labelLink>
</link:linkbase>
