<?xml version="1.0" encoding="UTF-8"?>
<link:linkbase xmlns:xsi="http://www.w3.org/2001/XMLSchema-instance" xsi:schemaLocation="http://www.xbrl.org/2003/linkbase http://www.xbrl.org/2003/xbrl-linkbase-2003-12-31.xsd" xmlns:link="http://www.xbrl.org/2003/linkbase" xmlns:xlink="http://www.w3.org/1999/xlink" xmlns:xbrli="http://www.xbrl.org/2003/instance">
  <link:labelLink xlink:type="extended" xlink:role="http://www.xbrl.org/2003/role/link">
    <link:loc xlink:type="locator" xlink:href="se-misc-base-2017-09-30.xsd#se-misc-base_ReferensInstansDokumentNamn" xlink:label="DokumentReferensNamn" xlink:title="DokumentReferensNamn"/>
    <link:label xlink:type="resource" xlink:label="label_DokumentReferensNamn" xlink:role="http://www.xbrl.org/2003/role/label" xlink:title="label_DokumentReferensNamn" xml:lang="sv" id="label_DokumentReferensNamn">Namn alternativt benämning för referens i ett instansdokument</link:label>
    <link:labelArc xlink:type="arc" xlink:arcrole="http://www.xbrl.org/2003/arcrole/concept-label" xlink:from="DokumentReferensNamn" xlink:to="label_DokumentReferensNamn" xlink:title="label: DokumentReferensNamn to label_DokumentReferensNamn"/>
    <link:loc xlink:type="locator" xlink:href="se-misc-base-2017-09-30.xsd#se-misc-base_ReferensInstansDokumentFran" xlink:label="DokumentReferensElementFromIdRef" xlink:title="DokumentReferensElementFromIdRef"/>
    <link:label xlink:type="resource" xlink:label="label_DokumentReferensElementFromIdRef" xlink:role="http://www.xbrl.org/2003/role/label" xlink:title="label_DokumentReferensElementFromIdRef" xml:lang="sv" id="label_DokumentReferensElementFromIdRef">Utgångspunkt(er) för referens i ett instansdokument</link:label>
    <link:labelArc xlink:type="arc" xlink:arcrole="http://www.xbrl.org/2003/arcrole/concept-label" xlink:from="DokumentReferensElementFromIdRef" xlink:to="label_DokumentReferensElementFromIdRef" xlink:title="label: DokumentReferensElementFromIdRef to label_DokumentReferensElementFromIdRef"/>
    <link:loc xlink:type="locator" xlink:href="se-misc-base-2017-09-30.xsd#se-misc-base_ReferensInstansDokumentTill" xlink:label="DokumentReferensElementTillIdRefs" xlink:title="DokumentReferensElementTillIdRefs"/>
    <link:label xlink:type="resource" xlink:label="label_DokumentReferensElementTillIdRefs" xlink:role="http://www.xbrl.org/2003/role/label" xlink:title="label_DokumentReferensElementTillIdRefs" xml:lang="sv" id="label_DokumentReferensElementTillIdRefs">Destination(er) för referens i ett instansdokument </link:label>
    <link:labelArc xlink:type="arc" xlink:arcrole="http://www.xbrl.org/2003/arcrole/concept-label" xlink:from="DokumentReferensElementTillIdRefs" xlink:to="label_DokumentReferensElementTillIdRefs" xlink:title="label: DokumentReferensElementTillIdRefs to label_DokumentReferensElementTillIdRefs"/>
    <link:loc xlink:type="locator" xlink:href="se-misc-base-2017-09-30.xsd#se-misc-base_ReferensInstansDokumentTuple" xlink:label="DokumentReferensElementTabell" xlink:title="DokumentReferensElementTabell"/>
    <link:label xlink:type="resource" xlink:label="label_DokumentReferensElementTabell" xlink:role="http://www.xbrl.org/2003/role/label" xlink:title="label_DokumentReferensElementTabell" xml:lang="sv" id="label_DokumentReferensElementTabell">Referens i ett instansdokument (Tabell)</link:label>
    <link:labelArc xlink:type="arc" xlink:arcrole="http://www.xbrl.org/2003/arcrole/concept-label" xlink:from="DokumentReferensElementTabell" xlink:to="label_DokumentReferensElementTabell" xlink:title="label: DokumentReferensElementTabell to label_DokumentReferensElementTabell"/>
    <link:loc xlink:type="locator" xlink:href="se-misc-base-2017-09-30.xsd#se-misc-base_OdefinieratBegreppNamn" xlink:label="OdefinieratBegreppNamn" xlink:title="OdefinieratBegreppNamn"/>
    <link:label xlink:type="resource" xlink:label="label_OdefinieratBegreppNamn" xlink:role="http://www.xbrl.org/2003/role/label" xlink:title="label_OdefinieratBegreppNamn" xml:lang="sv" id="label_OdefinieratBegreppNamn">Namn på odefinierat begrepp</link:label>
    <link:labelArc xlink:type="arc" xlink:arcrole="http://www.xbrl.org/2003/arcrole/concept-label" xlink:from="OdefinieratBegreppNamn" xlink:to="label_OdefinieratBegreppNamn" xlink:title="label: OdefinieratBegreppNamn to label_OdefinieratBegreppNamn"/>
    <link:loc xlink:type="locator" xlink:href="se-misc-base-2017-09-30.xsd#se-misc-base_OdefinieratBegreppMonetart" xlink:label="OdefinieratBegreppMonetart" xlink:title="OdefinieratBegreppMonetart"/>
    <link:label xlink:type="resource" xlink:label="label_OdefinieratBegreppMonetart" xlink:role="http://www.xbrl.org/2003/role/label" xlink:title="label_OdefinieratBegreppMonetart" xml:lang="sv" id="label_OdefinieratBegreppMonetart">Monetärt värde för odefinierat begrepp</link:label>
    <link:labelArc xlink:type="arc" xlink:arcrole="http://www.xbrl.org/2003/arcrole/concept-label" xlink:from="OdefinieratBegreppMonetart" xlink:to="label_OdefinieratBegreppMonetart" xlink:title="label: OdefinieratBegreppMonetart to label_OdefinieratBegreppMonetart"/>
    <link:loc xlink:type="locator" xlink:href="se-misc-base-2017-09-30.xsd#se-misc-base_OdefinieratBegreppMonetartCredit" xlink:label="OdefinieratBegreppMonetartCredit" xlink:title="OdefinieratBegreppMonetartCredit"/>
    <link:label xlink:type="resource" xlink:label="label_OdefinieratBegreppMonetartCredit" xlink:role="http://www.xbrl.org/2003/role/label" xlink:title="label_OdefinieratBegreppMonetartCredit" xml:lang="sv" id="label_OdefinieratBegreppMonetartCredit">Monetärt kredit värde för odefinierat begrepp</link:label>
    <link:labelArc xlink:type="arc" xlink:arcrole="http://www.xbrl.org/2003/arcrole/concept-label" xlink:from="OdefinieratBegreppMonetartCredit" xlink:to="label_OdefinieratBegreppMonetartCredit" xlink:title="label: OdefinieratBegreppMonetartCredit to label_OdefinieratBegreppMonetartCredit"/>
    <link:loc xlink:type="locator" xlink:href="se-misc-base-2017-09-30.xsd#se-misc-base_OdefinieratBegreppMonetartDebit" xlink:label="OdefinieratBegreppMonetartDebit" xlink:title="OdefinieratBegreppMonetartDebit"/>
    <link:label xlink:type="resource" xlink:label="label_OdefinieratBegreppMonetartDebit" xlink:role="http://www.xbrl.org/2003/role/label" xlink:title="label_OdefinieratBegreppMonetartDebit" xml:lang="sv" id="label_OdefinieratBegreppMonetartDebit">Monetärt debet värde för odefinierat begrepp</link:label>
    <link:labelArc xlink:type="arc" xlink:arcrole="http://www.xbrl.org/2003/arcrole/concept-label" xlink:from="OdefinieratBegreppMonetartDebit" xlink:to="label_OdefinieratBegreppMonetartDebit" xlink:title="label: OdefinieratBegreppMonetartDebit to label_OdefinieratBegreppMonetartDebit"/>
    <link:loc xlink:type="locator" xlink:href="se-misc-base-2017-09-30.xsd#se-misc-base_OdefinieratBegreppNumeriskt" xlink:label="OdefinieratBegreppNumeriskt" xlink:title="OdefinieratBegreppNumeriskt"/>
    <link:label xlink:type="resource" xlink:label="label_OdefinieratBegreppNumeriskt" xlink:role="http://www.xbrl.org/2003/role/label" xlink:title="label_OdefinieratBegreppNumeriskt" xml:lang="sv" id="label_OdefinieratBegreppNumeriskt">Numerärt värde för odefinierat begrepp</link:label>
    <link:labelArc xlink:type="arc" xlink:arcrole="http://www.xbrl.org/2003/arcrole/concept-label" xlink:from="OdefinieratBegreppNumeriskt" xlink:to="label_OdefinieratBegreppNumeriskt" xlink:title="label: OdefinieratBegreppNumeriskt to label_OdefinieratBegreppNumeriskt"/>
    <link:loc xlink:type="locator" xlink:href="se-misc-base-2017-09-30.xsd#se-misc-base_OdefinieratBegreppText" xlink:label="OdefinieratBegreppText" xlink:title="OdefinieratBegreppText"/>
    <link:label xlink:type="resource" xlink:label="label_OdefinieratBegreppText" xlink:role="http://www.xbrl.org/2003/role/label" xlink:title="label_OdefinieratBegreppText" xml:lang="sv" id="label_OdefinieratBegreppText">Textuellt värde för ett i taxonomin odefinierat begrepp</link:label>
    <link:labelArc xlink:type="arc" xlink:arcrole="http://www.xbrl.org/2003/arcrole/concept-label" xlink:from="OdefinieratBegreppText" xlink:to="label_OdefinieratBegreppText" xlink:title="label: OdefinieratBegreppText to label_OdefinieratBegreppText"/>
    <link:loc xlink:type="locator" xlink:href="se-misc-base-2017-09-30.xsd#se-misc-base_OdefinieratBegreppMonetartTuple" xlink:label="OdefinieratBegreppMonetartTuple" xlink:title="OdefinieratBegreppMonetartTuple"/>
    <link:label xlink:type="resource" xlink:label="label_OdefinieratBegreppMonetartTuple" xlink:role="http://www.xbrl.org/2003/role/label" xlink:title="label_OdefinieratBegreppMonetartTuple" xml:lang="sv" id="label_OdefinieratBegreppMonetartTuple">Odefinierade monetära begrepp (Tabell)</link:label>
    <link:labelArc xlink:type="arc" xlink:arcrole="http://www.xbrl.org/2003/arcrole/concept-label" xlink:from="OdefinieratBegreppMonetartTuple" xlink:to="label_OdefinieratBegreppMonetartTuple" xlink:title="label: OdefinieratBegreppMonetartTuple to label_OdefinieratBegreppMonetartTuple"/>
    <link:loc xlink:type="locator" xlink:href="se-misc-base-2017-09-30.xsd#se-misc-base_OdefinieratBegreppNumerisktTuple" xlink:label="OdefinieratBegreppNumerisktTuple" xlink:title="OdefinieratBegreppNumerisktTuple"/>
    <link:label xlink:type="resource" xlink:label="label_OdefinieratBegreppNumerisktTuple" xlink:role="http://www.xbrl.org/2003/role/label" xlink:title="label_OdefinieratBegreppNumerisktTuple" xml:lang="sv" id="label_OdefinieratBegreppNumerisktTuple">Odefinierade numeriska begrepp (Tabell)</link:label>
    <link:labelArc xlink:type="arc" xlink:arcrole="http://www.xbrl.org/2003/arcrole/concept-label" xlink:from="OdefinieratBegreppNumerisktTuple" xlink:to="label_OdefinieratBegreppNumerisktTuple" xlink:title="label: OdefinieratBegreppNumerisktTuple to label_OdefinieratBegreppNumerisktTuple"/>
    <link:loc xlink:type="locator" xlink:href="se-misc-base-2017-09-30.xsd#se-misc-base_OdefinieratBegreppTextTuple" xlink:label="OdefinieratBegreppTextTuple" xlink:title="OdefinieratBegreppTextTuple"/>
    <link:label xlink:type="resource" xlink:label="label_OdefinieratBegreppTextTuple" xlink:role="http://www.xbrl.org/2003/role/label" xlink:title="label_OdefinieratBegreppTextTuple" xml:lang="sv" id="label_OdefinieratBegreppTextTuple">Odefinierade textuella begrepp (Tabell)</link:label>
    <link:labelArc xlink:type="arc" xlink:arcrole="http://www.xbrl.org/2003/arcrole/concept-label" xlink:from="OdefinieratBegreppTextTuple" xlink:to="label_OdefinieratBegreppTextTuple" xlink:title="label: OdefinieratBegreppTextTuple to label_OdefinieratBegreppTextTuple"/>
    <link:loc xlink:type="locator" xlink:href="se-misc-base-2017-09-30.xsd#se-misc-base_OdefinieradeBegreppAbstract" xlink:label="OdefinieradeBegreppAbstract" xlink:title="OdefinieradeBegreppAbstract"/>
    <link:label xlink:type="resource" xlink:label="label_OdefinieradeBegreppAbstract" xlink:role="http://www.xbrl.org/2003/role/label" xlink:title="label_OdefinieradeBegreppAbstract" xml:lang="sv" id="label_OdefinieradeBegreppAbstract">Odefinierade begrepp (Presentation)</link:label>
    <link:labelArc xlink:type="arc" xlink:arcrole="http://www.xbrl.org/2003/arcrole/concept-label" xlink:from="OdefinieradeBegreppAbstract" xlink:to="label_OdefinieradeBegreppAbstract" xlink:title="label: OdefinieradeBegreppAbstract to label_OdefinieradeBegreppAbstract"/>
    <link:loc xlink:type="locator" xlink:href="se-misc-base-2017-09-30.xsd#se-misc-base_ReferenserInstansDokumentAbstract" xlink:label="InstansDokumentReferenserAbstract" xlink:title="InstansDokumentReferenserAbstract"/>
    <link:label xlink:type="resource" xlink:label="label_InstansDokumentReferenserAbstract" xlink:role="http://www.xbrl.org/2003/role/label" xlink:title="label_InstansDokumentReferenserAbstract" xml:lang="sv" id="label_InstansDokumentReferenserAbstract">Referenser inom ett instansdokument (Presentation)</link:label>
    <link:labelArc xlink:type="arc" xlink:arcrole="http://www.xbrl.org/2003/arcrole/concept-label" xlink:from="InstansDokumentReferenserAbstract" xlink:to="label_InstansDokumentReferenserAbstract" xlink:title="label: InstansDokumentReferenserAbstract to label_InstansDokumentReferenserAbstract"/>
    <link:loc xlink:type="locator" xlink:href="se-misc-base-2017-09-30.xsd#se-misc-base_ReferensInstansDokumentTyp" xlink:label="ReferensInstansDokumentTyp" xlink:title="ReferensInstansDokumentTyp"/>
    <link:label xlink:type="resource" xlink:label="label_ReferensInstansDokumentTyp" xlink:role="http://www.xbrl.org/2003/role/label" xlink:title="label_ReferensInstansDokumentTyp" xml:lang="sv" id="label_ReferensInstansDokumentTyp">Typ av referens i ett instansdokumentet</link:label>
    <link:labelArc xlink:type="arc" xlink:arcrole="http://www.xbrl.org/2003/arcrole/concept-label" xlink:from="ReferensInstansDokumentTyp" xlink:to="label_ReferensInstansDokumentTyp" xlink:title="label: ReferensInstansDokumentTyp to label_ReferensInstansDokumentTyp"/>
    <link:loc xlink:type="locator" xlink:href="se-misc-base-2017-09-30.xsd#se-misc-base_ArsredovisningEjTaggadInformation" xlink:label="ArsredovisningOtaggadInfromation" xlink:title="ArsredovisningOtaggadInfromation"/>
    <link:label xlink:type="resource" xlink:label="label_ArsredovisningOtaggadInfromation" xlink:role="http://www.xbrl.org/2003/role/label" xlink:title="label_ArsredovisningOtaggadInfromation" xml:lang="sv" id="label_ArsredovisningOtaggadInfromation">Årsredovisning innehåller ej taggad information</link:label>
    <link:labelArc xlink:type="arc" xlink:arcrole="http://www.xbrl.org/2003/arcrole/concept-label" xlink:from="ArsredovisningOtaggadInfromation" xlink:to="label_ArsredovisningOtaggadInfromation" xlink:title="label: ArsredovisningOtaggadInfromation to label_ArsredovisningOtaggadInfromation"/>
    <link:loc xlink:type="locator" xlink:href="se-misc-base-2017-09-30.xsd#se-misc-base_RevisionsberattelseEjTaggadInformation" xlink:label="RevisionsberattelseEjTaggadInfromation" xlink:title="RevisionsberattelseEjTaggadInfromation"/>
    <link:label xlink:type="resource" xlink:label="label_RevisionsberattelseEjTaggadInfromation" xlink:role="http://www.xbrl.org/2003/role/label" xlink:title="label_RevisionsberattelseEjTaggadInfromation" xml:lang="sv" id="label_RevisionsberattelseEjTaggadInfromation">Revisionsberättelse innehåller ej taggad information</link:label>
    <link:labelArc xlink:type="arc" xlink:arcrole="http://www.xbrl.org/2003/arcrole/concept-label" xlink:from="RevisionsberattelseEjTaggadInfromation" xlink:to="label_RevisionsberattelseEjTaggadInfromation" xlink:title="label: RevisionsberattelseEjTaggadInfromation to label_RevisionsberattelseEjTaggadInfromation"/>
    <link:loc xlink:type="locator" xlink:href="se-misc-base-2017-09-30.xsd#se-misc-base_StatusTaggningInformationAbstract" xlink:label="StatusTaggningInformationAbstract" xlink:title="StatusTaggningInformationAbstract"/>
    <link:label xlink:type="resource" xlink:label="label_StatusTaggningInformationAbstract" xlink:role="http://www.xbrl.org/2003/role/label" xlink:title="label_StatusTaggningInformationAbstract" xml:lang="sv" id="label_StatusTaggningInformationAbstract">Status för taggning av information</link:label>
    <link:labelArc xlink:type="arc" xlink:arcrole="http://www.xbrl.org/2003/arcrole/concept-label" xlink:from="StatusTaggningInformationAbstract" xlink:to="label_StatusTaggningInformationAbstract" xlink:title="label: StatusTaggningInformationAbstract to label_StatusTaggningInformationAbstract"/>
    <link:loc xlink:type="locator" xlink:href="se-misc-base-2017-09-30.xsd#se-misc-base_OdefinieratBegreppTillhorTaxonomi" xlink:label="OdefinieratBegreppTillhorTaxonomi_2" xlink:title="OdefinieratBegreppTillhorTaxonomi"/>
    <link:label xlink:type="resource" xlink:label="label_OdefinieratBegreppTillhorTaxonomi_2" xlink:role="http://www.xbrl.org/2003/role/label" xlink:title="label_OdefinieratBegreppTillhorTaxonomi" xml:lang="sv" id="label_OdefinieratBegreppTillhorTaxonomi_2">Tillhörighet för det odefinerade begreppet</link:label>
    <link:labelArc xlink:type="arc" xlink:arcrole="http://www.xbrl.org/2003/arcrole/concept-label" xlink:from="OdefinieratBegreppTillhorTaxonomi_2" xlink:to="label_OdefinieratBegreppTillhorTaxonomi_2" xlink:title="label: OdefinieratBegreppTillhorTaxonomi to label_OdefinieratBegreppTillhorTaxonomi"/>
  </link:labelLink>
</link:linkbase>
