<?xml version="1.0" encoding="UTF-8"?>
<!-- Generated by Fujitsu Interstage XWand B0255 -->
<!--Versionsdatum/revision: 2024-09-12/2025-02-11_14:50:52-->
<!--Infil   : file:///O:/xmlstr/TaxSam/Inkomstdeklaration 2/2024-09-12 FINAL/Iteration 84 - FINAL LEV 2024-06-12 - FULL INK3 INK4 N3B/2025-02-11_13.19.41_10_KontrolleraOchGenerera_v2.08.xsl.xml-->
<!--XSLT-fil: file:///O:/xmlstr/TaxSam/Inkomstdeklaration 2/2024-09-12 FINAL/Iteration 84 - FINAL LEV 2024-06-12 - FULL INK3 INK4 N3B/30_UtokaAnpassadeBasskiktet_v2.14.xsl-->
<!--XSLT-fil: file:///O:/xmlstr/TaxSam/Inkomstdeklaration 2/2024-09-12 FINAL/Iteration 84 - FINAL LEV 2024-06-12 - FULL INK3 INK4 N3B/XSLTallmanKod_v1.05.xsl-->
<link:linkbase xmlns:xsi="http://www.w3.org/2001/XMLSchema-instance" xsi:schemaLocation="http://www.xbrl.org/2003/linkbase http://www.xbrl.org/2003/xbrl-linkbase-2003-12-31.xsd" xmlns:link="http://www.xbrl.org/2003/linkbase" xmlns:xlink="http://www.w3.org/1999/xlink">
  <link:labelLink xlink:type="extended" xlink:role="http://www.xbrl.org/2003/role/link">
    <link:loc xlink:type="locator" xlink:href="../../../../base/se-tax-base/2022-09-12/se-tax-base-2022-09-12.xsd#se-tax-base_MinskningAvSkattemassigtResultatMedAnledningAvSkogsSubstansminskningsavdrag" xlink:label="extRubrik_locator_MinskningAvSkattemassigtResultatMedAnledningAvSkogsSubstansminskningsavdrag" xlink:title="extRubrik_locator_MinskningAvSkattemassigtResultatMedAnledningAvSkogsSubstansminskningsavdrag"/>
    <link:label xlink:type="resource" xlink:label="extRubrik_resource_MinskningAvSkattemassigtResultatMedAnledningAvSkogsSubstansminskningsavdrag_2736_verboseLabel" xlink:role="http://www.xbrl.org/2003/role/verboseLabel" xlink:title="extRubrik_resource_MinskningAvSkattemassigtResultatMedAnledningAvSkogsSubstansminskningsavdrag_2736_verboseLabel" xml:lang="sv">Skogs-/substansminskningsavdrag (specificeras på blankett N8)</link:label>
    <link:labelArc xlink:type="arc" xlink:arcrole="http://www.xbrl.org/2003/arcrole/concept-label" xlink:from="extRubrik_locator_MinskningAvSkattemassigtResultatMedAnledningAvSkogsSubstansminskningsavdrag" xlink:to="extRubrik_resource_MinskningAvSkattemassigtResultatMedAnledningAvSkogsSubstansminskningsavdrag_2736_verboseLabel" xlink:title="reference: extRubrik_locator_MinskningAvSkattemassigtResultatMedAnledningAvSkogsSubstansminskningsavdrag to extRubrik_resource_MinskningAvSkattemassigtResultatMedAnledningAvSkogsSubstansminskningsavdrag_2736_verboseLabel"/>
    <link:loc xlink:type="locator" xlink:href="../../../../base/se-tax-base/2022-09-12/se-tax-base-2022-09-12.xsd#se-tax-base_OkningAvSkattemassigtResultatMedAnledningAvAterforingarVidAvyttringAvFastighetTExVardeminskningsavdragSkogsavdragOchSubstansminskningsavdrag" xlink:label="extRubrik_locator_OkningAvSkattemassigtResultatMedAnledningAvAterforingarVidAvyttringAvFastighetTExVardeminskningsavdragSkogsavdragOchSubstansminskningsavdrag" xlink:title="extRubrik_locator_OkningAvSkattemassigtResultatMedAnledningAvAterforingarVidAvyttringAvFastighetTExVardeminskningsavdragSkogsavdragOchSubstansminskningsavdrag"/>
    <link:label xlink:type="resource" xlink:label="extRubrik_resource_OkningAvSkattemassigtResultatMedAnledningAvAterforingarVidAvyttringAvFastighetTExVardeminskningsavdragSkogsavdragOchSubstansminskningsavdrag_2794_verboseLabel" xlink:role="http://www.xbrl.org/2003/role/verboseLabel" xlink:title="extRubrik_resource_OkningAvSkattemassigtResultatMedAnledningAvAterforingarVidAvyttringAvFastighetTExVardeminskningsavdragSkogsavdragOchSubstansminskningsavdrag_2794_verboseLabel" xml:lang="sv">Återföringar av värdeminskningsavdrag m.m. vid avyttring av fastighet (skogs- och substansminskningsavdrag specificeras på N8)</link:label>
    <link:labelArc xlink:type="arc" xlink:arcrole="http://www.xbrl.org/2003/arcrole/concept-label" xlink:from="extRubrik_locator_OkningAvSkattemassigtResultatMedAnledningAvAterforingarVidAvyttringAvFastighetTExVardeminskningsavdragSkogsavdragOchSubstansminskningsavdrag" xlink:to="extRubrik_resource_OkningAvSkattemassigtResultatMedAnledningAvAterforingarVidAvyttringAvFastighetTExVardeminskningsavdragSkogsavdragOchSubstansminskningsavdrag_2794_verboseLabel" xlink:title="reference: extRubrik_locator_OkningAvSkattemassigtResultatMedAnledningAvAterforingarVidAvyttringAvFastighetTExVardeminskningsavdragSkogsavdragOchSubstansminskningsavdrag to extRubrik_resource_OkningAvSkattemassigtResultatMedAnledningAvAterforingarVidAvyttringAvFastighetTExVardeminskningsavdragSkogsavdragOchSubstansminskningsavdrag_2794_verboseLabel"/>
    <link:loc xlink:type="locator" xlink:href="../../../../base/se-tax-base/2022-09-12/se-tax-base-2022-09-12.xsd#se-tax-base_UppdragstagareTExRedovisningskonsultHarBitrattVidUpprattandeAvArsbokslutetEllerArsredovisningen" xlink:label="extRubrik_locator_UppdragstagareTExRedovisningskonsultHarBitrattVidUpprattandeAvArsbokslutetEllerArsredovisningen" xlink:title="extRubrik_locator_UppdragstagareTExRedovisningskonsultHarBitrattVidUpprattandeAvArsbokslutetEllerArsredovisningen"/>
    <link:label xlink:type="resource" xlink:label="extRubrik_resource_UppdragstagareTExRedovisningskonsultHarBitrattVidUpprattandeAvArsbokslutetEllerArsredovisningen_2902_verboseLabel" xlink:role="http://www.xbrl.org/2003/role/verboseLabel" xlink:title="extRubrik_resource_UppdragstagareTExRedovisningskonsultHarBitrattVidUpprattandeAvArsbokslutetEllerArsredovisningen_2902_verboseLabel" xml:lang="sv">Uppdragstagare (t.ex. redovisningskonsult) har biträtt vid upprättande av årsbokslutet/årsredovisningen</link:label>
    <link:labelArc xlink:type="arc" xlink:arcrole="http://www.xbrl.org/2003/arcrole/concept-label" xlink:from="extRubrik_locator_UppdragstagareTExRedovisningskonsultHarBitrattVidUpprattandeAvArsbokslutetEllerArsredovisningen" xlink:to="extRubrik_resource_UppdragstagareTExRedovisningskonsultHarBitrattVidUpprattandeAvArsbokslutetEllerArsredovisningen_2902_verboseLabel" xlink:title="reference: extRubrik_locator_UppdragstagareTExRedovisningskonsultHarBitrattVidUpprattandeAvArsbokslutetEllerArsredovisningen to extRubrik_resource_UppdragstagareTExRedovisningskonsultHarBitrattVidUpprattandeAvArsbokslutetEllerArsredovisningen_2902_verboseLabel"/>
    <link:loc xlink:type="locator" xlink:href="../../../../base/se-tax-base/2022-09-12/se-tax-base-2022-09-12.xsd#se-tax-base_IngaendeEgetKapital" xlink:label="extRubrik_locator_IngaendeEgetKapital" xlink:title="extRubrik_locator_IngaendeEgetKapital"/>
    <link:label xlink:type="resource" xlink:label="extRubrik_resource_IngaendeEgetKapital_2519_verboseLabel" xlink:role="http://www.xbrl.org/2003/role/verboseLabel" xlink:title="extRubrik_resource_IngaendeEgetKapital_2519_verboseLabel" xml:lang="sv">Ingående kapital (vid kapitalbrist anges minus)</link:label>
    <link:labelArc xlink:type="arc" xlink:arcrole="http://www.xbrl.org/2003/arcrole/concept-label" xlink:from="extRubrik_locator_IngaendeEgetKapital" xlink:to="extRubrik_resource_IngaendeEgetKapital_2519_verboseLabel" xlink:title="reference: extRubrik_locator_IngaendeEgetKapital to extRubrik_resource_IngaendeEgetKapital_2519_verboseLabel"/>
    <link:loc xlink:type="locator" xlink:href="../../../../base/se-gen-base/2021-10-31/se-gen-base-2021-10-31.xsd#se-gen-base_EgetKapital" xlink:label="extRubrik_locator_EgetKapital" xlink:title="extRubrik_locator_EgetKapital"/>
    <link:label xlink:type="resource" xlink:label="extRubrik_resource_EgetKapital_2538_verboseLabel" xlink:role="http://www.xbrl.org/2003/role/verboseLabel" xlink:title="extRubrik_resource_EgetKapital_2538_verboseLabel" xml:lang="sv">Utgående kapital</link:label>
    <link:labelArc xlink:type="arc" xlink:arcrole="http://www.xbrl.org/2003/arcrole/concept-label" xlink:from="extRubrik_locator_EgetKapital" xlink:to="extRubrik_resource_EgetKapital_2538_verboseLabel" xlink:title="reference: extRubrik_locator_EgetKapital to extRubrik_resource_EgetKapital_2538_verboseLabel"/>
    <link:loc xlink:type="locator" xlink:href="../../../../base/se-gen-base/2021-10-31/se-gen-base-2021-10-31.xsd#se-gen-base_Bokslutsdispositioner" xlink:label="extRubrik_locator_Bokslutsdispositioner" xlink:title="extRubrik_locator_Bokslutsdispositioner"/>
    <link:label xlink:type="resource" xlink:label="extRubrik_resource_Bokslutsdispositioner_2658_verboseLabel" xlink:role="http://www.xbrl.org/2003/role/verboseLabel" xlink:title="extRubrik_resource_Bokslutsdispositioner_2658_verboseLabel" xml:lang="sv">Bokslutsdispositioner (t.ex. förändring av överavskrivningar)</link:label>
    <link:labelArc xlink:type="arc" xlink:arcrole="http://www.xbrl.org/2003/arcrole/concept-label" xlink:from="extRubrik_locator_Bokslutsdispositioner" xlink:to="extRubrik_resource_Bokslutsdispositioner_2658_verboseLabel" xlink:title="reference: extRubrik_locator_Bokslutsdispositioner to extRubrik_resource_Bokslutsdispositioner_2658_verboseLabel"/>
    <link:loc xlink:type="locator" xlink:href="../../../../base/se-gen-base/2021-10-31/se-gen-base-2021-10-31.xsd#se-gen-base_KassaBank" xlink:label="extRubrik_locator_KassaBank" xlink:title="extRubrik_locator_KassaBank"/>
    <link:label xlink:type="resource" xlink:label="extRubrik_resource_KassaBank_2514_verboseLabel" xlink:role="http://www.xbrl.org/2003/role/verboseLabel" xlink:title="extRubrik_resource_KassaBank_2514_verboseLabel" xml:lang="sv">Kassa, bank och redovisningsmedel</link:label>
    <link:labelArc xlink:type="arc" xlink:arcrole="http://www.xbrl.org/2003/arcrole/concept-label" xlink:from="extRubrik_locator_KassaBank" xlink:to="extRubrik_resource_KassaBank_2514_verboseLabel" xlink:title="reference: extRubrik_locator_KassaBank to extRubrik_resource_KassaBank_2514_verboseLabel"/>
    <link:loc xlink:type="locator" xlink:href="../../../../base/se-gen-base/2021-10-31/se-gen-base-2021-10-31.xsd#se-gen-base_AvsattningarPensionerLiknandeForpliktelserEnligtLag" xlink:label="extRubrik_locator_AvsattningarPensionerLiknandeForpliktelserEnligtLag" xlink:title="extRubrik_locator_AvsattningarPensionerLiknandeForpliktelserEnligtLag"/>
    <link:label xlink:type="resource" xlink:label="extRubrik_resource_AvsattningarPensionerLiknandeForpliktelserEnligtLag_2560_verboseLabel" xlink:role="http://www.xbrl.org/2003/role/verboseLabel" xlink:title="extRubrik_resource_AvsattningarPensionerLiknandeForpliktelserEnligtLag_2560_verboseLabel" xml:lang="sv">Avsättningar för pensioner och liknande förpliktelser enligt lag (1967:531) om tryggande av pensionsutfästelse m.m.</link:label>
    <link:labelArc xlink:type="arc" xlink:arcrole="http://www.xbrl.org/2003/arcrole/concept-label" xlink:from="extRubrik_locator_AvsattningarPensionerLiknandeForpliktelserEnligtLag" xlink:to="extRubrik_resource_AvsattningarPensionerLiknandeForpliktelserEnligtLag_2560_verboseLabel" xlink:title="reference: extRubrik_locator_AvsattningarPensionerLiknandeForpliktelserEnligtLag to extRubrik_resource_AvsattningarPensionerLiknandeForpliktelserEnligtLag_2560_verboseLabel"/>
  </link:labelLink>
</link:linkbase>
