<?xml version="1.0" encoding="UTF-8"?>
<!-- Generated by Fujitsu Interstage XWand B0255 -->
<!--Versionsdatum/revision: 2024-09-12/2025-02-11_14:50:52-->
<!--Infil   : file:///O:/xmlstr/TaxSam/Inkomstdeklaration 2/2024-09-12 FINAL/Iteration 84 - FINAL LEV 2024-06-12 - FULL INK3 INK4 N3B/2025-02-11_13.19.41_10_KontrolleraOchGenerera_v2.08.xsl.xml-->
<!--XSLT-fil: file:///O:/xmlstr/TaxSam/Inkomstdeklaration 2/2024-09-12 FINAL/Iteration 84 - FINAL LEV 2024-06-12 - FULL INK3 INK4 N3B/30_UtokaAnpassadeBasskiktet_v2.14.xsl-->
<!--XSLT-fil: file:///O:/xmlstr/TaxSam/Inkomstdeklaration 2/2024-09-12 FINAL/Iteration 84 - FINAL LEV 2024-06-12 - FULL INK3 INK4 N3B/XSLTallmanKod_v1.05.xsl-->
<link:linkbase xmlns:xsi="http://www.w3.org/2001/XMLSchema-instance" xsi:schemaLocation="http://www.xbrl.org/2004/ref http://www.xbrl.org/2004/ref-2004-08-10.xsd http://www.xbrl.org/2003/linkbase http://www.xbrl.org/2003/xbrl-linkbase-2003-12-31.xsd" xmlns:link="http://www.xbrl.org/2003/linkbase" xmlns:ref="http://www.xbrl.org/2004/ref" xmlns:xlink="http://www.w3.org/1999/xlink">
  <link:roleRef roleURI="http://www.skatteverket.se/se/fr/role/reference/miscellaneous/baskontoegetkapitalochskulder" xlink:type="simple" xlink:href="se-ink4-ext-2024-09-12.xsd#BASKONTOEGETKAPITALOCHSKULDER"/>
  <link:referenceLink xlink:type="extended" xlink:role="http://www.skatteverket.se/se/fr/role/reference/miscellaneous/baskontoegetkapitalochskulder" id="BASKONTOEGETKAPITALOCHSKULDER">
    <link:loc xlink:type="locator" xlink:href="../../../../base/se-tax-base/2022-09-12/se-tax-base-2022-09-12.xsd#se-tax-base_IngaendeEgetKapital" xlink:label="referens_locator_IngaendeEgetKapital_BAS_konto_Eget_kapital_och_skulder_2523" xlink:title="referens_locator_IngaendeEgetKapital_BAS_konto_Eget_kapital_och_skulder_2523"/>
    <link:reference xlink:type="resource" xlink:label="referens_resource_IngaendeEgetKapital_BAS_konto_Eget_kapital_och_skulder_2523_reference" xlink:role="http://www.xbrl.org/2003/role/reference" xlink:title="referens_resource_IngaendeEgetKapital_BAS_konto_Eget_kapital_och_skulder_2523_reference">
      <ref:Publisher>BAS-intressenternas Förening</ref:Publisher>
      <ref:Name>BAS-konto</ref:Name>
      <ref:Number>20xx</ref:Number>
    </link:reference>
    <link:referenceArc xlink:type="arc" xlink:arcrole="http://www.xbrl.org/2003/arcrole/concept-reference" xlink:from="referens_locator_IngaendeEgetKapital_BAS_konto_Eget_kapital_och_skulder_2523" xlink:to="referens_resource_IngaendeEgetKapital_BAS_konto_Eget_kapital_och_skulder_2523_reference" xlink:title="reference: referens_locator_IngaendeEgetKapital_BAS_konto_Eget_kapital_och_skulder_2523 to referens_resource_IngaendeEgetKapital_BAS_konto_Eget_kapital_och_skulder_2523_reference"/>
  </link:referenceLink>
</link:linkbase>
