<?xml version="1.0" encoding="UTF-8"?>
<!-- Generated by Fujitsu Interstage XWand B0251 -->
<link:linkbase xmlns:xsi="http://www.w3.org/2001/XMLSchema-instance" xsi:schemaLocation="http://www.xbrl.org/2004/ref http://www.xbrl.org/2004/ref-2004-08-10.xsd http://www.xbrl.org/2003/linkbase http://www.xbrl.org/2003/xbrl-linkbase-2003-12-31.xsd" xmlns:link="http://www.xbrl.org/2003/linkbase" xmlns:ref="http://www.xbrl.org/2004/ref" xmlns:xlink="http://www.w3.org/1999/xlink">
  <link:roleRef roleURI="http://www.taxonomier.se/se/fr/role/reference/standard/iso" xlink:type="simple" xlink:href="../../../shared/role/se-std-role/2020-12-01/se-std-role-2020-12-01.xsd#STD_ROLE_ISO"/>
  <link:referenceLink xlink:type="extended" xlink:role="http://www.taxonomier.se/se/fr/role/reference/standard/iso">
    <link:loc xlink:type="locator" xlink:href="se-mem-base-2020-12-01.xsd#se-mem-base_ValutaSvenskaKronorMember" xlink:label="loc_se-cd-base_ValutaSvenskaKronorMember_1" xlink:title="loc_se-cd-base_ValutaSvenskaKronorMember_1"/>
    <link:reference xlink:type="resource" xlink:label="res_se-cd-base_ValutaSvenskaKronorMember_1" xlink:role="http://www.xbrl.org/2003/role/reference" xlink:title="res_se-cd-base_ValutaSvenskaKronorMember_1" id="res_se-cd-base_ValutaSvenskaKronorMember_1">
      <ref:Publisher>ISO</ref:Publisher>
      <ref:Name>Swedish krona/kronor</ref:Name>
      <ref:Number>4217</ref:Number>
      <ref:Appendix>SEK</ref:Appendix>
    </link:reference>
    <link:referenceArc xlink:type="arc" xlink:arcrole="http://www.xbrl.org/2003/arcrole/concept-reference" xlink:from="loc_se-cd-base_ValutaSvenskaKronorMember_1" xlink:to="res_se-cd-base_ValutaSvenskaKronorMember_1" xlink:title="loc_se-cd-base_ValutaSvenskaKronorMember_1 to res_se-cd-base_ValutaSvenskaKronorMember_1"/>
    <link:loc xlink:type="locator" xlink:href="se-mem-base-2020-12-01.xsd#se-mem-base_SprakSvenskaMember" xlink:label="loc_se-cd-base_SprakSvenskaMember_2" xlink:title="loc_se-cd-base_SprakSvenskaMember_2"/>
    <link:reference xlink:type="resource" xlink:label="res_se-cd-base_SprakSvenskaMember_2" xlink:role="http://www.xbrl.org/2003/role/reference" xlink:title="res_se-cd-base_SprakSvenskaMember_2" id="res_se-cd-base_SprakSvenskaMember_2">
      <ref:Publisher>ISO</ref:Publisher>
      <ref:Name>Swedish</ref:Name>
      <ref:Number>639-1</ref:Number>
      <ref:Appendix>sv</ref:Appendix>
    </link:reference>
    <link:referenceArc xlink:type="arc" xlink:arcrole="http://www.xbrl.org/2003/arcrole/concept-reference" xlink:from="loc_se-cd-base_SprakSvenskaMember_2" xlink:to="res_se-cd-base_SprakSvenskaMember_2" xlink:title="loc_se-cd-base_SprakSvenskaMember_2 to res_se-cd-base_SprakSvenskaMember_2"/>
    <link:loc xlink:type="locator" xlink:href="se-mem-base-2020-12-01.xsd#se-mem-base_LandSverigeMember" xlink:label="loc_se-cd-base_LandSverigeMember_5" xlink:title="loc_se-cd-base_LandSverigeMember_5"/>
    <link:reference xlink:type="resource" xlink:label="res_se-cd-base_LandSverigeMember_5" xlink:role="http://www.xbrl.org/2003/role/reference" xlink:title="res_se-cd-base_LandSverigeMember_5" id="res_se-cd-base_LandSverigeMember_5">
      <ref:Publisher>ISO</ref:Publisher>
      <ref:Name>Sweden</ref:Name>
      <ref:Number>3166-1</ref:Number>
      <ref:Appendix>SE</ref:Appendix>
    </link:reference>
    <link:referenceArc xlink:type="arc" xlink:arcrole="http://www.xbrl.org/2003/arcrole/concept-reference" xlink:from="loc_se-cd-base_LandSverigeMember_5" xlink:to="res_se-cd-base_LandSverigeMember_5" xlink:title="loc_se-cd-base_LandSverigeMember_5 to res_se-cd-base_LandSverigeMember_5"/>
    <link:loc xlink:type="locator" xlink:href="se-mem-base-2020-12-01.xsd#se-mem-base_ValutaEuroMember" xlink:label="loc_se-cd-base_ValutaEuroMember_7" xlink:title="loc_se-cd-base_ValutaEuroMember_7"/>
    <link:reference xlink:type="resource" xlink:label="res_se-cd-base_ValutaEuroMember_7" xlink:role="http://www.xbrl.org/2003/role/reference" xlink:title="res_se-cd-base_ValutaEuroMember_7" id="res_se-cd-base_ValutaEuroMember_7">
      <ref:Publisher>ISO</ref:Publisher>
      <ref:Name>Euro</ref:Name>
      <ref:Number>4217</ref:Number>
      <ref:Appendix>EUR</ref:Appendix>
    </link:reference>
    <link:referenceArc xlink:type="arc" xlink:arcrole="http://www.xbrl.org/2003/arcrole/concept-reference" xlink:from="loc_se-cd-base_ValutaEuroMember_7" xlink:to="res_se-cd-base_ValutaEuroMember_7" xlink:title="loc_se-cd-base_ValutaEuroMember_7 to res_se-cd-base_ValutaEuroMember_7"/>
  </link:referenceLink>
</link:linkbase>
