<?xml version="1.0" encoding="UTF-8"?>
<!-- Generated by Fujitsu Interstage XWand B0251 -->
<link:linkbase xmlns:xsi="http://www.w3.org/2001/XMLSchema-instance" xsi:schemaLocation="http://www.xbrl.org/2003/linkbase http://www.xbrl.org/2003/xbrl-linkbase-2003-12-31.xsd" xmlns:link="http://www.xbrl.org/2003/linkbase" xmlns:xlink="http://www.w3.org/1999/xlink" xmlns:xbrli="http://www.xbrl.org/2003/instance">
  <link:labelLink xlink:type="extended" xlink:role="http://www.xbrl.org/2003/role/link">
    <link:loc xlink:type="locator" xlink:href="se-cd-base-2020-12-01.xsd#se-cd-base_ForetagetsNamnAbstract" xlink:label="locForetagetsNamnAbstract_7" xlink:title="locForetagetsNamnAbstract_7"/>
    <link:label xlink:type="resource" xlink:label="lblForetagetsNamnAbstract_7" xlink:role="http://www.xbrl.org/2003/role/documentation" xlink:title="lblForetagetsNamnAbstract_7" xml:lang="sv">Uppgifter om företagets namn. Företagsnamnet är den benämning under vilken företaget driver sin verksamhet</link:label>
    <link:labelArc xlink:type="arc" xlink:arcrole="http://www.xbrl.org/2003/arcrole/concept-label" xlink:from="locForetagetsNamnAbstract_7" xlink:to="lblForetagetsNamnAbstract_7" xlink:title="label: locForetagetsNamnAbstract_7 to lblForetagetsNamnAbstract_7"/>
    <link:loc xlink:type="locator" xlink:href="se-cd-base-2020-12-01.xsd#se-cd-base_ForetagetsNamn" xlink:label="locForetagetsNamn_12" xlink:title="locForetagetsNamn_12"/>
    <link:label xlink:type="resource" xlink:label="lblForetagetsNamn_12" xlink:role="http://www.xbrl.org/2003/role/documentation" xlink:title="lblForetagetsNamn_12" xml:lang="sv">Företagets registrerade namn, den benämning under vilken företaget driver sin verksamhet</link:label>
    <link:labelArc xlink:type="arc" xlink:arcrole="http://www.xbrl.org/2003/arcrole/concept-label" xlink:from="locForetagetsNamn_12" xlink:to="lblForetagetsNamn_12" xlink:title="label: locForetagetsNamn_12 to lblForetagetsNamn_12"/>
    <link:loc xlink:type="locator" xlink:href="se-cd-base-2020-12-01.xsd#se-cd-base_ForetagetsTidigareNamn" xlink:label="locForetagetsTidigareNamn_10" xlink:title="locForetagetsTidigareNamn_10"/>
    <link:label xlink:type="resource" xlink:label="lblForetagetsTidigareNamn_10" xlink:role="http://www.xbrl.org/2003/role/documentation" xlink:title="lblForetagetsTidigareNamn_10" xml:lang="sv">Företagets tidigare registrerade namn, om företaget bytt namn under perioden som rapporten avser eller efter periodens slut</link:label>
    <link:labelArc xlink:type="arc" xlink:arcrole="http://www.xbrl.org/2003/arcrole/concept-label" xlink:from="locForetagetsTidigareNamn_10" xlink:to="lblForetagetsTidigareNamn_10" xlink:title="label: locForetagetsTidigareNamn_10 to lblForetagetsTidigareNamn_10"/>
    <link:loc xlink:type="locator" xlink:href="se-cd-base-2020-12-01.xsd#se-cd-base_Organisationsnummer" xlink:label="locOrganisationsnummer_13" xlink:title="locOrganisationsnummer_13"/>
    <link:label xlink:type="resource" xlink:label="lblOrganisationsnummer_13" xlink:role="http://www.xbrl.org/2003/role/documentation" xlink:title="lblOrganisationsnummer_13" xml:lang="sv">Organisationsnumret är en unik och enhetlig identitetsbeteckning för myndigheter, företag m.fl. organisationer (i regel s.k. juridiska personer)</link:label>
    <link:labelArc xlink:type="arc" xlink:arcrole="http://www.xbrl.org/2003/arcrole/concept-label" xlink:from="locOrganisationsnummer_13" xlink:to="lblOrganisationsnummer_13" xlink:title="label: locOrganisationsnummer_13 to lblOrganisationsnummer_13"/>
    <link:loc xlink:type="locator" xlink:href="se-cd-base-2020-12-01.xsd#se-cd-base_ForetagetsSate" xlink:label="locForetagetsSate_0" xlink:title="locForetagetsSate_0"/>
    <link:label xlink:type="resource" xlink:label="lblForetagetsSate_0" xlink:role="http://www.xbrl.org/2003/role/documentation" xlink:title="lblForetagetsSate_0" xml:lang="sv">Kommun där ett företags säte finns, d.v.s. där styrelsen ska träffas och där bolagsstämman ska hållas</link:label>
    <link:labelArc xlink:type="arc" xlink:arcrole="http://www.xbrl.org/2003/arcrole/concept-label" xlink:from="locForetagetsSate_0" xlink:to="lblForetagetsSate_0" xlink:title="label: locForetagetsSate_0 to lblForetagetsSate_0"/>
    <link:loc xlink:type="locator" xlink:href="se-cd-base-2020-12-01.xsd#se-cd-base_MatEnhet" xlink:label="locMatEnhet_2" xlink:title="locMatEnhet_2"/>
    <link:label xlink:type="resource" xlink:label="lblMatEnhet_2" xlink:role="http://www.xbrl.org/2003/role/documentation" xlink:title="lblMatEnhet_2" xml:lang="sv">Mätenhet i vilken beloppen är angivna i den finansiella rapporten</link:label>
    <link:labelArc xlink:type="arc" xlink:arcrole="http://www.xbrl.org/2003/arcrole/concept-label" xlink:from="locMatEnhet_2" xlink:to="lblMatEnhet_2" xlink:title="label: locMatEnhet_2 to lblMatEnhet_2"/>
    <link:loc xlink:type="locator" xlink:href="se-cd-base-2020-12-01.xsd#se-cd-base_RakenskapsarAbstract" xlink:label="locRakenskapsarAbstract_5" xlink:title="locRakenskapsarAbstract_5"/>
    <link:label xlink:type="resource" xlink:label="lblRakenskapsarAbstract_5" xlink:role="http://www.xbrl.org/2003/role/documentation" xlink:title="lblRakenskapsarAbstract_5" xml:lang="sv">Uppgifter om räkenskapsåret</link:label>
    <link:labelArc xlink:type="arc" xlink:arcrole="http://www.xbrl.org/2003/arcrole/concept-label" xlink:from="locRakenskapsarAbstract_5" xlink:to="lblRakenskapsarAbstract_5" xlink:title="label: locRakenskapsarAbstract_5 to lblRakenskapsarAbstract_5"/>
    <link:loc xlink:type="locator" xlink:href="se-cd-base-2020-12-01.xsd#se-cd-base_RakenskapsarForstaDag" xlink:label="locRakenskapsarForstaDag_6" xlink:title="locRakenskapsarForstaDag_6"/>
    <link:label xlink:type="resource" xlink:label="lblRakenskapsarForstaDag_6" xlink:role="http://www.xbrl.org/2003/role/documentation" xlink:title="lblRakenskapsarForstaDag_6" xml:lang="sv">Första dagen för aktuellt räkenskapsår</link:label>
    <link:labelArc xlink:type="arc" xlink:arcrole="http://www.xbrl.org/2003/arcrole/concept-label" xlink:from="locRakenskapsarForstaDag_6" xlink:to="lblRakenskapsarForstaDag_6" xlink:title="label: locRakenskapsarForstaDag_6 to lblRakenskapsarForstaDag_6"/>
    <link:loc xlink:type="locator" xlink:href="se-cd-base-2020-12-01.xsd#se-cd-base_RakenskapsarSistaDag" xlink:label="locRakenskapsarSistaDag_8" xlink:title="locRakenskapsarSistaDag_8"/>
    <link:label xlink:type="resource" xlink:label="lblRakenskapsarSistaDag_8" xlink:role="http://www.xbrl.org/2003/role/documentation" xlink:title="lblRakenskapsarSistaDag_8" xml:lang="sv">Sista dagen för aktuellt räkenskapsår</link:label>
    <link:labelArc xlink:type="arc" xlink:arcrole="http://www.xbrl.org/2003/arcrole/concept-label" xlink:from="locRakenskapsarSistaDag_8" xlink:to="lblRakenskapsarSistaDag_8" xlink:title="label: locRakenskapsarSistaDag_8 to lblRakenskapsarSistaDag_8"/>
    <link:loc xlink:type="locator" xlink:href="se-cd-base-2020-12-01.xsd#se-cd-base_ValtRevisionsbolagsnamn" xlink:label="locValtRevisionsbolagsnamn_3" xlink:title="locValtRevisionsbolagsnamn_3"/>
    <link:label xlink:type="resource" xlink:label="lblValtRevisionsbolagsnamn_3" xlink:role="http://www.xbrl.org/2003/role/documentation" xlink:title="lblValtRevisionsbolagsnamn_3" xml:lang="sv">Anger vilken revisionsbolag som är valt som ansvarig för revision</link:label>
    <link:labelArc xlink:type="arc" xlink:arcrole="http://www.xbrl.org/2003/arcrole/concept-label" xlink:from="locValtRevisionsbolagsnamn_3" xlink:to="lblValtRevisionsbolagsnamn_3" xlink:title="label: locValtRevisionsbolagsnamn_3 to lblValtRevisionsbolagsnamn_3"/>
    <link:loc xlink:type="locator" xlink:href="se-cd-base-2020-12-01.xsd#se-cd-base_BeloppsformatDomain" xlink:label="locBeloppsformatDomain_17" xlink:title="locBeloppsformatDomain_17"/>
    <link:label xlink:type="resource" xlink:label="lblBeloppsformatDomain_17" xlink:role="http://www.xbrl.org/2003/role/documentation" xlink:title="lblBeloppsformatDomain_17" xml:lang="sv">Listval för upplysning om format som beloppen i rapporten anges i</link:label>
    <link:labelArc xlink:type="arc" xlink:arcrole="http://www.xbrl.org/2003/arcrole/concept-label" xlink:from="locBeloppsformatDomain_17" xlink:to="lblBeloppsformatDomain_17" xlink:title="label: locBeloppsformatDomain_17 to lblBeloppsformatDomain_17"/>
    <link:loc xlink:type="locator" xlink:href="se-cd-base-2020-12-01.xsd#se-cd-base_LandForetagetsSateDomain" xlink:label="locLandForetagetsSateDomain_15" xlink:title="locLandForetagetsSateDomain_15"/>
    <link:label xlink:type="resource" xlink:label="lblLandForetagetsSateDomain_15" xlink:role="http://www.xbrl.org/2003/role/documentation" xlink:title="lblLandForetagetsSateDomain_15" xml:lang="sv">Listval för land i vilket företaget har sitt säte, landkoden baseras på standarden ISO 3166</link:label>
    <link:labelArc xlink:type="arc" xlink:arcrole="http://www.xbrl.org/2003/arcrole/concept-label" xlink:from="locLandForetagetsSateDomain_15" xlink:to="lblLandForetagetsSateDomain_15" xlink:title="label: locLandForetagetsSateDomain_15 to lblLandForetagetsSateDomain_15"/>
    <link:loc xlink:type="locator" xlink:href="se-cd-base-2020-12-01.xsd#se-cd-base_SprakHandlingUpprattadDomain" xlink:label="locSprakHandlingUpprattadDomain_16" xlink:title="locSprakHandlingUpprattadDomain_16"/>
    <link:label xlink:type="resource" xlink:label="lblSprakHandlingUpprattadDomain_16" xlink:role="http://www.xbrl.org/2003/role/documentation" xlink:title="lblSprakHandlingUpprattadDomain_16" xml:lang="sv">Listval för språk som handlingen är upprättad på, språkkoden baseras på standarden ISO 639</link:label>
    <link:labelArc xlink:type="arc" xlink:arcrole="http://www.xbrl.org/2003/arcrole/concept-label" xlink:from="locSprakHandlingUpprattadDomain_16" xlink:to="lblSprakHandlingUpprattadDomain_16" xlink:title="label: locSprakHandlingUpprattadDomain_16 to lblSprakHandlingUpprattadDomain_16"/>
    <link:loc xlink:type="locator" xlink:href="se-cd-base-2020-12-01.xsd#se-cd-base_SprakHandlingUpprattadList" xlink:label="locSprakHandlingUpprattadList_1" xlink:title="locSprakHandlingUpprattadList_1"/>
    <link:label xlink:type="resource" xlink:label="lblSprakHandlingUpprattadList_1" xlink:role="http://www.xbrl.org/2003/role/documentation" xlink:title="lblSprakHandlingUpprattadList_1" xml:lang="sv">Listval för språk som handlingen är upprättad på, språkkoden baseras på standarden ISO 639</link:label>
    <link:labelArc xlink:type="arc" xlink:arcrole="http://www.xbrl.org/2003/arcrole/concept-label" xlink:from="locSprakHandlingUpprattadList_1" xlink:to="lblSprakHandlingUpprattadList_1" xlink:title="label: locSprakHandlingUpprattadList_1 to lblSprakHandlingUpprattadList_1"/>
    <link:loc xlink:type="locator" xlink:href="se-cd-base-2020-12-01.xsd#se-cd-base_RedovisningsvalutaHandlingList" xlink:label="locRedovisningsvalutaHandlingList_11" xlink:title="locRedovisningsvalutaHandlingList_11"/>
    <link:label xlink:type="resource" xlink:label="lblRedovisningsvalutaHandlingList_11" xlink:role="http://www.xbrl.org/2003/role/documentation" xlink:title="lblRedovisningsvalutaHandlingList_11" xml:lang="sv">Listval för valuta som rapporten presenteras i, koden baseras på standarden ISO 4217</link:label>
    <link:labelArc xlink:type="arc" xlink:arcrole="http://www.xbrl.org/2003/arcrole/concept-label" xlink:from="locRedovisningsvalutaHandlingList_11" xlink:to="lblRedovisningsvalutaHandlingList_11" xlink:title="label: locRedovisningsvalutaHandlingList_11 to lblRedovisningsvalutaHandlingList_11"/>
    <link:loc xlink:type="locator" xlink:href="se-cd-base-2020-12-01.xsd#se-cd-base_RedovisningsvalutaHandlingDomain" xlink:label="locRedovisningsvalutaHandlingDomain_14" xlink:title="locRedovisningsvalutaHandlingDomain_14"/>
    <link:label xlink:type="resource" xlink:label="lblRedovisningsvalutaHandlingDomain_14" xlink:role="http://www.xbrl.org/2003/role/documentation" xlink:title="lblRedovisningsvalutaHandlingDomain_14" xml:lang="sv">Listval för valuta som rapporten presenteras i, koden baseras på standarden ISO 4217</link:label>
    <link:labelArc xlink:type="arc" xlink:arcrole="http://www.xbrl.org/2003/arcrole/concept-label" xlink:from="locRedovisningsvalutaHandlingDomain_14" xlink:to="lblRedovisningsvalutaHandlingDomain_14" xlink:title="label: locRedovisningsvalutaHandlingDomain_14 to lblRedovisningsvalutaHandlingDomain_14"/>
    <link:loc xlink:type="locator" xlink:href="se-cd-base-2020-12-01.xsd#se-cd-base_BeloppsformatList" xlink:label="locBeloppsformatList_19" xlink:title="locBeloppsformatList_19"/>
    <link:label xlink:type="resource" xlink:label="lblBeloppsformatList_19" xlink:role="http://www.xbrl.org/2003/role/documentation" xlink:title="lblBeloppsformatList_19" xml:lang="sv">Här anges om beloppen i rapporten anges i hela kronor, tusental kronor, hela euro eller hundratal euro</link:label>
    <link:labelArc xlink:type="arc" xlink:arcrole="http://www.xbrl.org/2003/arcrole/concept-label" xlink:from="locBeloppsformatList_19" xlink:to="lblBeloppsformatList_19" xlink:title="label: locBeloppsformatList_19 to lblBeloppsformatList_19"/>
    <link:loc xlink:type="locator" xlink:href="se-cd-base-2020-12-01.xsd#se-cd-base_LandForetagetsSateList" xlink:label="locLandForetagetsSateList_9" xlink:title="locLandForetagetsSateList_9"/>
    <link:label xlink:type="resource" xlink:label="lblLandForetagetsSateList_9" xlink:role="http://www.xbrl.org/2003/role/documentation" xlink:title="lblLandForetagetsSateList_9" xml:lang="sv">Listval för land i vilket företaget har sitt säte, landkoden baseras på standarden ISO 3166</link:label>
    <link:labelArc xlink:type="arc" xlink:arcrole="http://www.xbrl.org/2003/arcrole/concept-label" xlink:from="locLandForetagetsSateList_9" xlink:to="lblLandForetagetsSateList_9" xlink:title="label: locLandForetagetsSateList_9 to lblLandForetagetsSateList_9"/>
    <link:loc xlink:type="locator" xlink:href="se-cd-base-2020-12-01.xsd#se-cd-base_DelarsperiodAbstract" xlink:label="locDelarsperiodAbstract_21" xlink:title="locDelarsperiodAbstract_21"/>
    <link:label xlink:type="resource" xlink:label="lblDelarsperiodAbstract_21" xlink:role="http://www.xbrl.org/2003/role/documentation" xlink:title="lblDelarsperiodAbstract_21" xml:lang="sv">Uppgifter om den delårsperiod som rapporten avser</link:label>
    <link:labelArc xlink:type="arc" xlink:arcrole="http://www.xbrl.org/2003/arcrole/concept-label" xlink:from="locDelarsperiodAbstract_21" xlink:to="lblDelarsperiodAbstract_21" xlink:title="label: locDelarsperiodAbstract_21 to lblDelarsperiodAbstract_21"/>
    <link:loc xlink:type="locator" xlink:href="se-cd-base-2020-12-01.xsd#se-cd-base_DelarsperiodForstaDag" xlink:label="locDelarsperiodForstaDag_20" xlink:title="locDelarsperiodForstaDag_20"/>
    <link:label xlink:type="resource" xlink:label="lblDelarsperiodForstaDag_20" xlink:role="http://www.xbrl.org/2003/role/documentation" xlink:title="lblDelarsperiodForstaDag_20" xml:lang="sv">Första dagen för den delårsperiod som rapporten avser</link:label>
    <link:labelArc xlink:type="arc" xlink:arcrole="http://www.xbrl.org/2003/arcrole/concept-label" xlink:from="locDelarsperiodForstaDag_20" xlink:to="lblDelarsperiodForstaDag_20" xlink:title="label: locDelarsperiodForstaDag_20 to lblDelarsperiodForstaDag_20"/>
    <link:loc xlink:type="locator" xlink:href="se-cd-base-2020-12-01.xsd#se-cd-base_DelarsperiodSistaDag" xlink:label="locDelarsperiodSistaDag_22" xlink:title="locDelarsperiodSistaDag_22"/>
    <link:label xlink:type="resource" xlink:label="lblDelarsperiodSistaDag_22" xlink:role="http://www.xbrl.org/2003/role/documentation" xlink:title="lblDelarsperiodSistaDag_22" xml:lang="sv">Sista dagen för den delårsperiod som rapporten avser</link:label>
    <link:labelArc xlink:type="arc" xlink:arcrole="http://www.xbrl.org/2003/arcrole/concept-label" xlink:from="locDelarsperiodSistaDag_22" xlink:to="lblDelarsperiodSistaDag_22" xlink:title="label: locDelarsperiodSistaDag_22 to lblDelarsperiodSistaDag_22"/>
    <link:loc xlink:type="locator" xlink:href="se-cd-base-2020-12-01.xsd#se-cd-base_Rapportmanad" xlink:label="locRapportmanad_18" xlink:title="locRapportmanad_18"/>
    <link:label xlink:type="resource" xlink:label="lblRapportmanad_18" xlink:role="http://www.xbrl.org/2003/role/documentation" xlink:title="lblRapportmanad_18" xml:lang="sv">Månad och år som rapporten avser</link:label>
    <link:labelArc xlink:type="arc" xlink:arcrole="http://www.xbrl.org/2003/arcrole/concept-label" xlink:from="locRapportmanad_18" xlink:to="lblRapportmanad_18" xlink:title="label: locRapportmanad_18 to lblRapportmanad_18"/>
    <link:loc xlink:type="locator" xlink:href="se-cd-base-2020-12-01.xsd#se-cd-base_KontaktuppgifterAbstract" xlink:label="KontaktuppgifterAbstract" xlink:title="KontaktuppgifterAbstract"/>
    <link:label xlink:type="resource" xlink:label="label_KontaktuppgifterAbstract" xlink:role="http://www.xbrl.org/2003/role/documentation" xlink:title="label_KontaktuppgifterAbstract" xml:lang="sv" id="label_KontaktuppgifterAbstract">Uppgifter om kontaktperson som kan besvara innehållsmässiga frågor avseende den aktuella rapporten</link:label>
    <link:labelArc xlink:type="arc" xlink:arcrole="http://www.xbrl.org/2003/arcrole/concept-label" xlink:from="KontaktuppgifterAbstract" xlink:to="label_KontaktuppgifterAbstract" xlink:title="label: KontaktuppgifterAbstract to label_KontaktuppgifterAbstract"/>
    <link:loc xlink:type="locator" xlink:href="se-cd-base-2020-12-01.xsd#se-cd-base_KontaktpersonFornamn" xlink:label="KontaktpersonFornamn" xlink:title="KontaktpersonFornamn"/>
    <link:label xlink:type="resource" xlink:label="label_KontaktpersonFornamn_2" xlink:role="http://www.xbrl.org/2003/role/documentation" xlink:title="label_KontaktpersonFornamn" xml:lang="sv" id="label_KontaktpersonFornamn_2">Tilltalsnamn för kontaktperson</link:label>
    <link:labelArc xlink:type="arc" xlink:arcrole="http://www.xbrl.org/2003/arcrole/concept-label" xlink:from="KontaktpersonFornamn" xlink:to="label_KontaktpersonFornamn_2" xlink:title="label: KontaktpersonFornamn to label_KontaktpersonFornamn"/>
    <link:loc xlink:type="locator" xlink:href="se-cd-base-2020-12-01.xsd#se-cd-base_KontaktpersonEfternamn" xlink:label="KontaktpersonEfternamn" xlink:title="KontaktpersonEfternamn"/>
    <link:label xlink:type="resource" xlink:label="label_KontaktpersonEfternamn" xlink:role="http://www.xbrl.org/2003/role/documentation" xlink:title="label_KontaktpersonEfternamn" xml:lang="sv" id="label_KontaktpersonEfternamn">Efternamn för kontaktperson</link:label>
    <link:labelArc xlink:type="arc" xlink:arcrole="http://www.xbrl.org/2003/arcrole/concept-label" xlink:from="KontaktpersonEfternamn" xlink:to="label_KontaktpersonEfternamn" xlink:title="label: KontaktpersonEfternamn to label_KontaktpersonEfternamn"/>
    <link:loc xlink:type="locator" xlink:href="se-cd-base-2020-12-01.xsd#se-cd-base_KontaktpersonEpost" xlink:label="KontaktpersonEpost" xlink:title="KontaktpersonEpost"/>
    <link:label xlink:type="resource" xlink:label="label_KontaktpersonEpost" xlink:role="http://www.xbrl.org/2003/role/documentation" xlink:title="label_KontaktpersonEpost" xml:lang="sv" id="label_KontaktpersonEpost">E-postadress för kontaktperson</link:label>
    <link:labelArc xlink:type="arc" xlink:arcrole="http://www.xbrl.org/2003/arcrole/concept-label" xlink:from="KontaktpersonEpost" xlink:to="label_KontaktpersonEpost" xlink:title="label: KontaktpersonEpost to label_KontaktpersonEpost"/>
    <link:loc xlink:type="locator" xlink:href="se-cd-base-2020-12-01.xsd#se-cd-base_KontaktpersonTelefon" xlink:label="KontaktpersonTelefon" xlink:title="KontaktpersonTelefon"/>
    <link:label xlink:type="resource" xlink:label="label_KontaktpersonTelefon" xlink:role="http://www.xbrl.org/2003/role/documentation" xlink:title="label_KontaktpersonTelefon" xml:lang="sv" id="label_KontaktpersonTelefon">Telefonnummer för kontaktperson</link:label>
    <link:labelArc xlink:type="arc" xlink:arcrole="http://www.xbrl.org/2003/arcrole/concept-label" xlink:from="KontaktpersonTelefon" xlink:to="label_KontaktpersonTelefon" xlink:title="label: KontaktpersonTelefon to label_KontaktpersonTelefon"/>
    <link:loc xlink:type="locator" xlink:href="se-cd-base-2020-12-01.xsd#se-cd-base_KontaktpersonKommentar" xlink:label="KontaktpersonKommentar" xlink:title="KontaktpersonKommentar"/>
    <link:label xlink:type="resource" xlink:label="label_KontaktpersonKommentar" xlink:role="http://www.xbrl.org/2003/role/documentation" xlink:title="label_KontaktpersonKommentar" xml:lang="sv" id="label_KontaktpersonKommentar">Kommentarer t.ex. om alternativa kontaktpersoner vid eventuella återkontakter avseende innehållet i rapporten</link:label>
    <link:labelArc xlink:type="arc" xlink:arcrole="http://www.xbrl.org/2003/arcrole/concept-label" xlink:from="KontaktpersonKommentar" xlink:to="label_KontaktpersonKommentar" xlink:title="label: KontaktpersonKommentar to label_KontaktpersonKommentar"/>
    <link:loc xlink:type="locator" xlink:href="se-cd-base-2020-12-01.xsd#se-cd-base_AllmanInformationAbstract" xlink:label="AllmanInformationAbstract" xlink:title="AllmanInformationAbstract"/>
    <link:label xlink:type="resource" xlink:label="label_AllmanInformationAbstract_2" xlink:role="http://www.xbrl.org/2003/role/documentation" xlink:title="label_AllmanInformationAbstract" xml:lang="sv" id="label_AllmanInformationAbstract_2">Delrapport för specifikation av allmän information om företaget och rapporten</link:label>
    <link:labelArc xlink:type="arc" xlink:arcrole="http://www.xbrl.org/2003/arcrole/concept-label" xlink:from="AllmanInformationAbstract" xlink:to="label_AllmanInformationAbstract_2" xlink:title="label: AllmanInformationAbstract to label_AllmanInformationAbstract"/>
    <link:loc xlink:type="locator" xlink:href="se-cd-base-2020-12-01.xsd#se-cd-base_AllmanInformationForetagetAbstract" xlink:label="AllmanInformationForetagetAbstract" xlink:title="AllmanInformationForetagetAbstract"/>
    <link:label xlink:type="resource" xlink:label="label_AllmanInformationForetagetAbstract" xlink:role="http://www.xbrl.org/2003/role/documentation" xlink:title="label_AllmanInformationForetagetAbstract" xml:lang="sv" id="label_AllmanInformationForetagetAbstract">Allmän information om företaget och rapporten</link:label>
    <link:labelArc xlink:type="arc" xlink:arcrole="http://www.xbrl.org/2003/arcrole/concept-label" xlink:from="AllmanInformationForetagetAbstract" xlink:to="label_AllmanInformationForetagetAbstract" xlink:title="label: AllmanInformationForetagetAbstract to label_AllmanInformationForetagetAbstract"/>
  </link:labelLink>
</link:linkbase>
