<?xml version="1.0" encoding="UTF-8"?>
<!-- Generated by Fujitsu Interstage XWand B0251 -->
<link:linkbase xmlns:xsi="http://www.w3.org/2001/XMLSchema-instance" xsi:schemaLocation="http://www.xbrl.org/2004/ref http://www.xbrl.org/2004/ref-2004-08-10.xsd http://www.xbrl.org/2003/linkbase http://www.xbrl.org/2003/xbrl-linkbase-2003-12-31.xsd" xmlns:link="http://www.xbrl.org/2003/linkbase" xmlns:ref="http://www.xbrl.org/2004/ref" xmlns:xlink="http://www.w3.org/1999/xlink" xmlns:xbrli="http://www.xbrl.org/2003/instance">
  <link:roleRef roleURI="http://www.taxonomier.se/se/fr/role/reference/legislation/arl" xlink:type="simple" xlink:href="../../../shared/role/se-leg-role/2020-12-01/se-leg-role-2020-12-01.xsd#LEG_ROLE_ARL"/>
  <link:roleRef roleURI="http://www.taxonomier.se/se/fr/role/reference/legislation/arl/koncern" xlink:type="simple" xlink:href="../../../shared/role/se-leg-role/2020-12-01/se-leg-role-2020-12-01.xsd#LEG_ROLE_ARLK"/>
  <link:referenceLink xlink:type="extended" xlink:role="http://www.taxonomier.se/se/fr/role/reference/legislation/arl">
    <link:loc xlink:type="locator" xlink:href="se-cd-base-2020-12-01.xsd#se-cd-base_ForetagetsSate" xlink:label="label_ForetagetsSate_0" xlink:title="label_ForetagetsSate_0"/>
    <link:reference xlink:type="resource" xlink:label="res_ForetagetsSate_0" xlink:role="http://www.xbrl.org/2003/role/reference" xlink:title="res_ForetagetsSate_0" id="res_ForetagetsSate_0">
      <ref:Name>ÅRL</ref:Name>
      <ref:Number>1995:1554</ref:Number>
      <ref:Chapter>2</ref:Chapter>
      <ref:Paragraph>5</ref:Paragraph>
      <ref:Section>2</ref:Section>
    </link:reference>
    <link:referenceArc xlink:type="arc" xlink:arcrole="http://www.xbrl.org/2003/arcrole/concept-reference" xlink:from="label_ForetagetsSate_0" xlink:to="res_ForetagetsSate_0" xlink:title="reference: label_ForetagetsSate_0 to res_ForetagetsSate_0"/>
    <link:loc xlink:type="locator" xlink:href="se-cd-base-2020-12-01.xsd#se-cd-base_ForetagetsSate" xlink:label="label_ForetagetsSate_1" xlink:title="label_ForetagetsSate_1"/>
    <link:reference xlink:type="resource" xlink:label="res_ForetagetsSate_1" xlink:role="http://www.xbrl.org/2003/role/reference" xlink:title="res_ForetagetsSate_1" id="res_ForetagetsSate_1">
      <ref:Name>ÅRL</ref:Name>
      <ref:Number>1995:1554</ref:Number>
      <ref:Chapter>5</ref:Chapter>
      <ref:Paragraph>29</ref:Paragraph>
    </link:reference>
    <link:referenceArc xlink:type="arc" xlink:arcrole="http://www.xbrl.org/2003/arcrole/concept-reference" xlink:from="label_ForetagetsSate_1" xlink:to="res_ForetagetsSate_1" xlink:title="reference: label_ForetagetsSate_1 to res_ForetagetsSate_1"/>
    <link:loc xlink:type="locator" xlink:href="se-cd-base-2020-12-01.xsd#se-cd-base_SprakHandlingUpprattadList" xlink:label="label_SprakHandlingUpprattadList_2" xlink:title="label_SprakHandlingUpprattadList_2"/>
    <link:reference xlink:type="resource" xlink:label="res_SprakHandlingUpprattadList_2" xlink:role="http://www.xbrl.org/2003/role/reference" xlink:title="res_SprakHandlingUpprattadList_2" id="res_SprakHandlingUpprattadList_2">
      <ref:Name>ÅRL</ref:Name>
      <ref:Number>1995:1554</ref:Number>
      <ref:Chapter>2</ref:Chapter>
      <ref:Paragraph>5</ref:Paragraph>
      <ref:Section>1</ref:Section>
    </link:reference>
    <link:referenceArc xlink:type="arc" xlink:arcrole="http://www.xbrl.org/2003/arcrole/concept-reference" xlink:from="label_SprakHandlingUpprattadList_2" xlink:to="res_SprakHandlingUpprattadList_2" xlink:title="reference: label_SprakHandlingUpprattadList_2 to res_SprakHandlingUpprattadList_2"/>
    <link:loc xlink:type="locator" xlink:href="se-cd-base-2020-12-01.xsd#se-cd-base_MatEnhet" xlink:label="label_MatEnhet_3" xlink:title="label_MatEnhet_3"/>
    <link:reference xlink:type="resource" xlink:label="res_MatEnhet_3" xlink:role="http://www.xbrl.org/2003/role/reference" xlink:title="res_MatEnhet_3" id="res_MatEnhet_3">
      <ref:Name>ÅRL</ref:Name>
      <ref:Number>1995:1554</ref:Number>
      <ref:Chapter>2</ref:Chapter>
      <ref:Paragraph>5</ref:Paragraph>
      <ref:Section>2</ref:Section>
    </link:reference>
    <link:referenceArc xlink:type="arc" xlink:arcrole="http://www.xbrl.org/2003/arcrole/concept-reference" xlink:from="label_MatEnhet_3" xlink:to="res_MatEnhet_3" xlink:title="reference: label_MatEnhet_3 to res_MatEnhet_3"/>
    <link:loc xlink:type="locator" xlink:href="se-cd-base-2020-12-01.xsd#se-cd-base_RakenskapsarAbstract" xlink:label="label_RakenskapsarAbstract_5" xlink:title="label_RakenskapsarAbstract_5"/>
    <link:reference xlink:type="resource" xlink:label="res_RakenskapsarAbstract_5" xlink:role="http://www.xbrl.org/2003/role/reference" xlink:title="res_RakenskapsarAbstract_5" id="res_RakenskapsarAbstract_5">
      <ref:Name>ÅRL</ref:Name>
      <ref:Number>1995:1554</ref:Number>
      <ref:Chapter>2</ref:Chapter>
      <ref:Paragraph>5</ref:Paragraph>
      <ref:Section>2</ref:Section>
    </link:reference>
    <link:referenceArc xlink:type="arc" xlink:arcrole="http://www.xbrl.org/2003/arcrole/concept-reference" xlink:from="label_RakenskapsarAbstract_5" xlink:to="res_RakenskapsarAbstract_5" xlink:title="reference: label_RakenskapsarAbstract_5 to res_RakenskapsarAbstract_5"/>
    <link:loc xlink:type="locator" xlink:href="se-cd-base-2020-12-01.xsd#se-cd-base_RakenskapsarForstaDag" xlink:label="label_RakenskapsarForstaDag_6" xlink:title="label_RakenskapsarForstaDag_6"/>
    <link:reference xlink:type="resource" xlink:label="res_RakenskapsarForstaDag_6" xlink:role="http://www.xbrl.org/2003/role/reference" xlink:title="res_RakenskapsarForstaDag_6" id="res_RakenskapsarForstaDag_6">
      <ref:Name>ÅRL</ref:Name>
      <ref:Number>1995:1554</ref:Number>
      <ref:Chapter>2</ref:Chapter>
      <ref:Paragraph>5</ref:Paragraph>
      <ref:Section>2</ref:Section>
    </link:reference>
    <link:referenceArc xlink:type="arc" xlink:arcrole="http://www.xbrl.org/2003/arcrole/concept-reference" xlink:from="label_RakenskapsarForstaDag_6" xlink:to="res_RakenskapsarForstaDag_6" xlink:title="reference: label_RakenskapsarForstaDag_6 to res_RakenskapsarForstaDag_6"/>
    <link:loc xlink:type="locator" xlink:href="se-cd-base-2020-12-01.xsd#se-cd-base_ForetagetsNamnAbstract" xlink:label="label_ForetagetsNamnAbstract_7" xlink:title="label_ForetagetsNamnAbstract_7"/>
    <link:reference xlink:type="resource" xlink:label="res_ForetagetsNamnAbstract_7" xlink:role="http://www.xbrl.org/2003/role/reference" xlink:title="res_ForetagetsNamnAbstract_7" id="res_ForetagetsNamnAbstract_7">
      <ref:Name>ÅRL</ref:Name>
      <ref:Number>1995:1554</ref:Number>
      <ref:Chapter>2</ref:Chapter>
      <ref:Paragraph>5</ref:Paragraph>
      <ref:Section>2</ref:Section>
    </link:reference>
    <link:referenceArc xlink:type="arc" xlink:arcrole="http://www.xbrl.org/2003/arcrole/concept-reference" xlink:from="label_ForetagetsNamnAbstract_7" xlink:to="res_ForetagetsNamnAbstract_7" xlink:title="reference: label_ForetagetsNamnAbstract_7 to res_ForetagetsNamnAbstract_7"/>
    <link:loc xlink:type="locator" xlink:href="se-cd-base-2020-12-01.xsd#se-cd-base_RakenskapsarSistaDag" xlink:label="label_RakenskapsarSistaDag_8" xlink:title="label_RakenskapsarSistaDag_8"/>
    <link:reference xlink:type="resource" xlink:label="res_RakenskapsarSistaDag_8" xlink:role="http://www.xbrl.org/2003/role/reference" xlink:title="res_RakenskapsarSistaDag_8" id="res_RakenskapsarSistaDag_8">
      <ref:Name>ÅRL</ref:Name>
      <ref:Number>1995:1554</ref:Number>
      <ref:Chapter>2</ref:Chapter>
      <ref:Paragraph>5</ref:Paragraph>
      <ref:Section>2</ref:Section>
    </link:reference>
    <link:referenceArc xlink:type="arc" xlink:arcrole="http://www.xbrl.org/2003/arcrole/concept-reference" xlink:from="label_RakenskapsarSistaDag_8" xlink:to="res_RakenskapsarSistaDag_8" xlink:title="reference: label_RakenskapsarSistaDag_8 to res_RakenskapsarSistaDag_8"/>
    <link:loc xlink:type="locator" xlink:href="se-cd-base-2020-12-01.xsd#se-cd-base_LandForetagetsSateList" xlink:label="label_LandForetagetsSateList_9" xlink:title="label_LandForetagetsSateList_9"/>
    <link:reference xlink:type="resource" xlink:label="res_LandForetagetsSateList_9" xlink:role="http://www.xbrl.org/2003/role/reference" xlink:title="res_LandForetagetsSateList_9" id="res_LandForetagetsSateList_9">
      <ref:Name>ÅRL</ref:Name>
      <ref:Number>1995:1554</ref:Number>
      <ref:Chapter>2</ref:Chapter>
      <ref:Paragraph>5</ref:Paragraph>
      <ref:Section>2</ref:Section>
    </link:reference>
    <link:referenceArc xlink:type="arc" xlink:arcrole="http://www.xbrl.org/2003/arcrole/concept-reference" xlink:from="label_LandForetagetsSateList_9" xlink:to="res_LandForetagetsSateList_9" xlink:title="reference: label_LandForetagetsSateList_9 to res_LandForetagetsSateList_9"/>
    <link:loc xlink:type="locator" xlink:href="se-cd-base-2020-12-01.xsd#se-cd-base_ForetagetsTidigareNamn" xlink:label="label_ForetagetsTidigareNamn_10" xlink:title="label_ForetagetsTidigareNamn_10"/>
    <link:reference xlink:type="resource" xlink:label="res_ForetagetsTidigareNamn_10" xlink:role="http://www.xbrl.org/2003/role/reference" xlink:title="res_ForetagetsTidigareNamn_10" id="res_ForetagetsTidigareNamn_10">
      <ref:Name>ÅRL</ref:Name>
      <ref:Number>1995:1554</ref:Number>
      <ref:Chapter>2</ref:Chapter>
      <ref:Paragraph>5</ref:Paragraph>
      <ref:Section>2</ref:Section>
    </link:reference>
    <link:referenceArc xlink:type="arc" xlink:arcrole="http://www.xbrl.org/2003/arcrole/concept-reference" xlink:from="label_ForetagetsTidigareNamn_10" xlink:to="res_ForetagetsTidigareNamn_10" xlink:title="reference: label_ForetagetsTidigareNamn_10 to res_ForetagetsTidigareNamn_10"/>
    <link:loc xlink:type="locator" xlink:href="se-cd-base-2020-12-01.xsd#se-cd-base_RedovisningsvalutaHandlingList" xlink:label="label_RedovisningsvalutaHandlingList_11" xlink:title="label_RedovisningsvalutaHandlingList_11"/>
    <link:reference xlink:type="resource" xlink:label="res_RedovisningsvalutaHandlingList_11" xlink:role="http://www.xbrl.org/2003/role/reference" xlink:title="res_RedovisningsvalutaHandlingList_11" id="res_RedovisningsvalutaHandlingList_11">
      <ref:Name>ÅRL</ref:Name>
      <ref:Number>1995:1554</ref:Number>
      <ref:Chapter>2</ref:Chapter>
      <ref:Paragraph>6</ref:Paragraph>
      <ref:Section>1</ref:Section>
    </link:reference>
    <link:referenceArc xlink:type="arc" xlink:arcrole="http://www.xbrl.org/2003/arcrole/concept-reference" xlink:from="label_RedovisningsvalutaHandlingList_11" xlink:to="res_RedovisningsvalutaHandlingList_11" xlink:title="reference: label_RedovisningsvalutaHandlingList_11 to res_RedovisningsvalutaHandlingList_11"/>
    <link:loc xlink:type="locator" xlink:href="se-cd-base-2020-12-01.xsd#se-cd-base_ForetagetsNamn" xlink:label="label_ForetagetsNamn_12" xlink:title="label_ForetagetsNamn_12"/>
    <link:reference xlink:type="resource" xlink:label="res_ForetagetsNamn_12" xlink:role="http://www.xbrl.org/2003/role/reference" xlink:title="res_ForetagetsNamn_12" id="res_ForetagetsNamn_12">
      <ref:Name>ÅRL</ref:Name>
      <ref:Number>1995:1554</ref:Number>
      <ref:Chapter>2</ref:Chapter>
      <ref:Paragraph>5</ref:Paragraph>
      <ref:Section>2</ref:Section>
    </link:reference>
    <link:referenceArc xlink:type="arc" xlink:arcrole="http://www.xbrl.org/2003/arcrole/concept-reference" xlink:from="label_ForetagetsNamn_12" xlink:to="res_ForetagetsNamn_12" xlink:title="reference: label_ForetagetsNamn_12 to res_ForetagetsNamn_12"/>
    <link:loc xlink:type="locator" xlink:href="se-cd-base-2020-12-01.xsd#se-cd-base_ForetagetsNamn" xlink:label="label_ForetagetsNamn_13" xlink:title="label_ForetagetsNamn_13"/>
    <link:reference xlink:type="resource" xlink:label="res_ForetagetsNamn_13" xlink:role="http://www.xbrl.org/2003/role/reference" xlink:title="res_ForetagetsNamn_13" id="res_ForetagetsNamn_13">
      <ref:Name>ÅRL</ref:Name>
      <ref:Number>1995:1554</ref:Number>
      <ref:Chapter>5</ref:Chapter>
      <ref:Paragraph>29</ref:Paragraph>
    </link:reference>
    <link:referenceArc xlink:type="arc" xlink:arcrole="http://www.xbrl.org/2003/arcrole/concept-reference" xlink:from="label_ForetagetsNamn_13" xlink:to="res_ForetagetsNamn_13" xlink:title="reference: label_ForetagetsNamn_13 to res_ForetagetsNamn_13"/>
    <link:loc xlink:type="locator" xlink:href="se-cd-base-2020-12-01.xsd#se-cd-base_Organisationsnummer" xlink:label="label_Organisationsnummer_14" xlink:title="label_Organisationsnummer_14"/>
    <link:reference xlink:type="resource" xlink:label="res_Organisationsnummer_14" xlink:role="http://www.xbrl.org/2003/role/reference" xlink:title="res_Organisationsnummer_14" id="res_Organisationsnummer_14">
      <ref:Name>ÅRL</ref:Name>
      <ref:Number>1995:1554</ref:Number>
      <ref:Chapter>2</ref:Chapter>
      <ref:Paragraph>5</ref:Paragraph>
      <ref:Section>2</ref:Section>
    </link:reference>
    <link:referenceArc xlink:type="arc" xlink:arcrole="http://www.xbrl.org/2003/arcrole/concept-reference" xlink:from="label_Organisationsnummer_14" xlink:to="res_Organisationsnummer_14" xlink:title="reference: label_Organisationsnummer_14 to res_Organisationsnummer_14"/>
    <link:loc xlink:type="locator" xlink:href="se-cd-base-2020-12-01.xsd#se-cd-base_Organisationsnummer" xlink:label="label_Organisationsnummer_15" xlink:title="label_Organisationsnummer_15"/>
    <link:reference xlink:type="resource" xlink:label="res_Organisationsnummer_15" xlink:role="http://www.xbrl.org/2003/role/reference" xlink:title="res_Organisationsnummer_15" id="res_Organisationsnummer_15">
      <ref:Name>ÅRL</ref:Name>
      <ref:Number>1995:1554</ref:Number>
      <ref:Chapter>5</ref:Chapter>
      <ref:Paragraph>29</ref:Paragraph>
    </link:reference>
    <link:referenceArc xlink:type="arc" xlink:arcrole="http://www.xbrl.org/2003/arcrole/concept-reference" xlink:from="label_Organisationsnummer_15" xlink:to="res_Organisationsnummer_15" xlink:title="reference: label_Organisationsnummer_15 to res_Organisationsnummer_15"/>
    <link:loc xlink:type="locator" xlink:href="se-cd-base-2020-12-01.xsd#se-cd-base_AllmanInformationAbstract" xlink:label="AllmanInformationAbstract" xlink:title="AllmanInformationAbstract"/>
    <link:reference xlink:type="resource" xlink:label="reference_AllmanInformationAbstract" xlink:role="http://www.xbrl.org/2003/role/reference" xlink:title="reference_AllmanInformationAbstract" id="reference_AllmanInformationAbstract">
      <ref:Name>ÅRL</ref:Name>
      <ref:Number>1995:1554</ref:Number>
      <ref:Chapter>2</ref:Chapter>
      <ref:Paragraph>5</ref:Paragraph>
    </link:reference>
    <link:referenceArc xlink:type="arc" xlink:arcrole="http://www.xbrl.org/2003/arcrole/concept-reference" xlink:from="AllmanInformationAbstract" xlink:to="reference_AllmanInformationAbstract" xlink:title="reference: AllmanInformationAbstract to reference_AllmanInformationAbstract"/>
  </link:referenceLink>
  <link:referenceLink xlink:type="extended" xlink:role="http://www.taxonomier.se/se/fr/role/reference/legislation/arl/koncern"/>
</link:linkbase>
