<?xml version="1.0" encoding="UTF-8"?>
<!-- Generated by Fujitsu Interstage XWand B0251 -->
<link:linkbase xmlns:xsi="http://www.w3.org/2001/XMLSchema-instance" xsi:schemaLocation="http://www.xbrl.org/2004/ref http://www.xbrl.org/2004/ref-2004-08-10.xsd http://www.xbrl.org/2003/linkbase http://www.xbrl.org/2003/xbrl-linkbase-2003-12-31.xsd" xmlns:link="http://www.xbrl.org/2003/linkbase" xmlns:ref="http://www.xbrl.org/2004/ref" xmlns:xlink="http://www.w3.org/1999/xlink" xmlns:xbrli="http://www.xbrl.org/2003/instance">
  <link:roleRef roleURI="http://www.taxonomier.se/se/fr/role/reference/legislation/bfl" xlink:type="simple" xlink:href="../../../shared/role/se-leg-role/2020-12-01/se-leg-role-2020-12-01.xsd#LEG_ROLE_BFL"/>
  <link:referenceLink xlink:type="extended" xlink:role="http://www.taxonomier.se/se/fr/role/reference/legislation/bfl">
    <link:loc xlink:type="locator" xlink:href="se-cd-base-2020-12-01.xsd#se-cd-base_RakenskapsarAbstract" xlink:label="label_RakenskapsarAbstract_0" xlink:title="label_RakenskapsarAbstract_0"/>
    <link:reference xlink:type="resource" xlink:label="res_RakenskapsarAbstract_0" xlink:role="http://www.xbrl.org/2003/role/reference" xlink:title="res_RakenskapsarAbstract_0" id="res_RakenskapsarAbstract_0">
      <ref:Name>BFL</ref:Name>
      <ref:Number>1999:1078</ref:Number>
      <ref:Chapter>3</ref:Chapter>
    </link:reference>
    <link:referenceArc xlink:type="arc" xlink:arcrole="http://www.xbrl.org/2003/arcrole/concept-reference" xlink:from="label_RakenskapsarAbstract_0" xlink:to="res_RakenskapsarAbstract_0" xlink:title="reference: label_RakenskapsarAbstract_0 to res_RakenskapsarAbstract_0"/>
    <link:loc xlink:type="locator" xlink:href="se-cd-base-2020-12-01.xsd#se-cd-base_RakenskapsarForstaDag" xlink:label="label_RakenskapsarForstaDag_1" xlink:title="label_RakenskapsarForstaDag_1"/>
    <link:reference xlink:type="resource" xlink:label="res_RakenskapsarForstaDag_1" xlink:role="http://www.xbrl.org/2003/role/reference" xlink:title="res_RakenskapsarForstaDag_1" id="res_RakenskapsarForstaDag_1">
      <ref:Name>BFL</ref:Name>
      <ref:Number>1999:1078</ref:Number>
      <ref:Chapter>3</ref:Chapter>
    </link:reference>
    <link:referenceArc xlink:type="arc" xlink:arcrole="http://www.xbrl.org/2003/arcrole/concept-reference" xlink:from="label_RakenskapsarForstaDag_1" xlink:to="res_RakenskapsarForstaDag_1" xlink:title="reference: label_RakenskapsarForstaDag_1 to res_RakenskapsarForstaDag_1"/>
    <link:loc xlink:type="locator" xlink:href="se-cd-base-2020-12-01.xsd#se-cd-base_RakenskapsarSistaDag" xlink:label="label_RakenskapsarSistaDag_2" xlink:title="label_RakenskapsarSistaDag_2"/>
    <link:reference xlink:type="resource" xlink:label="res_RakenskapsarSistaDag_2" xlink:role="http://www.xbrl.org/2003/role/reference" xlink:title="res_RakenskapsarSistaDag_2" id="res_RakenskapsarSistaDag_2">
      <ref:Name>BFL</ref:Name>
      <ref:Number>1999:1078</ref:Number>
      <ref:Chapter>3</ref:Chapter>
    </link:reference>
    <link:referenceArc xlink:type="arc" xlink:arcrole="http://www.xbrl.org/2003/arcrole/concept-reference" xlink:from="label_RakenskapsarSistaDag_2" xlink:to="res_RakenskapsarSistaDag_2" xlink:title="reference: label_RakenskapsarSistaDag_2 to res_RakenskapsarSistaDag_2"/>
    <link:loc xlink:type="locator" xlink:href="se-cd-base-2020-12-01.xsd#se-cd-base_RedovisningsvalutaHandlingList" xlink:label="label_RedovisningsvalutaHandlingList_3" xlink:title="label_RedovisningsvalutaHandlingList_3"/>
    <link:reference xlink:type="resource" xlink:label="res_RedovisningsvalutaHandlingList_3" xlink:role="http://www.xbrl.org/2003/role/reference" xlink:title="res_RedovisningsvalutaHandlingList_3" id="res_RedovisningsvalutaHandlingList_3">
      <ref:Name>BFL</ref:Name>
      <ref:Number>1999:1078</ref:Number>
      <ref:Chapter>4</ref:Chapter>
      <ref:Paragraph>6</ref:Paragraph>
      <ref:Section>1</ref:Section>
    </link:reference>
    <link:referenceArc xlink:type="arc" xlink:arcrole="http://www.xbrl.org/2003/arcrole/concept-reference" xlink:from="label_RedovisningsvalutaHandlingList_3" xlink:to="res_RedovisningsvalutaHandlingList_3" xlink:title="reference: label_RedovisningsvalutaHandlingList_3 to res_RedovisningsvalutaHandlingList_3"/>
  </link:referenceLink>
</link:linkbase>
